solid CATIA STL
  facet normal  0.000000e+000  0.000000e+000  9.999999e-001
    outer loop
      vertex  1.150000e+001 -1.400000e+001  3.000000e+000
      vertex  8.134733e+000 -1.827091e+001  3.000000e+000
      vertex  1.285575e+001 -1.532089e+001  3.000000e+000
    endloop
  endfacet
  facet normal  0.000000e+000  0.000000e+000  1.000000e+000
    outer loop
      vertex  2.500000e+000  1.849831e+002  3.000000e+000
      vertex  1.939445e+001  1.839806e+002  3.000000e+000
      vertex  8.647774e+000  1.898031e+002  3.000000e+000
    endloop
  endfacet
  facet normal  0.000000e+000  0.000000e+000  1.000000e+000
    outer loop
      vertex  1.285575e+001 -1.532089e+001  3.000000e+000
      vertex  1.256066e+001 -1.356066e+001  3.000000e+000
      vertex  1.150000e+001 -1.400000e+001  3.000000e+000
    endloop
  endfacet
  facet normal  0.000000e+000  0.000000e+000  9.999999e-001
    outer loop
      vertex  1.732051e+001  1.000000e+001  3.000000e+000
      vertex  1.645448e+002  9.500000e+001  3.000000e+000
      vertex  1.576562e+002  9.679633e+001  3.000000e+000
    endloop
  endfacet
  facet normal  0.000000e+000  0.000000e+000  1.000000e+000
    outer loop
      vertex  1.732051e+001  1.000000e+001  3.000000e+000
      vertex  1.576562e+002  9.679633e+001  3.000000e+000
      vertex  1.427051e+001  1.401259e+001  3.000000e+000
    endloop
  endfacet
  facet normal  0.000000e+000  0.000000e+000  1.000000e+000
    outer loop
      vertex  1.732051e+001  1.000000e+001  3.000000e+000
      vertex  1.427051e+001  1.401259e+001  3.000000e+000
      vertex  1.256066e+001  1.356066e+001  3.000000e+000
    endloop
  endfacet
  facet normal  0.000000e+000  0.000000e+000  1.000000e+000
    outer loop
      vertex  1.732051e+001  1.000000e+001  3.000000e+000
      vertex  1.256066e+001  1.356066e+001  3.000000e+000
      vertex  1.300000e+001  1.250000e+001  3.000000e+000
    endloop
  endfacet
  facet normal  0.000000e+000  -0.000000e+000  1.000000e+000
    outer loop
      vertex -1.732051e+001  1.000000e+001  3.000000e+000
      vertex -1.300000e+001 -1.250000e+001  3.000000e+000
      vertex -1.300000e+001  1.250000e+001  3.000000e+000
    endloop
  endfacet
  facet normal  0.000000e+000  -0.000000e+000  1.000000e+000
    outer loop
      vertex -1.732051e+001  1.000000e+001  3.000000e+000
      vertex -1.300000e+001  1.250000e+001  3.000000e+000
      vertex -1.256066e+001  1.356066e+001  3.000000e+000
    endloop
  endfacet
  facet normal  0.000000e+000  0.000000e+000  1.000000e+000
    outer loop
      vertex -1.732051e+001  1.000000e+001  3.000000e+000
      vertex -1.256066e+001  1.356066e+001  3.000000e+000
      vertex -1.427051e+001  1.401259e+001  3.000000e+000
    endloop
  endfacet
  facet normal  0.000000e+000  0.000000e+000  1.000000e+000
    outer loop
      vertex -1.732051e+001  1.000000e+001  3.000000e+000
      vertex -1.427051e+001  1.401259e+001  3.000000e+000
      vertex -1.576562e+002  9.679633e+001  3.000000e+000
    endloop
  endfacet
  facet normal  0.000000e+000  0.000000e+000  9.999999e-001
    outer loop
      vertex -1.732051e+001  1.000000e+001  3.000000e+000
      vertex -1.576562e+002  9.679633e+001  3.000000e+000
      vertex -1.645448e+002  9.500000e+001  3.000000e+000
    endloop
  endfacet
  facet normal  0.000000e+000  0.000000e+000  1.000000e+000
    outer loop
      vertex -1.300000e+001 -1.250000e+001  3.000000e+000
      vertex -1.732051e+001  1.000000e+001  3.000000e+000
      vertex -1.940591e+001  4.838438e+000  3.000000e+000
    endloop
  endfacet
  facet normal  0.000000e+000  0.000000e+000  9.999999e-001
    outer loop
      vertex -1.300000e+001 -1.250000e+001  3.000000e+000
      vertex -1.940591e+001  4.838438e+000  3.000000e+000
      vertex -1.998782e+001 -6.979899e-001  3.000000e+000
    endloop
  endfacet
  facet normal  0.000000e+000  0.000000e+000  1.000000e+000
    outer loop
      vertex -1.300000e+001 -1.250000e+001  3.000000e+000
      vertex -1.998782e+001 -6.979899e-001  3.000000e+000
      vertex -1.902113e+001 -6.180340e+000  3.000000e+000
    endloop
  endfacet
  facet normal  0.000000e+000  0.000000e+000  9.999999e-001
    outer loop
      vertex -1.300000e+001 -1.250000e+001  3.000000e+000
      vertex -1.902113e+001 -6.180340e+000  3.000000e+000
      vertex -1.658075e+001 -1.118386e+001  3.000000e+000
    endloop
  endfacet
  facet normal  0.000000e+000  0.000000e+000  9.999999e-001
    outer loop
      vertex -1.285575e+001 -1.532089e+001  3.000000e+000
      vertex -8.134733e+000 -1.827091e+001  3.000000e+000
      vertex -1.150000e+001 -1.400000e+001  3.000000e+000
    endloop
  endfacet
  facet normal  0.000000e+000  0.000000e+000  1.000000e+000
    outer loop
      vertex -1.285575e+001 -1.532089e+001  3.000000e+000
      vertex -1.150000e+001 -1.400000e+001  3.000000e+000
      vertex -1.256066e+001 -1.356066e+001  3.000000e+000
    endloop
  endfacet
  facet normal  0.000000e+000  0.000000e+000  1.000000e+000
    outer loop
      vertex -1.285575e+001 -1.532089e+001  3.000000e+000
      vertex -1.256066e+001 -1.356066e+001  3.000000e+000
      vertex -1.300000e+001 -1.250000e+001  3.000000e+000
    endloop
  endfacet
  facet normal  0.000000e+000  0.000000e+000  1.000000e+000
    outer loop
      vertex -1.285575e+001 -1.532089e+001  3.000000e+000
      vertex -1.300000e+001 -1.250000e+001  3.000000e+000
      vertex -1.658075e+001 -1.118386e+001  3.000000e+000
    endloop
  endfacet
  facet normal  -0.000000e+000  0.000000e+000  1.000000e+000
    outer loop
      vertex  1.300000e+001 -1.250000e+001  3.000000e+000
      vertex  1.256066e+001 -1.356066e+001  3.000000e+000
      vertex  1.285575e+001 -1.532089e+001  3.000000e+000
    endloop
  endfacet
  facet normal  0.000000e+000  0.000000e+000  1.000000e+000
    outer loop
      vertex  1.300000e+001 -1.250000e+001  3.000000e+000
      vertex  1.285575e+001 -1.532089e+001  3.000000e+000
      vertex  1.658075e+001 -1.118386e+001  3.000000e+000
    endloop
  endfacet
  facet normal  0.000000e+000  -0.000000e+000  9.999999e-001
    outer loop
      vertex  1.300000e+001 -1.250000e+001  3.000000e+000
      vertex  1.658075e+001 -1.118386e+001  3.000000e+000
      vertex  1.902113e+001 -6.180340e+000  3.000000e+000
    endloop
  endfacet
  facet normal  0.000000e+000  -0.000000e+000  1.000000e+000
    outer loop
      vertex  1.300000e+001 -1.250000e+001  3.000000e+000
      vertex  1.902113e+001 -6.180340e+000  3.000000e+000
      vertex  1.998782e+001 -6.979899e-001  3.000000e+000
    endloop
  endfacet
  facet normal  0.000000e+000  0.000000e+000  9.999999e-001
    outer loop
      vertex  1.300000e+001 -1.250000e+001  3.000000e+000
      vertex  1.998782e+001 -6.979899e-001  3.000000e+000
      vertex  1.940591e+001  4.838438e+000  3.000000e+000
    endloop
  endfacet
  facet normal  0.000000e+000  0.000000e+000  1.000000e+000
    outer loop
      vertex  1.300000e+001 -1.250000e+001  3.000000e+000
      vertex  1.940591e+001  4.838438e+000  3.000000e+000
      vertex  1.732051e+001  1.000000e+001  3.000000e+000
    endloop
  endfacet
  facet normal  0.000000e+000  0.000000e+000  1.000000e+000
    outer loop
      vertex  1.300000e+001 -1.250000e+001  3.000000e+000
      vertex  1.732051e+001  1.000000e+001  3.000000e+000
      vertex  1.300000e+001  1.250000e+001  3.000000e+000
    endloop
  endfacet
  facet normal  0.000000e+000  0.000000e+000  1.000000e+000
    outer loop
      vertex  1.256066e+001  1.356066e+001  3.000000e+000
      vertex  1.427051e+001  1.401259e+001  3.000000e+000
      vertex  1.150000e+001  1.400000e+001  3.000000e+000
    endloop
  endfacet
  facet normal  0.000000e+000  -0.000000e+000  9.999999e-001
    outer loop
      vertex  1.150000e+001  1.400000e+001  3.000000e+000
      vertex  1.427051e+001  1.401259e+001  3.000000e+000
      vertex  1.081711e+001  1.682231e+001  3.000000e+000
    endloop
  endfacet
  facet normal  0.000000e+000  0.000000e+000  1.000000e+000
    outer loop
      vertex  1.150000e+001  1.400000e+001  3.000000e+000
      vertex  1.081711e+001  1.682231e+001  3.000000e+000
      vertex -1.150000e+001  1.400000e+001  3.000000e+000
    endloop
  endfacet
  facet normal  0.000000e+000  0.000000e+000  9.999999e-001
    outer loop
      vertex  1.060075e+002  1.576782e+002  3.000000e+000
      vertex  9.122982e+001  1.666647e+002  3.000000e+000
      vertex  8.396265e+001  1.648492e+002  3.000000e+000
    endloop
  endfacet
  facet normal  0.000000e+000  -0.000000e+000  1.000000e+000
    outer loop
      vertex  8.396265e+001  1.648492e+002  3.000000e+000
      vertex  9.122982e+001  1.666647e+002  3.000000e+000
      vertex  7.569621e+001  1.742701e+002  3.000000e+000
    endloop
  endfacet
  facet normal  0.000000e+000  0.000000e+000  1.000000e+000
    outer loop
      vertex  8.396265e+001  1.648492e+002  3.000000e+000
      vertex  7.569621e+001  1.742701e+002  3.000000e+000
      vertex  6.854635e+001  1.718325e+002  3.000000e+000
    endloop
  endfacet
  facet normal  -0.000000e+000  0.000000e+000  1.000000e+000
    outer loop
      vertex  1.150000e+001  1.400000e+001  3.000000e+000
      vertex -1.150000e+001  1.400000e+001  3.000000e+000
      vertex  1.043934e+001  1.356066e+001  3.000000e+000
    endloop
  endfacet
  facet normal  0.000000e+000  0.000000e+000  1.000000e+000
    outer loop
      vertex  1.043934e+001  1.356066e+001  3.000000e+000
      vertex -1.150000e+001  1.400000e+001  3.000000e+000
      vertex -1.043934e+001  1.356066e+001  3.000000e+000
    endloop
  endfacet
  facet normal  -0.000000e+000  0.000000e+000  1.000000e+000
    outer loop
      vertex  1.043934e+001  1.356066e+001  3.000000e+000
      vertex -1.043934e+001  1.356066e+001  3.000000e+000
      vertex  1.000000e+001  1.250000e+001  3.000000e+000
    endloop
  endfacet
  facet normal  0.000000e+000  0.000000e+000  9.999999e-001
    outer loop
      vertex  1.000000e+001  1.250000e+001  3.000000e+000
      vertex -1.043934e+001  1.356066e+001  3.000000e+000
      vertex -1.000000e+001  1.250000e+001  3.000000e+000
    endloop
  endfacet
  facet normal  -0.000000e+000  0.000000e+000  1.000000e+000
    outer loop
      vertex  1.000000e+001  1.250000e+001  3.000000e+000
      vertex -1.000000e+001  1.250000e+001  3.000000e+000
      vertex  1.000000e+001 -1.250000e+001  3.000000e+000
    endloop
  endfacet
  facet normal  0.000000e+000  0.000000e+000  1.000000e+000
    outer loop
      vertex  1.000000e+001 -1.250000e+001  3.000000e+000
      vertex -1.000000e+001  1.250000e+001  3.000000e+000
      vertex -1.000000e+001 -1.250000e+001  3.000000e+000
    endloop
  endfacet
  facet normal  -0.000000e+000  0.000000e+000  9.999999e-001
    outer loop
      vertex  1.000000e+001 -1.250000e+001  3.000000e+000
      vertex -1.000000e+001 -1.250000e+001  3.000000e+000
      vertex  1.043934e+001 -1.356066e+001  3.000000e+000
    endloop
  endfacet
  facet normal  0.000000e+000  0.000000e+000  1.000000e+000
    outer loop
      vertex  1.043934e+001 -1.356066e+001  3.000000e+000
      vertex -1.000000e+001 -1.250000e+001  3.000000e+000
      vertex -1.043934e+001 -1.356066e+001  3.000000e+000
    endloop
  endfacet
  facet normal  -0.000000e+000  0.000000e+000  1.000000e+000
    outer loop
      vertex  1.043934e+001 -1.356066e+001  3.000000e+000
      vertex -1.043934e+001 -1.356066e+001  3.000000e+000
      vertex  1.150000e+001 -1.400000e+001  3.000000e+000
    endloop
  endfacet
  facet normal  0.000000e+000  0.000000e+000  1.000000e+000
    outer loop
      vertex  1.150000e+001 -1.400000e+001  3.000000e+000
      vertex -1.043934e+001 -1.356066e+001  3.000000e+000
      vertex -1.150000e+001 -1.400000e+001  3.000000e+000
    endloop
  endfacet
  facet normal  -0.000000e+000  0.000000e+000  9.999999e-001
    outer loop
      vertex  1.150000e+001 -1.400000e+001  3.000000e+000
      vertex -1.150000e+001 -1.400000e+001  3.000000e+000
      vertex  8.134733e+000 -1.827091e+001  3.000000e+000
    endloop
  endfacet
  facet normal  0.000000e+000  0.000000e+000  1.000000e+000
    outer loop
      vertex  8.134733e+000 -1.827091e+001  3.000000e+000
      vertex -1.150000e+001 -1.400000e+001  3.000000e+000
      vertex -8.134733e+000 -1.827091e+001  3.000000e+000
    endloop
  endfacet
  facet normal  -0.000000e+000  0.000000e+000  1.000000e+000
    outer loop
      vertex  8.134733e+000 -1.827091e+001  3.000000e+000
      vertex -8.134733e+000 -1.827091e+001  3.000000e+000
      vertex  2.783462e+000 -1.980536e+001  3.000000e+000
    endloop
  endfacet
  facet normal  0.000000e+000  0.000000e+000  1.000000e+000
    outer loop
      vertex  2.783462e+000 -1.980536e+001  3.000000e+000
      vertex -8.134733e+000 -1.827091e+001  3.000000e+000
      vertex -2.783462e+000 -1.980536e+001  3.000000e+000
    endloop
  endfacet
  facet normal  -0.000000e+000  0.000000e+000  1.000000e+000
    outer loop
      vertex  8.647774e+000  1.898031e+002  3.000000e+000
      vertex -8.647774e+000  1.898031e+002  3.000000e+000
      vertex  2.500000e+000  1.849831e+002  3.000000e+000
    endloop
  endfacet
  facet normal  0.000000e+000  0.000000e+000  1.000000e+000
    outer loop
      vertex  2.500000e+000  1.849831e+002  3.000000e+000
      vertex -8.647774e+000  1.898031e+002  3.000000e+000
      vertex -2.500000e+000  1.849831e+002  3.000000e+000
    endloop
  endfacet
  facet normal  -0.000000e+000  0.000000e+000  1.000000e+000
    outer loop
      vertex  2.500000e+000  1.849831e+002  3.000000e+000
      vertex -2.500000e+000  1.849831e+002  3.000000e+000
      vertex  2.500000e+000  1.984313e+001  3.000000e+000
    endloop
  endfacet
  facet normal  0.000000e+000  0.000000e+000  1.000000e+000
    outer loop
      vertex  2.500000e+000  1.984313e+001  3.000000e+000
      vertex -2.500000e+000  1.849831e+002  3.000000e+000
      vertex -2.500000e+000  1.984313e+001  3.000000e+000
    endloop
  endfacet
  facet normal  -0.000000e+000  0.000000e+000  1.000000e+000
    outer loop
      vertex  2.500000e+000  1.984313e+001  3.000000e+000
      vertex -2.500000e+000  1.984313e+001  3.000000e+000
      vertex  6.827718e+000  1.879846e+001  3.000000e+000
    endloop
  endfacet
  facet normal  0.000000e+000  0.000000e+000  1.000000e+000
    outer loop
      vertex  6.827718e+000  1.879846e+001  3.000000e+000
      vertex -2.500000e+000  1.984313e+001  3.000000e+000
      vertex -6.827718e+000  1.879846e+001  3.000000e+000
    endloop
  endfacet
  facet normal  -0.000000e+000  0.000000e+000  1.000000e+000
    outer loop
      vertex  6.827718e+000  1.879846e+001  3.000000e+000
      vertex -6.827718e+000  1.879846e+001  3.000000e+000
      vertex  1.081711e+001  1.682231e+001  3.000000e+000
    endloop
  endfacet
  facet normal  0.000000e+000  0.000000e+000  1.000000e+000
    outer loop
      vertex  1.081711e+001  1.682231e+001  3.000000e+000
      vertex -6.827718e+000  1.879846e+001  3.000000e+000
      vertex -1.081711e+001  1.682231e+001  3.000000e+000
    endloop
  endfacet
  facet normal  -0.000000e+000  0.000000e+000  9.999999e-001
    outer loop
      vertex  1.081711e+001  1.682231e+001  3.000000e+000
      vertex -1.081711e+001  1.682231e+001  3.000000e+000
      vertex -1.150000e+001  1.400000e+001  3.000000e+000
    endloop
  endfacet
  facet normal  0.000000e+000  -0.000000e+000  9.999999e-001
    outer loop
      vertex -1.150000e+001  1.400000e+001  3.000000e+000
      vertex -1.081711e+001  1.682231e+001  3.000000e+000
      vertex -1.427051e+001  1.401259e+001  3.000000e+000
    endloop
  endfacet
  facet normal  0.000000e+000  0.000000e+000  1.000000e+000
    outer loop
      vertex -1.150000e+001  1.400000e+001  3.000000e+000
      vertex -1.427051e+001  1.401259e+001  3.000000e+000
      vertex -1.256066e+001  1.356066e+001  3.000000e+000
    endloop
  endfacet
  facet normal  0.000000e+000  0.000000e+000  1.000000e+000
    outer loop
      vertex -2.500000e+000  1.849831e+002  3.000000e+000
      vertex -8.647774e+000  1.898031e+002  3.000000e+000
      vertex -1.939445e+001  1.839806e+002  3.000000e+000
    endloop
  endfacet
  facet normal  0.000000e+000  -0.000000e+000  1.000000e+000
    outer loop
      vertex -1.939445e+001  1.839806e+002  3.000000e+000
      vertex -8.647774e+000  1.898031e+002  3.000000e+000
      vertex -2.587166e+001  1.882303e+002  3.000000e+000
    endloop
  endfacet
  facet normal  0.000000e+000  0.000000e+000  1.000000e+000
    outer loop
      vertex -1.939445e+001  1.839806e+002  3.000000e+000
      vertex -2.587166e+001  1.882303e+002  3.000000e+000
      vertex -4.288117e+001  1.850978e+002  3.000000e+000
    endloop
  endfacet
  facet normal  0.000000e+000  0.000000e+000  9.999999e-001
    outer loop
      vertex  2.587166e+001  1.882303e+002  3.000000e+000
      vertex  8.647774e+000  1.898031e+002  3.000000e+000
      vertex  4.288117e+001  1.850978e+002  3.000000e+000
    endloop
  endfacet
  facet normal  0.000000e+000  0.000000e+000  1.000000e+000
    outer loop
      vertex  4.288117e+001  1.850978e+002  3.000000e+000
      vertex  8.647774e+000  1.898031e+002  3.000000e+000
      vertex  1.939445e+001  1.839806e+002  3.000000e+000
    endloop
  endfacet
  facet normal  -0.000000e+000  0.000000e+000  1.000000e+000
    outer loop
      vertex  4.288117e+001  1.850978e+002  3.000000e+000
      vertex  1.939445e+001  1.839806e+002  3.000000e+000
      vertex  5.953535e+001  1.804315e+002  3.000000e+000
    endloop
  endfacet
  facet normal  0.000000e+000  0.000000e+000  1.000000e+000
    outer loop
      vertex  5.953535e+001  1.804315e+002  3.000000e+000
      vertex  1.939445e+001  1.839806e+002  3.000000e+000
      vertex  3.612659e+001  1.814383e+002  3.000000e+000
    endloop
  endfacet
  facet normal  0.000000e+000  0.000000e+000  1.000000e+000
    outer loop
      vertex  5.953535e+001  1.804315e+002  3.000000e+000
      vertex  3.612659e+001  1.814383e+002  3.000000e+000
      vertex  7.569621e+001  1.742701e+002  3.000000e+000
    endloop
  endfacet
  facet normal  0.000000e+000  0.000000e+000  9.999999e-001
    outer loop
      vertex  7.569621e+001  1.742701e+002  3.000000e+000
      vertex  3.612659e+001  1.814383e+002  3.000000e+000
      vertex  5.255639e+001  1.773776e+002  3.000000e+000
    endloop
  endfacet
  facet normal  0.000000e+000  0.000000e+000  1.000000e+000
    outer loop
      vertex  7.569621e+001  1.742701e+002  3.000000e+000
      vertex  5.255639e+001  1.773776e+002  3.000000e+000
      vertex  6.854635e+001  1.718325e+002  3.000000e+000
    endloop
  endfacet
  facet normal  0.000000e+000  0.000000e+000  1.000000e+000
    outer loop
      vertex -1.939445e+001  1.839806e+002  3.000000e+000
      vertex -4.288117e+001  1.850978e+002  3.000000e+000
      vertex -3.612659e+001  1.814383e+002  3.000000e+000
    endloop
  endfacet
  facet normal  0.000000e+000  0.000000e+000  1.000000e+000
    outer loop
      vertex -3.612659e+001  1.814383e+002  3.000000e+000
      vertex -4.288117e+001  1.850978e+002  3.000000e+000
      vertex -5.953535e+001  1.804315e+002  3.000000e+000
    endloop
  endfacet
  facet normal  -0.000000e+000  0.000000e+000  1.000000e+000
    outer loop
      vertex -3.612659e+001  1.814383e+002  3.000000e+000
      vertex -5.953535e+001  1.804315e+002  3.000000e+000
      vertex -5.255639e+001  1.773776e+002  3.000000e+000
    endloop
  endfacet
  facet normal  0.000000e+000  0.000000e+000  1.000000e+000
    outer loop
      vertex -5.255639e+001  1.773776e+002  3.000000e+000
      vertex -5.953535e+001  1.804315e+002  3.000000e+000
      vertex -7.569621e+001  1.742701e+002  3.000000e+000
    endloop
  endfacet
  facet normal  -0.000000e+000  0.000000e+000  1.000000e+000
    outer loop
      vertex -5.255639e+001  1.773776e+002  3.000000e+000
      vertex -7.569621e+001  1.742701e+002  3.000000e+000
      vertex -6.854635e+001  1.718325e+002  3.000000e+000
    endloop
  endfacet
  facet normal  0.000000e+000  0.000000e+000  1.000000e+000
    outer loop
      vertex -6.854635e+001  1.718325e+002  3.000000e+000
      vertex -7.569621e+001  1.742701e+002  3.000000e+000
      vertex -8.396265e+001  1.648492e+002  3.000000e+000
    endloop
  endfacet
  facet normal  0.000000e+000  -0.000000e+000  1.000000e+000
    outer loop
      vertex -8.396265e+001  1.648492e+002  3.000000e+000
      vertex -7.569621e+001  1.742701e+002  3.000000e+000
      vertex -9.122982e+001  1.666647e+002  3.000000e+000
    endloop
  endfacet
  facet normal  0.000000e+000  0.000000e+000  1.000000e+000
    outer loop
      vertex -8.396265e+001  1.648492e+002  3.000000e+000
      vertex -9.122982e+001  1.666647e+002  3.000000e+000
      vertex -9.867626e+001  1.564864e+002  3.000000e+000
    endloop
  endfacet
  facet normal  0.000000e+000  -0.000000e+000  1.000000e+000
    outer loop
      vertex -9.867626e+001  1.564864e+002  3.000000e+000
      vertex -9.122982e+001  1.666647e+002  3.000000e+000
      vertex -1.060075e+002  1.576782e+002  3.000000e+000
    endloop
  endfacet
  facet normal  0.000000e+000  0.000000e+000  1.000000e+000
    outer loop
      vertex -9.867626e+001  1.564864e+002  3.000000e+000
      vertex -1.060075e+002  1.576782e+002  3.000000e+000
      vertex -1.125641e+002  1.468139e+002  3.000000e+000
    endloop
  endfacet
  facet normal  0.000000e+000  -0.000000e+000  9.999999e-001
    outer loop
      vertex -1.125641e+002  1.468139e+002  3.000000e+000
      vertex -1.060075e+002  1.576782e+002  3.000000e+000
      vertex -1.199067e+002  1.473851e+002  3.000000e+000
    endloop
  endfacet
  facet normal  0.000000e+000  0.000000e+000  1.000000e+000
    outer loop
      vertex -1.125641e+002  1.468139e+002  3.000000e+000
      vertex -1.199067e+002  1.473851e+002  3.000000e+000
      vertex -1.255098e+002  1.359128e+002  3.000000e+000
    endloop
  endfacet
  facet normal  0.000000e+000  -0.000000e+000  9.999999e-001
    outer loop
      vertex -1.255098e+002  1.359128e+002  3.000000e+000
      vertex -1.199067e+002  1.473851e+002  3.000000e+000
      vertex -1.328124e+002  1.358708e+002  3.000000e+000
    endloop
  endfacet
  facet normal  -0.000000e+000  0.000000e+000  1.000000e+000
    outer loop
      vertex -1.255098e+002  1.359128e+002  3.000000e+000
      vertex -1.328124e+002  1.358708e+002  3.000000e+000
      vertex -1.374052e+002  1.238742e+002  3.000000e+000
    endloop
  endfacet
  facet normal  0.000000e+000  -0.000000e+000  1.000000e+000
    outer loop
      vertex -1.374052e+002  1.238742e+002  3.000000e+000
      vertex -1.328124e+002  1.358708e+002  3.000000e+000
      vertex -1.446175e+002  1.232306e+002  3.000000e+000
    endloop
  endfacet
  facet normal  -0.000000e+000  0.000000e+000  1.000000e+000
    outer loop
      vertex -1.374052e+002  1.238742e+002  3.000000e+000
      vertex -1.446175e+002  1.232306e+002  3.000000e+000
      vertex -1.481506e+002  1.107989e+002  3.000000e+000
    endloop
  endfacet
  facet normal  0.000000e+000  -0.000000e+000  1.000000e+000
    outer loop
      vertex -1.481506e+002  1.107989e+002  3.000000e+000
      vertex -1.446175e+002  1.232306e+002  3.000000e+000
      vertex -1.552243e+002  1.095693e+002  3.000000e+000
    endloop
  endfacet
  facet normal  -0.000000e+000  0.000000e+000  1.000000e+000
    outer loop
      vertex -1.481506e+002  1.107989e+002  3.000000e+000
      vertex -1.552243e+002  1.095693e+002  3.000000e+000
      vertex -1.576562e+002  9.679633e+001  3.000000e+000
    endloop
  endfacet
  facet normal  0.000000e+000  -0.000000e+000  1.000000e+000
    outer loop
      vertex -1.576562e+002  9.679633e+001  3.000000e+000
      vertex -1.552243e+002  1.095693e+002  3.000000e+000
      vertex -1.645448e+002  9.500000e+001  3.000000e+000
    endloop
  endfacet
  facet normal  0.000000e+000  0.000000e+000  9.999999e-001
    outer loop
      vertex  1.576562e+002  9.679633e+001  3.000000e+000
      vertex  1.645448e+002  9.500000e+001  3.000000e+000
      vertex  1.481506e+002  1.107989e+002  3.000000e+000
    endloop
  endfacet
  facet normal  0.000000e+000  0.000000e+000  1.000000e+000
    outer loop
      vertex  1.481506e+002  1.107989e+002  3.000000e+000
      vertex  1.645448e+002  9.500000e+001  3.000000e+000
      vertex  1.552243e+002  1.095693e+002  3.000000e+000
    endloop
  endfacet
  facet normal  0.000000e+000  0.000000e+000  1.000000e+000
    outer loop
      vertex  1.481506e+002  1.107989e+002  3.000000e+000
      vertex  1.552243e+002  1.095693e+002  3.000000e+000
      vertex  1.374052e+002  1.238742e+002  3.000000e+000
    endloop
  endfacet
  facet normal  0.000000e+000  0.000000e+000  1.000000e+000
    outer loop
      vertex  1.374052e+002  1.238742e+002  3.000000e+000
      vertex  1.552243e+002  1.095693e+002  3.000000e+000
      vertex  1.446175e+002  1.232306e+002  3.000000e+000
    endloop
  endfacet
  facet normal  0.000000e+000  0.000000e+000  1.000000e+000
    outer loop
      vertex  1.374052e+002  1.238742e+002  3.000000e+000
      vertex  1.446175e+002  1.232306e+002  3.000000e+000
      vertex  1.255098e+002  1.359128e+002  3.000000e+000
    endloop
  endfacet
  facet normal  0.000000e+000  0.000000e+000  9.999999e-001
    outer loop
      vertex  1.255098e+002  1.359128e+002  3.000000e+000
      vertex  1.446175e+002  1.232306e+002  3.000000e+000
      vertex  1.328124e+002  1.358708e+002  3.000000e+000
    endloop
  endfacet
  facet normal  0.000000e+000  0.000000e+000  1.000000e+000
    outer loop
      vertex  1.255098e+002  1.359128e+002  3.000000e+000
      vertex  1.328124e+002  1.358708e+002  3.000000e+000
      vertex  1.125641e+002  1.468139e+002  3.000000e+000
    endloop
  endfacet
  facet normal  -0.000000e+000  0.000000e+000  9.999999e-001
    outer loop
      vertex  1.125641e+002  1.468139e+002  3.000000e+000
      vertex  1.328124e+002  1.358708e+002  3.000000e+000
      vertex  1.199067e+002  1.473851e+002  3.000000e+000
    endloop
  endfacet
  facet normal  0.000000e+000  0.000000e+000  1.000000e+000
    outer loop
      vertex  1.125641e+002  1.468139e+002  3.000000e+000
      vertex  1.199067e+002  1.473851e+002  3.000000e+000
      vertex  9.867626e+001  1.564864e+002  3.000000e+000
    endloop
  endfacet
  facet normal  -0.000000e+000  0.000000e+000  1.000000e+000
    outer loop
      vertex  9.867626e+001  1.564864e+002  3.000000e+000
      vertex  1.199067e+002  1.473851e+002  3.000000e+000
      vertex  1.060075e+002  1.576782e+002  3.000000e+000
    endloop
  endfacet
  facet normal  0.000000e+000  0.000000e+000  1.000000e+000
    outer loop
      vertex  9.867626e+001  1.564864e+002  3.000000e+000
      vertex  1.060075e+002  1.576782e+002  3.000000e+000
      vertex  8.396265e+001  1.648492e+002  3.000000e+000
    endloop
  endfacet
  facet normal  0.000000e+000  0.000000e+000 -9.999999e-001
    outer loop
      vertex  1.285575e+001 -1.532089e+001  0.000000e+000
      vertex  8.134733e+000 -1.827091e+001  0.000000e+000
      vertex  1.150000e+001 -1.400000e+001  0.000000e+000
    endloop
  endfacet
  facet normal  0.000000e+000  0.000000e+000 -1.000000e+000
    outer loop
      vertex  8.647774e+000  1.898031e+002  0.000000e+000
      vertex  1.939445e+001  1.839806e+002  0.000000e+000
      vertex  2.500000e+000  1.849831e+002  0.000000e+000
    endloop
  endfacet
  facet normal  0.000000e+000  -0.000000e+000 -1.000000e+000
    outer loop
      vertex  1.150000e+001 -1.400000e+001  0.000000e+000
      vertex  1.256066e+001 -1.356066e+001  0.000000e+000
      vertex  1.285575e+001 -1.532089e+001  0.000000e+000
    endloop
  endfacet
  facet normal  0.000000e+000  0.000000e+000 -1.000000e+000
    outer loop
      vertex  1.732051e+001  1.000000e+001  0.000000e+000
      vertex  1.300000e+001  1.250000e+001  0.000000e+000
      vertex  1.256066e+001  1.356066e+001  0.000000e+000
    endloop
  endfacet
  facet normal  0.000000e+000  0.000000e+000 -1.000000e+000
    outer loop
      vertex  1.732051e+001  1.000000e+001  0.000000e+000
      vertex  1.256066e+001  1.356066e+001  0.000000e+000
      vertex  1.427051e+001  1.401259e+001  0.000000e+000
    endloop
  endfacet
  facet normal  0.000000e+000  0.000000e+000 -1.000000e+000
    outer loop
      vertex  1.732051e+001  1.000000e+001  0.000000e+000
      vertex  1.427051e+001  1.401259e+001  0.000000e+000
      vertex  1.576562e+002  9.679633e+001  0.000000e+000
    endloop
  endfacet
  facet normal  0.000000e+000  -0.000000e+000 -9.999999e-001
    outer loop
      vertex  1.732051e+001  1.000000e+001  0.000000e+000
      vertex  1.576562e+002  9.679633e+001  0.000000e+000
      vertex  1.645448e+002  9.500000e+001  0.000000e+000
    endloop
  endfacet
  facet normal  0.000000e+000  0.000000e+000 -9.999999e-001
    outer loop
      vertex -1.732051e+001  1.000000e+001  0.000000e+000
      vertex -1.645448e+002  9.500000e+001  0.000000e+000
      vertex -1.576562e+002  9.679633e+001  0.000000e+000
    endloop
  endfacet
  facet normal  0.000000e+000  0.000000e+000 -1.000000e+000
    outer loop
      vertex -1.732051e+001  1.000000e+001  0.000000e+000
      vertex -1.576562e+002  9.679633e+001  0.000000e+000
      vertex -1.427051e+001  1.401259e+001  0.000000e+000
    endloop
  endfacet
  facet normal  0.000000e+000  -0.000000e+000 -1.000000e+000
    outer loop
      vertex -1.732051e+001  1.000000e+001  0.000000e+000
      vertex -1.427051e+001  1.401259e+001  0.000000e+000
      vertex -1.256066e+001  1.356066e+001  0.000000e+000
    endloop
  endfacet
  facet normal  0.000000e+000  0.000000e+000 -1.000000e+000
    outer loop
      vertex -1.732051e+001  1.000000e+001  0.000000e+000
      vertex -1.256066e+001  1.356066e+001  0.000000e+000
      vertex -1.300000e+001  1.250000e+001  0.000000e+000
    endloop
  endfacet
  facet normal  0.000000e+000  -0.000000e+000 -1.000000e+000
    outer loop
      vertex -1.732051e+001  1.000000e+001  0.000000e+000
      vertex -1.300000e+001  1.250000e+001  0.000000e+000
      vertex -1.300000e+001 -1.250000e+001  0.000000e+000
    endloop
  endfacet
  facet normal  0.000000e+000  0.000000e+000 -9.999999e-001
    outer loop
      vertex -1.300000e+001 -1.250000e+001  0.000000e+000
      vertex -1.658075e+001 -1.118386e+001  0.000000e+000
      vertex -1.902113e+001 -6.180340e+000  0.000000e+000
    endloop
  endfacet
  facet normal  0.000000e+000  0.000000e+000 -1.000000e+000
    outer loop
      vertex -1.300000e+001 -1.250000e+001  0.000000e+000
      vertex -1.902113e+001 -6.180340e+000  0.000000e+000
      vertex -1.998782e+001 -6.979899e-001  0.000000e+000
    endloop
  endfacet
  facet normal  0.000000e+000  0.000000e+000 -9.999999e-001
    outer loop
      vertex -1.300000e+001 -1.250000e+001  0.000000e+000
      vertex -1.998782e+001 -6.979899e-001  0.000000e+000
      vertex -1.940591e+001  4.838438e+000  0.000000e+000
    endloop
  endfacet
  facet normal  0.000000e+000  0.000000e+000 -1.000000e+000
    outer loop
      vertex -1.300000e+001 -1.250000e+001  0.000000e+000
      vertex -1.940591e+001  4.838438e+000  0.000000e+000
      vertex -1.732051e+001  1.000000e+001  0.000000e+000
    endloop
  endfacet
  facet normal  0.000000e+000  0.000000e+000 -1.000000e+000
    outer loop
      vertex -1.285575e+001 -1.532089e+001  0.000000e+000
      vertex -1.658075e+001 -1.118386e+001  0.000000e+000
      vertex -1.300000e+001 -1.250000e+001  0.000000e+000
    endloop
  endfacet
  facet normal  0.000000e+000  0.000000e+000 -1.000000e+000
    outer loop
      vertex -1.285575e+001 -1.532089e+001  0.000000e+000
      vertex -1.300000e+001 -1.250000e+001  0.000000e+000
      vertex -1.256066e+001 -1.356066e+001  0.000000e+000
    endloop
  endfacet
  facet normal  0.000000e+000  -0.000000e+000 -1.000000e+000
    outer loop
      vertex -1.285575e+001 -1.532089e+001  0.000000e+000
      vertex -1.256066e+001 -1.356066e+001  0.000000e+000
      vertex -1.150000e+001 -1.400000e+001  0.000000e+000
    endloop
  endfacet
  facet normal  0.000000e+000  -0.000000e+000 -9.999999e-001
    outer loop
      vertex -1.285575e+001 -1.532089e+001  0.000000e+000
      vertex -1.150000e+001 -1.400000e+001  0.000000e+000
      vertex -8.134733e+000 -1.827091e+001  0.000000e+000
    endloop
  endfacet
  facet normal  0.000000e+000  0.000000e+000 -1.000000e+000
    outer loop
      vertex  1.300000e+001 -1.250000e+001  0.000000e+000
      vertex  1.300000e+001  1.250000e+001  0.000000e+000
      vertex  1.732051e+001  1.000000e+001  0.000000e+000
    endloop
  endfacet
  facet normal  0.000000e+000  -0.000000e+000 -1.000000e+000
    outer loop
      vertex  1.300000e+001 -1.250000e+001  0.000000e+000
      vertex  1.732051e+001  1.000000e+001  0.000000e+000
      vertex  1.940591e+001  4.838438e+000  0.000000e+000
    endloop
  endfacet
  facet normal  0.000000e+000  -0.000000e+000 -9.999999e-001
    outer loop
      vertex  1.300000e+001 -1.250000e+001  0.000000e+000
      vertex  1.940591e+001  4.838438e+000  0.000000e+000
      vertex  1.998782e+001 -6.979899e-001  0.000000e+000
    endloop
  endfacet
  facet normal  0.000000e+000  0.000000e+000 -1.000000e+000
    outer loop
      vertex  1.300000e+001 -1.250000e+001  0.000000e+000
      vertex  1.998782e+001 -6.979899e-001  0.000000e+000
      vertex  1.902113e+001 -6.180340e+000  0.000000e+000
    endloop
  endfacet
  facet normal  0.000000e+000  0.000000e+000 -9.999999e-001
    outer loop
      vertex  1.300000e+001 -1.250000e+001  0.000000e+000
      vertex  1.902113e+001 -6.180340e+000  0.000000e+000
      vertex  1.658075e+001 -1.118386e+001  0.000000e+000
    endloop
  endfacet
  facet normal  0.000000e+000  0.000000e+000 -1.000000e+000
    outer loop
      vertex  1.300000e+001 -1.250000e+001  0.000000e+000
      vertex  1.658075e+001 -1.118386e+001  0.000000e+000
      vertex  1.285575e+001 -1.532089e+001  0.000000e+000
    endloop
  endfacet
  facet normal  0.000000e+000  0.000000e+000 -1.000000e+000
    outer loop
      vertex  1.300000e+001 -1.250000e+001  0.000000e+000
      vertex  1.285575e+001 -1.532089e+001  0.000000e+000
      vertex  1.256066e+001 -1.356066e+001  0.000000e+000
    endloop
  endfacet
  facet normal  0.000000e+000  -0.000000e+000 -1.000000e+000
    outer loop
      vertex -1.150000e+001  1.400000e+001  0.000000e+000
      vertex  1.081711e+001  1.682231e+001  0.000000e+000
      vertex  1.150000e+001  1.400000e+001  0.000000e+000
    endloop
  endfacet
  facet normal  0.000000e+000  0.000000e+000 -9.999999e-001
    outer loop
      vertex  1.150000e+001  1.400000e+001  0.000000e+000
      vertex  1.081711e+001  1.682231e+001  0.000000e+000
      vertex  1.427051e+001  1.401259e+001  0.000000e+000
    endloop
  endfacet
  facet normal  0.000000e+000  0.000000e+000 -1.000000e+000
    outer loop
      vertex  1.150000e+001  1.400000e+001  0.000000e+000
      vertex  1.427051e+001  1.401259e+001  0.000000e+000
      vertex  1.256066e+001  1.356066e+001  0.000000e+000
    endloop
  endfacet
  facet normal  0.000000e+000  -0.000000e+000 -1.000000e+000
    outer loop
      vertex  6.854635e+001  1.718325e+002  0.000000e+000
      vertex  7.569621e+001  1.742701e+002  0.000000e+000
      vertex  8.396265e+001  1.648492e+002  0.000000e+000
    endloop
  endfacet
  facet normal  0.000000e+000  0.000000e+000 -1.000000e+000
    outer loop
      vertex  8.396265e+001  1.648492e+002  0.000000e+000
      vertex  7.569621e+001  1.742701e+002  0.000000e+000
      vertex  9.122982e+001  1.666647e+002  0.000000e+000
    endloop
  endfacet
  facet normal  0.000000e+000  -0.000000e+000 -9.999999e-001
    outer loop
      vertex  8.396265e+001  1.648492e+002  0.000000e+000
      vertex  9.122982e+001  1.666647e+002  0.000000e+000
      vertex  1.060075e+002  1.576782e+002  0.000000e+000
    endloop
  endfacet
  facet normal  0.000000e+000  0.000000e+000 -1.000000e+000
    outer loop
      vertex  1.000000e+001 -1.250000e+001  0.000000e+000
      vertex -1.000000e+001  1.250000e+001  0.000000e+000
      vertex  1.000000e+001  1.250000e+001  0.000000e+000
    endloop
  endfacet
  facet normal  0.000000e+000  0.000000e+000 -9.999999e-001
    outer loop
      vertex  1.000000e+001  1.250000e+001  0.000000e+000
      vertex -1.000000e+001  1.250000e+001  0.000000e+000
      vertex -1.043934e+001  1.356066e+001  0.000000e+000
    endloop
  endfacet
  facet normal  0.000000e+000  0.000000e+000 -1.000000e+000
    outer loop
      vertex  1.000000e+001  1.250000e+001  0.000000e+000
      vertex -1.043934e+001  1.356066e+001  0.000000e+000
      vertex  1.043934e+001  1.356066e+001  0.000000e+000
    endloop
  endfacet
  facet normal  0.000000e+000  0.000000e+000 -1.000000e+000
    outer loop
      vertex  1.043934e+001  1.356066e+001  0.000000e+000
      vertex -1.043934e+001  1.356066e+001  0.000000e+000
      vertex -1.150000e+001  1.400000e+001  0.000000e+000
    endloop
  endfacet
  facet normal  0.000000e+000  0.000000e+000 -1.000000e+000
    outer loop
      vertex  1.043934e+001  1.356066e+001  0.000000e+000
      vertex -1.150000e+001  1.400000e+001  0.000000e+000
      vertex  1.150000e+001  1.400000e+001  0.000000e+000
    endloop
  endfacet
  facet normal  0.000000e+000  0.000000e+000 -1.000000e+000
    outer loop
      vertex -1.000000e+001  1.250000e+001  0.000000e+000
      vertex  1.000000e+001 -1.250000e+001  0.000000e+000
      vertex -1.000000e+001 -1.250000e+001  0.000000e+000
    endloop
  endfacet
  facet normal  0.000000e+000  0.000000e+000 -9.999999e-001
    outer loop
      vertex -1.000000e+001 -1.250000e+001  0.000000e+000
      vertex  1.000000e+001 -1.250000e+001  0.000000e+000
      vertex  1.043934e+001 -1.356066e+001  0.000000e+000
    endloop
  endfacet
  facet normal  0.000000e+000  0.000000e+000 -1.000000e+000
    outer loop
      vertex -1.000000e+001 -1.250000e+001  0.000000e+000
      vertex  1.043934e+001 -1.356066e+001  0.000000e+000
      vertex -1.043934e+001 -1.356066e+001  0.000000e+000
    endloop
  endfacet
  facet normal  0.000000e+000  0.000000e+000 -1.000000e+000
    outer loop
      vertex -1.043934e+001 -1.356066e+001  0.000000e+000
      vertex  1.043934e+001 -1.356066e+001  0.000000e+000
      vertex  1.150000e+001 -1.400000e+001  0.000000e+000
    endloop
  endfacet
  facet normal  0.000000e+000  0.000000e+000 -1.000000e+000
    outer loop
      vertex -1.043934e+001 -1.356066e+001  0.000000e+000
      vertex  1.150000e+001 -1.400000e+001  0.000000e+000
      vertex -1.150000e+001 -1.400000e+001  0.000000e+000
    endloop
  endfacet
  facet normal  0.000000e+000  0.000000e+000 -9.999999e-001
    outer loop
      vertex -1.150000e+001 -1.400000e+001  0.000000e+000
      vertex  1.150000e+001 -1.400000e+001  0.000000e+000
      vertex  8.134733e+000 -1.827091e+001  0.000000e+000
    endloop
  endfacet
  facet normal  0.000000e+000  0.000000e+000 -1.000000e+000
    outer loop
      vertex -1.150000e+001 -1.400000e+001  0.000000e+000
      vertex  8.134733e+000 -1.827091e+001  0.000000e+000
      vertex -8.134733e+000 -1.827091e+001  0.000000e+000
    endloop
  endfacet
  facet normal  0.000000e+000  0.000000e+000 -1.000000e+000
    outer loop
      vertex -8.134733e+000 -1.827091e+001  0.000000e+000
      vertex  8.134733e+000 -1.827091e+001  0.000000e+000
      vertex  2.783462e+000 -1.980536e+001  0.000000e+000
    endloop
  endfacet
  facet normal  0.000000e+000  0.000000e+000 -1.000000e+000
    outer loop
      vertex -8.134733e+000 -1.827091e+001  0.000000e+000
      vertex  2.783462e+000 -1.980536e+001  0.000000e+000
      vertex -2.783462e+000 -1.980536e+001  0.000000e+000
    endloop
  endfacet
  facet normal  0.000000e+000  0.000000e+000 -1.000000e+000
    outer loop
      vertex -1.256066e+001  1.356066e+001  0.000000e+000
      vertex -1.427051e+001  1.401259e+001  0.000000e+000
      vertex -1.150000e+001  1.400000e+001  0.000000e+000
    endloop
  endfacet
  facet normal  0.000000e+000  0.000000e+000 -9.999999e-001
    outer loop
      vertex -1.150000e+001  1.400000e+001  0.000000e+000
      vertex -1.427051e+001  1.401259e+001  0.000000e+000
      vertex -1.081711e+001  1.682231e+001  0.000000e+000
    endloop
  endfacet
  facet normal  0.000000e+000  -0.000000e+000 -9.999999e-001
    outer loop
      vertex -1.150000e+001  1.400000e+001  0.000000e+000
      vertex -1.081711e+001  1.682231e+001  0.000000e+000
      vertex  1.081711e+001  1.682231e+001  0.000000e+000
    endloop
  endfacet
  facet normal  0.000000e+000  0.000000e+000 -1.000000e+000
    outer loop
      vertex  1.081711e+001  1.682231e+001  0.000000e+000
      vertex -1.081711e+001  1.682231e+001  0.000000e+000
      vertex -6.827718e+000  1.879846e+001  0.000000e+000
    endloop
  endfacet
  facet normal  0.000000e+000  0.000000e+000 -1.000000e+000
    outer loop
      vertex  1.081711e+001  1.682231e+001  0.000000e+000
      vertex -6.827718e+000  1.879846e+001  0.000000e+000
      vertex  6.827718e+000  1.879846e+001  0.000000e+000
    endloop
  endfacet
  facet normal  0.000000e+000  0.000000e+000 -1.000000e+000
    outer loop
      vertex  6.827718e+000  1.879846e+001  0.000000e+000
      vertex -6.827718e+000  1.879846e+001  0.000000e+000
      vertex -2.500000e+000  1.984313e+001  0.000000e+000
    endloop
  endfacet
  facet normal  0.000000e+000  0.000000e+000 -1.000000e+000
    outer loop
      vertex  6.827718e+000  1.879846e+001  0.000000e+000
      vertex -2.500000e+000  1.984313e+001  0.000000e+000
      vertex  2.500000e+000  1.984313e+001  0.000000e+000
    endloop
  endfacet
  facet normal  0.000000e+000  0.000000e+000 -1.000000e+000
    outer loop
      vertex  2.500000e+000  1.984313e+001  0.000000e+000
      vertex -2.500000e+000  1.984313e+001  0.000000e+000
      vertex -2.500000e+000  1.849831e+002  0.000000e+000
    endloop
  endfacet
  facet normal  0.000000e+000  0.000000e+000 -1.000000e+000
    outer loop
      vertex  2.500000e+000  1.984313e+001  0.000000e+000
      vertex -2.500000e+000  1.849831e+002  0.000000e+000
      vertex  2.500000e+000  1.849831e+002  0.000000e+000
    endloop
  endfacet
  facet normal  0.000000e+000  0.000000e+000 -1.000000e+000
    outer loop
      vertex  2.500000e+000  1.849831e+002  0.000000e+000
      vertex -2.500000e+000  1.849831e+002  0.000000e+000
      vertex -8.647774e+000  1.898031e+002  0.000000e+000
    endloop
  endfacet
  facet normal  0.000000e+000  0.000000e+000 -1.000000e+000
    outer loop
      vertex  2.500000e+000  1.849831e+002  0.000000e+000
      vertex -8.647774e+000  1.898031e+002  0.000000e+000
      vertex  8.647774e+000  1.898031e+002  0.000000e+000
    endloop
  endfacet
  facet normal  0.000000e+000  -0.000000e+000 -1.000000e+000
    outer loop
      vertex -4.288117e+001  1.850978e+002  0.000000e+000
      vertex -2.587166e+001  1.882303e+002  0.000000e+000
      vertex -1.939445e+001  1.839806e+002  0.000000e+000
    endloop
  endfacet
  facet normal  0.000000e+000  0.000000e+000 -1.000000e+000
    outer loop
      vertex -1.939445e+001  1.839806e+002  0.000000e+000
      vertex -2.587166e+001  1.882303e+002  0.000000e+000
      vertex -8.647774e+000  1.898031e+002  0.000000e+000
    endloop
  endfacet
  facet normal  0.000000e+000  -0.000000e+000 -1.000000e+000
    outer loop
      vertex -1.939445e+001  1.839806e+002  0.000000e+000
      vertex -8.647774e+000  1.898031e+002  0.000000e+000
      vertex -2.500000e+000  1.849831e+002  0.000000e+000
    endloop
  endfacet
  facet normal  0.000000e+000  0.000000e+000 -1.000000e+000
    outer loop
      vertex  6.854635e+001  1.718325e+002  0.000000e+000
      vertex  5.255639e+001  1.773776e+002  0.000000e+000
      vertex  7.569621e+001  1.742701e+002  0.000000e+000
    endloop
  endfacet
  facet normal  0.000000e+000  0.000000e+000 -9.999999e-001
    outer loop
      vertex  7.569621e+001  1.742701e+002  0.000000e+000
      vertex  5.255639e+001  1.773776e+002  0.000000e+000
      vertex  3.612659e+001  1.814383e+002  0.000000e+000
    endloop
  endfacet
  facet normal  0.000000e+000  0.000000e+000 -1.000000e+000
    outer loop
      vertex  7.569621e+001  1.742701e+002  0.000000e+000
      vertex  3.612659e+001  1.814383e+002  0.000000e+000
      vertex  5.953535e+001  1.804315e+002  0.000000e+000
    endloop
  endfacet
  facet normal  0.000000e+000  0.000000e+000 -1.000000e+000
    outer loop
      vertex  5.953535e+001  1.804315e+002  0.000000e+000
      vertex  3.612659e+001  1.814383e+002  0.000000e+000
      vertex  1.939445e+001  1.839806e+002  0.000000e+000
    endloop
  endfacet
  facet normal  0.000000e+000  0.000000e+000 -1.000000e+000
    outer loop
      vertex  5.953535e+001  1.804315e+002  0.000000e+000
      vertex  1.939445e+001  1.839806e+002  0.000000e+000
      vertex  4.288117e+001  1.850978e+002  0.000000e+000
    endloop
  endfacet
  facet normal  -0.000000e+000  0.000000e+000 -1.000000e+000
    outer loop
      vertex  4.288117e+001  1.850978e+002  0.000000e+000
      vertex  1.939445e+001  1.839806e+002  0.000000e+000
      vertex  8.647774e+000  1.898031e+002  0.000000e+000
    endloop
  endfacet
  facet normal  0.000000e+000  0.000000e+000 -9.999999e-001
    outer loop
      vertex  4.288117e+001  1.850978e+002  0.000000e+000
      vertex  8.647774e+000  1.898031e+002  0.000000e+000
      vertex  2.587166e+001  1.882303e+002  0.000000e+000
    endloop
  endfacet
  facet normal  0.000000e+000  0.000000e+000 -1.000000e+000
    outer loop
      vertex -6.854635e+001  1.718325e+002  0.000000e+000
      vertex -7.569621e+001  1.742701e+002  0.000000e+000
      vertex -5.255639e+001  1.773776e+002  0.000000e+000
    endloop
  endfacet
  facet normal  -0.000000e+000  0.000000e+000 -1.000000e+000
    outer loop
      vertex -5.255639e+001  1.773776e+002  0.000000e+000
      vertex -7.569621e+001  1.742701e+002  0.000000e+000
      vertex -5.953535e+001  1.804315e+002  0.000000e+000
    endloop
  endfacet
  facet normal  0.000000e+000  0.000000e+000 -1.000000e+000
    outer loop
      vertex -5.255639e+001  1.773776e+002  0.000000e+000
      vertex -5.953535e+001  1.804315e+002  0.000000e+000
      vertex -3.612659e+001  1.814383e+002  0.000000e+000
    endloop
  endfacet
  facet normal  -0.000000e+000  0.000000e+000 -1.000000e+000
    outer loop
      vertex -3.612659e+001  1.814383e+002  0.000000e+000
      vertex -5.953535e+001  1.804315e+002  0.000000e+000
      vertex -4.288117e+001  1.850978e+002  0.000000e+000
    endloop
  endfacet
  facet normal  0.000000e+000  0.000000e+000 -1.000000e+000
    outer loop
      vertex -3.612659e+001  1.814383e+002  0.000000e+000
      vertex -4.288117e+001  1.850978e+002  0.000000e+000
      vertex -1.939445e+001  1.839806e+002  0.000000e+000
    endloop
  endfacet
  facet normal  0.000000e+000  -0.000000e+000 -1.000000e+000
    outer loop
      vertex -1.125641e+002  1.468139e+002  0.000000e+000
      vertex -1.060075e+002  1.576782e+002  0.000000e+000
      vertex -9.867626e+001  1.564864e+002  0.000000e+000
    endloop
  endfacet
  facet normal  0.000000e+000  0.000000e+000 -1.000000e+000
    outer loop
      vertex -9.867626e+001  1.564864e+002  0.000000e+000
      vertex -1.060075e+002  1.576782e+002  0.000000e+000
      vertex -9.122982e+001  1.666647e+002  0.000000e+000
    endloop
  endfacet
  facet normal  0.000000e+000  -0.000000e+000 -1.000000e+000
    outer loop
      vertex -9.867626e+001  1.564864e+002  0.000000e+000
      vertex -9.122982e+001  1.666647e+002  0.000000e+000
      vertex -8.396265e+001  1.648492e+002  0.000000e+000
    endloop
  endfacet
  facet normal  0.000000e+000  0.000000e+000 -1.000000e+000
    outer loop
      vertex -8.396265e+001  1.648492e+002  0.000000e+000
      vertex -9.122982e+001  1.666647e+002  0.000000e+000
      vertex -7.569621e+001  1.742701e+002  0.000000e+000
    endloop
  endfacet
  facet normal  0.000000e+000  -0.000000e+000 -1.000000e+000
    outer loop
      vertex -8.396265e+001  1.648492e+002  0.000000e+000
      vertex -7.569621e+001  1.742701e+002  0.000000e+000
      vertex -6.854635e+001  1.718325e+002  0.000000e+000
    endloop
  endfacet
  facet normal  0.000000e+000  0.000000e+000 -9.999999e-001
    outer loop
      vertex -1.060075e+002  1.576782e+002  0.000000e+000
      vertex -1.125641e+002  1.468139e+002  0.000000e+000
      vertex -1.199067e+002  1.473851e+002  0.000000e+000
    endloop
  endfacet
  facet normal  0.000000e+000  -0.000000e+000 -1.000000e+000
    outer loop
      vertex -1.199067e+002  1.473851e+002  0.000000e+000
      vertex -1.125641e+002  1.468139e+002  0.000000e+000
      vertex -1.255098e+002  1.359128e+002  0.000000e+000
    endloop
  endfacet
  facet normal  -0.000000e+000  0.000000e+000 -9.999999e-001
    outer loop
      vertex -1.199067e+002  1.473851e+002  0.000000e+000
      vertex -1.255098e+002  1.359128e+002  0.000000e+000
      vertex -1.328124e+002  1.358708e+002  0.000000e+000
    endloop
  endfacet
  facet normal  0.000000e+000  -0.000000e+000 -1.000000e+000
    outer loop
      vertex -1.328124e+002  1.358708e+002  0.000000e+000
      vertex -1.255098e+002  1.359128e+002  0.000000e+000
      vertex -1.374052e+002  1.238742e+002  0.000000e+000
    endloop
  endfacet
  facet normal  -0.000000e+000  0.000000e+000 -1.000000e+000
    outer loop
      vertex -1.328124e+002  1.358708e+002  0.000000e+000
      vertex -1.374052e+002  1.238742e+002  0.000000e+000
      vertex -1.446175e+002  1.232306e+002  0.000000e+000
    endloop
  endfacet
  facet normal  0.000000e+000  -0.000000e+000 -1.000000e+000
    outer loop
      vertex -1.446175e+002  1.232306e+002  0.000000e+000
      vertex -1.374052e+002  1.238742e+002  0.000000e+000
      vertex -1.481506e+002  1.107989e+002  0.000000e+000
    endloop
  endfacet
  facet normal  -0.000000e+000  0.000000e+000 -1.000000e+000
    outer loop
      vertex -1.446175e+002  1.232306e+002  0.000000e+000
      vertex -1.481506e+002  1.107989e+002  0.000000e+000
      vertex -1.552243e+002  1.095693e+002  0.000000e+000
    endloop
  endfacet
  facet normal  0.000000e+000  -0.000000e+000 -1.000000e+000
    outer loop
      vertex -1.552243e+002  1.095693e+002  0.000000e+000
      vertex -1.481506e+002  1.107989e+002  0.000000e+000
      vertex -1.576562e+002  9.679633e+001  0.000000e+000
    endloop
  endfacet
  facet normal  -0.000000e+000  0.000000e+000 -1.000000e+000
    outer loop
      vertex -1.552243e+002  1.095693e+002  0.000000e+000
      vertex -1.576562e+002  9.679633e+001  0.000000e+000
      vertex -1.645448e+002  9.500000e+001  0.000000e+000
    endloop
  endfacet
  facet normal  -0.000000e+000  0.000000e+000 -1.000000e+000
    outer loop
      vertex  8.396265e+001  1.648492e+002  0.000000e+000
      vertex  1.060075e+002  1.576782e+002  0.000000e+000
      vertex  9.867626e+001  1.564864e+002  0.000000e+000
    endloop
  endfacet
  facet normal  0.000000e+000  0.000000e+000 -1.000000e+000
    outer loop
      vertex  9.867626e+001  1.564864e+002  0.000000e+000
      vertex  1.060075e+002  1.576782e+002  0.000000e+000
      vertex  1.199067e+002  1.473851e+002  0.000000e+000
    endloop
  endfacet
  facet normal  -0.000000e+000  0.000000e+000 -1.000000e+000
    outer loop
      vertex  9.867626e+001  1.564864e+002  0.000000e+000
      vertex  1.199067e+002  1.473851e+002  0.000000e+000
      vertex  1.125641e+002  1.468139e+002  0.000000e+000
    endloop
  endfacet
  facet normal  0.000000e+000  0.000000e+000 -9.999999e-001
    outer loop
      vertex  1.125641e+002  1.468139e+002  0.000000e+000
      vertex  1.199067e+002  1.473851e+002  0.000000e+000
      vertex  1.328124e+002  1.358708e+002  0.000000e+000
    endloop
  endfacet
  facet normal  0.000000e+000  0.000000e+000 -1.000000e+000
    outer loop
      vertex  1.125641e+002  1.468139e+002  0.000000e+000
      vertex  1.328124e+002  1.358708e+002  0.000000e+000
      vertex  1.255098e+002  1.359128e+002  0.000000e+000
    endloop
  endfacet
  facet normal  0.000000e+000  0.000000e+000 -9.999999e-001
    outer loop
      vertex  1.255098e+002  1.359128e+002  0.000000e+000
      vertex  1.328124e+002  1.358708e+002  0.000000e+000
      vertex  1.446175e+002  1.232306e+002  0.000000e+000
    endloop
  endfacet
  facet normal  0.000000e+000  0.000000e+000 -1.000000e+000
    outer loop
      vertex  1.255098e+002  1.359128e+002  0.000000e+000
      vertex  1.446175e+002  1.232306e+002  0.000000e+000
      vertex  1.374052e+002  1.238742e+002  0.000000e+000
    endloop
  endfacet
  facet normal  0.000000e+000  0.000000e+000 -1.000000e+000
    outer loop
      vertex  1.374052e+002  1.238742e+002  0.000000e+000
      vertex  1.446175e+002  1.232306e+002  0.000000e+000
      vertex  1.552243e+002  1.095693e+002  0.000000e+000
    endloop
  endfacet
  facet normal  0.000000e+000  0.000000e+000 -1.000000e+000
    outer loop
      vertex  1.374052e+002  1.238742e+002  0.000000e+000
      vertex  1.552243e+002  1.095693e+002  0.000000e+000
      vertex  1.481506e+002  1.107989e+002  0.000000e+000
    endloop
  endfacet
  facet normal  0.000000e+000  0.000000e+000 -1.000000e+000
    outer loop
      vertex  1.481506e+002  1.107989e+002  0.000000e+000
      vertex  1.552243e+002  1.095693e+002  0.000000e+000
      vertex  1.645448e+002  9.500000e+001  0.000000e+000
    endloop
  endfacet
  facet normal  0.000000e+000  0.000000e+000 -9.999999e-001
    outer loop
      vertex  1.481506e+002  1.107989e+002  0.000000e+000
      vertex  1.645448e+002  9.500000e+001  0.000000e+000
      vertex  1.576562e+002  9.679633e+001  0.000000e+000
    endloop
  endfacet
  facet normal -4.126186e-001 -9.109039e-001  -0.000000e+000
    outer loop
      vertex  8.396265e+001  1.648492e+002  0.000000e+000
      vertex  6.854635e+001  1.718325e+002  3.000000e+000
      vertex  6.854635e+001  1.718325e+002  0.000000e+000
    endloop
  endfacet
  facet normal -3.276477e-001 -9.448000e-001  0.000000e+000
    outer loop
      vertex  6.854635e+001  1.718325e+002  0.000000e+000
      vertex  6.854635e+001  1.718325e+002  3.000000e+000
      vertex  5.255639e+001  1.773776e+002  3.000000e+000
    endloop
  endfacet
  facet normal -3.276477e-001 -9.448000e-001  -0.000000e+000
    outer loop
      vertex  6.854635e+001  1.718325e+002  0.000000e+000
      vertex  5.255639e+001  1.773776e+002  3.000000e+000
      vertex  5.255639e+001  1.773776e+002  0.000000e+000
    endloop
  endfacet
  facet normal -2.399349e-001 -9.707890e-001  0.000000e+000
    outer loop
      vertex  5.255639e+001  1.773776e+002  0.000000e+000
      vertex  5.255639e+001  1.773776e+002  3.000000e+000
      vertex  3.612659e+001  1.814383e+002  3.000000e+000
    endloop
  endfacet
  facet normal -2.399349e-001 -9.707890e-001  -0.000000e+000
    outer loop
      vertex  5.255639e+001  1.773776e+002  0.000000e+000
      vertex  3.612659e+001  1.814383e+002  3.000000e+000
      vertex  3.612659e+001  1.814383e+002  0.000000e+000
    endloop
  endfacet
  facet normal -1.502142e-001 -9.886534e-001  0.000000e+000
    outer loop
      vertex  3.612659e+001  1.814383e+002  0.000000e+000
      vertex  3.612659e+001  1.814383e+002  3.000000e+000
      vertex  1.939445e+001  1.839806e+002  3.000000e+000
    endloop
  endfacet
  facet normal -1.502142e-001 -9.886534e-001  -0.000000e+000
    outer loop
      vertex  3.612659e+001  1.814383e+002  0.000000e+000
      vertex  1.939445e+001  1.839806e+002  3.000000e+000
      vertex  1.939445e+001  1.839806e+002  0.000000e+000
    endloop
  endfacet
  facet normal -5.923585e-002 -9.982440e-001  0.000000e+000
    outer loop
      vertex  1.939445e+001  1.839806e+002  0.000000e+000
      vertex  1.939445e+001  1.839806e+002  3.000000e+000
      vertex  2.500000e+000  1.849831e+002  3.000000e+000
    endloop
  endfacet
  facet normal -5.923585e-002 -9.982440e-001  -0.000000e+000
    outer loop
      vertex  1.939445e+001  1.839806e+002  0.000000e+000
      vertex  2.500000e+000  1.849831e+002  3.000000e+000
      vertex  2.500000e+000  1.849831e+002  0.000000e+000
    endloop
  endfacet
  facet normal -4.126186e-001 -9.109039e-001  0.000000e+000
    outer loop
      vertex  6.854635e+001  1.718325e+002  3.000000e+000
      vertex  8.396265e+001  1.648492e+002  0.000000e+000
      vertex  8.396265e+001  1.648492e+002  3.000000e+000
    endloop
  endfacet
  facet normal -4.941358e-001 -8.693848e-001  -0.000000e+000
    outer loop
      vertex  8.396265e+001  1.648492e+002  3.000000e+000
      vertex  8.396265e+001  1.648492e+002  0.000000e+000
      vertex  9.867626e+001  1.564864e+002  0.000000e+000
    endloop
  endfacet
  facet normal -4.941358e-001 -8.693848e-001  0.000000e+000
    outer loop
      vertex  8.396265e+001  1.648492e+002  3.000000e+000
      vertex  9.867626e+001  1.564864e+002  0.000000e+000
      vertex  9.867626e+001  1.564864e+002  3.000000e+000
    endloop
  endfacet
  facet normal -5.715181e-001 -8.205894e-001  -0.000000e+000
    outer loop
      vertex  9.867626e+001  1.564864e+002  3.000000e+000
      vertex  9.867626e+001  1.564864e+002  0.000000e+000
      vertex  1.125641e+002  1.468139e+002  0.000000e+000
    endloop
  endfacet
  facet normal -5.715181e-001 -8.205894e-001  0.000000e+000
    outer loop
      vertex  9.867626e+001  1.564864e+002  3.000000e+000
      vertex  1.125641e+002  1.468139e+002  0.000000e+000
      vertex  1.125641e+002  1.468139e+002  3.000000e+000
    endloop
  endfacet
  facet normal -6.441168e-001 -7.649272e-001  -0.000000e+000
    outer loop
      vertex  1.125641e+002  1.468139e+002  3.000000e+000
      vertex  1.125641e+002  1.468139e+002  0.000000e+000
      vertex  1.255098e+002  1.359128e+002  0.000000e+000
    endloop
  endfacet
  facet normal -6.441168e-001 -7.649272e-001  0.000000e+000
    outer loop
      vertex  1.125641e+002  1.468139e+002  3.000000e+000
      vertex  1.255098e+002  1.359128e+002  0.000000e+000
      vertex  1.255098e+002  1.359128e+002  3.000000e+000
    endloop
  endfacet
  facet normal -7.113256e-001 -7.028627e-001  -0.000000e+000
    outer loop
      vertex  1.255098e+002  1.359128e+002  3.000000e+000
      vertex  1.255098e+002  1.359128e+002  0.000000e+000
      vertex  1.374052e+002  1.238742e+002  0.000000e+000
    endloop
  endfacet
  facet normal -7.113256e-001 -7.028627e-001  0.000000e+000
    outer loop
      vertex  1.255098e+002  1.359128e+002  3.000000e+000
      vertex  1.374052e+002  1.238742e+002  0.000000e+000
      vertex  1.374052e+002  1.238742e+002  3.000000e+000
    endloop
  endfacet
  facet normal -7.725813e-001 -6.349159e-001  -0.000000e+000
    outer loop
      vertex  1.374052e+002  1.238742e+002  3.000000e+000
      vertex  1.374052e+002  1.238742e+002  0.000000e+000
      vertex  1.481506e+002  1.107989e+002  0.000000e+000
    endloop
  endfacet
  facet normal -7.725813e-001 -6.349159e-001  0.000000e+000
    outer loop
      vertex  1.374052e+002  1.238742e+002  3.000000e+000
      vertex  1.481506e+002  1.107989e+002  0.000000e+000
      vertex  1.481506e+002  1.107989e+002  3.000000e+000
    endloop
  endfacet
  facet normal -8.273708e-001 -5.616561e-001  -0.000000e+000
    outer loop
      vertex  1.481506e+002  1.107989e+002  3.000000e+000
      vertex  1.481506e+002  1.107989e+002  0.000000e+000
      vertex  1.576562e+002  9.679633e+001  0.000000e+000
    endloop
  endfacet
  facet normal -8.273708e-001 -5.616561e-001  0.000000e+000
    outer loop
      vertex  1.481506e+002  1.107989e+002  3.000000e+000
      vertex  1.576562e+002  9.679633e+001  0.000000e+000
      vertex  1.576562e+002  9.679633e+001  3.000000e+000
    endloop
  endfacet
  facet normal  1.000000e+000  -0.000000e+000  0.000000e+000
    outer loop
      vertex  2.500000e+000  1.849831e+002  3.000000e+000
      vertex  2.500000e+000  1.984313e+001  3.000000e+000
      vertex  2.500000e+000  1.849831e+002  0.000000e+000
    endloop
  endfacet
  facet normal  1.000000e+000  0.000000e+000  0.000000e+000
    outer loop
      vertex  2.500000e+000  1.849831e+002  0.000000e+000
      vertex  2.500000e+000  1.984313e+001  3.000000e+000
      vertex  2.500000e+000  1.984313e+001  0.000000e+000
    endloop
  endfacet
  facet normal  2.346508e-001  9.720797e-001  0.000000e+000
    outer loop
      vertex  2.500000e+000  1.984313e+001  0.000000e+000
      vertex  2.500000e+000  1.984313e+001  3.000000e+000
      vertex  6.827718e+000  1.879846e+001  0.000000e+000
    endloop
  endfacet
  facet normal  2.346508e-001  9.720797e-001  -0.000000e+000
    outer loop
      vertex  6.827718e+000  1.879846e+001  0.000000e+000
      vertex  2.500000e+000  1.984313e+001  3.000000e+000
      vertex  6.827718e+000  1.879846e+001  3.000000e+000
    endloop
  endfacet
  facet normal  4.438786e-001  8.960870e-001  0.000000e+000
    outer loop
      vertex  6.827718e+000  1.879846e+001  0.000000e+000
      vertex  6.827718e+000  1.879846e+001  3.000000e+000
      vertex  1.081711e+001  1.682231e+001  0.000000e+000
    endloop
  endfacet
  facet normal  4.438786e-001  8.960870e-001  -0.000000e+000
    outer loop
      vertex  1.081711e+001  1.682231e+001  0.000000e+000
      vertex  6.827718e+000  1.879846e+001  3.000000e+000
      vertex  1.081711e+001  1.682231e+001  3.000000e+000
    endloop
  endfacet
  facet normal  6.311119e-001  7.756919e-001  0.000000e+000
    outer loop
      vertex  1.081711e+001  1.682231e+001  0.000000e+000
      vertex  1.081711e+001  1.682231e+001  3.000000e+000
      vertex  1.427051e+001  1.401259e+001  0.000000e+000
    endloop
  endfacet
  facet normal  6.311119e-001  7.756919e-001  -0.000000e+000
    outer loop
      vertex  1.427051e+001  1.401259e+001  0.000000e+000
      vertex  1.081711e+001  1.682231e+001  3.000000e+000
      vertex  1.427051e+001  1.401259e+001  3.000000e+000
    endloop
  endfacet
  facet normal -5.000000e-001  8.660254e-001  0.000000e+000
    outer loop
      vertex  1.576562e+002  9.679633e+001  3.000000e+000
      vertex  1.576562e+002  9.679633e+001  0.000000e+000
      vertex  1.427051e+001  1.401259e+001  3.000000e+000
    endloop
  endfacet
  facet normal -5.000000e-001  8.660254e-001  0.000000e+000
    outer loop
      vertex  1.427051e+001  1.401259e+001  3.000000e+000
      vertex  1.576562e+002  9.679633e+001  0.000000e+000
      vertex  1.427051e+001  1.401259e+001  0.000000e+000
    endloop
  endfacet
  facet normal -1.000000e+000  0.000000e+000  0.000000e+000
    outer loop
      vertex -2.500000e+000  1.849831e+002  3.000000e+000
      vertex -2.500000e+000  1.849831e+002  0.000000e+000
      vertex -2.500000e+000  1.984313e+001  3.000000e+000
    endloop
  endfacet
  facet normal -1.000000e+000  0.000000e+000  0.000000e+000
    outer loop
      vertex -2.500000e+000  1.984313e+001  3.000000e+000
      vertex -2.500000e+000  1.849831e+002  0.000000e+000
      vertex -2.500000e+000  1.984313e+001  0.000000e+000
    endloop
  endfacet
  facet normal  5.715181e-001 -8.205894e-001  0.000000e+000
    outer loop
      vertex -9.867626e+001  1.564864e+002  0.000000e+000
      vertex -1.125641e+002  1.468139e+002  3.000000e+000
      vertex -1.125641e+002  1.468139e+002  0.000000e+000
    endloop
  endfacet
  facet normal  6.441168e-001 -7.649272e-001  0.000000e+000
    outer loop
      vertex -1.125641e+002  1.468139e+002  0.000000e+000
      vertex -1.125641e+002  1.468139e+002  3.000000e+000
      vertex -1.255098e+002  1.359128e+002  3.000000e+000
    endloop
  endfacet
  facet normal  6.441168e-001 -7.649272e-001  0.000000e+000
    outer loop
      vertex -1.125641e+002  1.468139e+002  0.000000e+000
      vertex -1.255098e+002  1.359128e+002  3.000000e+000
      vertex -1.255098e+002  1.359128e+002  0.000000e+000
    endloop
  endfacet
  facet normal  7.113256e-001 -7.028627e-001  0.000000e+000
    outer loop
      vertex -1.255098e+002  1.359128e+002  0.000000e+000
      vertex -1.255098e+002  1.359128e+002  3.000000e+000
      vertex -1.374052e+002  1.238742e+002  3.000000e+000
    endloop
  endfacet
  facet normal  7.113256e-001 -7.028627e-001  0.000000e+000
    outer loop
      vertex -1.255098e+002  1.359128e+002  0.000000e+000
      vertex -1.374052e+002  1.238742e+002  3.000000e+000
      vertex -1.374052e+002  1.238742e+002  0.000000e+000
    endloop
  endfacet
  facet normal  7.725813e-001 -6.349159e-001  0.000000e+000
    outer loop
      vertex -1.374052e+002  1.238742e+002  0.000000e+000
      vertex -1.374052e+002  1.238742e+002  3.000000e+000
      vertex -1.481506e+002  1.107989e+002  3.000000e+000
    endloop
  endfacet
  facet normal  7.725813e-001 -6.349159e-001  0.000000e+000
    outer loop
      vertex -1.374052e+002  1.238742e+002  0.000000e+000
      vertex -1.481506e+002  1.107989e+002  3.000000e+000
      vertex -1.481506e+002  1.107989e+002  0.000000e+000
    endloop
  endfacet
  facet normal  8.273708e-001 -5.616561e-001  0.000000e+000
    outer loop
      vertex -1.481506e+002  1.107989e+002  0.000000e+000
      vertex -1.481506e+002  1.107989e+002  3.000000e+000
      vertex -1.576562e+002  9.679633e+001  3.000000e+000
    endloop
  endfacet
  facet normal  8.273708e-001 -5.616561e-001  0.000000e+000
    outer loop
      vertex -1.481506e+002  1.107989e+002  0.000000e+000
      vertex -1.576562e+002  9.679633e+001  3.000000e+000
      vertex -1.576562e+002  9.679633e+001  0.000000e+000
    endloop
  endfacet
  facet normal  5.715181e-001 -8.205894e-001  0.000000e+000
    outer loop
      vertex -1.125641e+002  1.468139e+002  3.000000e+000
      vertex -9.867626e+001  1.564864e+002  0.000000e+000
      vertex -9.867626e+001  1.564864e+002  3.000000e+000
    endloop
  endfacet
  facet normal  4.941358e-001 -8.693848e-001  0.000000e+000
    outer loop
      vertex -9.867626e+001  1.564864e+002  3.000000e+000
      vertex -9.867626e+001  1.564864e+002  0.000000e+000
      vertex -8.396265e+001  1.648492e+002  0.000000e+000
    endloop
  endfacet
  facet normal  4.941358e-001 -8.693848e-001  0.000000e+000
    outer loop
      vertex -9.867626e+001  1.564864e+002  3.000000e+000
      vertex -8.396265e+001  1.648492e+002  0.000000e+000
      vertex -8.396265e+001  1.648492e+002  3.000000e+000
    endloop
  endfacet
  facet normal  4.126186e-001 -9.109039e-001  0.000000e+000
    outer loop
      vertex -8.396265e+001  1.648492e+002  3.000000e+000
      vertex -8.396265e+001  1.648492e+002  0.000000e+000
      vertex -6.854635e+001  1.718325e+002  0.000000e+000
    endloop
  endfacet
  facet normal  4.126186e-001 -9.109039e-001  0.000000e+000
    outer loop
      vertex -8.396265e+001  1.648492e+002  3.000000e+000
      vertex -6.854635e+001  1.718325e+002  0.000000e+000
      vertex -6.854635e+001  1.718325e+002  3.000000e+000
    endloop
  endfacet
  facet normal  3.276477e-001 -9.448000e-001  0.000000e+000
    outer loop
      vertex -6.854635e+001  1.718325e+002  3.000000e+000
      vertex -6.854635e+001  1.718325e+002  0.000000e+000
      vertex -5.255639e+001  1.773776e+002  0.000000e+000
    endloop
  endfacet
  facet normal  3.276477e-001 -9.448000e-001  0.000000e+000
    outer loop
      vertex -6.854635e+001  1.718325e+002  3.000000e+000
      vertex -5.255639e+001  1.773776e+002  0.000000e+000
      vertex -5.255639e+001  1.773776e+002  3.000000e+000
    endloop
  endfacet
  facet normal  2.399349e-001 -9.707890e-001  0.000000e+000
    outer loop
      vertex -5.255639e+001  1.773776e+002  3.000000e+000
      vertex -5.255639e+001  1.773776e+002  0.000000e+000
      vertex -3.612659e+001  1.814383e+002  0.000000e+000
    endloop
  endfacet
  facet normal  2.399349e-001 -9.707890e-001  0.000000e+000
    outer loop
      vertex -5.255639e+001  1.773776e+002  3.000000e+000
      vertex -3.612659e+001  1.814383e+002  0.000000e+000
      vertex -3.612659e+001  1.814383e+002  3.000000e+000
    endloop
  endfacet
  facet normal  1.502142e-001 -9.886534e-001  0.000000e+000
    outer loop
      vertex -3.612659e+001  1.814383e+002  3.000000e+000
      vertex -3.612659e+001  1.814383e+002  0.000000e+000
      vertex -1.939445e+001  1.839806e+002  0.000000e+000
    endloop
  endfacet
  facet normal  1.502142e-001 -9.886534e-001  0.000000e+000
    outer loop
      vertex -3.612659e+001  1.814383e+002  3.000000e+000
      vertex -1.939445e+001  1.839806e+002  0.000000e+000
      vertex -1.939445e+001  1.839806e+002  3.000000e+000
    endloop
  endfacet
  facet normal  5.923585e-002 -9.982440e-001  0.000000e+000
    outer loop
      vertex -1.939445e+001  1.839806e+002  3.000000e+000
      vertex -1.939445e+001  1.839806e+002  0.000000e+000
      vertex -2.500000e+000  1.849831e+002  0.000000e+000
    endloop
  endfacet
  facet normal  5.923585e-002 -9.982440e-001  0.000000e+000
    outer loop
      vertex -1.939445e+001  1.839806e+002  3.000000e+000
      vertex -2.500000e+000  1.849831e+002  0.000000e+000
      vertex -2.500000e+000  1.849831e+002  3.000000e+000
    endloop
  endfacet
  facet normal  5.000000e-001  8.660254e-001  0.000000e+000
    outer loop
      vertex -1.576562e+002  9.679633e+001  3.000000e+000
      vertex -1.427051e+001  1.401259e+001  3.000000e+000
      vertex -1.576562e+002  9.679633e+001  0.000000e+000
    endloop
  endfacet
  facet normal  5.000000e-001  8.660254e-001  0.000000e+000
    outer loop
      vertex -1.576562e+002  9.679633e+001  0.000000e+000
      vertex -1.427051e+001  1.401259e+001  3.000000e+000
      vertex -1.427051e+001  1.401259e+001  0.000000e+000
    endloop
  endfacet
  facet normal -6.311119e-001  7.756919e-001  0.000000e+000
    outer loop
      vertex -1.427051e+001  1.401259e+001  0.000000e+000
      vertex -1.427051e+001  1.401259e+001  3.000000e+000
      vertex -1.081711e+001  1.682231e+001  0.000000e+000
    endloop
  endfacet
  facet normal -6.311119e-001  7.756919e-001  0.000000e+000
    outer loop
      vertex -1.081711e+001  1.682231e+001  0.000000e+000
      vertex -1.427051e+001  1.401259e+001  3.000000e+000
      vertex -1.081711e+001  1.682231e+001  3.000000e+000
    endloop
  endfacet
  facet normal -4.438786e-001  8.960870e-001  0.000000e+000
    outer loop
      vertex -1.081711e+001  1.682231e+001  0.000000e+000
      vertex -1.081711e+001  1.682231e+001  3.000000e+000
      vertex -6.827718e+000  1.879846e+001  0.000000e+000
    endloop
  endfacet
  facet normal -4.438786e-001  8.960870e-001  0.000000e+000
    outer loop
      vertex -6.827718e+000  1.879846e+001  0.000000e+000
      vertex -1.081711e+001  1.682231e+001  3.000000e+000
      vertex -6.827718e+000  1.879846e+001  3.000000e+000
    endloop
  endfacet
  facet normal -2.346508e-001  9.720797e-001  0.000000e+000
    outer loop
      vertex -6.827718e+000  1.879846e+001  0.000000e+000
      vertex -6.827718e+000  1.879846e+001  3.000000e+000
      vertex -2.500000e+000  1.984313e+001  0.000000e+000
    endloop
  endfacet
  facet normal -2.346508e-001  9.720797e-001  0.000000e+000
    outer loop
      vertex -2.500000e+000  1.984313e+001  0.000000e+000
      vertex -6.827718e+000  1.879846e+001  3.000000e+000
      vertex -2.500000e+000  1.984313e+001  3.000000e+000
    endloop
  endfacet
  facet normal  1.000000e+000  -0.000000e+000  0.000000e+000
    outer loop
      vertex  1.000000e+001  1.250000e+001  3.000000e+000
      vertex  1.000000e+001 -1.250000e+001  3.000000e+000
      vertex  1.000000e+001  1.250000e+001  0.000000e+000
    endloop
  endfacet
  facet normal  1.000000e+000  0.000000e+000  0.000000e+000
    outer loop
      vertex  1.000000e+001  1.250000e+001  0.000000e+000
      vertex  1.000000e+001 -1.250000e+001  3.000000e+000
      vertex  1.000000e+001 -1.250000e+001  0.000000e+000
    endloop
  endfacet
  facet normal -3.826832e-001  9.238796e-001  0.000000e+000
    outer loop
      vertex  1.150000e+001 -1.400000e+001  0.000000e+000
      vertex  1.256066e+001 -1.356066e+001  3.000000e+000
      vertex  1.256066e+001 -1.356066e+001  0.000000e+000
    endloop
  endfacet
  facet normal -9.238796e-001  3.826832e-001  0.000000e+000
    outer loop
      vertex  1.256066e+001 -1.356066e+001  0.000000e+000
      vertex  1.256066e+001 -1.356066e+001  3.000000e+000
      vertex  1.300000e+001 -1.250000e+001  3.000000e+000
    endloop
  endfacet
  facet normal -9.238796e-001  3.826832e-001  0.000000e+000
    outer loop
      vertex  1.256066e+001 -1.356066e+001  0.000000e+000
      vertex  1.300000e+001 -1.250000e+001  3.000000e+000
      vertex  1.300000e+001 -1.250000e+001  0.000000e+000
    endloop
  endfacet
  facet normal -3.826832e-001  9.238796e-001  0.000000e+000
    outer loop
      vertex  1.256066e+001 -1.356066e+001  3.000000e+000
      vertex  1.150000e+001 -1.400000e+001  0.000000e+000
      vertex  1.150000e+001 -1.400000e+001  3.000000e+000
    endloop
  endfacet
  facet normal  3.826832e-001  9.238796e-001  0.000000e+000
    outer loop
      vertex  1.150000e+001 -1.400000e+001  3.000000e+000
      vertex  1.150000e+001 -1.400000e+001  0.000000e+000
      vertex  1.043934e+001 -1.356066e+001  0.000000e+000
    endloop
  endfacet
  facet normal  3.826832e-001  9.238796e-001  -0.000000e+000
    outer loop
      vertex  1.150000e+001 -1.400000e+001  3.000000e+000
      vertex  1.043934e+001 -1.356066e+001  0.000000e+000
      vertex  1.043934e+001 -1.356066e+001  3.000000e+000
    endloop
  endfacet
  facet normal  9.238796e-001  3.826832e-001  0.000000e+000
    outer loop
      vertex  1.043934e+001 -1.356066e+001  3.000000e+000
      vertex  1.043934e+001 -1.356066e+001  0.000000e+000
      vertex  1.000000e+001 -1.250000e+001  0.000000e+000
    endloop
  endfacet
  facet normal  9.238796e-001  3.826832e-001  -0.000000e+000
    outer loop
      vertex  1.043934e+001 -1.356066e+001  3.000000e+000
      vertex  1.000000e+001 -1.250000e+001  0.000000e+000
      vertex  1.000000e+001 -1.250000e+001  3.000000e+000
    endloop
  endfacet
  facet normal -1.000000e+000  0.000000e+000  0.000000e+000
    outer loop
      vertex  1.300000e+001  1.250000e+001  3.000000e+000
      vertex  1.300000e+001  1.250000e+001  0.000000e+000
      vertex  1.300000e+001 -1.250000e+001  3.000000e+000
    endloop
  endfacet
  facet normal -1.000000e+000  0.000000e+000  0.000000e+000
    outer loop
      vertex  1.300000e+001 -1.250000e+001  3.000000e+000
      vertex  1.300000e+001  1.250000e+001  0.000000e+000
      vertex  1.300000e+001 -1.250000e+001  0.000000e+000
    endloop
  endfacet
  facet normal  3.826832e-001 -9.238796e-001  0.000000e+000
    outer loop
      vertex  1.150000e+001  1.400000e+001  0.000000e+000
      vertex  1.043934e+001  1.356066e+001  3.000000e+000
      vertex  1.043934e+001  1.356066e+001  0.000000e+000
    endloop
  endfacet
  facet normal  9.238796e-001 -3.826832e-001  0.000000e+000
    outer loop
      vertex  1.043934e+001  1.356066e+001  0.000000e+000
      vertex  1.043934e+001  1.356066e+001  3.000000e+000
      vertex  1.000000e+001  1.250000e+001  3.000000e+000
    endloop
  endfacet
  facet normal  9.238796e-001 -3.826832e-001  0.000000e+000
    outer loop
      vertex  1.043934e+001  1.356066e+001  0.000000e+000
      vertex  1.000000e+001  1.250000e+001  3.000000e+000
      vertex  1.000000e+001  1.250000e+001  0.000000e+000
    endloop
  endfacet
  facet normal  3.826832e-001 -9.238796e-001  0.000000e+000
    outer loop
      vertex  1.043934e+001  1.356066e+001  3.000000e+000
      vertex  1.150000e+001  1.400000e+001  0.000000e+000
      vertex  1.150000e+001  1.400000e+001  3.000000e+000
    endloop
  endfacet
  facet normal -3.826832e-001 -9.238796e-001  -0.000000e+000
    outer loop
      vertex  1.150000e+001  1.400000e+001  3.000000e+000
      vertex  1.150000e+001  1.400000e+001  0.000000e+000
      vertex  1.256066e+001  1.356066e+001  0.000000e+000
    endloop
  endfacet
  facet normal -3.826832e-001 -9.238796e-001  0.000000e+000
    outer loop
      vertex  1.150000e+001  1.400000e+001  3.000000e+000
      vertex  1.256066e+001  1.356066e+001  0.000000e+000
      vertex  1.256066e+001  1.356066e+001  3.000000e+000
    endloop
  endfacet
  facet normal -9.238796e-001 -3.826832e-001  -0.000000e+000
    outer loop
      vertex  1.256066e+001  1.356066e+001  3.000000e+000
      vertex  1.256066e+001  1.356066e+001  0.000000e+000
      vertex  1.300000e+001  1.250000e+001  0.000000e+000
    endloop
  endfacet
  facet normal -9.238796e-001 -3.826832e-001  0.000000e+000
    outer loop
      vertex  1.256066e+001  1.356066e+001  3.000000e+000
      vertex  1.300000e+001  1.250000e+001  0.000000e+000
      vertex  1.300000e+001  1.250000e+001  3.000000e+000
    endloop
  endfacet
  facet normal -1.000000e+000  0.000000e+000  0.000000e+000
    outer loop
      vertex -1.000000e+001  1.250000e+001  3.000000e+000
      vertex -1.000000e+001  1.250000e+001  0.000000e+000
      vertex -1.000000e+001 -1.250000e+001  3.000000e+000
    endloop
  endfacet
  facet normal -1.000000e+000  0.000000e+000  0.000000e+000
    outer loop
      vertex -1.000000e+001 -1.250000e+001  3.000000e+000
      vertex -1.000000e+001  1.250000e+001  0.000000e+000
      vertex -1.000000e+001 -1.250000e+001  0.000000e+000
    endloop
  endfacet
  facet normal  3.826832e-001 -9.238796e-001  0.000000e+000
    outer loop
      vertex -1.150000e+001  1.400000e+001  0.000000e+000
      vertex -1.256066e+001  1.356066e+001  3.000000e+000
      vertex -1.256066e+001  1.356066e+001  0.000000e+000
    endloop
  endfacet
  facet normal  9.238796e-001 -3.826832e-001  0.000000e+000
    outer loop
      vertex -1.256066e+001  1.356066e+001  0.000000e+000
      vertex -1.256066e+001  1.356066e+001  3.000000e+000
      vertex -1.300000e+001  1.250000e+001  3.000000e+000
    endloop
  endfacet
  facet normal  9.238796e-001 -3.826832e-001  0.000000e+000
    outer loop
      vertex -1.256066e+001  1.356066e+001  0.000000e+000
      vertex -1.300000e+001  1.250000e+001  3.000000e+000
      vertex -1.300000e+001  1.250000e+001  0.000000e+000
    endloop
  endfacet
  facet normal  3.826832e-001 -9.238796e-001  0.000000e+000
    outer loop
      vertex -1.256066e+001  1.356066e+001  3.000000e+000
      vertex -1.150000e+001  1.400000e+001  0.000000e+000
      vertex -1.150000e+001  1.400000e+001  3.000000e+000
    endloop
  endfacet
  facet normal -3.826832e-001 -9.238796e-001  -0.000000e+000
    outer loop
      vertex -1.150000e+001  1.400000e+001  3.000000e+000
      vertex -1.150000e+001  1.400000e+001  0.000000e+000
      vertex -1.043934e+001  1.356066e+001  0.000000e+000
    endloop
  endfacet
  facet normal -3.826832e-001 -9.238796e-001  0.000000e+000
    outer loop
      vertex -1.150000e+001  1.400000e+001  3.000000e+000
      vertex -1.043934e+001  1.356066e+001  0.000000e+000
      vertex -1.043934e+001  1.356066e+001  3.000000e+000
    endloop
  endfacet
  facet normal -9.238796e-001 -3.826832e-001  -0.000000e+000
    outer loop
      vertex -1.043934e+001  1.356066e+001  3.000000e+000
      vertex -1.043934e+001  1.356066e+001  0.000000e+000
      vertex -1.000000e+001  1.250000e+001  0.000000e+000
    endloop
  endfacet
  facet normal -9.238796e-001 -3.826832e-001  0.000000e+000
    outer loop
      vertex -1.043934e+001  1.356066e+001  3.000000e+000
      vertex -1.000000e+001  1.250000e+001  0.000000e+000
      vertex -1.000000e+001  1.250000e+001  3.000000e+000
    endloop
  endfacet
  facet normal  1.000000e+000  -0.000000e+000  0.000000e+000
    outer loop
      vertex -1.300000e+001  1.250000e+001  3.000000e+000
      vertex -1.300000e+001 -1.250000e+001  3.000000e+000
      vertex -1.300000e+001  1.250000e+001  0.000000e+000
    endloop
  endfacet
  facet normal  1.000000e+000  0.000000e+000  0.000000e+000
    outer loop
      vertex -1.300000e+001  1.250000e+001  0.000000e+000
      vertex -1.300000e+001 -1.250000e+001  3.000000e+000
      vertex -1.300000e+001 -1.250000e+001  0.000000e+000
    endloop
  endfacet
  facet normal -3.826832e-001  9.238796e-001  0.000000e+000
    outer loop
      vertex -1.150000e+001 -1.400000e+001  0.000000e+000
      vertex -1.043934e+001 -1.356066e+001  3.000000e+000
      vertex -1.043934e+001 -1.356066e+001  0.000000e+000
    endloop
  endfacet
  facet normal -9.238796e-001  3.826832e-001  0.000000e+000
    outer loop
      vertex -1.043934e+001 -1.356066e+001  0.000000e+000
      vertex -1.043934e+001 -1.356066e+001  3.000000e+000
      vertex -1.000000e+001 -1.250000e+001  3.000000e+000
    endloop
  endfacet
  facet normal -9.238796e-001  3.826832e-001  0.000000e+000
    outer loop
      vertex -1.043934e+001 -1.356066e+001  0.000000e+000
      vertex -1.000000e+001 -1.250000e+001  3.000000e+000
      vertex -1.000000e+001 -1.250000e+001  0.000000e+000
    endloop
  endfacet
  facet normal -3.826832e-001  9.238796e-001  0.000000e+000
    outer loop
      vertex -1.043934e+001 -1.356066e+001  3.000000e+000
      vertex -1.150000e+001 -1.400000e+001  0.000000e+000
      vertex -1.150000e+001 -1.400000e+001  3.000000e+000
    endloop
  endfacet
  facet normal  3.826832e-001  9.238796e-001  0.000000e+000
    outer loop
      vertex -1.150000e+001 -1.400000e+001  3.000000e+000
      vertex -1.150000e+001 -1.400000e+001  0.000000e+000
      vertex -1.256066e+001 -1.356066e+001  0.000000e+000
    endloop
  endfacet
  facet normal  3.826832e-001  9.238796e-001  -0.000000e+000
    outer loop
      vertex -1.150000e+001 -1.400000e+001  3.000000e+000
      vertex -1.256066e+001 -1.356066e+001  0.000000e+000
      vertex -1.256066e+001 -1.356066e+001  3.000000e+000
    endloop
  endfacet
  facet normal  9.238796e-001  3.826832e-001  0.000000e+000
    outer loop
      vertex -1.256066e+001 -1.356066e+001  3.000000e+000
      vertex -1.256066e+001 -1.356066e+001  0.000000e+000
      vertex -1.300000e+001 -1.250000e+001  0.000000e+000
    endloop
  endfacet
  facet normal  9.238796e-001  3.826832e-001  -0.000000e+000
    outer loop
      vertex -1.256066e+001 -1.356066e+001  3.000000e+000
      vertex -1.300000e+001 -1.250000e+001  0.000000e+000
      vertex -1.300000e+001 -1.250000e+001  3.000000e+000
    endloop
  endfacet
  facet normal  5.000000e-001 -8.660254e-001  0.000000e+000
    outer loop
      vertex  1.645448e+002  9.500000e+001  3.000000e+000
      vertex  1.732051e+001  1.000000e+001  3.000000e+000
      vertex  1.645448e+002  9.500000e+001  0.000000e+000
    endloop
  endfacet
  facet normal  5.000000e-001 -8.660254e-001  0.000000e+000
    outer loop
      vertex  1.645448e+002  9.500000e+001  0.000000e+000
      vertex  1.732051e+001  1.000000e+001  3.000000e+000
      vertex  1.732051e+001  1.000000e+001  0.000000e+000
    endloop
  endfacet
  facet normal  9.271839e-001  3.746064e-001  0.000000e+000
    outer loop
      vertex  1.732051e+001  1.000000e+001  0.000000e+000
      vertex  1.732051e+001  1.000000e+001  3.000000e+000
      vertex  1.940591e+001  4.838438e+000  0.000000e+000
    endloop
  endfacet
  facet normal  9.271839e-001  3.746064e-001  -0.000000e+000
    outer loop
      vertex  1.940591e+001  4.838438e+000  0.000000e+000
      vertex  1.732051e+001  1.000000e+001  3.000000e+000
      vertex  1.940591e+001  4.838438e+000  3.000000e+000
    endloop
  endfacet
  facet normal  9.945219e-001  1.045284e-001  0.000000e+000
    outer loop
      vertex  1.940591e+001  4.838438e+000  0.000000e+000
      vertex  1.940591e+001  4.838438e+000  3.000000e+000
      vertex  1.998782e+001 -6.979899e-001  0.000000e+000
    endloop
  endfacet
  facet normal  9.945219e-001  1.045284e-001  -0.000000e+000
    outer loop
      vertex  1.998782e+001 -6.979899e-001  0.000000e+000
      vertex  1.940591e+001  4.838438e+000  3.000000e+000
      vertex  1.998782e+001 -6.979899e-001  3.000000e+000
    endloop
  endfacet
  facet normal  9.848077e-001 -1.736482e-001  0.000000e+000
    outer loop
      vertex  1.998782e+001 -6.979899e-001  0.000000e+000
      vertex  1.998782e+001 -6.979899e-001  3.000000e+000
      vertex  1.902113e+001 -6.180340e+000  0.000000e+000
    endloop
  endfacet
  facet normal  9.848077e-001 -1.736482e-001  0.000000e+000
    outer loop
      vertex  1.902113e+001 -6.180340e+000  0.000000e+000
      vertex  1.998782e+001 -6.979899e-001  3.000000e+000
      vertex  1.902113e+001 -6.180340e+000  3.000000e+000
    endloop
  endfacet
  facet normal  8.987941e-001 -4.383710e-001  0.000000e+000
    outer loop
      vertex  1.902113e+001 -6.180340e+000  0.000000e+000
      vertex  1.902113e+001 -6.180340e+000  3.000000e+000
      vertex  1.658075e+001 -1.118386e+001  0.000000e+000
    endloop
  endfacet
  facet normal  8.987941e-001 -4.383710e-001  0.000000e+000
    outer loop
      vertex  1.658075e+001 -1.118386e+001  0.000000e+000
      vertex  1.902113e+001 -6.180340e+000  3.000000e+000
      vertex  1.658075e+001 -1.118386e+001  3.000000e+000
    endloop
  endfacet
  facet normal  7.431448e-001 -6.691307e-001  0.000000e+000
    outer loop
      vertex  1.658075e+001 -1.118386e+001  0.000000e+000
      vertex  1.658075e+001 -1.118386e+001  3.000000e+000
      vertex  1.285575e+001 -1.532089e+001  0.000000e+000
    endloop
  endfacet
  facet normal  7.431448e-001 -6.691307e-001  0.000000e+000
    outer loop
      vertex  1.285575e+001 -1.532089e+001  0.000000e+000
      vertex  1.658075e+001 -1.118386e+001  3.000000e+000
      vertex  1.285575e+001 -1.532089e+001  3.000000e+000
    endloop
  endfacet
  facet normal  5.299193e-001 -8.480482e-001  0.000000e+000
    outer loop
      vertex  1.285575e+001 -1.532089e+001  0.000000e+000
      vertex  1.285575e+001 -1.532089e+001  3.000000e+000
      vertex  8.134733e+000 -1.827091e+001  0.000000e+000
    endloop
  endfacet
  facet normal  5.299193e-001 -8.480482e-001  0.000000e+000
    outer loop
      vertex  8.134733e+000 -1.827091e+001  0.000000e+000
      vertex  1.285575e+001 -1.532089e+001  3.000000e+000
      vertex  8.134733e+000 -1.827091e+001  3.000000e+000
    endloop
  endfacet
  facet normal  2.756374e-001 -9.612617e-001  0.000000e+000
    outer loop
      vertex  8.134733e+000 -1.827091e+001  0.000000e+000
      vertex  8.134733e+000 -1.827091e+001  3.000000e+000
      vertex  2.783462e+000 -1.980536e+001  0.000000e+000
    endloop
  endfacet
  facet normal  2.756374e-001 -9.612617e-001  0.000000e+000
    outer loop
      vertex  2.783462e+000 -1.980536e+001  0.000000e+000
      vertex  8.134733e+000 -1.827091e+001  3.000000e+000
      vertex  2.783462e+000 -1.980536e+001  3.000000e+000
    endloop
  endfacet
  facet normal  0.000000e+000 -1.000000e+000  -0.000000e+000
    outer loop
      vertex  2.783462e+000 -1.980536e+001  0.000000e+000
      vertex  2.783462e+000 -1.980536e+001  3.000000e+000
      vertex -2.783462e+000 -1.980536e+001  0.000000e+000
    endloop
  endfacet
  facet normal  0.000000e+000 -1.000000e+000  0.000000e+000
    outer loop
      vertex -2.783462e+000 -1.980536e+001  0.000000e+000
      vertex  2.783462e+000 -1.980536e+001  3.000000e+000
      vertex -2.783462e+000 -1.980536e+001  3.000000e+000
    endloop
  endfacet
  facet normal -2.756374e-001 -9.612617e-001  -0.000000e+000
    outer loop
      vertex -2.783462e+000 -1.980536e+001  0.000000e+000
      vertex -2.783462e+000 -1.980536e+001  3.000000e+000
      vertex -8.134733e+000 -1.827091e+001  0.000000e+000
    endloop
  endfacet
  facet normal -2.756374e-001 -9.612617e-001  0.000000e+000
    outer loop
      vertex -8.134733e+000 -1.827091e+001  0.000000e+000
      vertex -2.783462e+000 -1.980536e+001  3.000000e+000
      vertex -8.134733e+000 -1.827091e+001  3.000000e+000
    endloop
  endfacet
  facet normal -5.299193e-001 -8.480482e-001  -0.000000e+000
    outer loop
      vertex -8.134733e+000 -1.827091e+001  0.000000e+000
      vertex -8.134733e+000 -1.827091e+001  3.000000e+000
      vertex -1.285575e+001 -1.532089e+001  0.000000e+000
    endloop
  endfacet
  facet normal -5.299193e-001 -8.480482e-001  0.000000e+000
    outer loop
      vertex -1.285575e+001 -1.532089e+001  0.000000e+000
      vertex -8.134733e+000 -1.827091e+001  3.000000e+000
      vertex -1.285575e+001 -1.532089e+001  3.000000e+000
    endloop
  endfacet
  facet normal -7.431448e-001 -6.691307e-001  -0.000000e+000
    outer loop
      vertex -1.285575e+001 -1.532089e+001  0.000000e+000
      vertex -1.285575e+001 -1.532089e+001  3.000000e+000
      vertex -1.658075e+001 -1.118386e+001  0.000000e+000
    endloop
  endfacet
  facet normal -7.431448e-001 -6.691307e-001  0.000000e+000
    outer loop
      vertex -1.658075e+001 -1.118386e+001  0.000000e+000
      vertex -1.285575e+001 -1.532089e+001  3.000000e+000
      vertex -1.658075e+001 -1.118386e+001  3.000000e+000
    endloop
  endfacet
  facet normal -8.987941e-001 -4.383710e-001  -0.000000e+000
    outer loop
      vertex -1.658075e+001 -1.118386e+001  0.000000e+000
      vertex -1.658075e+001 -1.118386e+001  3.000000e+000
      vertex -1.902113e+001 -6.180340e+000  0.000000e+000
    endloop
  endfacet
  facet normal -8.987941e-001 -4.383710e-001  0.000000e+000
    outer loop
      vertex -1.902113e+001 -6.180340e+000  0.000000e+000
      vertex -1.658075e+001 -1.118386e+001  3.000000e+000
      vertex -1.902113e+001 -6.180340e+000  3.000000e+000
    endloop
  endfacet
  facet normal -9.848077e-001 -1.736482e-001  -0.000000e+000
    outer loop
      vertex -1.902113e+001 -6.180340e+000  0.000000e+000
      vertex -1.902113e+001 -6.180340e+000  3.000000e+000
      vertex -1.998782e+001 -6.979899e-001  0.000000e+000
    endloop
  endfacet
  facet normal -9.848077e-001 -1.736482e-001  0.000000e+000
    outer loop
      vertex -1.998782e+001 -6.979899e-001  0.000000e+000
      vertex -1.902113e+001 -6.180340e+000  3.000000e+000
      vertex -1.998782e+001 -6.979899e-001  3.000000e+000
    endloop
  endfacet
  facet normal -9.945219e-001  1.045284e-001  0.000000e+000
    outer loop
      vertex -1.998782e+001 -6.979899e-001  0.000000e+000
      vertex -1.998782e+001 -6.979899e-001  3.000000e+000
      vertex -1.940591e+001  4.838438e+000  0.000000e+000
    endloop
  endfacet
  facet normal -9.945219e-001  1.045284e-001  0.000000e+000
    outer loop
      vertex -1.940591e+001  4.838438e+000  0.000000e+000
      vertex -1.998782e+001 -6.979899e-001  3.000000e+000
      vertex -1.940591e+001  4.838438e+000  3.000000e+000
    endloop
  endfacet
  facet normal -9.271839e-001  3.746064e-001  0.000000e+000
    outer loop
      vertex -1.940591e+001  4.838438e+000  0.000000e+000
      vertex -1.940591e+001  4.838438e+000  3.000000e+000
      vertex -1.732051e+001  1.000000e+001  0.000000e+000
    endloop
  endfacet
  facet normal -9.271839e-001  3.746064e-001  0.000000e+000
    outer loop
      vertex -1.732051e+001  1.000000e+001  0.000000e+000
      vertex -1.940591e+001  4.838438e+000  3.000000e+000
      vertex -1.732051e+001  1.000000e+001  3.000000e+000
    endloop
  endfacet
  facet normal -5.000000e-001 -8.660254e-001  0.000000e+000
    outer loop
      vertex -1.732051e+001  1.000000e+001  3.000000e+000
      vertex -1.645448e+002  9.500000e+001  3.000000e+000
      vertex -1.732051e+001  1.000000e+001  0.000000e+000
    endloop
  endfacet
  facet normal -5.000000e-001 -8.660254e-001  0.000000e+000
    outer loop
      vertex -1.732051e+001  1.000000e+001  0.000000e+000
      vertex -1.645448e+002  9.500000e+001  3.000000e+000
      vertex -1.645448e+002  9.500000e+001  0.000000e+000
    endloop
  endfacet
  facet normal -8.423703e-001  5.388991e-001  0.000000e+000
    outer loop
      vertex -1.645448e+002  9.500000e+001  0.000000e+000
      vertex -1.645448e+002  9.500000e+001  3.000000e+000
      vertex -1.552243e+002  1.095693e+002  0.000000e+000
    endloop
  endfacet
  facet normal -8.423703e-001  5.388991e-001  0.000000e+000
    outer loop
      vertex -1.552243e+002  1.095693e+002  0.000000e+000
      vertex -1.645448e+002  9.500000e+001  3.000000e+000
      vertex -1.552243e+002  1.095693e+002  3.000000e+000
    endloop
  endfacet
  facet normal -7.898760e-001  6.132665e-001  0.000000e+000
    outer loop
      vertex -1.552243e+002  1.095693e+002  0.000000e+000
      vertex -1.552243e+002  1.095693e+002  3.000000e+000
      vertex -1.446175e+002  1.232306e+002  0.000000e+000
    endloop
  endfacet
  facet normal -7.898760e-001  6.132665e-001  0.000000e+000
    outer loop
      vertex -1.446175e+002  1.232306e+002  0.000000e+000
      vertex -1.552243e+002  1.095693e+002  3.000000e+000
      vertex -1.446175e+002  1.232306e+002  3.000000e+000
    endloop
  endfacet
  facet normal -7.308359e-001  6.825532e-001  0.000000e+000
    outer loop
      vertex -1.446175e+002  1.232306e+002  0.000000e+000
      vertex -1.446175e+002  1.232306e+002  3.000000e+000
      vertex -1.328124e+002  1.358708e+002  0.000000e+000
    endloop
  endfacet
  facet normal -7.308359e-001  6.825532e-001  0.000000e+000
    outer loop
      vertex -1.328124e+002  1.358708e+002  0.000000e+000
      vertex -1.446175e+002  1.232306e+002  3.000000e+000
      vertex -1.328124e+002  1.358708e+002  3.000000e+000
    endloop
  endfacet
  facet normal -6.657402e-001  7.461836e-001  0.000000e+000
    outer loop
      vertex -1.328124e+002  1.358708e+002  0.000000e+000
      vertex -1.328124e+002  1.358708e+002  3.000000e+000
      vertex -1.199067e+002  1.473851e+002  0.000000e+000
    endloop
  endfacet
  facet normal -6.657402e-001  7.461836e-001  0.000000e+000
    outer loop
      vertex -1.199067e+002  1.473851e+002  0.000000e+000
      vertex -1.328124e+002  1.358708e+002  3.000000e+000
      vertex -1.199067e+002  1.473851e+002  3.000000e+000
    endloop
  endfacet
  facet normal -5.951278e-001  8.036311e-001  0.000000e+000
    outer loop
      vertex -1.199067e+002  1.473851e+002  0.000000e+000
      vertex -1.199067e+002  1.473851e+002  3.000000e+000
      vertex -1.060075e+002  1.576782e+002  0.000000e+000
    endloop
  endfacet
  facet normal -5.951278e-001  8.036311e-001  0.000000e+000
    outer loop
      vertex -1.060075e+002  1.576782e+002  0.000000e+000
      vertex -1.199067e+002  1.473851e+002  3.000000e+000
      vertex -1.060075e+002  1.576782e+002  3.000000e+000
    endloop
  endfacet
  facet normal -5.195836e-001  8.544195e-001  0.000000e+000
    outer loop
      vertex -1.060075e+002  1.576782e+002  0.000000e+000
      vertex -1.060075e+002  1.576782e+002  3.000000e+000
      vertex -9.122982e+001  1.666647e+002  0.000000e+000
    endloop
  endfacet
  facet normal -5.195836e-001  8.544195e-001  0.000000e+000
    outer loop
      vertex -9.122982e+001  1.666647e+002  0.000000e+000
      vertex -1.060075e+002  1.576782e+002  3.000000e+000
      vertex -9.122982e+001  1.666647e+002  3.000000e+000
    endloop
  endfacet
  facet normal -4.397347e-001  8.981277e-001  0.000000e+000
    outer loop
      vertex -9.122982e+001  1.666647e+002  0.000000e+000
      vertex -9.122982e+001  1.666647e+002  3.000000e+000
      vertex -7.569621e+001  1.742701e+002  0.000000e+000
    endloop
  endfacet
  facet normal -4.397347e-001  8.981277e-001  0.000000e+000
    outer loop
      vertex -7.569621e+001  1.742701e+002  0.000000e+000
      vertex -9.122982e+001  1.666647e+002  3.000000e+000
      vertex -7.569621e+001  1.742701e+002  3.000000e+000
    endloop
  endfacet
  facet normal -3.562424e-001  9.343935e-001  0.000000e+000
    outer loop
      vertex -7.569621e+001  1.742701e+002  0.000000e+000
      vertex -7.569621e+001  1.742701e+002  3.000000e+000
      vertex -5.953535e+001  1.804315e+002  0.000000e+000
    endloop
  endfacet
  facet normal -3.562424e-001  9.343935e-001  0.000000e+000
    outer loop
      vertex -5.953535e+001  1.804315e+002  0.000000e+000
      vertex -7.569621e+001  1.742701e+002  3.000000e+000
      vertex -5.953535e+001  1.804315e+002  3.000000e+000
    endloop
  endfacet
  facet normal -2.697963e-001  9.629174e-001  0.000000e+000
    outer loop
      vertex -5.953535e+001  1.804315e+002  0.000000e+000
      vertex -5.953535e+001  1.804315e+002  3.000000e+000
      vertex -4.288117e+001  1.850978e+002  0.000000e+000
    endloop
  endfacet
  facet normal -2.697963e-001  9.629174e-001  0.000000e+000
    outer loop
      vertex -4.288117e+001  1.850978e+002  0.000000e+000
      vertex -5.953535e+001  1.804315e+002  3.000000e+000
      vertex -4.288117e+001  1.850978e+002  3.000000e+000
    endloop
  endfacet
  facet normal -1.811164e-001  9.834617e-001  0.000000e+000
    outer loop
      vertex -4.288117e+001  1.850978e+002  0.000000e+000
      vertex -4.288117e+001  1.850978e+002  3.000000e+000
      vertex -2.587166e+001  1.882303e+002  0.000000e+000
    endloop
  endfacet
  facet normal -1.811164e-001  9.834617e-001  0.000000e+000
    outer loop
      vertex -2.587166e+001  1.882303e+002  0.000000e+000
      vertex -4.288117e+001  1.850978e+002  3.000000e+000
      vertex -2.587166e+001  1.882303e+002  3.000000e+000
    endloop
  endfacet
  facet normal -9.093491e-002  9.958568e-001  0.000000e+000
    outer loop
      vertex -2.587166e+001  1.882303e+002  0.000000e+000
      vertex -2.587166e+001  1.882303e+002  3.000000e+000
      vertex -8.647774e+000  1.898031e+002  0.000000e+000
    endloop
  endfacet
  facet normal -9.093491e-002  9.958568e-001  0.000000e+000
    outer loop
      vertex -8.647774e+000  1.898031e+002  0.000000e+000
      vertex -2.587166e+001  1.882303e+002  3.000000e+000
      vertex -8.647774e+000  1.898031e+002  3.000000e+000
    endloop
  endfacet
  facet normal  0.000000e+000  1.000000e+000  0.000000e+000
    outer loop
      vertex -8.647774e+000  1.898031e+002  0.000000e+000
      vertex -8.647774e+000  1.898031e+002  3.000000e+000
      vertex  8.647774e+000  1.898031e+002  0.000000e+000
    endloop
  endfacet
  facet normal  0.000000e+000  1.000000e+000  -0.000000e+000
    outer loop
      vertex  8.647774e+000  1.898031e+002  0.000000e+000
      vertex -8.647774e+000  1.898031e+002  3.000000e+000
      vertex  8.647774e+000  1.898031e+002  3.000000e+000
    endloop
  endfacet
  facet normal  9.093491e-002  9.958568e-001  0.000000e+000
    outer loop
      vertex  8.647774e+000  1.898031e+002  0.000000e+000
      vertex  8.647774e+000  1.898031e+002  3.000000e+000
      vertex  2.587166e+001  1.882303e+002  0.000000e+000
    endloop
  endfacet
  facet normal  9.093491e-002  9.958568e-001  -0.000000e+000
    outer loop
      vertex  2.587166e+001  1.882303e+002  0.000000e+000
      vertex  8.647774e+000  1.898031e+002  3.000000e+000
      vertex  2.587166e+001  1.882303e+002  3.000000e+000
    endloop
  endfacet
  facet normal  1.811164e-001  9.834617e-001  0.000000e+000
    outer loop
      vertex  2.587166e+001  1.882303e+002  0.000000e+000
      vertex  2.587166e+001  1.882303e+002  3.000000e+000
      vertex  4.288117e+001  1.850978e+002  0.000000e+000
    endloop
  endfacet
  facet normal  1.811164e-001  9.834617e-001  -0.000000e+000
    outer loop
      vertex  4.288117e+001  1.850978e+002  0.000000e+000
      vertex  2.587166e+001  1.882303e+002  3.000000e+000
      vertex  4.288117e+001  1.850978e+002  3.000000e+000
    endloop
  endfacet
  facet normal  2.697963e-001  9.629174e-001  0.000000e+000
    outer loop
      vertex  4.288117e+001  1.850978e+002  0.000000e+000
      vertex  4.288117e+001  1.850978e+002  3.000000e+000
      vertex  5.953535e+001  1.804315e+002  0.000000e+000
    endloop
  endfacet
  facet normal  2.697963e-001  9.629174e-001  -0.000000e+000
    outer loop
      vertex  5.953535e+001  1.804315e+002  0.000000e+000
      vertex  4.288117e+001  1.850978e+002  3.000000e+000
      vertex  5.953535e+001  1.804315e+002  3.000000e+000
    endloop
  endfacet
  facet normal  3.562424e-001  9.343935e-001  0.000000e+000
    outer loop
      vertex  5.953535e+001  1.804315e+002  0.000000e+000
      vertex  5.953535e+001  1.804315e+002  3.000000e+000
      vertex  7.569621e+001  1.742701e+002  0.000000e+000
    endloop
  endfacet
  facet normal  3.562424e-001  9.343935e-001  -0.000000e+000
    outer loop
      vertex  7.569621e+001  1.742701e+002  0.000000e+000
      vertex  5.953535e+001  1.804315e+002  3.000000e+000
      vertex  7.569621e+001  1.742701e+002  3.000000e+000
    endloop
  endfacet
  facet normal  4.397347e-001  8.981277e-001  0.000000e+000
    outer loop
      vertex  7.569621e+001  1.742701e+002  0.000000e+000
      vertex  7.569621e+001  1.742701e+002  3.000000e+000
      vertex  9.122982e+001  1.666647e+002  0.000000e+000
    endloop
  endfacet
  facet normal  4.397347e-001  8.981277e-001  -0.000000e+000
    outer loop
      vertex  9.122982e+001  1.666647e+002  0.000000e+000
      vertex  7.569621e+001  1.742701e+002  3.000000e+000
      vertex  9.122982e+001  1.666647e+002  3.000000e+000
    endloop
  endfacet
  facet normal  5.195836e-001  8.544195e-001  0.000000e+000
    outer loop
      vertex  9.122982e+001  1.666647e+002  0.000000e+000
      vertex  9.122982e+001  1.666647e+002  3.000000e+000
      vertex  1.060075e+002  1.576782e+002  0.000000e+000
    endloop
  endfacet
  facet normal  5.195836e-001  8.544195e-001  -0.000000e+000
    outer loop
      vertex  1.060075e+002  1.576782e+002  0.000000e+000
      vertex  9.122982e+001  1.666647e+002  3.000000e+000
      vertex  1.060075e+002  1.576782e+002  3.000000e+000
    endloop
  endfacet
  facet normal  5.951278e-001  8.036311e-001  0.000000e+000
    outer loop
      vertex  1.060075e+002  1.576782e+002  0.000000e+000
      vertex  1.060075e+002  1.576782e+002  3.000000e+000
      vertex  1.199067e+002  1.473851e+002  0.000000e+000
    endloop
  endfacet
  facet normal  5.951278e-001  8.036311e-001  -0.000000e+000
    outer loop
      vertex  1.199067e+002  1.473851e+002  0.000000e+000
      vertex  1.060075e+002  1.576782e+002  3.000000e+000
      vertex  1.199067e+002  1.473851e+002  3.000000e+000
    endloop
  endfacet
  facet normal  6.657402e-001  7.461836e-001  0.000000e+000
    outer loop
      vertex  1.199067e+002  1.473851e+002  0.000000e+000
      vertex  1.199067e+002  1.473851e+002  3.000000e+000
      vertex  1.328124e+002  1.358708e+002  0.000000e+000
    endloop
  endfacet
  facet normal  6.657402e-001  7.461836e-001  -0.000000e+000
    outer loop
      vertex  1.328124e+002  1.358708e+002  0.000000e+000
      vertex  1.199067e+002  1.473851e+002  3.000000e+000
      vertex  1.328124e+002  1.358708e+002  3.000000e+000
    endloop
  endfacet
  facet normal  7.308359e-001  6.825532e-001  0.000000e+000
    outer loop
      vertex  1.328124e+002  1.358708e+002  0.000000e+000
      vertex  1.328124e+002  1.358708e+002  3.000000e+000
      vertex  1.446175e+002  1.232306e+002  0.000000e+000
    endloop
  endfacet
  facet normal  7.308359e-001  6.825532e-001  -0.000000e+000
    outer loop
      vertex  1.446175e+002  1.232306e+002  0.000000e+000
      vertex  1.328124e+002  1.358708e+002  3.000000e+000
      vertex  1.446175e+002  1.232306e+002  3.000000e+000
    endloop
  endfacet
  facet normal  7.898760e-001  6.132665e-001  0.000000e+000
    outer loop
      vertex  1.446175e+002  1.232306e+002  0.000000e+000
      vertex  1.446175e+002  1.232306e+002  3.000000e+000
      vertex  1.552243e+002  1.095693e+002  0.000000e+000
    endloop
  endfacet
  facet normal  7.898760e-001  6.132665e-001  -0.000000e+000
    outer loop
      vertex  1.552243e+002  1.095693e+002  0.000000e+000
      vertex  1.446175e+002  1.232306e+002  3.000000e+000
      vertex  1.552243e+002  1.095693e+002  3.000000e+000
    endloop
  endfacet
  facet normal  8.423703e-001  5.388991e-001  0.000000e+000
    outer loop
      vertex  1.552243e+002  1.095693e+002  0.000000e+000
      vertex  1.552243e+002  1.095693e+002  3.000000e+000
      vertex  1.645448e+002  9.500000e+001  0.000000e+000
    endloop
  endfacet
  facet normal  8.423703e-001  5.388991e-001  -0.000000e+000
    outer loop
      vertex  1.645448e+002  9.500000e+001  0.000000e+000
      vertex  1.552243e+002  1.095693e+002  3.000000e+000
      vertex  1.645448e+002  9.500000e+001  3.000000e+000
    endloop
  endfacet
endsolid CATIA STL
