solid CATIA STL
  facet normal  0.000000e+000  0.000000e+000  1.000000e+000
    outer loop
      vertex -1.708788e+000  3.296052e+001  2.610000e+001
      vertex -7.105427e-015  3.300000e+001  2.610000e+001
      vertex -1.649232e+001  3.312104e+001  2.610000e+001
    endloop
  endfacet
  facet normal  0.000000e+000  -0.000000e+000  9.999999e-001
    outer loop
      vertex -1.947799e+001  3.145803e+001  2.610000e+001
      vertex -1.012553e+001  3.158755e+001  2.610000e+001
      vertex -8.471170e+000  3.201721e+001  2.610000e+001
    endloop
  endfacet
  facet normal  0.000000e+000  0.000000e+000  1.000000e+000
    outer loop
      vertex -3.700000e+001 -4.000000e+000  2.610000e+001
      vertex -3.696052e+001 -2.291212e+000  2.610000e+001
      vertex -3.700000e+001 -2.833156e-014  2.610000e+001
    endloop
  endfacet
  facet normal  0.000000e+000  0.000000e+000  1.000000e+000
    outer loop
      vertex -1.708788e+000  3.696052e+001  2.610000e+001
      vertex  1.708788e+000  3.696052e+001  2.610000e+001
      vertex  2.265522e-015  3.700000e+001  2.610000e+001
    endloop
  endfacet
  facet normal  -0.000000e+000  0.000000e+000  1.000000e+000
    outer loop
      vertex  1.649232e+001  3.312104e+001  2.610000e+001
      vertex -7.105427e-015  3.300000e+001  2.610000e+001
      vertex  1.708788e+000  3.296052e+001  2.610000e+001
    endloop
  endfacet
  facet normal  0.000000e+000  -0.000000e+000  1.000000e+000
    outer loop
      vertex  1.175828e+001  3.108194e+001  2.610000e+001
      vertex  1.336594e+001  3.050147e+001  2.610000e+001
      vertex  2.091005e+001  3.052491e+001  2.610000e+001
    endloop
  endfacet
  facet normal  0.000000e+000  0.000000e+000  9.999999e-001
    outer loop
      vertex  3.700000e+001  0.000000e+000  2.610000e+001
      vertex  3.696052e+001  1.708788e+000  2.610000e+001
      vertex  3.664519e+001  1.111785e+000  2.610000e+001
    endloop
  endfacet
  facet normal  0.000000e+000  0.000000e+000  1.000000e+000
    outer loop
      vertex  3.700000e+001  0.000000e+000  2.610000e+001
      vertex  3.664519e+001  1.111785e+000  2.610000e+001
      vertex  3.684216e+001 -5.860707e-001  2.610000e+001
    endloop
  endfacet
  facet normal  -0.000000e+000  0.000000e+000  1.000000e+000
    outer loop
      vertex  3.700000e+001  0.000000e+000  2.610000e+001
      vertex  3.684216e+001 -5.860707e-001  2.610000e+001
      vertex  3.696052e+001 -2.291212e+000  2.610000e+001
    endloop
  endfacet
  facet normal  -0.000000e+000  0.000000e+000  1.000000e+000
    outer loop
      vertex  3.700000e+001  0.000000e+000  2.610000e+001
      vertex  3.696052e+001 -2.291212e+000  2.610000e+001
      vertex  3.700000e+001 -4.000000e+000  2.610000e+001
    endloop
  endfacet
  facet normal  0.000000e+000  0.000000e+000  1.000000e+000
    outer loop
      vertex -1.800437e+001  3.232403e+001  2.610000e+001
      vertex -1.947799e+001  3.145803e+001  2.610000e+001
      vertex -8.471170e+000  3.201721e+001  2.610000e+001
    endloop
  endfacet
  facet normal  0.000000e+000  -0.000000e+000  1.000000e+000
    outer loop
      vertex -1.800437e+001  3.232403e+001  2.610000e+001
      vertex -8.471170e+000  3.201721e+001  2.610000e+001
      vertex -6.798732e+000  3.237001e+001  2.610000e+001
    endloop
  endfacet
  facet normal  0.000000e+000  -0.000000e+000  1.000000e+000
    outer loop
      vertex -1.800437e+001  3.232403e+001  2.610000e+001
      vertex -6.798732e+000  3.237001e+001  2.610000e+001
      vertex -5.111785e+000  3.264519e+001  2.610000e+001
    endloop
  endfacet
  facet normal  0.000000e+000  -0.000000e+000  1.000000e+000
    outer loop
      vertex -1.800437e+001  3.232403e+001  2.610000e+001
      vertex -5.111785e+000  3.264519e+001  2.610000e+001
      vertex -3.413929e+000  3.284216e+001  2.610000e+001
    endloop
  endfacet
  facet normal  0.000000e+000  -0.000000e+000  9.999999e-001
    outer loop
      vertex -1.800437e+001  3.232403e+001  2.610000e+001
      vertex -3.413929e+000  3.284216e+001  2.610000e+001
      vertex -1.708788e+000  3.296052e+001  2.610000e+001
    endloop
  endfacet
  facet normal  0.000000e+000  0.000000e+000  1.000000e+000
    outer loop
      vertex -1.800437e+001  3.232403e+001  2.610000e+001
      vertex -1.708788e+000  3.296052e+001  2.610000e+001
      vertex -1.649232e+001  3.312104e+001  2.610000e+001
    endloop
  endfacet
  facet normal  0.000000e+000  0.000000e+000  1.000000e+000
    outer loop
      vertex  1.800437e+001  3.232403e+001  2.610000e+001
      vertex  1.649232e+001  3.312104e+001  2.610000e+001
      vertex  1.708788e+000  3.296052e+001  2.610000e+001
    endloop
  endfacet
  facet normal  0.000000e+000  0.000000e+000  1.000000e+000
    outer loop
      vertex  1.800437e+001  3.232403e+001  2.610000e+001
      vertex  1.708788e+000  3.296052e+001  2.610000e+001
      vertex  3.413929e+000  3.284216e+001  2.610000e+001
    endloop
  endfacet
  facet normal  0.000000e+000  0.000000e+000  1.000000e+000
    outer loop
      vertex  1.800437e+001  3.232403e+001  2.610000e+001
      vertex  3.413929e+000  3.284216e+001  2.610000e+001
      vertex  5.111785e+000  3.264519e+001  2.610000e+001
    endloop
  endfacet
  facet normal  0.000000e+000  0.000000e+000  1.000000e+000
    outer loop
      vertex  1.800437e+001  3.232403e+001  2.610000e+001
      vertex  5.111785e+000  3.264519e+001  2.610000e+001
      vertex  6.798732e+000  3.237001e+001  2.610000e+001
    endloop
  endfacet
  facet normal  0.000000e+000  0.000000e+000  9.999999e-001
    outer loop
      vertex  1.800437e+001  3.232403e+001  2.610000e+001
      vertex  6.798732e+000  3.237001e+001  2.610000e+001
      vertex  8.471170e+000  3.201721e+001  2.610000e+001
    endloop
  endfacet
  facet normal  -0.000000e+000  0.000000e+000  1.000000e+000
    outer loop
      vertex  1.800437e+001  3.232403e+001  2.610000e+001
      vertex  8.471170e+000  3.201721e+001  2.610000e+001
      vertex  1.947799e+001  3.145803e+001  2.610000e+001
    endloop
  endfacet
  facet normal  -0.000000e+000  0.000000e+000  1.000000e+000
    outer loop
      vertex -1.012553e+001  3.158755e+001  2.610000e+001
      vertex -1.947799e+001  3.145803e+001  2.610000e+001
      vertex -1.175828e+001  3.108194e+001  2.610000e+001
    endloop
  endfacet
  facet normal  0.000000e+000  0.000000e+000  1.000000e+000
    outer loop
      vertex -1.175828e+001  3.108194e+001  2.610000e+001
      vertex -1.947799e+001  3.145803e+001  2.610000e+001
      vertex -2.091005e+001  3.052491e+001  2.610000e+001
    endloop
  endfacet
  facet normal  -0.000000e+000  0.000000e+000  1.000000e+000
    outer loop
      vertex -1.175828e+001  3.108194e+001  2.610000e+001
      vertex -2.091005e+001  3.052491e+001  2.610000e+001
      vertex -1.336594e+001  3.050147e+001  2.610000e+001
    endloop
  endfacet
  facet normal  0.000000e+000  0.000000e+000  1.000000e+000
    outer loop
      vertex -1.336594e+001  3.050147e+001  2.610000e+001
      vertex -2.091005e+001  3.052491e+001  2.610000e+001
      vertex -1.494508e+001  2.984737e+001  2.610000e+001
    endloop
  endfacet
  facet normal  0.000000e+000  0.000000e+000  1.000000e+000
    outer loop
      vertex -1.494508e+001  2.984737e+001  2.610000e+001
      vertex -2.091005e+001  3.052491e+001  2.610000e+001
      vertex -2.229748e+001  2.952664e+001  2.610000e+001
    endloop
  endfacet
  facet normal  -0.000000e+000  0.000000e+000  1.000000e+000
    outer loop
      vertex -1.494508e+001  2.984737e+001  2.610000e+001
      vertex -2.229748e+001  2.952664e+001  2.610000e+001
      vertex -1.649232e+001  2.912104e+001  2.610000e+001
    endloop
  endfacet
  facet normal  0.000000e+000  0.000000e+000  1.000000e+000
    outer loop
      vertex -1.649232e+001  2.912104e+001  2.610000e+001
      vertex -2.229748e+001  2.952664e+001  2.610000e+001
      vertex -2.363733e+001  2.846536e+001  2.610000e+001
    endloop
  endfacet
  facet normal  -0.000000e+000  0.000000e+000  1.000000e+000
    outer loop
      vertex -1.649232e+001  2.912104e+001  2.610000e+001
      vertex -2.363733e+001  2.846536e+001  2.610000e+001
      vertex -1.800437e+001  2.832403e+001  2.610000e+001
    endloop
  endfacet
  facet normal  0.000000e+000  0.000000e+000  1.000000e+000
    outer loop
      vertex -1.800437e+001  2.832403e+001  2.610000e+001
      vertex -2.363733e+001  2.846536e+001  2.610000e+001
      vertex -1.947799e+001  2.745803e+001  2.610000e+001
    endloop
  endfacet
  facet normal  0.000000e+000  0.000000e+000  9.999999e-001
    outer loop
      vertex -1.947799e+001  2.745803e+001  2.610000e+001
      vertex -2.363733e+001  2.846536e+001  2.610000e+001
      vertex -2.492674e+001  2.734333e+001  2.610000e+001
    endloop
  endfacet
  facet normal  -0.000000e+000  0.000000e+000  1.000000e+000
    outer loop
      vertex -1.947799e+001  2.745803e+001  2.610000e+001
      vertex -2.492674e+001  2.734333e+001  2.610000e+001
      vertex -2.091005e+001  2.652491e+001  2.610000e+001
    endloop
  endfacet
  facet normal  0.000000e+000  0.000000e+000  1.000000e+000
    outer loop
      vertex -2.091005e+001  2.652491e+001  2.610000e+001
      vertex -2.492674e+001  2.734333e+001  2.610000e+001
      vertex -2.616295e+001  2.616295e+001  2.610000e+001
    endloop
  endfacet
  facet normal  -0.000000e+000  0.000000e+000  1.000000e+000
    outer loop
      vertex -2.091005e+001  2.652491e+001  2.610000e+001
      vertex -2.616295e+001  2.616295e+001  2.610000e+001
      vertex -2.229748e+001  2.552664e+001  2.610000e+001
    endloop
  endfacet
  facet normal  0.000000e+000  0.000000e+000  1.000000e+000
    outer loop
      vertex -2.229748e+001  2.552664e+001  2.610000e+001
      vertex -2.616295e+001  2.616295e+001  2.610000e+001
      vertex -2.734333e+001  2.492674e+001  2.610000e+001
    endloop
  endfacet
  facet normal  -0.000000e+000  0.000000e+000  1.000000e+000
    outer loop
      vertex -2.229748e+001  2.552664e+001  2.610000e+001
      vertex -2.734333e+001  2.492674e+001  2.610000e+001
      vertex -2.363733e+001  2.446536e+001  2.610000e+001
    endloop
  endfacet
  facet normal  0.000000e+000  0.000000e+000  1.000000e+000
    outer loop
      vertex -2.363733e+001  2.446536e+001  2.610000e+001
      vertex -2.734333e+001  2.492674e+001  2.610000e+001
      vertex -2.492674e+001  2.334333e+001  2.610000e+001
    endloop
  endfacet
  facet normal  0.000000e+000  0.000000e+000  1.000000e+000
    outer loop
      vertex -2.492674e+001  2.334333e+001  2.610000e+001
      vertex -2.734333e+001  2.492674e+001  2.610000e+001
      vertex -2.846536e+001  2.363733e+001  2.610000e+001
    endloop
  endfacet
  facet normal  0.000000e+000  0.000000e+000  1.000000e+000
    outer loop
      vertex -2.492674e+001  2.334333e+001  2.610000e+001
      vertex -2.846536e+001  2.363733e+001  2.610000e+001
      vertex -2.616295e+001  2.216295e+001  2.610000e+001
    endloop
  endfacet
  facet normal  0.000000e+000  0.000000e+000  1.000000e+000
    outer loop
      vertex -2.616295e+001  2.216295e+001  2.610000e+001
      vertex -2.846536e+001  2.363733e+001  2.610000e+001
      vertex -2.952664e+001  2.229748e+001  2.610000e+001
    endloop
  endfacet
  facet normal  0.000000e+000  0.000000e+000  1.000000e+000
    outer loop
      vertex -2.616295e+001  2.216295e+001  2.610000e+001
      vertex -2.952664e+001  2.229748e+001  2.610000e+001
      vertex -2.734333e+001  2.092674e+001  2.610000e+001
    endloop
  endfacet
  facet normal  0.000000e+000  0.000000e+000  1.000000e+000
    outer loop
      vertex -2.734333e+001  2.092674e+001  2.610000e+001
      vertex -2.952664e+001  2.229748e+001  2.610000e+001
      vertex -3.052491e+001  2.091005e+001  2.610000e+001
    endloop
  endfacet
  facet normal  -0.000000e+000  0.000000e+000  1.000000e+000
    outer loop
      vertex -2.734333e+001  2.092674e+001  2.610000e+001
      vertex -3.052491e+001  2.091005e+001  2.610000e+001
      vertex -2.846536e+001  1.963733e+001  2.610000e+001
    endloop
  endfacet
  facet normal  0.000000e+000  0.000000e+000  1.000000e+000
    outer loop
      vertex -2.846536e+001  1.963733e+001  2.610000e+001
      vertex -3.052491e+001  2.091005e+001  2.610000e+001
      vertex -3.145803e+001  1.947799e+001  2.610000e+001
    endloop
  endfacet
  facet normal  -0.000000e+000  0.000000e+000  1.000000e+000
    outer loop
      vertex -2.846536e+001  1.963733e+001  2.610000e+001
      vertex -3.145803e+001  1.947799e+001  2.610000e+001
      vertex -2.952664e+001  1.829748e+001  2.610000e+001
    endloop
  endfacet
  facet normal  0.000000e+000  0.000000e+000  1.000000e+000
    outer loop
      vertex -2.952664e+001  1.829748e+001  2.610000e+001
      vertex -3.145803e+001  1.947799e+001  2.610000e+001
      vertex -3.232403e+001  1.800437e+001  2.610000e+001
    endloop
  endfacet
  facet normal  -0.000000e+000  0.000000e+000  1.000000e+000
    outer loop
      vertex -2.952664e+001  1.829748e+001  2.610000e+001
      vertex -3.232403e+001  1.800437e+001  2.610000e+001
      vertex -3.052491e+001  1.691005e+001  2.610000e+001
    endloop
  endfacet
  facet normal  0.000000e+000  0.000000e+000  1.000000e+000
    outer loop
      vertex -3.052491e+001  1.691005e+001  2.610000e+001
      vertex -3.232403e+001  1.800437e+001  2.610000e+001
      vertex -3.312104e+001  1.649232e+001  2.610000e+001
    endloop
  endfacet
  facet normal  -0.000000e+000  0.000000e+000  1.000000e+000
    outer loop
      vertex -3.052491e+001  1.691005e+001  2.610000e+001
      vertex -3.312104e+001  1.649232e+001  2.610000e+001
      vertex -3.145803e+001  1.547799e+001  2.610000e+001
    endloop
  endfacet
  facet normal  0.000000e+000  0.000000e+000  9.999999e-001
    outer loop
      vertex -3.145803e+001  1.547799e+001  2.610000e+001
      vertex -3.312104e+001  1.649232e+001  2.610000e+001
      vertex -3.384737e+001  1.494508e+001  2.610000e+001
    endloop
  endfacet
  facet normal  -0.000000e+000  0.000000e+000  1.000000e+000
    outer loop
      vertex -3.145803e+001  1.547799e+001  2.610000e+001
      vertex -3.384737e+001  1.494508e+001  2.610000e+001
      vertex -3.232403e+001  1.400437e+001  2.610000e+001
    endloop
  endfacet
  facet normal  0.000000e+000  0.000000e+000  1.000000e+000
    outer loop
      vertex -3.232403e+001  1.400437e+001  2.610000e+001
      vertex -3.384737e+001  1.494508e+001  2.610000e+001
      vertex -3.450147e+001  1.336594e+001  2.610000e+001
    endloop
  endfacet
  facet normal  -0.000000e+000  0.000000e+000  1.000000e+000
    outer loop
      vertex -3.232403e+001  1.400437e+001  2.610000e+001
      vertex -3.450147e+001  1.336594e+001  2.610000e+001
      vertex -3.312104e+001  1.249232e+001  2.610000e+001
    endloop
  endfacet
  facet normal  0.000000e+000  0.000000e+000  1.000000e+000
    outer loop
      vertex -3.312104e+001  1.249232e+001  2.610000e+001
      vertex -3.450147e+001  1.336594e+001  2.610000e+001
      vertex -3.508194e+001  1.175828e+001  2.610000e+001
    endloop
  endfacet
  facet normal  -0.000000e+000  0.000000e+000  1.000000e+000
    outer loop
      vertex -3.312104e+001  1.249232e+001  2.610000e+001
      vertex -3.508194e+001  1.175828e+001  2.610000e+001
      vertex -3.384737e+001  1.094508e+001  2.610000e+001
    endloop
  endfacet
  facet normal  0.000000e+000  0.000000e+000  1.000000e+000
    outer loop
      vertex -3.384737e+001  1.094508e+001  2.610000e+001
      vertex -3.508194e+001  1.175828e+001  2.610000e+001
      vertex -3.558755e+001  1.012553e+001  2.610000e+001
    endloop
  endfacet
  facet normal  -0.000000e+000  0.000000e+000  9.999999e-001
    outer loop
      vertex -3.384737e+001  1.094508e+001  2.610000e+001
      vertex -3.558755e+001  1.012553e+001  2.610000e+001
      vertex -3.450147e+001  9.365942e+000  2.610000e+001
    endloop
  endfacet
  facet normal  0.000000e+000  0.000000e+000  1.000000e+000
    outer loop
      vertex -3.450147e+001  9.365942e+000  2.610000e+001
      vertex -3.558755e+001  1.012553e+001  2.610000e+001
      vertex -3.508194e+001  7.758283e+000  2.610000e+001
    endloop
  endfacet
  facet normal  0.000000e+000  0.000000e+000  1.000000e+000
    outer loop
      vertex -3.508194e+001  7.758283e+000  2.610000e+001
      vertex -3.558755e+001  1.012553e+001  2.610000e+001
      vertex -3.601721e+001  8.471170e+000  2.610000e+001
    endloop
  endfacet
  facet normal  0.000000e+000  0.000000e+000  1.000000e+000
    outer loop
      vertex -3.508194e+001  7.758283e+000  2.610000e+001
      vertex -3.601721e+001  8.471170e+000  2.610000e+001
      vertex -3.558755e+001  6.125531e+000  2.610000e+001
    endloop
  endfacet
  facet normal  0.000000e+000  0.000000e+000  1.000000e+000
    outer loop
      vertex -3.558755e+001  6.125531e+000  2.610000e+001
      vertex -3.601721e+001  8.471170e+000  2.610000e+001
      vertex -3.637001e+001  6.798732e+000  2.610000e+001
    endloop
  endfacet
  facet normal  0.000000e+000  0.000000e+000  1.000000e+000
    outer loop
      vertex -3.558755e+001  6.125531e+000  2.610000e+001
      vertex -3.637001e+001  6.798732e+000  2.610000e+001
      vertex -3.601721e+001  4.471170e+000  2.610000e+001
    endloop
  endfacet
  facet normal  0.000000e+000  0.000000e+000  1.000000e+000
    outer loop
      vertex -3.601721e+001  4.471170e+000  2.610000e+001
      vertex -3.637001e+001  6.798732e+000  2.610000e+001
      vertex -3.664519e+001  5.111785e+000  2.610000e+001
    endloop
  endfacet
  facet normal  0.000000e+000  0.000000e+000  1.000000e+000
    outer loop
      vertex -3.601721e+001  4.471170e+000  2.610000e+001
      vertex -3.664519e+001  5.111785e+000  2.610000e+001
      vertex -3.637001e+001  2.798732e+000  2.610000e+001
    endloop
  endfacet
  facet normal  0.000000e+000  0.000000e+000  1.000000e+000
    outer loop
      vertex -3.637001e+001  2.798732e+000  2.610000e+001
      vertex -3.664519e+001  5.111785e+000  2.610000e+001
      vertex -3.684216e+001  3.413929e+000  2.610000e+001
    endloop
  endfacet
  facet normal  0.000000e+000  0.000000e+000  1.000000e+000
    outer loop
      vertex -3.637001e+001  2.798732e+000  2.610000e+001
      vertex -3.684216e+001  3.413929e+000  2.610000e+001
      vertex -3.664519e+001  1.111785e+000  2.610000e+001
    endloop
  endfacet
  facet normal  0.000000e+000  0.000000e+000  1.000000e+000
    outer loop
      vertex -3.664519e+001  1.111785e+000  2.610000e+001
      vertex -3.684216e+001  3.413929e+000  2.610000e+001
      vertex -3.696052e+001  1.708788e+000  2.610000e+001
    endloop
  endfacet
  facet normal  0.000000e+000  0.000000e+000  1.000000e+000
    outer loop
      vertex -3.664519e+001  1.111785e+000  2.610000e+001
      vertex -3.696052e+001  1.708788e+000  2.610000e+001
      vertex -3.684216e+001 -5.860707e-001  2.610000e+001
    endloop
  endfacet
  facet normal  0.000000e+000  0.000000e+000  1.000000e+000
    outer loop
      vertex -3.684216e+001 -5.860707e-001  2.610000e+001
      vertex -3.696052e+001  1.708788e+000  2.610000e+001
      vertex -3.700000e+001 -2.833156e-014  2.610000e+001
    endloop
  endfacet
  facet normal  0.000000e+000  0.000000e+000  1.000000e+000
    outer loop
      vertex -3.684216e+001 -5.860707e-001  2.610000e+001
      vertex -3.700000e+001 -2.833156e-014  2.610000e+001
      vertex -3.696052e+001 -2.291212e+000  2.610000e+001
    endloop
  endfacet
  facet normal  -0.000000e+000  0.000000e+000  1.000000e+000
    outer loop
      vertex  1.708788e+000  3.696052e+001  2.610000e+001
      vertex -1.708788e+000  3.696052e+001  2.610000e+001
      vertex  3.413929e+000  3.684216e+001  2.610000e+001
    endloop
  endfacet
  facet normal  0.000000e+000  0.000000e+000  1.000000e+000
    outer loop
      vertex  3.413929e+000  3.684216e+001  2.610000e+001
      vertex -1.708788e+000  3.696052e+001  2.610000e+001
      vertex -3.413929e+000  3.684216e+001  2.610000e+001
    endloop
  endfacet
  facet normal  -0.000000e+000  0.000000e+000  1.000000e+000
    outer loop
      vertex  3.413929e+000  3.684216e+001  2.610000e+001
      vertex -3.413929e+000  3.684216e+001  2.610000e+001
      vertex  5.111785e+000  3.664519e+001  2.610000e+001
    endloop
  endfacet
  facet normal  0.000000e+000  0.000000e+000  1.000000e+000
    outer loop
      vertex  5.111785e+000  3.664519e+001  2.610000e+001
      vertex -3.413929e+000  3.684216e+001  2.610000e+001
      vertex -5.111785e+000  3.664519e+001  2.610000e+001
    endloop
  endfacet
  facet normal  -0.000000e+000  0.000000e+000  1.000000e+000
    outer loop
      vertex  5.111785e+000  3.664519e+001  2.610000e+001
      vertex -5.111785e+000  3.664519e+001  2.610000e+001
      vertex  6.798732e+000  3.637001e+001  2.610000e+001
    endloop
  endfacet
  facet normal  0.000000e+000  0.000000e+000  1.000000e+000
    outer loop
      vertex  6.798732e+000  3.637001e+001  2.610000e+001
      vertex -5.111785e+000  3.664519e+001  2.610000e+001
      vertex -6.798732e+000  3.637001e+001  2.610000e+001
    endloop
  endfacet
  facet normal  -0.000000e+000  0.000000e+000  1.000000e+000
    outer loop
      vertex  6.798732e+000  3.637001e+001  2.610000e+001
      vertex -6.798732e+000  3.637001e+001  2.610000e+001
      vertex  8.471170e+000  3.601721e+001  2.610000e+001
    endloop
  endfacet
  facet normal  0.000000e+000  0.000000e+000  1.000000e+000
    outer loop
      vertex  8.471170e+000  3.601721e+001  2.610000e+001
      vertex -6.798732e+000  3.637001e+001  2.610000e+001
      vertex -8.471170e+000  3.601721e+001  2.610000e+001
    endloop
  endfacet
  facet normal  -0.000000e+000  0.000000e+000  1.000000e+000
    outer loop
      vertex  8.471170e+000  3.601721e+001  2.610000e+001
      vertex -8.471170e+000  3.601721e+001  2.610000e+001
      vertex  1.012553e+001  3.558755e+001  2.610000e+001
    endloop
  endfacet
  facet normal  0.000000e+000  0.000000e+000  1.000000e+000
    outer loop
      vertex  1.012553e+001  3.558755e+001  2.610000e+001
      vertex -8.471170e+000  3.601721e+001  2.610000e+001
      vertex -1.012553e+001  3.558755e+001  2.610000e+001
    endloop
  endfacet
  facet normal  -0.000000e+000  0.000000e+000  1.000000e+000
    outer loop
      vertex  1.012553e+001  3.558755e+001  2.610000e+001
      vertex -1.012553e+001  3.558755e+001  2.610000e+001
      vertex  1.175828e+001  3.508194e+001  2.610000e+001
    endloop
  endfacet
  facet normal  0.000000e+000  0.000000e+000  1.000000e+000
    outer loop
      vertex  1.175828e+001  3.508194e+001  2.610000e+001
      vertex -1.012553e+001  3.558755e+001  2.610000e+001
      vertex -1.175828e+001  3.508194e+001  2.610000e+001
    endloop
  endfacet
  facet normal  -0.000000e+000  0.000000e+000  1.000000e+000
    outer loop
      vertex  1.175828e+001  3.508194e+001  2.610000e+001
      vertex -1.175828e+001  3.508194e+001  2.610000e+001
      vertex  1.336594e+001  3.450147e+001  2.610000e+001
    endloop
  endfacet
  facet normal  0.000000e+000  0.000000e+000  1.000000e+000
    outer loop
      vertex  1.336594e+001  3.450147e+001  2.610000e+001
      vertex -1.175828e+001  3.508194e+001  2.610000e+001
      vertex -1.336594e+001  3.450147e+001  2.610000e+001
    endloop
  endfacet
  facet normal  -0.000000e+000  0.000000e+000  1.000000e+000
    outer loop
      vertex  1.336594e+001  3.450147e+001  2.610000e+001
      vertex -1.336594e+001  3.450147e+001  2.610000e+001
      vertex  1.494508e+001  3.384737e+001  2.610000e+001
    endloop
  endfacet
  facet normal  0.000000e+000  0.000000e+000  9.999999e-001
    outer loop
      vertex  1.494508e+001  3.384737e+001  2.610000e+001
      vertex -1.336594e+001  3.450147e+001  2.610000e+001
      vertex -1.494508e+001  3.384737e+001  2.610000e+001
    endloop
  endfacet
  facet normal  -0.000000e+000  0.000000e+000  1.000000e+000
    outer loop
      vertex  1.494508e+001  3.384737e+001  2.610000e+001
      vertex -1.494508e+001  3.384737e+001  2.610000e+001
      vertex  1.649232e+001  3.312104e+001  2.610000e+001
    endloop
  endfacet
  facet normal  0.000000e+000  0.000000e+000  1.000000e+000
    outer loop
      vertex  1.649232e+001  3.312104e+001  2.610000e+001
      vertex -1.494508e+001  3.384737e+001  2.610000e+001
      vertex -1.649232e+001  3.312104e+001  2.610000e+001
    endloop
  endfacet
  facet normal  -0.000000e+000  0.000000e+000  9.999999e-001
    outer loop
      vertex  1.649232e+001  3.312104e+001  2.610000e+001
      vertex -1.649232e+001  3.312104e+001  2.610000e+001
      vertex -7.105427e-015  3.300000e+001  2.610000e+001
    endloop
  endfacet
  facet normal  0.000000e+000  0.000000e+000  9.999999e-001
    outer loop
      vertex  1.175828e+001  3.108194e+001  2.610000e+001
      vertex  2.091005e+001  3.052491e+001  2.610000e+001
      vertex  1.012553e+001  3.158755e+001  2.610000e+001
    endloop
  endfacet
  facet normal  0.000000e+000  0.000000e+000  1.000000e+000
    outer loop
      vertex  1.012553e+001  3.158755e+001  2.610000e+001
      vertex  2.091005e+001  3.052491e+001  2.610000e+001
      vertex  1.947799e+001  3.145803e+001  2.610000e+001
    endloop
  endfacet
  facet normal  0.000000e+000  0.000000e+000  9.999999e-001
    outer loop
      vertex  1.012553e+001  3.158755e+001  2.610000e+001
      vertex  1.947799e+001  3.145803e+001  2.610000e+001
      vertex  8.471170e+000  3.201721e+001  2.610000e+001
    endloop
  endfacet
  facet normal  -0.000000e+000  0.000000e+000  1.000000e+000
    outer loop
      vertex  2.091005e+001  3.052491e+001  2.610000e+001
      vertex  1.336594e+001  3.050147e+001  2.610000e+001
      vertex  2.229748e+001  2.952664e+001  2.610000e+001
    endloop
  endfacet
  facet normal  0.000000e+000  0.000000e+000  1.000000e+000
    outer loop
      vertex  2.229748e+001  2.952664e+001  2.610000e+001
      vertex  1.336594e+001  3.050147e+001  2.610000e+001
      vertex  1.494508e+001  2.984737e+001  2.610000e+001
    endloop
  endfacet
  facet normal  0.000000e+000  0.000000e+000  1.000000e+000
    outer loop
      vertex  2.229748e+001  2.952664e+001  2.610000e+001
      vertex  1.494508e+001  2.984737e+001  2.610000e+001
      vertex  2.363733e+001  2.846536e+001  2.610000e+001
    endloop
  endfacet
  facet normal  0.000000e+000  0.000000e+000  1.000000e+000
    outer loop
      vertex  2.363733e+001  2.846536e+001  2.610000e+001
      vertex  1.494508e+001  2.984737e+001  2.610000e+001
      vertex  1.649232e+001  2.912104e+001  2.610000e+001
    endloop
  endfacet
  facet normal  0.000000e+000  0.000000e+000  1.000000e+000
    outer loop
      vertex  2.363733e+001  2.846536e+001  2.610000e+001
      vertex  1.649232e+001  2.912104e+001  2.610000e+001
      vertex  1.800437e+001  2.832403e+001  2.610000e+001
    endloop
  endfacet
  facet normal  -0.000000e+000  0.000000e+000  1.000000e+000
    outer loop
      vertex  2.363733e+001  2.846536e+001  2.610000e+001
      vertex  1.800437e+001  2.832403e+001  2.610000e+001
      vertex  2.492674e+001  2.734333e+001  2.610000e+001
    endloop
  endfacet
  facet normal  0.000000e+000  0.000000e+000  9.999999e-001
    outer loop
      vertex  2.492674e+001  2.734333e+001  2.610000e+001
      vertex  1.800437e+001  2.832403e+001  2.610000e+001
      vertex  1.947799e+001  2.745803e+001  2.610000e+001
    endloop
  endfacet
  facet normal  0.000000e+000  0.000000e+000  1.000000e+000
    outer loop
      vertex  2.492674e+001  2.734333e+001  2.610000e+001
      vertex  1.947799e+001  2.745803e+001  2.610000e+001
      vertex  2.616295e+001  2.616295e+001  2.610000e+001
    endloop
  endfacet
  facet normal  0.000000e+000  0.000000e+000  1.000000e+000
    outer loop
      vertex  2.616295e+001  2.616295e+001  2.610000e+001
      vertex  1.947799e+001  2.745803e+001  2.610000e+001
      vertex  2.091005e+001  2.652491e+001  2.610000e+001
    endloop
  endfacet
  facet normal  0.000000e+000  0.000000e+000  1.000000e+000
    outer loop
      vertex  2.616295e+001  2.616295e+001  2.610000e+001
      vertex  2.091005e+001  2.652491e+001  2.610000e+001
      vertex  2.734333e+001  2.492674e+001  2.610000e+001
    endloop
  endfacet
  facet normal  0.000000e+000  0.000000e+000  1.000000e+000
    outer loop
      vertex  2.734333e+001  2.492674e+001  2.610000e+001
      vertex  2.091005e+001  2.652491e+001  2.610000e+001
      vertex  2.229748e+001  2.552664e+001  2.610000e+001
    endloop
  endfacet
  facet normal  0.000000e+000  0.000000e+000  1.000000e+000
    outer loop
      vertex  2.734333e+001  2.492674e+001  2.610000e+001
      vertex  2.229748e+001  2.552664e+001  2.610000e+001
      vertex  2.363733e+001  2.446536e+001  2.610000e+001
    endloop
  endfacet
  facet normal  -0.000000e+000  0.000000e+000  1.000000e+000
    outer loop
      vertex  2.734333e+001  2.492674e+001  2.610000e+001
      vertex  2.363733e+001  2.446536e+001  2.610000e+001
      vertex  2.846536e+001  2.363733e+001  2.610000e+001
    endloop
  endfacet
  facet normal  0.000000e+000  0.000000e+000  1.000000e+000
    outer loop
      vertex  2.846536e+001  2.363733e+001  2.610000e+001
      vertex  2.363733e+001  2.446536e+001  2.610000e+001
      vertex  2.492674e+001  2.334333e+001  2.610000e+001
    endloop
  endfacet
  facet normal  -0.000000e+000  0.000000e+000  1.000000e+000
    outer loop
      vertex  2.846536e+001  2.363733e+001  2.610000e+001
      vertex  2.492674e+001  2.334333e+001  2.610000e+001
      vertex  2.952664e+001  2.229748e+001  2.610000e+001
    endloop
  endfacet
  facet normal  0.000000e+000  0.000000e+000  1.000000e+000
    outer loop
      vertex  2.952664e+001  2.229748e+001  2.610000e+001
      vertex  2.492674e+001  2.334333e+001  2.610000e+001
      vertex  2.616295e+001  2.216295e+001  2.610000e+001
    endloop
  endfacet
  facet normal  -0.000000e+000  0.000000e+000  9.999999e-001
    outer loop
      vertex  2.952664e+001  2.229748e+001  2.610000e+001
      vertex  2.616295e+001  2.216295e+001  2.610000e+001
      vertex  3.052491e+001  2.091005e+001  2.610000e+001
    endloop
  endfacet
  facet normal  0.000000e+000  0.000000e+000  9.999999e-001
    outer loop
      vertex  3.052491e+001  2.091005e+001  2.610000e+001
      vertex  2.616295e+001  2.216295e+001  2.610000e+001
      vertex  2.734333e+001  2.092674e+001  2.610000e+001
    endloop
  endfacet
  facet normal  0.000000e+000  0.000000e+000  1.000000e+000
    outer loop
      vertex  3.052491e+001  2.091005e+001  2.610000e+001
      vertex  2.734333e+001  2.092674e+001  2.610000e+001
      vertex  3.145803e+001  1.947799e+001  2.610000e+001
    endloop
  endfacet
  facet normal  0.000000e+000  0.000000e+000  1.000000e+000
    outer loop
      vertex  3.145803e+001  1.947799e+001  2.610000e+001
      vertex  2.734333e+001  2.092674e+001  2.610000e+001
      vertex  2.846536e+001  1.963733e+001  2.610000e+001
    endloop
  endfacet
  facet normal  0.000000e+000  0.000000e+000  1.000000e+000
    outer loop
      vertex  3.145803e+001  1.947799e+001  2.610000e+001
      vertex  2.846536e+001  1.963733e+001  2.610000e+001
      vertex  3.232403e+001  1.800437e+001  2.610000e+001
    endloop
  endfacet
  facet normal  0.000000e+000  0.000000e+000  1.000000e+000
    outer loop
      vertex  3.232403e+001  1.800437e+001  2.610000e+001
      vertex  2.846536e+001  1.963733e+001  2.610000e+001
      vertex  2.952664e+001  1.829748e+001  2.610000e+001
    endloop
  endfacet
  facet normal  0.000000e+000  0.000000e+000  1.000000e+000
    outer loop
      vertex  3.232403e+001  1.800437e+001  2.610000e+001
      vertex  2.952664e+001  1.829748e+001  2.610000e+001
      vertex  3.312104e+001  1.649232e+001  2.610000e+001
    endloop
  endfacet
  facet normal  0.000000e+000  0.000000e+000  1.000000e+000
    outer loop
      vertex  3.312104e+001  1.649232e+001  2.610000e+001
      vertex  2.952664e+001  1.829748e+001  2.610000e+001
      vertex  3.052491e+001  1.691005e+001  2.610000e+001
    endloop
  endfacet
  facet normal  0.000000e+000  0.000000e+000  1.000000e+000
    outer loop
      vertex  3.312104e+001  1.649232e+001  2.610000e+001
      vertex  3.052491e+001  1.691005e+001  2.610000e+001
      vertex  3.384737e+001  1.494508e+001  2.610000e+001
    endloop
  endfacet
  facet normal  0.000000e+000  0.000000e+000  1.000000e+000
    outer loop
      vertex  3.384737e+001  1.494508e+001  2.610000e+001
      vertex  3.052491e+001  1.691005e+001  2.610000e+001
      vertex  3.145803e+001  1.547799e+001  2.610000e+001
    endloop
  endfacet
  facet normal  0.000000e+000  0.000000e+000  9.999999e-001
    outer loop
      vertex  3.384737e+001  1.494508e+001  2.610000e+001
      vertex  3.145803e+001  1.547799e+001  2.610000e+001
      vertex  3.450147e+001  1.336594e+001  2.610000e+001
    endloop
  endfacet
  facet normal  0.000000e+000  0.000000e+000  1.000000e+000
    outer loop
      vertex  3.450147e+001  1.336594e+001  2.610000e+001
      vertex  3.145803e+001  1.547799e+001  2.610000e+001
      vertex  3.232403e+001  1.400437e+001  2.610000e+001
    endloop
  endfacet
  facet normal  0.000000e+000  0.000000e+000  1.000000e+000
    outer loop
      vertex  3.450147e+001  1.336594e+001  2.610000e+001
      vertex  3.232403e+001  1.400437e+001  2.610000e+001
      vertex  3.508194e+001  1.175828e+001  2.610000e+001
    endloop
  endfacet
  facet normal  0.000000e+000  0.000000e+000  1.000000e+000
    outer loop
      vertex  3.508194e+001  1.175828e+001  2.610000e+001
      vertex  3.232403e+001  1.400437e+001  2.610000e+001
      vertex  3.312104e+001  1.249232e+001  2.610000e+001
    endloop
  endfacet
  facet normal  0.000000e+000  0.000000e+000  1.000000e+000
    outer loop
      vertex  3.508194e+001  1.175828e+001  2.610000e+001
      vertex  3.312104e+001  1.249232e+001  2.610000e+001
      vertex  3.558755e+001  1.012553e+001  2.610000e+001
    endloop
  endfacet
  facet normal  0.000000e+000  0.000000e+000  1.000000e+000
    outer loop
      vertex  3.558755e+001  1.012553e+001  2.610000e+001
      vertex  3.312104e+001  1.249232e+001  2.610000e+001
      vertex  3.384737e+001  1.094508e+001  2.610000e+001
    endloop
  endfacet
  facet normal  0.000000e+000  0.000000e+000  9.999999e-001
    outer loop
      vertex  3.558755e+001  1.012553e+001  2.610000e+001
      vertex  3.384737e+001  1.094508e+001  2.610000e+001
      vertex  3.450147e+001  9.365942e+000  2.610000e+001
    endloop
  endfacet
  facet normal  -0.000000e+000  0.000000e+000  1.000000e+000
    outer loop
      vertex  3.558755e+001  1.012553e+001  2.610000e+001
      vertex  3.450147e+001  9.365942e+000  2.610000e+001
      vertex  3.601721e+001  8.471170e+000  2.610000e+001
    endloop
  endfacet
  facet normal  0.000000e+000  0.000000e+000  1.000000e+000
    outer loop
      vertex  3.601721e+001  8.471170e+000  2.610000e+001
      vertex  3.450147e+001  9.365942e+000  2.610000e+001
      vertex  3.508194e+001  7.758283e+000  2.610000e+001
    endloop
  endfacet
  facet normal  -0.000000e+000  0.000000e+000  1.000000e+000
    outer loop
      vertex  3.601721e+001  8.471170e+000  2.610000e+001
      vertex  3.508194e+001  7.758283e+000  2.610000e+001
      vertex  3.637001e+001  6.798732e+000  2.610000e+001
    endloop
  endfacet
  facet normal  0.000000e+000  0.000000e+000  1.000000e+000
    outer loop
      vertex  3.637001e+001  6.798732e+000  2.610000e+001
      vertex  3.508194e+001  7.758283e+000  2.610000e+001
      vertex  3.558755e+001  6.125531e+000  2.610000e+001
    endloop
  endfacet
  facet normal  -0.000000e+000  0.000000e+000  1.000000e+000
    outer loop
      vertex  3.637001e+001  6.798732e+000  2.610000e+001
      vertex  3.558755e+001  6.125531e+000  2.610000e+001
      vertex  3.664519e+001  5.111785e+000  2.610000e+001
    endloop
  endfacet
  facet normal  0.000000e+000  0.000000e+000  1.000000e+000
    outer loop
      vertex  3.664519e+001  5.111785e+000  2.610000e+001
      vertex  3.558755e+001  6.125531e+000  2.610000e+001
      vertex  3.601721e+001  4.471170e+000  2.610000e+001
    endloop
  endfacet
  facet normal  -0.000000e+000  0.000000e+000  1.000000e+000
    outer loop
      vertex  3.664519e+001  5.111785e+000  2.610000e+001
      vertex  3.601721e+001  4.471170e+000  2.610000e+001
      vertex  3.684216e+001  3.413929e+000  2.610000e+001
    endloop
  endfacet
  facet normal  0.000000e+000  0.000000e+000  1.000000e+000
    outer loop
      vertex  3.684216e+001  3.413929e+000  2.610000e+001
      vertex  3.601721e+001  4.471170e+000  2.610000e+001
      vertex  3.637001e+001  2.798732e+000  2.610000e+001
    endloop
  endfacet
  facet normal  -0.000000e+000  0.000000e+000  9.999999e-001
    outer loop
      vertex  3.684216e+001  3.413929e+000  2.610000e+001
      vertex  3.637001e+001  2.798732e+000  2.610000e+001
      vertex  3.696052e+001  1.708788e+000  2.610000e+001
    endloop
  endfacet
  facet normal  0.000000e+000  0.000000e+000  1.000000e+000
    outer loop
      vertex  3.696052e+001  1.708788e+000  2.610000e+001
      vertex  3.637001e+001  2.798732e+000  2.610000e+001
      vertex  3.664519e+001  1.111785e+000  2.610000e+001
    endloop
  endfacet
  facet normal  -0.000000e+000  0.000000e+000 -1.000000e+000
    outer loop
      vertex -1.649232e+001  3.312104e+001  2.390000e+001
      vertex -7.105427e-015  3.300000e+001  2.390000e+001
      vertex -1.708788e+000  3.296052e+001  2.390000e+001
    endloop
  endfacet
  facet normal  -0.000000e+000  0.000000e+000 -9.999999e-001
    outer loop
      vertex -8.471170e+000  3.201721e+001  2.390000e+001
      vertex -1.012553e+001  3.158755e+001  2.390000e+001
      vertex -1.947799e+001  3.145803e+001  2.390000e+001
    endloop
  endfacet
  facet normal  -0.000000e+000  0.000000e+000 -1.000000e+000
    outer loop
      vertex -3.700000e+001  4.531044e-015  2.390000e+001
      vertex -3.696052e+001 -2.291212e+000  2.390000e+001
      vertex -3.700000e+001 -4.000000e+000  2.390000e+001
    endloop
  endfacet
  facet normal  0.000000e+000  0.000000e+000 -1.000000e+000
    outer loop
      vertex  2.265522e-015  3.700000e+001  2.390000e+001
      vertex  1.708788e+000  3.696052e+001  2.390000e+001
      vertex -1.708788e+000  3.696052e+001  2.390000e+001
    endloop
  endfacet
  facet normal  0.000000e+000  0.000000e+000 -1.000000e+000
    outer loop
      vertex  1.708788e+000  3.296052e+001  2.390000e+001
      vertex -7.105427e-015  3.300000e+001  2.390000e+001
      vertex  1.649232e+001  3.312104e+001  2.390000e+001
    endloop
  endfacet
  facet normal  0.000000e+000  0.000000e+000 -1.000000e+000
    outer loop
      vertex  2.091005e+001  3.052491e+001  2.390000e+001
      vertex  1.336594e+001  3.050147e+001  2.390000e+001
      vertex  1.175828e+001  3.108194e+001  2.390000e+001
    endloop
  endfacet
  facet normal  0.000000e+000  0.000000e+000 -1.000000e+000
    outer loop
      vertex  3.700000e+001  0.000000e+000  2.390000e+001
      vertex  3.700000e+001 -4.000000e+000  2.390000e+001
      vertex  3.696052e+001 -2.291212e+000  2.390000e+001
    endloop
  endfacet
  facet normal  0.000000e+000  0.000000e+000 -1.000000e+000
    outer loop
      vertex  3.700000e+001  0.000000e+000  2.390000e+001
      vertex  3.696052e+001 -2.291212e+000  2.390000e+001
      vertex  3.684216e+001 -5.860707e-001  2.390000e+001
    endloop
  endfacet
  facet normal  0.000000e+000  0.000000e+000 -1.000000e+000
    outer loop
      vertex  3.700000e+001  0.000000e+000  2.390000e+001
      vertex  3.684216e+001 -5.860707e-001  2.390000e+001
      vertex  3.664519e+001  1.111785e+000  2.390000e+001
    endloop
  endfacet
  facet normal  0.000000e+000  0.000000e+000 -9.999999e-001
    outer loop
      vertex  3.700000e+001  0.000000e+000  2.390000e+001
      vertex  3.664519e+001  1.111785e+000  2.390000e+001
      vertex  3.696052e+001  1.708788e+000  2.390000e+001
    endloop
  endfacet
  facet normal  0.000000e+000  -0.000000e+000 -1.000000e+000
    outer loop
      vertex -1.800437e+001  3.232403e+001  2.390000e+001
      vertex -1.649232e+001  3.312104e+001  2.390000e+001
      vertex -1.708788e+000  3.296052e+001  2.390000e+001
    endloop
  endfacet
  facet normal  0.000000e+000  0.000000e+000 -1.000000e+000
    outer loop
      vertex -1.800437e+001  3.232403e+001  2.390000e+001
      vertex -1.708788e+000  3.296052e+001  2.390000e+001
      vertex -3.413929e+000  3.284216e+001  2.390000e+001
    endloop
  endfacet
  facet normal  0.000000e+000  0.000000e+000 -1.000000e+000
    outer loop
      vertex -1.800437e+001  3.232403e+001  2.390000e+001
      vertex -3.413929e+000  3.284216e+001  2.390000e+001
      vertex -5.111785e+000  3.264519e+001  2.390000e+001
    endloop
  endfacet
  facet normal  0.000000e+000  0.000000e+000 -1.000000e+000
    outer loop
      vertex -1.800437e+001  3.232403e+001  2.390000e+001
      vertex -5.111785e+000  3.264519e+001  2.390000e+001
      vertex -6.798732e+000  3.237001e+001  2.390000e+001
    endloop
  endfacet
  facet normal  0.000000e+000  0.000000e+000 -9.999999e-001
    outer loop
      vertex -1.800437e+001  3.232403e+001  2.390000e+001
      vertex -6.798732e+000  3.237001e+001  2.390000e+001
      vertex -8.471170e+000  3.201721e+001  2.390000e+001
    endloop
  endfacet
  facet normal  -0.000000e+000  0.000000e+000 -1.000000e+000
    outer loop
      vertex -1.800437e+001  3.232403e+001  2.390000e+001
      vertex -8.471170e+000  3.201721e+001  2.390000e+001
      vertex -1.947799e+001  3.145803e+001  2.390000e+001
    endloop
  endfacet
  facet normal  0.000000e+000  0.000000e+000 -1.000000e+000
    outer loop
      vertex  1.800437e+001  3.232403e+001  2.390000e+001
      vertex  1.947799e+001  3.145803e+001  2.390000e+001
      vertex  8.471170e+000  3.201721e+001  2.390000e+001
    endloop
  endfacet
  facet normal  0.000000e+000  0.000000e+000 -1.000000e+000
    outer loop
      vertex  1.800437e+001  3.232403e+001  2.390000e+001
      vertex  8.471170e+000  3.201721e+001  2.390000e+001
      vertex  6.798732e+000  3.237001e+001  2.390000e+001
    endloop
  endfacet
  facet normal  0.000000e+000  0.000000e+000 -1.000000e+000
    outer loop
      vertex  1.800437e+001  3.232403e+001  2.390000e+001
      vertex  6.798732e+000  3.237001e+001  2.390000e+001
      vertex  5.111785e+000  3.264519e+001  2.390000e+001
    endloop
  endfacet
  facet normal  0.000000e+000  0.000000e+000 -1.000000e+000
    outer loop
      vertex  1.800437e+001  3.232403e+001  2.390000e+001
      vertex  5.111785e+000  3.264519e+001  2.390000e+001
      vertex  3.413929e+000  3.284216e+001  2.390000e+001
    endloop
  endfacet
  facet normal  0.000000e+000  0.000000e+000 -9.999999e-001
    outer loop
      vertex  1.800437e+001  3.232403e+001  2.390000e+001
      vertex  3.413929e+000  3.284216e+001  2.390000e+001
      vertex  1.708788e+000  3.296052e+001  2.390000e+001
    endloop
  endfacet
  facet normal  0.000000e+000  0.000000e+000 -1.000000e+000
    outer loop
      vertex  1.800437e+001  3.232403e+001  2.390000e+001
      vertex  1.708788e+000  3.296052e+001  2.390000e+001
      vertex  1.649232e+001  3.312104e+001  2.390000e+001
    endloop
  endfacet
  facet normal  0.000000e+000  0.000000e+000 -1.000000e+000
    outer loop
      vertex -1.336594e+001  3.050147e+001  2.390000e+001
      vertex -2.091005e+001  3.052491e+001  2.390000e+001
      vertex -1.175828e+001  3.108194e+001  2.390000e+001
    endloop
  endfacet
  facet normal  -0.000000e+000  0.000000e+000 -1.000000e+000
    outer loop
      vertex -1.175828e+001  3.108194e+001  2.390000e+001
      vertex -2.091005e+001  3.052491e+001  2.390000e+001
      vertex -1.947799e+001  3.145803e+001  2.390000e+001
    endloop
  endfacet
  facet normal  0.000000e+000  0.000000e+000 -1.000000e+000
    outer loop
      vertex -1.175828e+001  3.108194e+001  2.390000e+001
      vertex -1.947799e+001  3.145803e+001  2.390000e+001
      vertex -1.012553e+001  3.158755e+001  2.390000e+001
    endloop
  endfacet
  facet normal  0.000000e+000  0.000000e+000 -1.000000e+000
    outer loop
      vertex -1.800437e+001  2.832403e+001  2.390000e+001
      vertex -2.363733e+001  2.846536e+001  2.390000e+001
      vertex -1.649232e+001  2.912104e+001  2.390000e+001
    endloop
  endfacet
  facet normal  -0.000000e+000  0.000000e+000 -1.000000e+000
    outer loop
      vertex -1.649232e+001  2.912104e+001  2.390000e+001
      vertex -2.363733e+001  2.846536e+001  2.390000e+001
      vertex -2.229748e+001  2.952664e+001  2.390000e+001
    endloop
  endfacet
  facet normal  0.000000e+000  0.000000e+000 -1.000000e+000
    outer loop
      vertex -1.649232e+001  2.912104e+001  2.390000e+001
      vertex -2.229748e+001  2.952664e+001  2.390000e+001
      vertex -1.494508e+001  2.984737e+001  2.390000e+001
    endloop
  endfacet
  facet normal  -0.000000e+000  0.000000e+000 -1.000000e+000
    outer loop
      vertex -1.494508e+001  2.984737e+001  2.390000e+001
      vertex -2.229748e+001  2.952664e+001  2.390000e+001
      vertex -2.091005e+001  3.052491e+001  2.390000e+001
    endloop
  endfacet
  facet normal  0.000000e+000  0.000000e+000 -1.000000e+000
    outer loop
      vertex -1.494508e+001  2.984737e+001  2.390000e+001
      vertex -2.091005e+001  3.052491e+001  2.390000e+001
      vertex -1.336594e+001  3.050147e+001  2.390000e+001
    endloop
  endfacet
  facet normal  0.000000e+000  0.000000e+000 -1.000000e+000
    outer loop
      vertex -2.363733e+001  2.446536e+001  2.390000e+001
      vertex -2.734333e+001  2.492674e+001  2.390000e+001
      vertex -2.229748e+001  2.552664e+001  2.390000e+001
    endloop
  endfacet
  facet normal  -0.000000e+000  0.000000e+000 -1.000000e+000
    outer loop
      vertex -2.229748e+001  2.552664e+001  2.390000e+001
      vertex -2.734333e+001  2.492674e+001  2.390000e+001
      vertex -2.616295e+001  2.616295e+001  2.390000e+001
    endloop
  endfacet
  facet normal  0.000000e+000  0.000000e+000 -1.000000e+000
    outer loop
      vertex -2.229748e+001  2.552664e+001  2.390000e+001
      vertex -2.616295e+001  2.616295e+001  2.390000e+001
      vertex -2.091005e+001  2.652491e+001  2.390000e+001
    endloop
  endfacet
  facet normal  -0.000000e+000  0.000000e+000 -1.000000e+000
    outer loop
      vertex -2.091005e+001  2.652491e+001  2.390000e+001
      vertex -2.616295e+001  2.616295e+001  2.390000e+001
      vertex -2.492674e+001  2.734333e+001  2.390000e+001
    endloop
  endfacet
  facet normal  0.000000e+000  0.000000e+000 -1.000000e+000
    outer loop
      vertex -2.091005e+001  2.652491e+001  2.390000e+001
      vertex -2.492674e+001  2.734333e+001  2.390000e+001
      vertex -1.947799e+001  2.745803e+001  2.390000e+001
    endloop
  endfacet
  facet normal  -0.000000e+000  0.000000e+000 -9.999999e-001
    outer loop
      vertex -1.947799e+001  2.745803e+001  2.390000e+001
      vertex -2.492674e+001  2.734333e+001  2.390000e+001
      vertex -2.363733e+001  2.846536e+001  2.390000e+001
    endloop
  endfacet
  facet normal  0.000000e+000  0.000000e+000 -1.000000e+000
    outer loop
      vertex -1.947799e+001  2.745803e+001  2.390000e+001
      vertex -2.363733e+001  2.846536e+001  2.390000e+001
      vertex -1.800437e+001  2.832403e+001  2.390000e+001
    endloop
  endfacet
  facet normal  0.000000e+000  0.000000e+000 -9.999999e-001
    outer loop
      vertex -3.450147e+001  9.365942e+000  2.390000e+001
      vertex -3.558755e+001  1.012553e+001  2.390000e+001
      vertex -3.384737e+001  1.094508e+001  2.390000e+001
    endloop
  endfacet
  facet normal  -0.000000e+000  0.000000e+000 -1.000000e+000
    outer loop
      vertex -3.384737e+001  1.094508e+001  2.390000e+001
      vertex -3.558755e+001  1.012553e+001  2.390000e+001
      vertex -3.508194e+001  1.175828e+001  2.390000e+001
    endloop
  endfacet
  facet normal  0.000000e+000  0.000000e+000 -1.000000e+000
    outer loop
      vertex -3.384737e+001  1.094508e+001  2.390000e+001
      vertex -3.508194e+001  1.175828e+001  2.390000e+001
      vertex -3.312104e+001  1.249232e+001  2.390000e+001
    endloop
  endfacet
  facet normal  -0.000000e+000  0.000000e+000 -1.000000e+000
    outer loop
      vertex -3.312104e+001  1.249232e+001  2.390000e+001
      vertex -3.508194e+001  1.175828e+001  2.390000e+001
      vertex -3.450147e+001  1.336594e+001  2.390000e+001
    endloop
  endfacet
  facet normal  0.000000e+000  0.000000e+000 -1.000000e+000
    outer loop
      vertex -3.312104e+001  1.249232e+001  2.390000e+001
      vertex -3.450147e+001  1.336594e+001  2.390000e+001
      vertex -3.232403e+001  1.400437e+001  2.390000e+001
    endloop
  endfacet
  facet normal  -0.000000e+000  0.000000e+000 -1.000000e+000
    outer loop
      vertex -3.232403e+001  1.400437e+001  2.390000e+001
      vertex -3.450147e+001  1.336594e+001  2.390000e+001
      vertex -3.384737e+001  1.494508e+001  2.390000e+001
    endloop
  endfacet
  facet normal  0.000000e+000  0.000000e+000 -1.000000e+000
    outer loop
      vertex -3.232403e+001  1.400437e+001  2.390000e+001
      vertex -3.384737e+001  1.494508e+001  2.390000e+001
      vertex -3.145803e+001  1.547799e+001  2.390000e+001
    endloop
  endfacet
  facet normal  -0.000000e+000  0.000000e+000 -9.999999e-001
    outer loop
      vertex -3.145803e+001  1.547799e+001  2.390000e+001
      vertex -3.384737e+001  1.494508e+001  2.390000e+001
      vertex -3.312104e+001  1.649232e+001  2.390000e+001
    endloop
  endfacet
  facet normal  0.000000e+000  0.000000e+000 -1.000000e+000
    outer loop
      vertex -3.145803e+001  1.547799e+001  2.390000e+001
      vertex -3.312104e+001  1.649232e+001  2.390000e+001
      vertex -3.052491e+001  1.691005e+001  2.390000e+001
    endloop
  endfacet
  facet normal  -0.000000e+000  0.000000e+000 -1.000000e+000
    outer loop
      vertex -3.052491e+001  1.691005e+001  2.390000e+001
      vertex -3.312104e+001  1.649232e+001  2.390000e+001
      vertex -3.232403e+001  1.800437e+001  2.390000e+001
    endloop
  endfacet
  facet normal  0.000000e+000  0.000000e+000 -1.000000e+000
    outer loop
      vertex -3.052491e+001  1.691005e+001  2.390000e+001
      vertex -3.232403e+001  1.800437e+001  2.390000e+001
      vertex -2.952664e+001  1.829748e+001  2.390000e+001
    endloop
  endfacet
  facet normal  -0.000000e+000  0.000000e+000 -1.000000e+000
    outer loop
      vertex -2.952664e+001  1.829748e+001  2.390000e+001
      vertex -3.232403e+001  1.800437e+001  2.390000e+001
      vertex -3.145803e+001  1.947799e+001  2.390000e+001
    endloop
  endfacet
  facet normal  0.000000e+000  0.000000e+000 -1.000000e+000
    outer loop
      vertex -2.952664e+001  1.829748e+001  2.390000e+001
      vertex -3.145803e+001  1.947799e+001  2.390000e+001
      vertex -2.846536e+001  1.963733e+001  2.390000e+001
    endloop
  endfacet
  facet normal  -0.000000e+000  0.000000e+000 -1.000000e+000
    outer loop
      vertex -2.846536e+001  1.963733e+001  2.390000e+001
      vertex -3.145803e+001  1.947799e+001  2.390000e+001
      vertex -3.052491e+001  2.091005e+001  2.390000e+001
    endloop
  endfacet
  facet normal  0.000000e+000  0.000000e+000 -1.000000e+000
    outer loop
      vertex -2.846536e+001  1.963733e+001  2.390000e+001
      vertex -3.052491e+001  2.091005e+001  2.390000e+001
      vertex -2.734333e+001  2.092674e+001  2.390000e+001
    endloop
  endfacet
  facet normal  -0.000000e+000  0.000000e+000 -1.000000e+000
    outer loop
      vertex -2.734333e+001  2.092674e+001  2.390000e+001
      vertex -3.052491e+001  2.091005e+001  2.390000e+001
      vertex -2.952664e+001  2.229748e+001  2.390000e+001
    endloop
  endfacet
  facet normal  0.000000e+000  0.000000e+000 -1.000000e+000
    outer loop
      vertex -2.734333e+001  2.092674e+001  2.390000e+001
      vertex -2.952664e+001  2.229748e+001  2.390000e+001
      vertex -2.616295e+001  2.216295e+001  2.390000e+001
    endloop
  endfacet
  facet normal  0.000000e+000  0.000000e+000 -1.000000e+000
    outer loop
      vertex -2.616295e+001  2.216295e+001  2.390000e+001
      vertex -2.952664e+001  2.229748e+001  2.390000e+001
      vertex -2.846536e+001  2.363733e+001  2.390000e+001
    endloop
  endfacet
  facet normal  0.000000e+000  0.000000e+000 -1.000000e+000
    outer loop
      vertex -2.616295e+001  2.216295e+001  2.390000e+001
      vertex -2.846536e+001  2.363733e+001  2.390000e+001
      vertex -2.492674e+001  2.334333e+001  2.390000e+001
    endloop
  endfacet
  facet normal  0.000000e+000  0.000000e+000 -1.000000e+000
    outer loop
      vertex -2.492674e+001  2.334333e+001  2.390000e+001
      vertex -2.846536e+001  2.363733e+001  2.390000e+001
      vertex -2.734333e+001  2.492674e+001  2.390000e+001
    endloop
  endfacet
  facet normal  0.000000e+000  0.000000e+000 -1.000000e+000
    outer loop
      vertex -2.492674e+001  2.334333e+001  2.390000e+001
      vertex -2.734333e+001  2.492674e+001  2.390000e+001
      vertex -2.363733e+001  2.446536e+001  2.390000e+001
    endloop
  endfacet
  facet normal  0.000000e+000  0.000000e+000 -1.000000e+000
    outer loop
      vertex -3.696052e+001 -2.291212e+000  2.390000e+001
      vertex -3.700000e+001  4.531044e-015  2.390000e+001
      vertex -3.684216e+001 -5.860707e-001  2.390000e+001
    endloop
  endfacet
  facet normal  0.000000e+000  0.000000e+000 -1.000000e+000
    outer loop
      vertex -3.684216e+001 -5.860707e-001  2.390000e+001
      vertex -3.700000e+001  4.531044e-015  2.390000e+001
      vertex -3.696052e+001  1.708788e+000  2.390000e+001
    endloop
  endfacet
  facet normal  0.000000e+000  0.000000e+000 -1.000000e+000
    outer loop
      vertex -3.684216e+001 -5.860707e-001  2.390000e+001
      vertex -3.696052e+001  1.708788e+000  2.390000e+001
      vertex -3.664519e+001  1.111785e+000  2.390000e+001
    endloop
  endfacet
  facet normal  0.000000e+000  0.000000e+000 -1.000000e+000
    outer loop
      vertex -3.664519e+001  1.111785e+000  2.390000e+001
      vertex -3.696052e+001  1.708788e+000  2.390000e+001
      vertex -3.684216e+001  3.413929e+000  2.390000e+001
    endloop
  endfacet
  facet normal  0.000000e+000  0.000000e+000 -1.000000e+000
    outer loop
      vertex -3.664519e+001  1.111785e+000  2.390000e+001
      vertex -3.684216e+001  3.413929e+000  2.390000e+001
      vertex -3.637001e+001  2.798732e+000  2.390000e+001
    endloop
  endfacet
  facet normal  0.000000e+000  0.000000e+000 -1.000000e+000
    outer loop
      vertex -3.637001e+001  2.798732e+000  2.390000e+001
      vertex -3.684216e+001  3.413929e+000  2.390000e+001
      vertex -3.664519e+001  5.111785e+000  2.390000e+001
    endloop
  endfacet
  facet normal  0.000000e+000  0.000000e+000 -1.000000e+000
    outer loop
      vertex -3.637001e+001  2.798732e+000  2.390000e+001
      vertex -3.664519e+001  5.111785e+000  2.390000e+001
      vertex -3.601721e+001  4.471170e+000  2.390000e+001
    endloop
  endfacet
  facet normal  0.000000e+000  0.000000e+000 -1.000000e+000
    outer loop
      vertex -3.601721e+001  4.471170e+000  2.390000e+001
      vertex -3.664519e+001  5.111785e+000  2.390000e+001
      vertex -3.637001e+001  6.798732e+000  2.390000e+001
    endloop
  endfacet
  facet normal  0.000000e+000  0.000000e+000 -1.000000e+000
    outer loop
      vertex -3.601721e+001  4.471170e+000  2.390000e+001
      vertex -3.637001e+001  6.798732e+000  2.390000e+001
      vertex -3.558755e+001  6.125531e+000  2.390000e+001
    endloop
  endfacet
  facet normal  0.000000e+000  0.000000e+000 -1.000000e+000
    outer loop
      vertex -3.558755e+001  6.125531e+000  2.390000e+001
      vertex -3.637001e+001  6.798732e+000  2.390000e+001
      vertex -3.601721e+001  8.471170e+000  2.390000e+001
    endloop
  endfacet
  facet normal  0.000000e+000  0.000000e+000 -1.000000e+000
    outer loop
      vertex -3.558755e+001  6.125531e+000  2.390000e+001
      vertex -3.601721e+001  8.471170e+000  2.390000e+001
      vertex -3.508194e+001  7.758283e+000  2.390000e+001
    endloop
  endfacet
  facet normal  0.000000e+000  0.000000e+000 -1.000000e+000
    outer loop
      vertex -3.508194e+001  7.758283e+000  2.390000e+001
      vertex -3.601721e+001  8.471170e+000  2.390000e+001
      vertex -3.558755e+001  1.012553e+001  2.390000e+001
    endloop
  endfacet
  facet normal  0.000000e+000  0.000000e+000 -1.000000e+000
    outer loop
      vertex -3.508194e+001  7.758283e+000  2.390000e+001
      vertex -3.558755e+001  1.012553e+001  2.390000e+001
      vertex -3.450147e+001  9.365942e+000  2.390000e+001
    endloop
  endfacet
  facet normal  0.000000e+000  0.000000e+000 -9.999999e-001
    outer loop
      vertex -7.105427e-015  3.300000e+001  2.390000e+001
      vertex -1.649232e+001  3.312104e+001  2.390000e+001
      vertex  1.649232e+001  3.312104e+001  2.390000e+001
    endloop
  endfacet
  facet normal  0.000000e+000  0.000000e+000 -1.000000e+000
    outer loop
      vertex  1.649232e+001  3.312104e+001  2.390000e+001
      vertex -1.649232e+001  3.312104e+001  2.390000e+001
      vertex -1.494508e+001  3.384737e+001  2.390000e+001
    endloop
  endfacet
  facet normal  0.000000e+000  0.000000e+000 -1.000000e+000
    outer loop
      vertex  1.649232e+001  3.312104e+001  2.390000e+001
      vertex -1.494508e+001  3.384737e+001  2.390000e+001
      vertex  1.494508e+001  3.384737e+001  2.390000e+001
    endloop
  endfacet
  facet normal  0.000000e+000  0.000000e+000 -9.999999e-001
    outer loop
      vertex  1.494508e+001  3.384737e+001  2.390000e+001
      vertex -1.494508e+001  3.384737e+001  2.390000e+001
      vertex -1.336594e+001  3.450147e+001  2.390000e+001
    endloop
  endfacet
  facet normal  0.000000e+000  0.000000e+000 -1.000000e+000
    outer loop
      vertex  1.494508e+001  3.384737e+001  2.390000e+001
      vertex -1.336594e+001  3.450147e+001  2.390000e+001
      vertex  1.336594e+001  3.450147e+001  2.390000e+001
    endloop
  endfacet
  facet normal  0.000000e+000  0.000000e+000 -1.000000e+000
    outer loop
      vertex  1.336594e+001  3.450147e+001  2.390000e+001
      vertex -1.336594e+001  3.450147e+001  2.390000e+001
      vertex -1.175828e+001  3.508194e+001  2.390000e+001
    endloop
  endfacet
  facet normal  0.000000e+000  0.000000e+000 -1.000000e+000
    outer loop
      vertex  1.336594e+001  3.450147e+001  2.390000e+001
      vertex -1.175828e+001  3.508194e+001  2.390000e+001
      vertex  1.175828e+001  3.508194e+001  2.390000e+001
    endloop
  endfacet
  facet normal  0.000000e+000  0.000000e+000 -1.000000e+000
    outer loop
      vertex  1.175828e+001  3.508194e+001  2.390000e+001
      vertex -1.175828e+001  3.508194e+001  2.390000e+001
      vertex -1.012553e+001  3.558755e+001  2.390000e+001
    endloop
  endfacet
  facet normal  0.000000e+000  0.000000e+000 -1.000000e+000
    outer loop
      vertex  1.175828e+001  3.508194e+001  2.390000e+001
      vertex -1.012553e+001  3.558755e+001  2.390000e+001
      vertex  1.012553e+001  3.558755e+001  2.390000e+001
    endloop
  endfacet
  facet normal  0.000000e+000  0.000000e+000 -1.000000e+000
    outer loop
      vertex  1.012553e+001  3.558755e+001  2.390000e+001
      vertex -1.012553e+001  3.558755e+001  2.390000e+001
      vertex -8.471170e+000  3.601721e+001  2.390000e+001
    endloop
  endfacet
  facet normal  0.000000e+000  0.000000e+000 -1.000000e+000
    outer loop
      vertex  1.012553e+001  3.558755e+001  2.390000e+001
      vertex -8.471170e+000  3.601721e+001  2.390000e+001
      vertex  8.471170e+000  3.601721e+001  2.390000e+001
    endloop
  endfacet
  facet normal  0.000000e+000  0.000000e+000 -1.000000e+000
    outer loop
      vertex  8.471170e+000  3.601721e+001  2.390000e+001
      vertex -8.471170e+000  3.601721e+001  2.390000e+001
      vertex -6.798732e+000  3.637001e+001  2.390000e+001
    endloop
  endfacet
  facet normal  0.000000e+000  0.000000e+000 -1.000000e+000
    outer loop
      vertex  8.471170e+000  3.601721e+001  2.390000e+001
      vertex -6.798732e+000  3.637001e+001  2.390000e+001
      vertex  6.798732e+000  3.637001e+001  2.390000e+001
    endloop
  endfacet
  facet normal  0.000000e+000  0.000000e+000 -1.000000e+000
    outer loop
      vertex  6.798732e+000  3.637001e+001  2.390000e+001
      vertex -6.798732e+000  3.637001e+001  2.390000e+001
      vertex -5.111785e+000  3.664519e+001  2.390000e+001
    endloop
  endfacet
  facet normal  0.000000e+000  0.000000e+000 -1.000000e+000
    outer loop
      vertex  6.798732e+000  3.637001e+001  2.390000e+001
      vertex -5.111785e+000  3.664519e+001  2.390000e+001
      vertex  5.111785e+000  3.664519e+001  2.390000e+001
    endloop
  endfacet
  facet normal  0.000000e+000  0.000000e+000 -1.000000e+000
    outer loop
      vertex  5.111785e+000  3.664519e+001  2.390000e+001
      vertex -5.111785e+000  3.664519e+001  2.390000e+001
      vertex -3.413929e+000  3.684216e+001  2.390000e+001
    endloop
  endfacet
  facet normal  0.000000e+000  0.000000e+000 -1.000000e+000
    outer loop
      vertex  5.111785e+000  3.664519e+001  2.390000e+001
      vertex -3.413929e+000  3.684216e+001  2.390000e+001
      vertex  3.413929e+000  3.684216e+001  2.390000e+001
    endloop
  endfacet
  facet normal  0.000000e+000  0.000000e+000 -1.000000e+000
    outer loop
      vertex  3.413929e+000  3.684216e+001  2.390000e+001
      vertex -3.413929e+000  3.684216e+001  2.390000e+001
      vertex -1.708788e+000  3.696052e+001  2.390000e+001
    endloop
  endfacet
  facet normal  0.000000e+000  0.000000e+000 -1.000000e+000
    outer loop
      vertex  3.413929e+000  3.684216e+001  2.390000e+001
      vertex -1.708788e+000  3.696052e+001  2.390000e+001
      vertex  1.708788e+000  3.696052e+001  2.390000e+001
    endloop
  endfacet
  facet normal  0.000000e+000  0.000000e+000 -9.999999e-001
    outer loop
      vertex  8.471170e+000  3.201721e+001  2.390000e+001
      vertex  1.947799e+001  3.145803e+001  2.390000e+001
      vertex  1.012553e+001  3.158755e+001  2.390000e+001
    endloop
  endfacet
  facet normal  0.000000e+000  0.000000e+000 -1.000000e+000
    outer loop
      vertex  1.012553e+001  3.158755e+001  2.390000e+001
      vertex  1.947799e+001  3.145803e+001  2.390000e+001
      vertex  2.091005e+001  3.052491e+001  2.390000e+001
    endloop
  endfacet
  facet normal  0.000000e+000  0.000000e+000 -9.999999e-001
    outer loop
      vertex  1.012553e+001  3.158755e+001  2.390000e+001
      vertex  2.091005e+001  3.052491e+001  2.390000e+001
      vertex  1.175828e+001  3.108194e+001  2.390000e+001
    endloop
  endfacet
  facet normal  0.000000e+000  0.000000e+000 -1.000000e+000
    outer loop
      vertex  1.800437e+001  2.832403e+001  2.390000e+001
      vertex  1.649232e+001  2.912104e+001  2.390000e+001
      vertex  2.363733e+001  2.846536e+001  2.390000e+001
    endloop
  endfacet
  facet normal  0.000000e+000  0.000000e+000 -1.000000e+000
    outer loop
      vertex  2.363733e+001  2.846536e+001  2.390000e+001
      vertex  1.649232e+001  2.912104e+001  2.390000e+001
      vertex  1.494508e+001  2.984737e+001  2.390000e+001
    endloop
  endfacet
  facet normal  0.000000e+000  0.000000e+000 -1.000000e+000
    outer loop
      vertex  2.363733e+001  2.846536e+001  2.390000e+001
      vertex  1.494508e+001  2.984737e+001  2.390000e+001
      vertex  2.229748e+001  2.952664e+001  2.390000e+001
    endloop
  endfacet
  facet normal  0.000000e+000  0.000000e+000 -1.000000e+000
    outer loop
      vertex  2.229748e+001  2.952664e+001  2.390000e+001
      vertex  1.494508e+001  2.984737e+001  2.390000e+001
      vertex  1.336594e+001  3.050147e+001  2.390000e+001
    endloop
  endfacet
  facet normal  0.000000e+000  0.000000e+000 -1.000000e+000
    outer loop
      vertex  2.229748e+001  2.952664e+001  2.390000e+001
      vertex  1.336594e+001  3.050147e+001  2.390000e+001
      vertex  2.091005e+001  3.052491e+001  2.390000e+001
    endloop
  endfacet
  facet normal  0.000000e+000  0.000000e+000 -1.000000e+000
    outer loop
      vertex  2.363733e+001  2.446536e+001  2.390000e+001
      vertex  2.229748e+001  2.552664e+001  2.390000e+001
      vertex  2.734333e+001  2.492674e+001  2.390000e+001
    endloop
  endfacet
  facet normal  0.000000e+000  0.000000e+000 -1.000000e+000
    outer loop
      vertex  2.734333e+001  2.492674e+001  2.390000e+001
      vertex  2.229748e+001  2.552664e+001  2.390000e+001
      vertex  2.091005e+001  2.652491e+001  2.390000e+001
    endloop
  endfacet
  facet normal  0.000000e+000  0.000000e+000 -1.000000e+000
    outer loop
      vertex  2.734333e+001  2.492674e+001  2.390000e+001
      vertex  2.091005e+001  2.652491e+001  2.390000e+001
      vertex  2.616295e+001  2.616295e+001  2.390000e+001
    endloop
  endfacet
  facet normal  0.000000e+000  0.000000e+000 -1.000000e+000
    outer loop
      vertex  2.616295e+001  2.616295e+001  2.390000e+001
      vertex  2.091005e+001  2.652491e+001  2.390000e+001
      vertex  1.947799e+001  2.745803e+001  2.390000e+001
    endloop
  endfacet
  facet normal  0.000000e+000  0.000000e+000 -1.000000e+000
    outer loop
      vertex  2.616295e+001  2.616295e+001  2.390000e+001
      vertex  1.947799e+001  2.745803e+001  2.390000e+001
      vertex  2.492674e+001  2.734333e+001  2.390000e+001
    endloop
  endfacet
  facet normal  0.000000e+000  0.000000e+000 -9.999999e-001
    outer loop
      vertex  2.492674e+001  2.734333e+001  2.390000e+001
      vertex  1.947799e+001  2.745803e+001  2.390000e+001
      vertex  1.800437e+001  2.832403e+001  2.390000e+001
    endloop
  endfacet
  facet normal  0.000000e+000  0.000000e+000 -1.000000e+000
    outer loop
      vertex  2.492674e+001  2.734333e+001  2.390000e+001
      vertex  1.800437e+001  2.832403e+001  2.390000e+001
      vertex  2.363733e+001  2.846536e+001  2.390000e+001
    endloop
  endfacet
  facet normal  0.000000e+000  0.000000e+000 -9.999999e-001
    outer loop
      vertex  3.450147e+001  9.365942e+000  2.390000e+001
      vertex  3.384737e+001  1.094508e+001  2.390000e+001
      vertex  3.558755e+001  1.012553e+001  2.390000e+001
    endloop
  endfacet
  facet normal  0.000000e+000  0.000000e+000 -1.000000e+000
    outer loop
      vertex  3.558755e+001  1.012553e+001  2.390000e+001
      vertex  3.384737e+001  1.094508e+001  2.390000e+001
      vertex  3.312104e+001  1.249232e+001  2.390000e+001
    endloop
  endfacet
  facet normal  0.000000e+000  0.000000e+000 -1.000000e+000
    outer loop
      vertex  3.558755e+001  1.012553e+001  2.390000e+001
      vertex  3.312104e+001  1.249232e+001  2.390000e+001
      vertex  3.508194e+001  1.175828e+001  2.390000e+001
    endloop
  endfacet
  facet normal  0.000000e+000  0.000000e+000 -1.000000e+000
    outer loop
      vertex  3.508194e+001  1.175828e+001  2.390000e+001
      vertex  3.312104e+001  1.249232e+001  2.390000e+001
      vertex  3.232403e+001  1.400437e+001  2.390000e+001
    endloop
  endfacet
  facet normal  0.000000e+000  0.000000e+000 -1.000000e+000
    outer loop
      vertex  3.508194e+001  1.175828e+001  2.390000e+001
      vertex  3.232403e+001  1.400437e+001  2.390000e+001
      vertex  3.450147e+001  1.336594e+001  2.390000e+001
    endloop
  endfacet
  facet normal  0.000000e+000  0.000000e+000 -1.000000e+000
    outer loop
      vertex  3.450147e+001  1.336594e+001  2.390000e+001
      vertex  3.232403e+001  1.400437e+001  2.390000e+001
      vertex  3.145803e+001  1.547799e+001  2.390000e+001
    endloop
  endfacet
  facet normal  0.000000e+000  0.000000e+000 -9.999999e-001
    outer loop
      vertex  3.450147e+001  1.336594e+001  2.390000e+001
      vertex  3.145803e+001  1.547799e+001  2.390000e+001
      vertex  3.384737e+001  1.494508e+001  2.390000e+001
    endloop
  endfacet
  facet normal  0.000000e+000  0.000000e+000 -1.000000e+000
    outer loop
      vertex  3.384737e+001  1.494508e+001  2.390000e+001
      vertex  3.145803e+001  1.547799e+001  2.390000e+001
      vertex  3.052491e+001  1.691005e+001  2.390000e+001
    endloop
  endfacet
  facet normal  0.000000e+000  0.000000e+000 -1.000000e+000
    outer loop
      vertex  3.384737e+001  1.494508e+001  2.390000e+001
      vertex  3.052491e+001  1.691005e+001  2.390000e+001
      vertex  3.312104e+001  1.649232e+001  2.390000e+001
    endloop
  endfacet
  facet normal  0.000000e+000  0.000000e+000 -1.000000e+000
    outer loop
      vertex  3.312104e+001  1.649232e+001  2.390000e+001
      vertex  3.052491e+001  1.691005e+001  2.390000e+001
      vertex  2.952664e+001  1.829748e+001  2.390000e+001
    endloop
  endfacet
  facet normal  0.000000e+000  0.000000e+000 -1.000000e+000
    outer loop
      vertex  3.312104e+001  1.649232e+001  2.390000e+001
      vertex  2.952664e+001  1.829748e+001  2.390000e+001
      vertex  3.232403e+001  1.800437e+001  2.390000e+001
    endloop
  endfacet
  facet normal  0.000000e+000  0.000000e+000 -1.000000e+000
    outer loop
      vertex  3.232403e+001  1.800437e+001  2.390000e+001
      vertex  2.952664e+001  1.829748e+001  2.390000e+001
      vertex  2.846536e+001  1.963733e+001  2.390000e+001
    endloop
  endfacet
  facet normal  0.000000e+000  0.000000e+000 -1.000000e+000
    outer loop
      vertex  3.232403e+001  1.800437e+001  2.390000e+001
      vertex  2.846536e+001  1.963733e+001  2.390000e+001
      vertex  3.145803e+001  1.947799e+001  2.390000e+001
    endloop
  endfacet
  facet normal  0.000000e+000  0.000000e+000 -1.000000e+000
    outer loop
      vertex  3.145803e+001  1.947799e+001  2.390000e+001
      vertex  2.846536e+001  1.963733e+001  2.390000e+001
      vertex  2.734333e+001  2.092674e+001  2.390000e+001
    endloop
  endfacet
  facet normal  0.000000e+000  0.000000e+000 -1.000000e+000
    outer loop
      vertex  3.145803e+001  1.947799e+001  2.390000e+001
      vertex  2.734333e+001  2.092674e+001  2.390000e+001
      vertex  3.052491e+001  2.091005e+001  2.390000e+001
    endloop
  endfacet
  facet normal  0.000000e+000  0.000000e+000 -9.999999e-001
    outer loop
      vertex  3.052491e+001  2.091005e+001  2.390000e+001
      vertex  2.734333e+001  2.092674e+001  2.390000e+001
      vertex  2.616295e+001  2.216295e+001  2.390000e+001
    endloop
  endfacet
  facet normal  0.000000e+000  0.000000e+000 -9.999999e-001
    outer loop
      vertex  3.052491e+001  2.091005e+001  2.390000e+001
      vertex  2.616295e+001  2.216295e+001  2.390000e+001
      vertex  2.952664e+001  2.229748e+001  2.390000e+001
    endloop
  endfacet
  facet normal  -0.000000e+000  0.000000e+000 -1.000000e+000
    outer loop
      vertex  2.952664e+001  2.229748e+001  2.390000e+001
      vertex  2.616295e+001  2.216295e+001  2.390000e+001
      vertex  2.492674e+001  2.334333e+001  2.390000e+001
    endloop
  endfacet
  facet normal  0.000000e+000  0.000000e+000 -1.000000e+000
    outer loop
      vertex  2.952664e+001  2.229748e+001  2.390000e+001
      vertex  2.492674e+001  2.334333e+001  2.390000e+001
      vertex  2.846536e+001  2.363733e+001  2.390000e+001
    endloop
  endfacet
  facet normal  -0.000000e+000  0.000000e+000 -1.000000e+000
    outer loop
      vertex  2.846536e+001  2.363733e+001  2.390000e+001
      vertex  2.492674e+001  2.334333e+001  2.390000e+001
      vertex  2.363733e+001  2.446536e+001  2.390000e+001
    endloop
  endfacet
  facet normal  0.000000e+000  0.000000e+000 -1.000000e+000
    outer loop
      vertex  2.846536e+001  2.363733e+001  2.390000e+001
      vertex  2.363733e+001  2.446536e+001  2.390000e+001
      vertex  2.734333e+001  2.492674e+001  2.390000e+001
    endloop
  endfacet
  facet normal  0.000000e+000  0.000000e+000 -1.000000e+000
    outer loop
      vertex  3.637001e+001  6.798732e+000  2.390000e+001
      vertex  3.508194e+001  7.758283e+000  2.390000e+001
      vertex  3.601721e+001  8.471170e+000  2.390000e+001
    endloop
  endfacet
  facet normal  -0.000000e+000  0.000000e+000 -1.000000e+000
    outer loop
      vertex  3.601721e+001  8.471170e+000  2.390000e+001
      vertex  3.508194e+001  7.758283e+000  2.390000e+001
      vertex  3.450147e+001  9.365942e+000  2.390000e+001
    endloop
  endfacet
  facet normal  0.000000e+000  0.000000e+000 -1.000000e+000
    outer loop
      vertex  3.601721e+001  8.471170e+000  2.390000e+001
      vertex  3.450147e+001  9.365942e+000  2.390000e+001
      vertex  3.558755e+001  1.012553e+001  2.390000e+001
    endloop
  endfacet
  facet normal  -0.000000e+000  0.000000e+000 -1.000000e+000
    outer loop
      vertex  3.508194e+001  7.758283e+000  2.390000e+001
      vertex  3.637001e+001  6.798732e+000  2.390000e+001
      vertex  3.558755e+001  6.125531e+000  2.390000e+001
    endloop
  endfacet
  facet normal  0.000000e+000  0.000000e+000 -1.000000e+000
    outer loop
      vertex  3.558755e+001  6.125531e+000  2.390000e+001
      vertex  3.637001e+001  6.798732e+000  2.390000e+001
      vertex  3.664519e+001  5.111785e+000  2.390000e+001
    endloop
  endfacet
  facet normal  -0.000000e+000  0.000000e+000 -1.000000e+000
    outer loop
      vertex  3.558755e+001  6.125531e+000  2.390000e+001
      vertex  3.664519e+001  5.111785e+000  2.390000e+001
      vertex  3.601721e+001  4.471170e+000  2.390000e+001
    endloop
  endfacet
  facet normal  0.000000e+000  0.000000e+000 -1.000000e+000
    outer loop
      vertex  3.601721e+001  4.471170e+000  2.390000e+001
      vertex  3.664519e+001  5.111785e+000  2.390000e+001
      vertex  3.684216e+001  3.413929e+000  2.390000e+001
    endloop
  endfacet
  facet normal  -0.000000e+000  0.000000e+000 -1.000000e+000
    outer loop
      vertex  3.601721e+001  4.471170e+000  2.390000e+001
      vertex  3.684216e+001  3.413929e+000  2.390000e+001
      vertex  3.637001e+001  2.798732e+000  2.390000e+001
    endloop
  endfacet
  facet normal  0.000000e+000  0.000000e+000 -9.999999e-001
    outer loop
      vertex  3.637001e+001  2.798732e+000  2.390000e+001
      vertex  3.684216e+001  3.413929e+000  2.390000e+001
      vertex  3.696052e+001  1.708788e+000  2.390000e+001
    endloop
  endfacet
  facet normal  -0.000000e+000  0.000000e+000 -1.000000e+000
    outer loop
      vertex  3.637001e+001  2.798732e+000  2.390000e+001
      vertex  3.696052e+001  1.708788e+000  2.390000e+001
      vertex  3.664519e+001  1.111785e+000  2.390000e+001
    endloop
  endfacet
  facet normal  1.000000e+000  0.000000e+000  0.000000e+000
    outer loop
      vertex  3.700000e+001  0.000000e+000  2.390000e+001
      vertex  3.700000e+001  0.000000e+000  2.610000e+001
      vertex  3.700000e+001 -4.000000e+000  2.390000e+001
    endloop
  endfacet
  facet normal  1.000000e+000  0.000000e+000  0.000000e+000
    outer loop
      vertex  3.700000e+001 -4.000000e+000  2.390000e+001
      vertex  3.700000e+001  0.000000e+000  2.610000e+001
      vertex  3.700000e+001 -4.000000e+000  2.610000e+001
    endloop
  endfacet
  facet normal -1.000000e+000  0.000000e+000  0.000000e+000
    outer loop
      vertex -3.700000e+001  4.531044e-015  2.390000e+001
      vertex -3.700000e+001 -4.000000e+000  2.390000e+001
      vertex -3.700000e+001 -2.833156e-014  2.610000e+001
    endloop
  endfacet
  facet normal -1.000000e+000  -0.000000e+000  0.000000e+000
    outer loop
      vertex -3.700000e+001 -2.833156e-014  2.610000e+001
      vertex -3.700000e+001 -4.000000e+000  2.390000e+001
      vertex -3.700000e+001 -4.000000e+000  2.610000e+001
    endloop
  endfacet
  facet normal -9.997332e-001  2.309694e-002  3.450115e-016
    outer loop
      vertex -3.700000e+001  4.531044e-015  2.390000e+001
      vertex -3.700000e+001 -2.833156e-014  2.610000e+001
      vertex -3.696052e+001  1.708788e+000  2.390000e+001
    endloop
  endfacet
  facet normal -9.997332e-001  2.309694e-002  0.000000e+000
    outer loop
      vertex -3.696052e+001  1.708788e+000  2.390000e+001
      vertex -3.700000e+001 -2.833156e-014  2.610000e+001
      vertex -3.696052e+001  1.708788e+000  2.610000e+001
    endloop
  endfacet
  facet normal -9.975997e-001  6.924617e-002  0.000000e+000
    outer loop
      vertex -3.696052e+001  1.708788e+000  2.390000e+001
      vertex -3.696052e+001  1.708788e+000  2.610000e+001
      vertex -3.684216e+001  3.413929e+000  2.390000e+001
    endloop
  endfacet
  facet normal -9.975997e-001  6.924617e-002  0.000000e+000
    outer loop
      vertex -3.684216e+001  3.413929e+000  2.390000e+001
      vertex -3.696052e+001  1.708788e+000  2.610000e+001
      vertex -3.684216e+001  3.413929e+000  2.610000e+001
    endloop
  endfacet
  facet normal -9.933375e-001  1.152415e-001  0.000000e+000
    outer loop
      vertex -3.684216e+001  3.413929e+000  2.390000e+001
      vertex -3.684216e+001  3.413929e+000  2.610000e+001
      vertex -3.664519e+001  5.111785e+000  2.390000e+001
    endloop
  endfacet
  facet normal -9.933375e-001  1.152415e-001  0.000000e+000
    outer loop
      vertex -3.664519e+001  5.111785e+000  2.390000e+001
      vertex -3.684216e+001  3.413929e+000  2.610000e+001
      vertex -3.664519e+001  5.111785e+000  2.610000e+001
    endloop
  endfacet
  facet normal -9.869552e-001  1.609956e-001  0.000000e+000
    outer loop
      vertex -3.664519e+001  5.111785e+000  2.390000e+001
      vertex -3.664519e+001  5.111785e+000  2.610000e+001
      vertex -3.637001e+001  6.798732e+000  2.390000e+001
    endloop
  endfacet
  facet normal -9.869552e-001  1.609956e-001  0.000000e+000
    outer loop
      vertex -3.637001e+001  6.798732e+000  2.390000e+001
      vertex -3.664519e+001  5.111785e+000  2.610000e+001
      vertex -3.637001e+001  6.798732e+000  2.610000e+001
    endloop
  endfacet
  facet normal -9.784664e-001  2.064061e-001  0.000000e+000
    outer loop
      vertex -3.637001e+001  6.798732e+000  2.390000e+001
      vertex -3.637001e+001  6.798732e+000  2.610000e+001
      vertex -3.601721e+001  8.471170e+000  2.390000e+001
    endloop
  endfacet
  facet normal -9.784664e-001  2.064061e-001  0.000000e+000
    outer loop
      vertex -3.601721e+001  8.471170e+000  2.390000e+001
      vertex -3.637001e+001  6.798732e+000  2.610000e+001
      vertex -3.601721e+001  8.471170e+000  2.610000e+001
    endloop
  endfacet
  facet normal -9.678898e-001  2.513748e-001  0.000000e+000
    outer loop
      vertex -3.601721e+001  8.471170e+000  2.390000e+001
      vertex -3.601721e+001  8.471170e+000  2.610000e+001
      vertex -3.558755e+001  1.012553e+001  2.390000e+001
    endloop
  endfacet
  facet normal -9.678898e-001  2.513748e-001  0.000000e+000
    outer loop
      vertex -3.558755e+001  1.012553e+001  2.390000e+001
      vertex -3.601721e+001  8.471170e+000  2.610000e+001
      vertex -3.558755e+001  1.012553e+001  2.610000e+001
    endloop
  endfacet
  facet normal -9.552482e-001  2.958055e-001  0.000000e+000
    outer loop
      vertex -3.558755e+001  1.012553e+001  2.390000e+001
      vertex -3.558755e+001  1.012553e+001  2.610000e+001
      vertex -3.508194e+001  1.175828e+001  2.390000e+001
    endloop
  endfacet
  facet normal -9.552482e-001  2.958055e-001  0.000000e+000
    outer loop
      vertex -3.508194e+001  1.175828e+001  2.390000e+001
      vertex -3.558755e+001  1.012553e+001  2.610000e+001
      vertex -3.508194e+001  1.175828e+001  2.610000e+001
    endloop
  endfacet
  facet normal -9.405674e-001  3.396069e-001  0.000000e+000
    outer loop
      vertex -3.508194e+001  1.175828e+001  2.390000e+001
      vertex -3.508194e+001  1.175828e+001  2.610000e+001
      vertex -3.450147e+001  1.336594e+001  2.390000e+001
    endloop
  endfacet
  facet normal -9.405674e-001  3.396069e-001  0.000000e+000
    outer loop
      vertex -3.450147e+001  1.336594e+001  2.390000e+001
      vertex -3.508194e+001  1.175828e+001  2.610000e+001
      vertex -3.450147e+001  1.336594e+001  2.610000e+001
    endloop
  endfacet
  facet normal -9.238796e-001  3.826831e-001  0.000000e+000
    outer loop
      vertex -3.450147e+001  1.336594e+001  2.390000e+001
      vertex -3.450147e+001  1.336594e+001  2.610000e+001
      vertex -3.384737e+001  1.494508e+001  2.390000e+001
    endloop
  endfacet
  facet normal -9.238796e-001  3.826831e-001  0.000000e+000
    outer loop
      vertex -3.384737e+001  1.494508e+001  2.390000e+001
      vertex -3.450147e+001  1.336594e+001  2.610000e+001
      vertex -3.384737e+001  1.494508e+001  2.610000e+001
    endloop
  endfacet
  facet normal -9.052196e-001  4.249441e-001  0.000000e+000
    outer loop
      vertex -3.384737e+001  1.494508e+001  2.390000e+001
      vertex -3.384737e+001  1.494508e+001  2.610000e+001
      vertex -3.312104e+001  1.649232e+001  2.390000e+001
    endloop
  endfacet
  facet normal -9.052196e-001  4.249441e-001  0.000000e+000
    outer loop
      vertex -3.312104e+001  1.649232e+001  2.390000e+001
      vertex -3.384737e+001  1.494508e+001  2.610000e+001
      vertex -3.312104e+001  1.649232e+001  2.610000e+001
    endloop
  endfacet
  facet normal -8.846291e-001  4.662953e-001  0.000000e+000
    outer loop
      vertex -3.312104e+001  1.649232e+001  2.390000e+001
      vertex -3.312104e+001  1.649232e+001  2.610000e+001
      vertex -3.232403e+001  1.800437e+001  2.390000e+001
    endloop
  endfacet
  facet normal -8.846291e-001  4.662953e-001  0.000000e+000
    outer loop
      vertex -3.232403e+001  1.800437e+001  2.390000e+001
      vertex -3.312104e+001  1.649232e+001  2.610000e+001
      vertex -3.232403e+001  1.800437e+001  2.610000e+001
    endloop
  endfacet
  facet normal -8.621499e-001  5.066534e-001  0.000000e+000
    outer loop
      vertex -3.232403e+001  1.800437e+001  2.390000e+001
      vertex -3.232403e+001  1.800437e+001  2.610000e+001
      vertex -3.145803e+001  1.947799e+001  2.390000e+001
    endloop
  endfacet
  facet normal -8.621499e-001  5.066534e-001  0.000000e+000
    outer loop
      vertex -3.145803e+001  1.947799e+001  2.390000e+001
      vertex -3.232403e+001  1.800437e+001  2.610000e+001
      vertex -3.145803e+001  1.947799e+001  2.610000e+001
    endloop
  endfacet
  facet normal -8.378308e-001  5.459301e-001  0.000000e+000
    outer loop
      vertex -3.145803e+001  1.947799e+001  2.390000e+001
      vertex -3.145803e+001  1.947799e+001  2.610000e+001
      vertex -3.052491e+001  2.091005e+001  2.390000e+001
    endloop
  endfacet
  facet normal -8.378308e-001  5.459301e-001  0.000000e+000
    outer loop
      vertex -3.052491e+001  2.091005e+001  2.390000e+001
      vertex -3.145803e+001  1.947799e+001  2.610000e+001
      vertex -3.052491e+001  2.091005e+001  2.610000e+001
    endloop
  endfacet
  facet normal -8.117241e-001  5.840410e-001  0.000000e+000
    outer loop
      vertex -3.052491e+001  2.091005e+001  2.390000e+001
      vertex -3.052491e+001  2.091005e+001  2.610000e+001
      vertex -2.952664e+001  2.229748e+001  2.390000e+001
    endloop
  endfacet
  facet normal -8.117241e-001  5.840410e-001  0.000000e+000
    outer loop
      vertex -2.952664e+001  2.229748e+001  2.390000e+001
      vertex -3.052491e+001  2.091005e+001  2.610000e+001
      vertex -2.952664e+001  2.229748e+001  2.610000e+001
    endloop
  endfacet
  facet normal -7.838843e-001  6.209069e-001  0.000000e+000
    outer loop
      vertex -2.952664e+001  2.229748e+001  2.390000e+001
      vertex -2.952664e+001  2.229748e+001  2.610000e+001
      vertex -2.846536e+001  2.363733e+001  2.390000e+001
    endloop
  endfacet
  facet normal -7.838843e-001  6.209069e-001  0.000000e+000
    outer loop
      vertex -2.846536e+001  2.363733e+001  2.390000e+001
      vertex -2.952664e+001  2.229748e+001  2.610000e+001
      vertex -2.846536e+001  2.363733e+001  2.610000e+001
    endloop
  endfacet
  facet normal -7.543731e-001  6.564460e-001  0.000000e+000
    outer loop
      vertex -2.846536e+001  2.363733e+001  2.390000e+001
      vertex -2.846536e+001  2.363733e+001  2.610000e+001
      vertex -2.734333e+001  2.492674e+001  2.390000e+001
    endloop
  endfacet
  facet normal -7.543731e-001  6.564460e-001  0.000000e+000
    outer loop
      vertex -2.734333e+001  2.492674e+001  2.390000e+001
      vertex -2.846536e+001  2.363733e+001  2.610000e+001
      vertex -2.734333e+001  2.492674e+001  2.610000e+001
    endloop
  endfacet
  facet normal -7.232505e-001  6.905858e-001  0.000000e+000
    outer loop
      vertex -2.734333e+001  2.492674e+001  2.390000e+001
      vertex -2.734333e+001  2.492674e+001  2.610000e+001
      vertex -2.616295e+001  2.616295e+001  2.390000e+001
    endloop
  endfacet
  facet normal -7.232505e-001  6.905858e-001  0.000000e+000
    outer loop
      vertex -2.616295e+001  2.616295e+001  2.390000e+001
      vertex -2.734333e+001  2.492674e+001  2.610000e+001
      vertex -2.616295e+001  2.616295e+001  2.610000e+001
    endloop
  endfacet
  facet normal -6.905858e-001  7.232505e-001  0.000000e+000
    outer loop
      vertex -2.616295e+001  2.616295e+001  2.390000e+001
      vertex -2.616295e+001  2.616295e+001  2.610000e+001
      vertex -2.492674e+001  2.734333e+001  2.390000e+001
    endloop
  endfacet
  facet normal -6.905858e-001  7.232505e-001  0.000000e+000
    outer loop
      vertex -2.492674e+001  2.734333e+001  2.390000e+001
      vertex -2.616295e+001  2.616295e+001  2.610000e+001
      vertex -2.492674e+001  2.734333e+001  2.610000e+001
    endloop
  endfacet
  facet normal -6.564460e-001  7.543731e-001  0.000000e+000
    outer loop
      vertex -2.492674e+001  2.734333e+001  2.390000e+001
      vertex -2.492674e+001  2.734333e+001  2.610000e+001
      vertex -2.363733e+001  2.846536e+001  2.390000e+001
    endloop
  endfacet
  facet normal -6.564460e-001  7.543731e-001  0.000000e+000
    outer loop
      vertex -2.363733e+001  2.846536e+001  2.390000e+001
      vertex -2.492674e+001  2.734333e+001  2.610000e+001
      vertex -2.363733e+001  2.846536e+001  2.610000e+001
    endloop
  endfacet
  facet normal -6.209069e-001  7.838843e-001  0.000000e+000
    outer loop
      vertex -2.363733e+001  2.846536e+001  2.390000e+001
      vertex -2.363733e+001  2.846536e+001  2.610000e+001
      vertex -2.229748e+001  2.952664e+001  2.390000e+001
    endloop
  endfacet
  facet normal -6.209069e-001  7.838843e-001  0.000000e+000
    outer loop
      vertex -2.229748e+001  2.952664e+001  2.390000e+001
      vertex -2.363733e+001  2.846536e+001  2.610000e+001
      vertex -2.229748e+001  2.952664e+001  2.610000e+001
    endloop
  endfacet
  facet normal -5.840410e-001  8.117241e-001  0.000000e+000
    outer loop
      vertex -2.229748e+001  2.952664e+001  2.390000e+001
      vertex -2.229748e+001  2.952664e+001  2.610000e+001
      vertex -2.091005e+001  3.052491e+001  2.390000e+001
    endloop
  endfacet
  facet normal -5.840410e-001  8.117241e-001  0.000000e+000
    outer loop
      vertex -2.091005e+001  3.052491e+001  2.390000e+001
      vertex -2.229748e+001  2.952664e+001  2.610000e+001
      vertex -2.091005e+001  3.052491e+001  2.610000e+001
    endloop
  endfacet
  facet normal -5.459301e-001  8.378308e-001  0.000000e+000
    outer loop
      vertex -2.091005e+001  3.052491e+001  2.390000e+001
      vertex -2.091005e+001  3.052491e+001  2.610000e+001
      vertex -1.947799e+001  3.145803e+001  2.390000e+001
    endloop
  endfacet
  facet normal -5.459301e-001  8.378308e-001  0.000000e+000
    outer loop
      vertex -1.947799e+001  3.145803e+001  2.390000e+001
      vertex -2.091005e+001  3.052491e+001  2.610000e+001
      vertex -1.947799e+001  3.145803e+001  2.610000e+001
    endloop
  endfacet
  facet normal -5.066534e-001  8.621499e-001  0.000000e+000
    outer loop
      vertex -1.947799e+001  3.145803e+001  2.390000e+001
      vertex -1.947799e+001  3.145803e+001  2.610000e+001
      vertex -1.800437e+001  3.232403e+001  2.390000e+001
    endloop
  endfacet
  facet normal -5.066534e-001  8.621499e-001  0.000000e+000
    outer loop
      vertex -1.800437e+001  3.232403e+001  2.390000e+001
      vertex -1.947799e+001  3.145803e+001  2.610000e+001
      vertex -1.800437e+001  3.232403e+001  2.610000e+001
    endloop
  endfacet
  facet normal -4.662953e-001  8.846291e-001  0.000000e+000
    outer loop
      vertex -1.800437e+001  3.232403e+001  2.390000e+001
      vertex -1.800437e+001  3.232403e+001  2.610000e+001
      vertex -1.649232e+001  3.312104e+001  2.390000e+001
    endloop
  endfacet
  facet normal -4.662953e-001  8.846291e-001  0.000000e+000
    outer loop
      vertex -1.649232e+001  3.312104e+001  2.390000e+001
      vertex -1.800437e+001  3.232403e+001  2.610000e+001
      vertex -1.649232e+001  3.312104e+001  2.610000e+001
    endloop
  endfacet
  facet normal -4.249441e-001  9.052196e-001  0.000000e+000
    outer loop
      vertex -1.649232e+001  3.312104e+001  2.390000e+001
      vertex -1.649232e+001  3.312104e+001  2.610000e+001
      vertex -1.494508e+001  3.384737e+001  2.390000e+001
    endloop
  endfacet
  facet normal -4.249441e-001  9.052196e-001  0.000000e+000
    outer loop
      vertex -1.494508e+001  3.384737e+001  2.390000e+001
      vertex -1.649232e+001  3.312104e+001  2.610000e+001
      vertex -1.494508e+001  3.384737e+001  2.610000e+001
    endloop
  endfacet
  facet normal -3.826831e-001  9.238796e-001  0.000000e+000
    outer loop
      vertex -1.494508e+001  3.384737e+001  2.390000e+001
      vertex -1.494508e+001  3.384737e+001  2.610000e+001
      vertex -1.336594e+001  3.450147e+001  2.390000e+001
    endloop
  endfacet
  facet normal -3.826831e-001  9.238796e-001  0.000000e+000
    outer loop
      vertex -1.336594e+001  3.450147e+001  2.390000e+001
      vertex -1.494508e+001  3.384737e+001  2.610000e+001
      vertex -1.336594e+001  3.450147e+001  2.610000e+001
    endloop
  endfacet
  facet normal -3.396069e-001  9.405674e-001  0.000000e+000
    outer loop
      vertex -1.336594e+001  3.450147e+001  2.390000e+001
      vertex -1.336594e+001  3.450147e+001  2.610000e+001
      vertex -1.175828e+001  3.508194e+001  2.390000e+001
    endloop
  endfacet
  facet normal -3.396069e-001  9.405674e-001  0.000000e+000
    outer loop
      vertex -1.175828e+001  3.508194e+001  2.390000e+001
      vertex -1.336594e+001  3.450147e+001  2.610000e+001
      vertex -1.175828e+001  3.508194e+001  2.610000e+001
    endloop
  endfacet
  facet normal -2.958055e-001  9.552482e-001  0.000000e+000
    outer loop
      vertex -1.175828e+001  3.508194e+001  2.390000e+001
      vertex -1.175828e+001  3.508194e+001  2.610000e+001
      vertex -1.012553e+001  3.558755e+001  2.390000e+001
    endloop
  endfacet
  facet normal -2.958055e-001  9.552482e-001  0.000000e+000
    outer loop
      vertex -1.012553e+001  3.558755e+001  2.390000e+001
      vertex -1.175828e+001  3.508194e+001  2.610000e+001
      vertex -1.012553e+001  3.558755e+001  2.610000e+001
    endloop
  endfacet
  facet normal -2.513748e-001  9.678898e-001  0.000000e+000
    outer loop
      vertex -1.012553e+001  3.558755e+001  2.390000e+001
      vertex -1.012553e+001  3.558755e+001  2.610000e+001
      vertex -8.471170e+000  3.601721e+001  2.390000e+001
    endloop
  endfacet
  facet normal -2.513748e-001  9.678898e-001  0.000000e+000
    outer loop
      vertex -8.471170e+000  3.601721e+001  2.390000e+001
      vertex -1.012553e+001  3.558755e+001  2.610000e+001
      vertex -8.471170e+000  3.601721e+001  2.610000e+001
    endloop
  endfacet
  facet normal -2.064061e-001  9.784664e-001  0.000000e+000
    outer loop
      vertex -8.471170e+000  3.601721e+001  2.390000e+001
      vertex -8.471170e+000  3.601721e+001  2.610000e+001
      vertex -6.798732e+000  3.637001e+001  2.390000e+001
    endloop
  endfacet
  facet normal -2.064061e-001  9.784664e-001  0.000000e+000
    outer loop
      vertex -6.798732e+000  3.637001e+001  2.390000e+001
      vertex -8.471170e+000  3.601721e+001  2.610000e+001
      vertex -6.798732e+000  3.637001e+001  2.610000e+001
    endloop
  endfacet
  facet normal -1.609956e-001  9.869552e-001  0.000000e+000
    outer loop
      vertex -6.798732e+000  3.637001e+001  2.390000e+001
      vertex -6.798732e+000  3.637001e+001  2.610000e+001
      vertex -5.111785e+000  3.664519e+001  2.390000e+001
    endloop
  endfacet
  facet normal -1.609956e-001  9.869552e-001  0.000000e+000
    outer loop
      vertex -5.111785e+000  3.664519e+001  2.390000e+001
      vertex -6.798732e+000  3.637001e+001  2.610000e+001
      vertex -5.111785e+000  3.664519e+001  2.610000e+001
    endloop
  endfacet
  facet normal -1.152415e-001  9.933375e-001  0.000000e+000
    outer loop
      vertex -5.111785e+000  3.664519e+001  2.390000e+001
      vertex -5.111785e+000  3.664519e+001  2.610000e+001
      vertex -3.413929e+000  3.684216e+001  2.390000e+001
    endloop
  endfacet
  facet normal -1.152415e-001  9.933375e-001  0.000000e+000
    outer loop
      vertex -3.413929e+000  3.684216e+001  2.390000e+001
      vertex -5.111785e+000  3.664519e+001  2.610000e+001
      vertex -3.413929e+000  3.684216e+001  2.610000e+001
    endloop
  endfacet
  facet normal -6.924617e-002  9.975997e-001  0.000000e+000
    outer loop
      vertex -3.413929e+000  3.684216e+001  2.390000e+001
      vertex -3.413929e+000  3.684216e+001  2.610000e+001
      vertex -1.708788e+000  3.696052e+001  2.390000e+001
    endloop
  endfacet
  facet normal -6.924617e-002  9.975997e-001  0.000000e+000
    outer loop
      vertex -1.708788e+000  3.696052e+001  2.390000e+001
      vertex -3.413929e+000  3.684216e+001  2.610000e+001
      vertex -1.708788e+000  3.696052e+001  2.610000e+001
    endloop
  endfacet
  facet normal -2.309694e-002  9.997332e-001  0.000000e+000
    outer loop
      vertex -1.708788e+000  3.696052e+001  2.390000e+001
      vertex -1.708788e+000  3.696052e+001  2.610000e+001
      vertex  2.265522e-015  3.700000e+001  2.390000e+001
    endloop
  endfacet
  facet normal -2.309694e-002  9.997332e-001  0.000000e+000
    outer loop
      vertex  2.265522e-015  3.700000e+001  2.390000e+001
      vertex -1.708788e+000  3.696052e+001  2.610000e+001
      vertex  2.265522e-015  3.700000e+001  2.610000e+001
    endloop
  endfacet
  facet normal  2.309694e-002  9.997332e-001  0.000000e+000
    outer loop
      vertex  2.265522e-015  3.700000e+001  2.390000e+001
      vertex  2.265522e-015  3.700000e+001  2.610000e+001
      vertex  1.708788e+000  3.696052e+001  2.390000e+001
    endloop
  endfacet
  facet normal  2.309694e-002  9.997332e-001  -0.000000e+000
    outer loop
      vertex  1.708788e+000  3.696052e+001  2.390000e+001
      vertex  2.265522e-015  3.700000e+001  2.610000e+001
      vertex  1.708788e+000  3.696052e+001  2.610000e+001
    endloop
  endfacet
  facet normal  6.924617e-002  9.975997e-001  0.000000e+000
    outer loop
      vertex  1.708788e+000  3.696052e+001  2.390000e+001
      vertex  1.708788e+000  3.696052e+001  2.610000e+001
      vertex  3.413929e+000  3.684216e+001  2.390000e+001
    endloop
  endfacet
  facet normal  6.924617e-002  9.975997e-001  -0.000000e+000
    outer loop
      vertex  3.413929e+000  3.684216e+001  2.390000e+001
      vertex  1.708788e+000  3.696052e+001  2.610000e+001
      vertex  3.413929e+000  3.684216e+001  2.610000e+001
    endloop
  endfacet
  facet normal  1.152415e-001  9.933375e-001  0.000000e+000
    outer loop
      vertex  3.413929e+000  3.684216e+001  2.390000e+001
      vertex  3.413929e+000  3.684216e+001  2.610000e+001
      vertex  5.111785e+000  3.664519e+001  2.390000e+001
    endloop
  endfacet
  facet normal  1.152415e-001  9.933375e-001  -0.000000e+000
    outer loop
      vertex  5.111785e+000  3.664519e+001  2.390000e+001
      vertex  3.413929e+000  3.684216e+001  2.610000e+001
      vertex  5.111785e+000  3.664519e+001  2.610000e+001
    endloop
  endfacet
  facet normal  1.609956e-001  9.869552e-001  0.000000e+000
    outer loop
      vertex  5.111785e+000  3.664519e+001  2.390000e+001
      vertex  5.111785e+000  3.664519e+001  2.610000e+001
      vertex  6.798732e+000  3.637001e+001  2.390000e+001
    endloop
  endfacet
  facet normal  1.609956e-001  9.869552e-001  -0.000000e+000
    outer loop
      vertex  6.798732e+000  3.637001e+001  2.390000e+001
      vertex  5.111785e+000  3.664519e+001  2.610000e+001
      vertex  6.798732e+000  3.637001e+001  2.610000e+001
    endloop
  endfacet
  facet normal  2.064061e-001  9.784664e-001  0.000000e+000
    outer loop
      vertex  6.798732e+000  3.637001e+001  2.390000e+001
      vertex  6.798732e+000  3.637001e+001  2.610000e+001
      vertex  8.471170e+000  3.601721e+001  2.390000e+001
    endloop
  endfacet
  facet normal  2.064061e-001  9.784664e-001  -0.000000e+000
    outer loop
      vertex  8.471170e+000  3.601721e+001  2.390000e+001
      vertex  6.798732e+000  3.637001e+001  2.610000e+001
      vertex  8.471170e+000  3.601721e+001  2.610000e+001
    endloop
  endfacet
  facet normal  2.513748e-001  9.678898e-001  0.000000e+000
    outer loop
      vertex  8.471170e+000  3.601721e+001  2.390000e+001
      vertex  8.471170e+000  3.601721e+001  2.610000e+001
      vertex  1.012553e+001  3.558755e+001  2.390000e+001
    endloop
  endfacet
  facet normal  2.513748e-001  9.678898e-001  -0.000000e+000
    outer loop
      vertex  1.012553e+001  3.558755e+001  2.390000e+001
      vertex  8.471170e+000  3.601721e+001  2.610000e+001
      vertex  1.012553e+001  3.558755e+001  2.610000e+001
    endloop
  endfacet
  facet normal  2.958055e-001  9.552482e-001  0.000000e+000
    outer loop
      vertex  1.012553e+001  3.558755e+001  2.390000e+001
      vertex  1.012553e+001  3.558755e+001  2.610000e+001
      vertex  1.175828e+001  3.508194e+001  2.390000e+001
    endloop
  endfacet
  facet normal  2.958055e-001  9.552482e-001  -0.000000e+000
    outer loop
      vertex  1.175828e+001  3.508194e+001  2.390000e+001
      vertex  1.012553e+001  3.558755e+001  2.610000e+001
      vertex  1.175828e+001  3.508194e+001  2.610000e+001
    endloop
  endfacet
  facet normal  3.396069e-001  9.405674e-001  0.000000e+000
    outer loop
      vertex  1.175828e+001  3.508194e+001  2.390000e+001
      vertex  1.175828e+001  3.508194e+001  2.610000e+001
      vertex  1.336594e+001  3.450147e+001  2.390000e+001
    endloop
  endfacet
  facet normal  3.396069e-001  9.405674e-001  -0.000000e+000
    outer loop
      vertex  1.336594e+001  3.450147e+001  2.390000e+001
      vertex  1.175828e+001  3.508194e+001  2.610000e+001
      vertex  1.336594e+001  3.450147e+001  2.610000e+001
    endloop
  endfacet
  facet normal  3.826831e-001  9.238796e-001  0.000000e+000
    outer loop
      vertex  1.336594e+001  3.450147e+001  2.390000e+001
      vertex  1.336594e+001  3.450147e+001  2.610000e+001
      vertex  1.494508e+001  3.384737e+001  2.390000e+001
    endloop
  endfacet
  facet normal  3.826831e-001  9.238796e-001  -0.000000e+000
    outer loop
      vertex  1.494508e+001  3.384737e+001  2.390000e+001
      vertex  1.336594e+001  3.450147e+001  2.610000e+001
      vertex  1.494508e+001  3.384737e+001  2.610000e+001
    endloop
  endfacet
  facet normal  4.249441e-001  9.052196e-001  0.000000e+000
    outer loop
      vertex  1.494508e+001  3.384737e+001  2.390000e+001
      vertex  1.494508e+001  3.384737e+001  2.610000e+001
      vertex  1.649232e+001  3.312104e+001  2.390000e+001
    endloop
  endfacet
  facet normal  4.249441e-001  9.052196e-001  -0.000000e+000
    outer loop
      vertex  1.649232e+001  3.312104e+001  2.390000e+001
      vertex  1.494508e+001  3.384737e+001  2.610000e+001
      vertex  1.649232e+001  3.312104e+001  2.610000e+001
    endloop
  endfacet
  facet normal  4.662953e-001  8.846291e-001  0.000000e+000
    outer loop
      vertex  1.649232e+001  3.312104e+001  2.390000e+001
      vertex  1.649232e+001  3.312104e+001  2.610000e+001
      vertex  1.800437e+001  3.232403e+001  2.390000e+001
    endloop
  endfacet
  facet normal  4.662953e-001  8.846291e-001  -0.000000e+000
    outer loop
      vertex  1.800437e+001  3.232403e+001  2.390000e+001
      vertex  1.649232e+001  3.312104e+001  2.610000e+001
      vertex  1.800437e+001  3.232403e+001  2.610000e+001
    endloop
  endfacet
  facet normal  5.066534e-001  8.621499e-001  0.000000e+000
    outer loop
      vertex  1.800437e+001  3.232403e+001  2.390000e+001
      vertex  1.800437e+001  3.232403e+001  2.610000e+001
      vertex  1.947799e+001  3.145803e+001  2.390000e+001
    endloop
  endfacet
  facet normal  5.066534e-001  8.621499e-001  -0.000000e+000
    outer loop
      vertex  1.947799e+001  3.145803e+001  2.390000e+001
      vertex  1.800437e+001  3.232403e+001  2.610000e+001
      vertex  1.947799e+001  3.145803e+001  2.610000e+001
    endloop
  endfacet
  facet normal  5.459301e-001  8.378308e-001  0.000000e+000
    outer loop
      vertex  1.947799e+001  3.145803e+001  2.390000e+001
      vertex  1.947799e+001  3.145803e+001  2.610000e+001
      vertex  2.091005e+001  3.052491e+001  2.390000e+001
    endloop
  endfacet
  facet normal  5.459301e-001  8.378308e-001  -0.000000e+000
    outer loop
      vertex  2.091005e+001  3.052491e+001  2.390000e+001
      vertex  1.947799e+001  3.145803e+001  2.610000e+001
      vertex  2.091005e+001  3.052491e+001  2.610000e+001
    endloop
  endfacet
  facet normal  5.840410e-001  8.117241e-001  0.000000e+000
    outer loop
      vertex  2.091005e+001  3.052491e+001  2.390000e+001
      vertex  2.091005e+001  3.052491e+001  2.610000e+001
      vertex  2.229748e+001  2.952664e+001  2.390000e+001
    endloop
  endfacet
  facet normal  5.840410e-001  8.117241e-001  -0.000000e+000
    outer loop
      vertex  2.229748e+001  2.952664e+001  2.390000e+001
      vertex  2.091005e+001  3.052491e+001  2.610000e+001
      vertex  2.229748e+001  2.952664e+001  2.610000e+001
    endloop
  endfacet
  facet normal  6.209069e-001  7.838843e-001  0.000000e+000
    outer loop
      vertex  2.229748e+001  2.952664e+001  2.390000e+001
      vertex  2.229748e+001  2.952664e+001  2.610000e+001
      vertex  2.363733e+001  2.846536e+001  2.390000e+001
    endloop
  endfacet
  facet normal  6.209069e-001  7.838843e-001  -0.000000e+000
    outer loop
      vertex  2.363733e+001  2.846536e+001  2.390000e+001
      vertex  2.229748e+001  2.952664e+001  2.610000e+001
      vertex  2.363733e+001  2.846536e+001  2.610000e+001
    endloop
  endfacet
  facet normal  6.564460e-001  7.543731e-001  0.000000e+000
    outer loop
      vertex  2.363733e+001  2.846536e+001  2.390000e+001
      vertex  2.363733e+001  2.846536e+001  2.610000e+001
      vertex  2.492674e+001  2.734333e+001  2.390000e+001
    endloop
  endfacet
  facet normal  6.564460e-001  7.543731e-001  -0.000000e+000
    outer loop
      vertex  2.492674e+001  2.734333e+001  2.390000e+001
      vertex  2.363733e+001  2.846536e+001  2.610000e+001
      vertex  2.492674e+001  2.734333e+001  2.610000e+001
    endloop
  endfacet
  facet normal  6.905858e-001  7.232505e-001  0.000000e+000
    outer loop
      vertex  2.492674e+001  2.734333e+001  2.390000e+001
      vertex  2.492674e+001  2.734333e+001  2.610000e+001
      vertex  2.616295e+001  2.616295e+001  2.390000e+001
    endloop
  endfacet
  facet normal  6.905858e-001  7.232505e-001  -0.000000e+000
    outer loop
      vertex  2.616295e+001  2.616295e+001  2.390000e+001
      vertex  2.492674e+001  2.734333e+001  2.610000e+001
      vertex  2.616295e+001  2.616295e+001  2.610000e+001
    endloop
  endfacet
  facet normal  7.232505e-001  6.905858e-001  0.000000e+000
    outer loop
      vertex  2.616295e+001  2.616295e+001  2.390000e+001
      vertex  2.616295e+001  2.616295e+001  2.610000e+001
      vertex  2.734333e+001  2.492674e+001  2.390000e+001
    endloop
  endfacet
  facet normal  7.232505e-001  6.905858e-001  -0.000000e+000
    outer loop
      vertex  2.734333e+001  2.492674e+001  2.390000e+001
      vertex  2.616295e+001  2.616295e+001  2.610000e+001
      vertex  2.734333e+001  2.492674e+001  2.610000e+001
    endloop
  endfacet
  facet normal  7.543731e-001  6.564460e-001  0.000000e+000
    outer loop
      vertex  2.734333e+001  2.492674e+001  2.390000e+001
      vertex  2.734333e+001  2.492674e+001  2.610000e+001
      vertex  2.846536e+001  2.363733e+001  2.390000e+001
    endloop
  endfacet
  facet normal  7.543731e-001  6.564460e-001  -0.000000e+000
    outer loop
      vertex  2.846536e+001  2.363733e+001  2.390000e+001
      vertex  2.734333e+001  2.492674e+001  2.610000e+001
      vertex  2.846536e+001  2.363733e+001  2.610000e+001
    endloop
  endfacet
  facet normal  7.838843e-001  6.209069e-001  0.000000e+000
    outer loop
      vertex  2.846536e+001  2.363733e+001  2.390000e+001
      vertex  2.846536e+001  2.363733e+001  2.610000e+001
      vertex  2.952664e+001  2.229748e+001  2.390000e+001
    endloop
  endfacet
  facet normal  7.838843e-001  6.209069e-001  -0.000000e+000
    outer loop
      vertex  2.952664e+001  2.229748e+001  2.390000e+001
      vertex  2.846536e+001  2.363733e+001  2.610000e+001
      vertex  2.952664e+001  2.229748e+001  2.610000e+001
    endloop
  endfacet
  facet normal  8.117241e-001  5.840410e-001  0.000000e+000
    outer loop
      vertex  2.952664e+001  2.229748e+001  2.390000e+001
      vertex  2.952664e+001  2.229748e+001  2.610000e+001
      vertex  3.052491e+001  2.091005e+001  2.390000e+001
    endloop
  endfacet
  facet normal  8.117241e-001  5.840410e-001  -0.000000e+000
    outer loop
      vertex  3.052491e+001  2.091005e+001  2.390000e+001
      vertex  2.952664e+001  2.229748e+001  2.610000e+001
      vertex  3.052491e+001  2.091005e+001  2.610000e+001
    endloop
  endfacet
  facet normal  8.378308e-001  5.459301e-001  0.000000e+000
    outer loop
      vertex  3.052491e+001  2.091005e+001  2.390000e+001
      vertex  3.052491e+001  2.091005e+001  2.610000e+001
      vertex  3.145803e+001  1.947799e+001  2.390000e+001
    endloop
  endfacet
  facet normal  8.378308e-001  5.459301e-001  -0.000000e+000
    outer loop
      vertex  3.145803e+001  1.947799e+001  2.390000e+001
      vertex  3.052491e+001  2.091005e+001  2.610000e+001
      vertex  3.145803e+001  1.947799e+001  2.610000e+001
    endloop
  endfacet
  facet normal  8.621499e-001  5.066534e-001  0.000000e+000
    outer loop
      vertex  3.145803e+001  1.947799e+001  2.390000e+001
      vertex  3.145803e+001  1.947799e+001  2.610000e+001
      vertex  3.232403e+001  1.800437e+001  2.390000e+001
    endloop
  endfacet
  facet normal  8.621499e-001  5.066534e-001  -0.000000e+000
    outer loop
      vertex  3.232403e+001  1.800437e+001  2.390000e+001
      vertex  3.145803e+001  1.947799e+001  2.610000e+001
      vertex  3.232403e+001  1.800437e+001  2.610000e+001
    endloop
  endfacet
  facet normal  8.846291e-001  4.662953e-001  0.000000e+000
    outer loop
      vertex  3.232403e+001  1.800437e+001  2.390000e+001
      vertex  3.232403e+001  1.800437e+001  2.610000e+001
      vertex  3.312104e+001  1.649232e+001  2.390000e+001
    endloop
  endfacet
  facet normal  8.846291e-001  4.662953e-001  -0.000000e+000
    outer loop
      vertex  3.312104e+001  1.649232e+001  2.390000e+001
      vertex  3.232403e+001  1.800437e+001  2.610000e+001
      vertex  3.312104e+001  1.649232e+001  2.610000e+001
    endloop
  endfacet
  facet normal  9.052196e-001  4.249441e-001  0.000000e+000
    outer loop
      vertex  3.312104e+001  1.649232e+001  2.390000e+001
      vertex  3.312104e+001  1.649232e+001  2.610000e+001
      vertex  3.384737e+001  1.494508e+001  2.390000e+001
    endloop
  endfacet
  facet normal  9.052196e-001  4.249441e-001  -0.000000e+000
    outer loop
      vertex  3.384737e+001  1.494508e+001  2.390000e+001
      vertex  3.312104e+001  1.649232e+001  2.610000e+001
      vertex  3.384737e+001  1.494508e+001  2.610000e+001
    endloop
  endfacet
  facet normal  9.238796e-001  3.826831e-001  0.000000e+000
    outer loop
      vertex  3.384737e+001  1.494508e+001  2.390000e+001
      vertex  3.384737e+001  1.494508e+001  2.610000e+001
      vertex  3.450147e+001  1.336594e+001  2.390000e+001
    endloop
  endfacet
  facet normal  9.238796e-001  3.826831e-001  -0.000000e+000
    outer loop
      vertex  3.450147e+001  1.336594e+001  2.390000e+001
      vertex  3.384737e+001  1.494508e+001  2.610000e+001
      vertex  3.450147e+001  1.336594e+001  2.610000e+001
    endloop
  endfacet
  facet normal  9.405674e-001  3.396069e-001  0.000000e+000
    outer loop
      vertex  3.450147e+001  1.336594e+001  2.390000e+001
      vertex  3.450147e+001  1.336594e+001  2.610000e+001
      vertex  3.508194e+001  1.175828e+001  2.390000e+001
    endloop
  endfacet
  facet normal  9.405674e-001  3.396069e-001  -0.000000e+000
    outer loop
      vertex  3.508194e+001  1.175828e+001  2.390000e+001
      vertex  3.450147e+001  1.336594e+001  2.610000e+001
      vertex  3.508194e+001  1.175828e+001  2.610000e+001
    endloop
  endfacet
  facet normal  9.552482e-001  2.958055e-001  0.000000e+000
    outer loop
      vertex  3.508194e+001  1.175828e+001  2.390000e+001
      vertex  3.508194e+001  1.175828e+001  2.610000e+001
      vertex  3.558755e+001  1.012553e+001  2.390000e+001
    endloop
  endfacet
  facet normal  9.552482e-001  2.958055e-001  -0.000000e+000
    outer loop
      vertex  3.558755e+001  1.012553e+001  2.390000e+001
      vertex  3.508194e+001  1.175828e+001  2.610000e+001
      vertex  3.558755e+001  1.012553e+001  2.610000e+001
    endloop
  endfacet
  facet normal  9.678898e-001  2.513748e-001  0.000000e+000
    outer loop
      vertex  3.558755e+001  1.012553e+001  2.390000e+001
      vertex  3.558755e+001  1.012553e+001  2.610000e+001
      vertex  3.601721e+001  8.471170e+000  2.390000e+001
    endloop
  endfacet
  facet normal  9.678898e-001  2.513748e-001  -0.000000e+000
    outer loop
      vertex  3.601721e+001  8.471170e+000  2.390000e+001
      vertex  3.558755e+001  1.012553e+001  2.610000e+001
      vertex  3.601721e+001  8.471170e+000  2.610000e+001
    endloop
  endfacet
  facet normal  9.784664e-001  2.064061e-001  0.000000e+000
    outer loop
      vertex  3.601721e+001  8.471170e+000  2.390000e+001
      vertex  3.601721e+001  8.471170e+000  2.610000e+001
      vertex  3.637001e+001  6.798732e+000  2.390000e+001
    endloop
  endfacet
  facet normal  9.784664e-001  2.064061e-001  -0.000000e+000
    outer loop
      vertex  3.637001e+001  6.798732e+000  2.390000e+001
      vertex  3.601721e+001  8.471170e+000  2.610000e+001
      vertex  3.637001e+001  6.798732e+000  2.610000e+001
    endloop
  endfacet
  facet normal  9.869552e-001  1.609956e-001  0.000000e+000
    outer loop
      vertex  3.637001e+001  6.798732e+000  2.390000e+001
      vertex  3.637001e+001  6.798732e+000  2.610000e+001
      vertex  3.664519e+001  5.111785e+000  2.390000e+001
    endloop
  endfacet
  facet normal  9.869552e-001  1.609956e-001  -0.000000e+000
    outer loop
      vertex  3.664519e+001  5.111785e+000  2.390000e+001
      vertex  3.637001e+001  6.798732e+000  2.610000e+001
      vertex  3.664519e+001  5.111785e+000  2.610000e+001
    endloop
  endfacet
  facet normal  9.933375e-001  1.152415e-001  0.000000e+000
    outer loop
      vertex  3.664519e+001  5.111785e+000  2.390000e+001
      vertex  3.664519e+001  5.111785e+000  2.610000e+001
      vertex  3.684216e+001  3.413929e+000  2.390000e+001
    endloop
  endfacet
  facet normal  9.933375e-001  1.152415e-001  -0.000000e+000
    outer loop
      vertex  3.684216e+001  3.413929e+000  2.390000e+001
      vertex  3.664519e+001  5.111785e+000  2.610000e+001
      vertex  3.684216e+001  3.413929e+000  2.610000e+001
    endloop
  endfacet
  facet normal  9.975997e-001  6.924617e-002  0.000000e+000
    outer loop
      vertex  3.684216e+001  3.413929e+000  2.390000e+001
      vertex  3.684216e+001  3.413929e+000  2.610000e+001
      vertex  3.696052e+001  1.708788e+000  2.390000e+001
    endloop
  endfacet
  facet normal  9.975997e-001  6.924617e-002  -0.000000e+000
    outer loop
      vertex  3.696052e+001  1.708788e+000  2.390000e+001
      vertex  3.684216e+001  3.413929e+000  2.610000e+001
      vertex  3.696052e+001  1.708788e+000  2.610000e+001
    endloop
  endfacet
  facet normal  9.997332e-001  2.309694e-002  0.000000e+000
    outer loop
      vertex  3.696052e+001  1.708788e+000  2.390000e+001
      vertex  3.696052e+001  1.708788e+000  2.610000e+001
      vertex  3.700000e+001  0.000000e+000  2.390000e+001
    endloop
  endfacet
  facet normal  9.997332e-001  2.309694e-002  -0.000000e+000
    outer loop
      vertex  3.700000e+001  0.000000e+000  2.390000e+001
      vertex  3.696052e+001  1.708788e+000  2.610000e+001
      vertex  3.700000e+001  0.000000e+000  2.610000e+001
    endloop
  endfacet
  facet normal  2.309694e-002 -9.997332e-001  0.000000e+000
    outer loop
      vertex  2.265522e-015  3.700000e+001  2.300000e+001
      vertex -1.708788e+000  3.696052e+001  2.390000e+001
      vertex -1.708788e+000  3.696052e+001  2.300000e+001
    endloop
  endfacet
  facet normal  6.924617e-002 -9.975995e-001  0.000000e+000
    outer loop
      vertex -1.708788e+000  3.696052e+001  2.300000e+001
      vertex -1.708788e+000  3.696052e+001  2.390000e+001
      vertex -3.413929e+000  3.684216e+001  2.390000e+001
    endloop
  endfacet
  facet normal  6.924617e-002 -9.975995e-001  0.000000e+000
    outer loop
      vertex -1.708788e+000  3.696052e+001  2.300000e+001
      vertex -3.413929e+000  3.684216e+001  2.390000e+001
      vertex -3.413929e+000  3.684216e+001  2.300000e+001
    endloop
  endfacet
  facet normal  1.152414e-001 -9.933375e-001  0.000000e+000
    outer loop
      vertex -3.413929e+000  3.684216e+001  2.300000e+001
      vertex -3.413929e+000  3.684216e+001  2.390000e+001
      vertex -5.111785e+000  3.664519e+001  2.390000e+001
    endloop
  endfacet
  facet normal  1.152414e-001 -9.933375e-001  0.000000e+000
    outer loop
      vertex -3.413929e+000  3.684216e+001  2.300000e+001
      vertex -5.111785e+000  3.664519e+001  2.390000e+001
      vertex -5.111785e+000  3.664519e+001  2.300000e+001
    endloop
  endfacet
  facet normal  1.609956e-001 -9.869551e-001  0.000000e+000
    outer loop
      vertex -5.111785e+000  3.664519e+001  2.300000e+001
      vertex -5.111785e+000  3.664519e+001  2.390000e+001
      vertex -6.798732e+000  3.637001e+001  2.390000e+001
    endloop
  endfacet
  facet normal  1.609956e-001 -9.869551e-001  0.000000e+000
    outer loop
      vertex -5.111785e+000  3.664519e+001  2.300000e+001
      vertex -6.798732e+000  3.637001e+001  2.390000e+001
      vertex -6.798732e+000  3.637001e+001  2.300000e+001
    endloop
  endfacet
  facet normal  2.064061e-001 -9.784664e-001  0.000000e+000
    outer loop
      vertex -6.798732e+000  3.637001e+001  2.300000e+001
      vertex -6.798732e+000  3.637001e+001  2.390000e+001
      vertex -8.471170e+000  3.601721e+001  2.390000e+001
    endloop
  endfacet
  facet normal  2.064061e-001 -9.784664e-001  0.000000e+000
    outer loop
      vertex -6.798732e+000  3.637001e+001  2.300000e+001
      vertex -8.471170e+000  3.601721e+001  2.390000e+001
      vertex -8.471170e+000  3.601721e+001  2.300000e+001
    endloop
  endfacet
  facet normal  2.513748e-001 -9.678898e-001  0.000000e+000
    outer loop
      vertex -8.471170e+000  3.601721e+001  2.300000e+001
      vertex -8.471170e+000  3.601721e+001  2.390000e+001
      vertex -1.012553e+001  3.558755e+001  2.390000e+001
    endloop
  endfacet
  facet normal  2.513748e-001 -9.678898e-001  0.000000e+000
    outer loop
      vertex -8.471170e+000  3.601721e+001  2.300000e+001
      vertex -1.012553e+001  3.558755e+001  2.390000e+001
      vertex -1.012553e+001  3.558755e+001  2.300000e+001
    endloop
  endfacet
  facet normal  2.958055e-001 -9.552482e-001  0.000000e+000
    outer loop
      vertex -1.012553e+001  3.558755e+001  2.300000e+001
      vertex -1.012553e+001  3.558755e+001  2.390000e+001
      vertex -1.175828e+001  3.508194e+001  2.390000e+001
    endloop
  endfacet
  facet normal  2.958055e-001 -9.552482e-001  0.000000e+000
    outer loop
      vertex -1.012553e+001  3.558755e+001  2.300000e+001
      vertex -1.175828e+001  3.508194e+001  2.390000e+001
      vertex -1.175828e+001  3.508194e+001  2.300000e+001
    endloop
  endfacet
  facet normal  3.396069e-001 -9.405675e-001  0.000000e+000
    outer loop
      vertex -1.175828e+001  3.508194e+001  2.300000e+001
      vertex -1.175828e+001  3.508194e+001  2.390000e+001
      vertex -1.336594e+001  3.450147e+001  2.390000e+001
    endloop
  endfacet
  facet normal  3.396069e-001 -9.405675e-001  0.000000e+000
    outer loop
      vertex -1.175828e+001  3.508194e+001  2.300000e+001
      vertex -1.336594e+001  3.450147e+001  2.390000e+001
      vertex -1.336594e+001  3.450147e+001  2.300000e+001
    endloop
  endfacet
  facet normal  3.826832e-001 -9.238797e-001  0.000000e+000
    outer loop
      vertex -1.336594e+001  3.450147e+001  2.300000e+001
      vertex -1.336594e+001  3.450147e+001  2.390000e+001
      vertex -1.494508e+001  3.384737e+001  2.390000e+001
    endloop
  endfacet
  facet normal  3.826832e-001 -9.238797e-001  0.000000e+000
    outer loop
      vertex -1.336594e+001  3.450147e+001  2.300000e+001
      vertex -1.494508e+001  3.384737e+001  2.390000e+001
      vertex -1.494508e+001  3.384737e+001  2.300000e+001
    endloop
  endfacet
  facet normal  4.249441e-001 -9.052196e-001  0.000000e+000
    outer loop
      vertex -1.494508e+001  3.384737e+001  2.300000e+001
      vertex -1.494508e+001  3.384737e+001  2.390000e+001
      vertex -1.649232e+001  3.312104e+001  2.390000e+001
    endloop
  endfacet
  facet normal  4.249441e-001 -9.052196e-001  0.000000e+000
    outer loop
      vertex -1.494508e+001  3.384737e+001  2.300000e+001
      vertex -1.649232e+001  3.312104e+001  2.390000e+001
      vertex -1.649232e+001  3.312104e+001  2.300000e+001
    endloop
  endfacet
  facet normal  4.662953e-001 -8.846291e-001  0.000000e+000
    outer loop
      vertex -1.649232e+001  3.312104e+001  2.300000e+001
      vertex -1.649232e+001  3.312104e+001  2.390000e+001
      vertex -1.800437e+001  3.232403e+001  2.390000e+001
    endloop
  endfacet
  facet normal  4.662953e-001 -8.846291e-001  0.000000e+000
    outer loop
      vertex -1.649232e+001  3.312104e+001  2.300000e+001
      vertex -1.800437e+001  3.232403e+001  2.390000e+001
      vertex -1.800437e+001  3.232403e+001  2.300000e+001
    endloop
  endfacet
  facet normal  5.066533e-001 -8.621498e-001  0.000000e+000
    outer loop
      vertex -1.800437e+001  3.232403e+001  2.300000e+001
      vertex -1.800437e+001  3.232403e+001  2.390000e+001
      vertex -1.947799e+001  3.145803e+001  2.390000e+001
    endloop
  endfacet
  facet normal  5.066533e-001 -8.621498e-001  0.000000e+000
    outer loop
      vertex -1.800437e+001  3.232403e+001  2.300000e+001
      vertex -1.947799e+001  3.145803e+001  2.390000e+001
      vertex -1.947799e+001  3.145803e+001  2.300000e+001
    endloop
  endfacet
  facet normal  5.459300e-001 -8.378307e-001  0.000000e+000
    outer loop
      vertex -1.947799e+001  3.145803e+001  2.300000e+001
      vertex -1.947799e+001  3.145803e+001  2.390000e+001
      vertex -2.091005e+001  3.052491e+001  2.390000e+001
    endloop
  endfacet
  facet normal  5.459300e-001 -8.378307e-001  0.000000e+000
    outer loop
      vertex -1.947799e+001  3.145803e+001  2.300000e+001
      vertex -2.091005e+001  3.052491e+001  2.390000e+001
      vertex -2.091005e+001  3.052491e+001  2.300000e+001
    endloop
  endfacet
  facet normal  5.840410e-001 -8.117242e-001  0.000000e+000
    outer loop
      vertex -2.091005e+001  3.052491e+001  2.300000e+001
      vertex -2.091005e+001  3.052491e+001  2.390000e+001
      vertex -2.229748e+001  2.952664e+001  2.390000e+001
    endloop
  endfacet
  facet normal  5.840410e-001 -8.117242e-001  0.000000e+000
    outer loop
      vertex -2.091005e+001  3.052491e+001  2.300000e+001
      vertex -2.229748e+001  2.952664e+001  2.390000e+001
      vertex -2.229748e+001  2.952664e+001  2.300000e+001
    endloop
  endfacet
  facet normal  6.209068e-001 -7.838843e-001  0.000000e+000
    outer loop
      vertex -2.229748e+001  2.952664e+001  2.300000e+001
      vertex -2.229748e+001  2.952664e+001  2.390000e+001
      vertex -2.363733e+001  2.846536e+001  2.390000e+001
    endloop
  endfacet
  facet normal  6.209068e-001 -7.838843e-001  0.000000e+000
    outer loop
      vertex -2.229748e+001  2.952664e+001  2.300000e+001
      vertex -2.363733e+001  2.846536e+001  2.390000e+001
      vertex -2.363733e+001  2.846536e+001  2.300000e+001
    endloop
  endfacet
  facet normal  6.564459e-001 -7.543730e-001  0.000000e+000
    outer loop
      vertex -2.363733e+001  2.846536e+001  2.300000e+001
      vertex -2.363733e+001  2.846536e+001  2.390000e+001
      vertex -2.492674e+001  2.734333e+001  2.390000e+001
    endloop
  endfacet
  facet normal  6.564459e-001 -7.543730e-001  0.000000e+000
    outer loop
      vertex -2.363733e+001  2.846536e+001  2.300000e+001
      vertex -2.492674e+001  2.734333e+001  2.390000e+001
      vertex -2.492674e+001  2.734333e+001  2.300000e+001
    endloop
  endfacet
  facet normal  6.905858e-001 -7.232504e-001  0.000000e+000
    outer loop
      vertex -2.492674e+001  2.734333e+001  2.300000e+001
      vertex -2.492674e+001  2.734333e+001  2.390000e+001
      vertex -2.616295e+001  2.616295e+001  2.390000e+001
    endloop
  endfacet
  facet normal  6.905858e-001 -7.232504e-001  0.000000e+000
    outer loop
      vertex -2.492674e+001  2.734333e+001  2.300000e+001
      vertex -2.616295e+001  2.616295e+001  2.390000e+001
      vertex -2.616295e+001  2.616295e+001  2.300000e+001
    endloop
  endfacet
  facet normal  7.232504e-001 -6.905858e-001  0.000000e+000
    outer loop
      vertex -2.616295e+001  2.616295e+001  2.300000e+001
      vertex -2.616295e+001  2.616295e+001  2.390000e+001
      vertex -2.734333e+001  2.492674e+001  2.390000e+001
    endloop
  endfacet
  facet normal  7.232504e-001 -6.905858e-001  0.000000e+000
    outer loop
      vertex -2.616295e+001  2.616295e+001  2.300000e+001
      vertex -2.734333e+001  2.492674e+001  2.390000e+001
      vertex -2.734333e+001  2.492674e+001  2.300000e+001
    endloop
  endfacet
  facet normal  7.543730e-001 -6.564459e-001  0.000000e+000
    outer loop
      vertex -2.734333e+001  2.492674e+001  2.300000e+001
      vertex -2.734333e+001  2.492674e+001  2.390000e+001
      vertex -2.846536e+001  2.363733e+001  2.390000e+001
    endloop
  endfacet
  facet normal  7.543730e-001 -6.564459e-001  0.000000e+000
    outer loop
      vertex -2.734333e+001  2.492674e+001  2.300000e+001
      vertex -2.846536e+001  2.363733e+001  2.390000e+001
      vertex -2.846536e+001  2.363733e+001  2.300000e+001
    endloop
  endfacet
  facet normal  7.838843e-001 -6.209068e-001  0.000000e+000
    outer loop
      vertex -2.846536e+001  2.363733e+001  2.300000e+001
      vertex -2.846536e+001  2.363733e+001  2.390000e+001
      vertex -2.952664e+001  2.229748e+001  2.390000e+001
    endloop
  endfacet
  facet normal  7.838843e-001 -6.209068e-001  0.000000e+000
    outer loop
      vertex -2.846536e+001  2.363733e+001  2.300000e+001
      vertex -2.952664e+001  2.229748e+001  2.390000e+001
      vertex -2.952664e+001  2.229748e+001  2.300000e+001
    endloop
  endfacet
  facet normal  8.117242e-001 -5.840410e-001  0.000000e+000
    outer loop
      vertex -2.952664e+001  2.229748e+001  2.300000e+001
      vertex -2.952664e+001  2.229748e+001  2.390000e+001
      vertex -3.052491e+001  2.091005e+001  2.390000e+001
    endloop
  endfacet
  facet normal  8.117242e-001 -5.840410e-001  0.000000e+000
    outer loop
      vertex -2.952664e+001  2.229748e+001  2.300000e+001
      vertex -3.052491e+001  2.091005e+001  2.390000e+001
      vertex -3.052491e+001  2.091005e+001  2.300000e+001
    endloop
  endfacet
  facet normal  8.378307e-001 -5.459300e-001  0.000000e+000
    outer loop
      vertex -3.052491e+001  2.091005e+001  2.300000e+001
      vertex -3.052491e+001  2.091005e+001  2.390000e+001
      vertex -3.145803e+001  1.947799e+001  2.390000e+001
    endloop
  endfacet
  facet normal  8.378307e-001 -5.459300e-001  0.000000e+000
    outer loop
      vertex -3.052491e+001  2.091005e+001  2.300000e+001
      vertex -3.145803e+001  1.947799e+001  2.390000e+001
      vertex -3.145803e+001  1.947799e+001  2.300000e+001
    endloop
  endfacet
  facet normal  8.621498e-001 -5.066533e-001  0.000000e+000
    outer loop
      vertex -3.145803e+001  1.947799e+001  2.300000e+001
      vertex -3.145803e+001  1.947799e+001  2.390000e+001
      vertex -3.232403e+001  1.800437e+001  2.390000e+001
    endloop
  endfacet
  facet normal  8.621498e-001 -5.066533e-001  0.000000e+000
    outer loop
      vertex -3.145803e+001  1.947799e+001  2.300000e+001
      vertex -3.232403e+001  1.800437e+001  2.390000e+001
      vertex -3.232403e+001  1.800437e+001  2.300000e+001
    endloop
  endfacet
  facet normal  8.846291e-001 -4.662953e-001  0.000000e+000
    outer loop
      vertex -3.232403e+001  1.800437e+001  2.300000e+001
      vertex -3.232403e+001  1.800437e+001  2.390000e+001
      vertex -3.312104e+001  1.649232e+001  2.390000e+001
    endloop
  endfacet
  facet normal  8.846291e-001 -4.662953e-001  0.000000e+000
    outer loop
      vertex -3.232403e+001  1.800437e+001  2.300000e+001
      vertex -3.312104e+001  1.649232e+001  2.390000e+001
      vertex -3.312104e+001  1.649232e+001  2.300000e+001
    endloop
  endfacet
  facet normal  9.052196e-001 -4.249441e-001  0.000000e+000
    outer loop
      vertex -3.312104e+001  1.649232e+001  2.300000e+001
      vertex -3.312104e+001  1.649232e+001  2.390000e+001
      vertex -3.384737e+001  1.494508e+001  2.390000e+001
    endloop
  endfacet
  facet normal  9.052196e-001 -4.249441e-001  0.000000e+000
    outer loop
      vertex -3.312104e+001  1.649232e+001  2.300000e+001
      vertex -3.384737e+001  1.494508e+001  2.390000e+001
      vertex -3.384737e+001  1.494508e+001  2.300000e+001
    endloop
  endfacet
  facet normal  9.238797e-001 -3.826832e-001  0.000000e+000
    outer loop
      vertex -3.384737e+001  1.494508e+001  2.300000e+001
      vertex -3.384737e+001  1.494508e+001  2.390000e+001
      vertex -3.450147e+001  1.336594e+001  2.390000e+001
    endloop
  endfacet
  facet normal  9.238797e-001 -3.826832e-001  0.000000e+000
    outer loop
      vertex -3.384737e+001  1.494508e+001  2.300000e+001
      vertex -3.450147e+001  1.336594e+001  2.390000e+001
      vertex -3.450147e+001  1.336594e+001  2.300000e+001
    endloop
  endfacet
  facet normal  9.405675e-001 -3.396069e-001  0.000000e+000
    outer loop
      vertex -3.450147e+001  1.336594e+001  2.300000e+001
      vertex -3.450147e+001  1.336594e+001  2.390000e+001
      vertex -3.508194e+001  1.175828e+001  2.390000e+001
    endloop
  endfacet
  facet normal  9.405675e-001 -3.396069e-001  0.000000e+000
    outer loop
      vertex -3.450147e+001  1.336594e+001  2.300000e+001
      vertex -3.508194e+001  1.175828e+001  2.390000e+001
      vertex -3.508194e+001  1.175828e+001  2.300000e+001
    endloop
  endfacet
  facet normal  9.552482e-001 -2.958055e-001  0.000000e+000
    outer loop
      vertex -3.508194e+001  1.175828e+001  2.300000e+001
      vertex -3.508194e+001  1.175828e+001  2.390000e+001
      vertex -3.558755e+001  1.012553e+001  2.390000e+001
    endloop
  endfacet
  facet normal  9.552482e-001 -2.958055e-001  0.000000e+000
    outer loop
      vertex -3.508194e+001  1.175828e+001  2.300000e+001
      vertex -3.558755e+001  1.012553e+001  2.390000e+001
      vertex -3.558755e+001  1.012553e+001  2.300000e+001
    endloop
  endfacet
  facet normal  9.678898e-001 -2.513748e-001  0.000000e+000
    outer loop
      vertex -3.558755e+001  1.012553e+001  2.300000e+001
      vertex -3.558755e+001  1.012553e+001  2.390000e+001
      vertex -3.601721e+001  8.471170e+000  2.390000e+001
    endloop
  endfacet
  facet normal  9.678898e-001 -2.513748e-001  0.000000e+000
    outer loop
      vertex -3.558755e+001  1.012553e+001  2.300000e+001
      vertex -3.601721e+001  8.471170e+000  2.390000e+001
      vertex -3.601721e+001  8.471170e+000  2.300000e+001
    endloop
  endfacet
  facet normal  9.784664e-001 -2.064061e-001  0.000000e+000
    outer loop
      vertex -3.601721e+001  8.471170e+000  2.300000e+001
      vertex -3.601721e+001  8.471170e+000  2.390000e+001
      vertex -3.637001e+001  6.798732e+000  2.390000e+001
    endloop
  endfacet
  facet normal  9.784664e-001 -2.064061e-001  0.000000e+000
    outer loop
      vertex -3.601721e+001  8.471170e+000  2.300000e+001
      vertex -3.637001e+001  6.798732e+000  2.390000e+001
      vertex -3.637001e+001  6.798732e+000  2.300000e+001
    endloop
  endfacet
  facet normal  9.869551e-001 -1.609956e-001  0.000000e+000
    outer loop
      vertex -3.637001e+001  6.798732e+000  2.300000e+001
      vertex -3.637001e+001  6.798732e+000  2.390000e+001
      vertex -3.664519e+001  5.111785e+000  2.390000e+001
    endloop
  endfacet
  facet normal  9.869551e-001 -1.609956e-001  0.000000e+000
    outer loop
      vertex -3.637001e+001  6.798732e+000  2.300000e+001
      vertex -3.664519e+001  5.111785e+000  2.390000e+001
      vertex -3.664519e+001  5.111785e+000  2.300000e+001
    endloop
  endfacet
  facet normal  9.933375e-001 -1.152414e-001  0.000000e+000
    outer loop
      vertex -3.664519e+001  5.111785e+000  2.300000e+001
      vertex -3.664519e+001  5.111785e+000  2.390000e+001
      vertex -3.684216e+001  3.413929e+000  2.390000e+001
    endloop
  endfacet
  facet normal  9.933375e-001 -1.152414e-001  0.000000e+000
    outer loop
      vertex -3.664519e+001  5.111785e+000  2.300000e+001
      vertex -3.684216e+001  3.413929e+000  2.390000e+001
      vertex -3.684216e+001  3.413929e+000  2.300000e+001
    endloop
  endfacet
  facet normal  9.975995e-001 -6.924617e-002  0.000000e+000
    outer loop
      vertex -3.684216e+001  3.413929e+000  2.300000e+001
      vertex -3.684216e+001  3.413929e+000  2.390000e+001
      vertex -3.696052e+001  1.708788e+000  2.390000e+001
    endloop
  endfacet
  facet normal  9.975995e-001 -6.924617e-002  0.000000e+000
    outer loop
      vertex -3.684216e+001  3.413929e+000  2.300000e+001
      vertex -3.696052e+001  1.708788e+000  2.390000e+001
      vertex -3.696052e+001  1.708788e+000  2.300000e+001
    endloop
  endfacet
  facet normal  9.997332e-001 -2.309694e-002  0.000000e+000
    outer loop
      vertex -3.696052e+001  1.708788e+000  2.300000e+001
      vertex -3.696052e+001  1.708788e+000  2.390000e+001
      vertex -3.700000e+001  4.531044e-015  2.390000e+001
    endloop
  endfacet
  facet normal  9.997332e-001 -2.309694e-002  1.162814e-016
    outer loop
      vertex -3.696052e+001  1.708788e+000  2.300000e+001
      vertex -3.700000e+001  4.531044e-015  2.390000e+001
      vertex -3.700000e+001  0.000000e+000  2.300000e+001
    endloop
  endfacet
  facet normal  2.309694e-002 -9.997332e-001  0.000000e+000
    outer loop
      vertex -1.708788e+000  3.696052e+001  2.390000e+001
      vertex  2.265522e-015  3.700000e+001  2.300000e+001
      vertex  2.265522e-015  3.700000e+001  2.390000e+001
    endloop
  endfacet
  facet normal -2.309694e-002 -9.997332e-001  -0.000000e+000
    outer loop
      vertex  2.265522e-015  3.700000e+001  2.390000e+001
      vertex  2.265522e-015  3.700000e+001  2.300000e+001
      vertex  1.708788e+000  3.696052e+001  2.300000e+001
    endloop
  endfacet
  facet normal -2.309694e-002 -9.997332e-001  0.000000e+000
    outer loop
      vertex  2.265522e-015  3.700000e+001  2.390000e+001
      vertex  1.708788e+000  3.696052e+001  2.300000e+001
      vertex  1.708788e+000  3.696052e+001  2.390000e+001
    endloop
  endfacet
  facet normal -6.924617e-002 -9.975995e-001  -0.000000e+000
    outer loop
      vertex  1.708788e+000  3.696052e+001  2.390000e+001
      vertex  1.708788e+000  3.696052e+001  2.300000e+001
      vertex  3.413929e+000  3.684216e+001  2.300000e+001
    endloop
  endfacet
  facet normal -6.924617e-002 -9.975995e-001  0.000000e+000
    outer loop
      vertex  1.708788e+000  3.696052e+001  2.390000e+001
      vertex  3.413929e+000  3.684216e+001  2.300000e+001
      vertex  3.413929e+000  3.684216e+001  2.390000e+001
    endloop
  endfacet
  facet normal -1.152414e-001 -9.933375e-001  -0.000000e+000
    outer loop
      vertex  3.413929e+000  3.684216e+001  2.390000e+001
      vertex  3.413929e+000  3.684216e+001  2.300000e+001
      vertex  5.111785e+000  3.664519e+001  2.300000e+001
    endloop
  endfacet
  facet normal -1.152414e-001 -9.933375e-001  0.000000e+000
    outer loop
      vertex  3.413929e+000  3.684216e+001  2.390000e+001
      vertex  5.111785e+000  3.664519e+001  2.300000e+001
      vertex  5.111785e+000  3.664519e+001  2.390000e+001
    endloop
  endfacet
  facet normal -1.609956e-001 -9.869551e-001  -0.000000e+000
    outer loop
      vertex  5.111785e+000  3.664519e+001  2.390000e+001
      vertex  5.111785e+000  3.664519e+001  2.300000e+001
      vertex  6.798732e+000  3.637001e+001  2.300000e+001
    endloop
  endfacet
  facet normal -1.609956e-001 -9.869551e-001  0.000000e+000
    outer loop
      vertex  5.111785e+000  3.664519e+001  2.390000e+001
      vertex  6.798732e+000  3.637001e+001  2.300000e+001
      vertex  6.798732e+000  3.637001e+001  2.390000e+001
    endloop
  endfacet
  facet normal -2.064061e-001 -9.784664e-001  -0.000000e+000
    outer loop
      vertex  6.798732e+000  3.637001e+001  2.390000e+001
      vertex  6.798732e+000  3.637001e+001  2.300000e+001
      vertex  8.471170e+000  3.601721e+001  2.300000e+001
    endloop
  endfacet
  facet normal -2.064061e-001 -9.784664e-001  0.000000e+000
    outer loop
      vertex  6.798732e+000  3.637001e+001  2.390000e+001
      vertex  8.471170e+000  3.601721e+001  2.300000e+001
      vertex  8.471170e+000  3.601721e+001  2.390000e+001
    endloop
  endfacet
  facet normal -2.513748e-001 -9.678898e-001  -0.000000e+000
    outer loop
      vertex  8.471170e+000  3.601721e+001  2.390000e+001
      vertex  8.471170e+000  3.601721e+001  2.300000e+001
      vertex  1.012553e+001  3.558755e+001  2.300000e+001
    endloop
  endfacet
  facet normal -2.513748e-001 -9.678898e-001  0.000000e+000
    outer loop
      vertex  8.471170e+000  3.601721e+001  2.390000e+001
      vertex  1.012553e+001  3.558755e+001  2.300000e+001
      vertex  1.012553e+001  3.558755e+001  2.390000e+001
    endloop
  endfacet
  facet normal -2.958055e-001 -9.552482e-001  -0.000000e+000
    outer loop
      vertex  1.012553e+001  3.558755e+001  2.390000e+001
      vertex  1.012553e+001  3.558755e+001  2.300000e+001
      vertex  1.175828e+001  3.508194e+001  2.300000e+001
    endloop
  endfacet
  facet normal -2.958055e-001 -9.552482e-001  0.000000e+000
    outer loop
      vertex  1.012553e+001  3.558755e+001  2.390000e+001
      vertex  1.175828e+001  3.508194e+001  2.300000e+001
      vertex  1.175828e+001  3.508194e+001  2.390000e+001
    endloop
  endfacet
  facet normal -3.396069e-001 -9.405675e-001  -0.000000e+000
    outer loop
      vertex  1.175828e+001  3.508194e+001  2.390000e+001
      vertex  1.175828e+001  3.508194e+001  2.300000e+001
      vertex  1.336594e+001  3.450147e+001  2.300000e+001
    endloop
  endfacet
  facet normal -3.396069e-001 -9.405675e-001  0.000000e+000
    outer loop
      vertex  1.175828e+001  3.508194e+001  2.390000e+001
      vertex  1.336594e+001  3.450147e+001  2.300000e+001
      vertex  1.336594e+001  3.450147e+001  2.390000e+001
    endloop
  endfacet
  facet normal -3.826832e-001 -9.238797e-001  -0.000000e+000
    outer loop
      vertex  1.336594e+001  3.450147e+001  2.390000e+001
      vertex  1.336594e+001  3.450147e+001  2.300000e+001
      vertex  1.494508e+001  3.384737e+001  2.300000e+001
    endloop
  endfacet
  facet normal -3.826832e-001 -9.238797e-001  0.000000e+000
    outer loop
      vertex  1.336594e+001  3.450147e+001  2.390000e+001
      vertex  1.494508e+001  3.384737e+001  2.300000e+001
      vertex  1.494508e+001  3.384737e+001  2.390000e+001
    endloop
  endfacet
  facet normal -4.249441e-001 -9.052196e-001  -0.000000e+000
    outer loop
      vertex  1.494508e+001  3.384737e+001  2.390000e+001
      vertex  1.494508e+001  3.384737e+001  2.300000e+001
      vertex  1.649232e+001  3.312104e+001  2.300000e+001
    endloop
  endfacet
  facet normal -4.249441e-001 -9.052196e-001  0.000000e+000
    outer loop
      vertex  1.494508e+001  3.384737e+001  2.390000e+001
      vertex  1.649232e+001  3.312104e+001  2.300000e+001
      vertex  1.649232e+001  3.312104e+001  2.390000e+001
    endloop
  endfacet
  facet normal -4.662953e-001 -8.846291e-001  -0.000000e+000
    outer loop
      vertex  1.649232e+001  3.312104e+001  2.390000e+001
      vertex  1.649232e+001  3.312104e+001  2.300000e+001
      vertex  1.800437e+001  3.232403e+001  2.300000e+001
    endloop
  endfacet
  facet normal -4.662953e-001 -8.846291e-001  0.000000e+000
    outer loop
      vertex  1.649232e+001  3.312104e+001  2.390000e+001
      vertex  1.800437e+001  3.232403e+001  2.300000e+001
      vertex  1.800437e+001  3.232403e+001  2.390000e+001
    endloop
  endfacet
  facet normal -5.066533e-001 -8.621498e-001  -0.000000e+000
    outer loop
      vertex  1.800437e+001  3.232403e+001  2.390000e+001
      vertex  1.800437e+001  3.232403e+001  2.300000e+001
      vertex  1.947799e+001  3.145803e+001  2.300000e+001
    endloop
  endfacet
  facet normal -5.066533e-001 -8.621498e-001  0.000000e+000
    outer loop
      vertex  1.800437e+001  3.232403e+001  2.390000e+001
      vertex  1.947799e+001  3.145803e+001  2.300000e+001
      vertex  1.947799e+001  3.145803e+001  2.390000e+001
    endloop
  endfacet
  facet normal -5.459300e-001 -8.378307e-001  -0.000000e+000
    outer loop
      vertex  1.947799e+001  3.145803e+001  2.390000e+001
      vertex  1.947799e+001  3.145803e+001  2.300000e+001
      vertex  2.091005e+001  3.052491e+001  2.300000e+001
    endloop
  endfacet
  facet normal -5.459300e-001 -8.378307e-001  0.000000e+000
    outer loop
      vertex  1.947799e+001  3.145803e+001  2.390000e+001
      vertex  2.091005e+001  3.052491e+001  2.300000e+001
      vertex  2.091005e+001  3.052491e+001  2.390000e+001
    endloop
  endfacet
  facet normal -5.840410e-001 -8.117242e-001  -0.000000e+000
    outer loop
      vertex  2.091005e+001  3.052491e+001  2.390000e+001
      vertex  2.091005e+001  3.052491e+001  2.300000e+001
      vertex  2.229748e+001  2.952664e+001  2.300000e+001
    endloop
  endfacet
  facet normal -5.840410e-001 -8.117242e-001  0.000000e+000
    outer loop
      vertex  2.091005e+001  3.052491e+001  2.390000e+001
      vertex  2.229748e+001  2.952664e+001  2.300000e+001
      vertex  2.229748e+001  2.952664e+001  2.390000e+001
    endloop
  endfacet
  facet normal -6.209068e-001 -7.838843e-001  -0.000000e+000
    outer loop
      vertex  2.229748e+001  2.952664e+001  2.390000e+001
      vertex  2.229748e+001  2.952664e+001  2.300000e+001
      vertex  2.363733e+001  2.846536e+001  2.300000e+001
    endloop
  endfacet
  facet normal -6.209068e-001 -7.838843e-001  0.000000e+000
    outer loop
      vertex  2.229748e+001  2.952664e+001  2.390000e+001
      vertex  2.363733e+001  2.846536e+001  2.300000e+001
      vertex  2.363733e+001  2.846536e+001  2.390000e+001
    endloop
  endfacet
  facet normal -6.564459e-001 -7.543730e-001  -0.000000e+000
    outer loop
      vertex  2.363733e+001  2.846536e+001  2.390000e+001
      vertex  2.363733e+001  2.846536e+001  2.300000e+001
      vertex  2.492674e+001  2.734333e+001  2.300000e+001
    endloop
  endfacet
  facet normal -6.564459e-001 -7.543730e-001  0.000000e+000
    outer loop
      vertex  2.363733e+001  2.846536e+001  2.390000e+001
      vertex  2.492674e+001  2.734333e+001  2.300000e+001
      vertex  2.492674e+001  2.734333e+001  2.390000e+001
    endloop
  endfacet
  facet normal -6.905858e-001 -7.232504e-001  -0.000000e+000
    outer loop
      vertex  2.492674e+001  2.734333e+001  2.390000e+001
      vertex  2.492674e+001  2.734333e+001  2.300000e+001
      vertex  2.616295e+001  2.616295e+001  2.300000e+001
    endloop
  endfacet
  facet normal -6.905858e-001 -7.232504e-001  0.000000e+000
    outer loop
      vertex  2.492674e+001  2.734333e+001  2.390000e+001
      vertex  2.616295e+001  2.616295e+001  2.300000e+001
      vertex  2.616295e+001  2.616295e+001  2.390000e+001
    endloop
  endfacet
  facet normal -7.232504e-001 -6.905858e-001  -0.000000e+000
    outer loop
      vertex  2.616295e+001  2.616295e+001  2.390000e+001
      vertex  2.616295e+001  2.616295e+001  2.300000e+001
      vertex  2.734333e+001  2.492674e+001  2.300000e+001
    endloop
  endfacet
  facet normal -7.232504e-001 -6.905858e-001  0.000000e+000
    outer loop
      vertex  2.616295e+001  2.616295e+001  2.390000e+001
      vertex  2.734333e+001  2.492674e+001  2.300000e+001
      vertex  2.734333e+001  2.492674e+001  2.390000e+001
    endloop
  endfacet
  facet normal -7.543730e-001 -6.564459e-001  -0.000000e+000
    outer loop
      vertex  2.734333e+001  2.492674e+001  2.390000e+001
      vertex  2.734333e+001  2.492674e+001  2.300000e+001
      vertex  2.846536e+001  2.363733e+001  2.300000e+001
    endloop
  endfacet
  facet normal -7.543730e-001 -6.564459e-001  0.000000e+000
    outer loop
      vertex  2.734333e+001  2.492674e+001  2.390000e+001
      vertex  2.846536e+001  2.363733e+001  2.300000e+001
      vertex  2.846536e+001  2.363733e+001  2.390000e+001
    endloop
  endfacet
  facet normal -7.838843e-001 -6.209068e-001  -0.000000e+000
    outer loop
      vertex  2.846536e+001  2.363733e+001  2.390000e+001
      vertex  2.846536e+001  2.363733e+001  2.300000e+001
      vertex  2.952664e+001  2.229748e+001  2.300000e+001
    endloop
  endfacet
  facet normal -7.838843e-001 -6.209068e-001  0.000000e+000
    outer loop
      vertex  2.846536e+001  2.363733e+001  2.390000e+001
      vertex  2.952664e+001  2.229748e+001  2.300000e+001
      vertex  2.952664e+001  2.229748e+001  2.390000e+001
    endloop
  endfacet
  facet normal -8.117242e-001 -5.840410e-001  -0.000000e+000
    outer loop
      vertex  2.952664e+001  2.229748e+001  2.390000e+001
      vertex  2.952664e+001  2.229748e+001  2.300000e+001
      vertex  3.052491e+001  2.091005e+001  2.300000e+001
    endloop
  endfacet
  facet normal -8.117242e-001 -5.840410e-001  0.000000e+000
    outer loop
      vertex  2.952664e+001  2.229748e+001  2.390000e+001
      vertex  3.052491e+001  2.091005e+001  2.300000e+001
      vertex  3.052491e+001  2.091005e+001  2.390000e+001
    endloop
  endfacet
  facet normal -8.378307e-001 -5.459300e-001  -0.000000e+000
    outer loop
      vertex  3.052491e+001  2.091005e+001  2.390000e+001
      vertex  3.052491e+001  2.091005e+001  2.300000e+001
      vertex  3.145803e+001  1.947799e+001  2.300000e+001
    endloop
  endfacet
  facet normal -8.378307e-001 -5.459300e-001  0.000000e+000
    outer loop
      vertex  3.052491e+001  2.091005e+001  2.390000e+001
      vertex  3.145803e+001  1.947799e+001  2.300000e+001
      vertex  3.145803e+001  1.947799e+001  2.390000e+001
    endloop
  endfacet
  facet normal -8.621498e-001 -5.066533e-001  -0.000000e+000
    outer loop
      vertex  3.145803e+001  1.947799e+001  2.390000e+001
      vertex  3.145803e+001  1.947799e+001  2.300000e+001
      vertex  3.232403e+001  1.800437e+001  2.300000e+001
    endloop
  endfacet
  facet normal -8.621498e-001 -5.066533e-001  0.000000e+000
    outer loop
      vertex  3.145803e+001  1.947799e+001  2.390000e+001
      vertex  3.232403e+001  1.800437e+001  2.300000e+001
      vertex  3.232403e+001  1.800437e+001  2.390000e+001
    endloop
  endfacet
  facet normal -8.846291e-001 -4.662953e-001  -0.000000e+000
    outer loop
      vertex  3.232403e+001  1.800437e+001  2.390000e+001
      vertex  3.232403e+001  1.800437e+001  2.300000e+001
      vertex  3.312104e+001  1.649232e+001  2.300000e+001
    endloop
  endfacet
  facet normal -8.846291e-001 -4.662953e-001  0.000000e+000
    outer loop
      vertex  3.232403e+001  1.800437e+001  2.390000e+001
      vertex  3.312104e+001  1.649232e+001  2.300000e+001
      vertex  3.312104e+001  1.649232e+001  2.390000e+001
    endloop
  endfacet
  facet normal -9.052196e-001 -4.249441e-001  -0.000000e+000
    outer loop
      vertex  3.312104e+001  1.649232e+001  2.390000e+001
      vertex  3.312104e+001  1.649232e+001  2.300000e+001
      vertex  3.384737e+001  1.494508e+001  2.300000e+001
    endloop
  endfacet
  facet normal -9.052196e-001 -4.249441e-001  0.000000e+000
    outer loop
      vertex  3.312104e+001  1.649232e+001  2.390000e+001
      vertex  3.384737e+001  1.494508e+001  2.300000e+001
      vertex  3.384737e+001  1.494508e+001  2.390000e+001
    endloop
  endfacet
  facet normal -9.238797e-001 -3.826832e-001  -0.000000e+000
    outer loop
      vertex  3.384737e+001  1.494508e+001  2.390000e+001
      vertex  3.384737e+001  1.494508e+001  2.300000e+001
      vertex  3.450147e+001  1.336594e+001  2.300000e+001
    endloop
  endfacet
  facet normal -9.238797e-001 -3.826832e-001  0.000000e+000
    outer loop
      vertex  3.384737e+001  1.494508e+001  2.390000e+001
      vertex  3.450147e+001  1.336594e+001  2.300000e+001
      vertex  3.450147e+001  1.336594e+001  2.390000e+001
    endloop
  endfacet
  facet normal -9.405675e-001 -3.396069e-001  -0.000000e+000
    outer loop
      vertex  3.450147e+001  1.336594e+001  2.390000e+001
      vertex  3.450147e+001  1.336594e+001  2.300000e+001
      vertex  3.508194e+001  1.175828e+001  2.300000e+001
    endloop
  endfacet
  facet normal -9.405675e-001 -3.396069e-001  0.000000e+000
    outer loop
      vertex  3.450147e+001  1.336594e+001  2.390000e+001
      vertex  3.508194e+001  1.175828e+001  2.300000e+001
      vertex  3.508194e+001  1.175828e+001  2.390000e+001
    endloop
  endfacet
  facet normal -9.552482e-001 -2.958055e-001  -0.000000e+000
    outer loop
      vertex  3.508194e+001  1.175828e+001  2.390000e+001
      vertex  3.508194e+001  1.175828e+001  2.300000e+001
      vertex  3.558755e+001  1.012553e+001  2.300000e+001
    endloop
  endfacet
  facet normal -9.552482e-001 -2.958055e-001  0.000000e+000
    outer loop
      vertex  3.508194e+001  1.175828e+001  2.390000e+001
      vertex  3.558755e+001  1.012553e+001  2.300000e+001
      vertex  3.558755e+001  1.012553e+001  2.390000e+001
    endloop
  endfacet
  facet normal -9.678898e-001 -2.513748e-001  -0.000000e+000
    outer loop
      vertex  3.558755e+001  1.012553e+001  2.390000e+001
      vertex  3.558755e+001  1.012553e+001  2.300000e+001
      vertex  3.601721e+001  8.471170e+000  2.300000e+001
    endloop
  endfacet
  facet normal -9.678898e-001 -2.513748e-001  0.000000e+000
    outer loop
      vertex  3.558755e+001  1.012553e+001  2.390000e+001
      vertex  3.601721e+001  8.471170e+000  2.300000e+001
      vertex  3.601721e+001  8.471170e+000  2.390000e+001
    endloop
  endfacet
  facet normal -9.784664e-001 -2.064061e-001  -0.000000e+000
    outer loop
      vertex  3.601721e+001  8.471170e+000  2.390000e+001
      vertex  3.601721e+001  8.471170e+000  2.300000e+001
      vertex  3.637001e+001  6.798732e+000  2.300000e+001
    endloop
  endfacet
  facet normal -9.784664e-001 -2.064061e-001  0.000000e+000
    outer loop
      vertex  3.601721e+001  8.471170e+000  2.390000e+001
      vertex  3.637001e+001  6.798732e+000  2.300000e+001
      vertex  3.637001e+001  6.798732e+000  2.390000e+001
    endloop
  endfacet
  facet normal -9.869551e-001 -1.609956e-001  -0.000000e+000
    outer loop
      vertex  3.637001e+001  6.798732e+000  2.390000e+001
      vertex  3.637001e+001  6.798732e+000  2.300000e+001
      vertex  3.664519e+001  5.111785e+000  2.300000e+001
    endloop
  endfacet
  facet normal -9.869551e-001 -1.609956e-001  0.000000e+000
    outer loop
      vertex  3.637001e+001  6.798732e+000  2.390000e+001
      vertex  3.664519e+001  5.111785e+000  2.300000e+001
      vertex  3.664519e+001  5.111785e+000  2.390000e+001
    endloop
  endfacet
  facet normal -9.933375e-001 -1.152414e-001  -0.000000e+000
    outer loop
      vertex  3.664519e+001  5.111785e+000  2.390000e+001
      vertex  3.664519e+001  5.111785e+000  2.300000e+001
      vertex  3.684216e+001  3.413929e+000  2.300000e+001
    endloop
  endfacet
  facet normal -9.933375e-001 -1.152414e-001  0.000000e+000
    outer loop
      vertex  3.664519e+001  5.111785e+000  2.390000e+001
      vertex  3.684216e+001  3.413929e+000  2.300000e+001
      vertex  3.684216e+001  3.413929e+000  2.390000e+001
    endloop
  endfacet
  facet normal -9.975995e-001 -6.924617e-002  -0.000000e+000
    outer loop
      vertex  3.684216e+001  3.413929e+000  2.390000e+001
      vertex  3.684216e+001  3.413929e+000  2.300000e+001
      vertex  3.696052e+001  1.708788e+000  2.300000e+001
    endloop
  endfacet
  facet normal -9.975995e-001 -6.924617e-002  0.000000e+000
    outer loop
      vertex  3.684216e+001  3.413929e+000  2.390000e+001
      vertex  3.696052e+001  1.708788e+000  2.300000e+001
      vertex  3.696052e+001  1.708788e+000  2.390000e+001
    endloop
  endfacet
  facet normal -9.997332e-001 -2.309694e-002  -0.000000e+000
    outer loop
      vertex  3.696052e+001  1.708788e+000  2.390000e+001
      vertex  3.696052e+001  1.708788e+000  2.300000e+001
      vertex  3.700000e+001  0.000000e+000  2.300000e+001
    endloop
  endfacet
  facet normal -9.997332e-001 -2.309694e-002  0.000000e+000
    outer loop
      vertex  3.696052e+001  1.708788e+000  2.390000e+001
      vertex  3.700000e+001  0.000000e+000  2.300000e+001
      vertex  3.700000e+001  0.000000e+000  2.390000e+001
    endloop
  endfacet
  facet normal  0.000000e+000 -1.000000e+000  -0.000000e+000
    outer loop
      vertex  4.200000e+001  0.000000e+000  2.300000e+001
      vertex  4.200000e+001  0.000000e+000  2.390000e+001
      vertex  3.700000e+001  0.000000e+000  2.300000e+001
    endloop
  endfacet
  facet normal  0.000000e+000 -1.000000e+000  0.000000e+000
    outer loop
      vertex  3.700000e+001  0.000000e+000  2.300000e+001
      vertex  4.200000e+001  0.000000e+000  2.390000e+001
      vertex  3.700000e+001  0.000000e+000  2.390000e+001
    endloop
  endfacet
  facet normal  0.000000e+000 -1.000000e+000  5.034495e-015
    outer loop
      vertex -3.700000e+001  0.000000e+000  2.300000e+001
      vertex -3.700000e+001  4.531044e-015  2.390000e+001
      vertex -4.200000e+001  0.000000e+000  2.300000e+001
    endloop
  endfacet
  facet normal  9.062088e-016 -1.000000e+000  0.000000e+000
    outer loop
      vertex -4.200000e+001  0.000000e+000  2.300000e+001
      vertex -3.700000e+001  4.531044e-015  2.390000e+001
      vertex -4.200000e+001  0.000000e+000  2.390000e+001
    endloop
  endfacet
  facet normal  0.000000e+000  0.000000e+000  1.000000e+000
    outer loop
      vertex  2.643072e+001  2.793100e+001  2.390000e+001
      vertex  2.492674e+001  2.734333e+001  2.390000e+001
      vertex  2.646833e+001  2.759722e+001  2.390000e+001
    endloop
  endfacet
  facet normal  0.000000e+000  0.000000e+000  1.000000e+000
    outer loop
      vertex  2.643072e+001  2.793100e+001  2.390000e+001
      vertex  2.646833e+001  2.826478e+001  2.390000e+001
      vertex  2.492674e+001  2.734333e+001  2.390000e+001
    endloop
  endfacet
  facet normal  0.000000e+000  0.000000e+000  1.000000e+000
    outer loop
      vertex -2.643072e+001  2.793100e+001  2.390000e+001
      vertex -2.492674e+001  2.734333e+001  2.390000e+001
      vertex -2.646833e+001  2.826478e+001  2.390000e+001
    endloop
  endfacet
  facet normal  -0.000000e+000  0.000000e+000  1.000000e+000
    outer loop
      vertex -2.643072e+001  2.793100e+001  2.390000e+001
      vertex -2.646833e+001  2.759722e+001  2.390000e+001
      vertex -2.492674e+001  2.734333e+001  2.390000e+001
    endloop
  endfacet
  facet normal  0.000000e+000  0.000000e+000  1.000000e+000
    outer loop
      vertex  2.091005e+001  3.052491e+001  2.390000e+001
      vertex  2.699708e+001  3.217387e+001  2.390000e+001
      vertex  1.947799e+001  3.145803e+001  2.390000e+001
    endloop
  endfacet
  facet normal  -0.000000e+000  0.000000e+000  1.000000e+000
    outer loop
      vertex -2.846536e+001  2.363733e+001  2.390000e+001
      vertex -3.542244e+001  2.256658e+001  2.390000e+001
      vertex -2.952664e+001  2.229748e+001  2.390000e+001
    endloop
  endfacet
  facet normal  0.000000e+000  0.000000e+000  1.000000e+000
    outer loop
      vertex -1.172747e+000  3.856477e+001  2.390000e+001
      vertex -1.774997e+001  3.806493e+001  2.390000e+001
      vertex -9.352347e-001  3.832725e+001  2.390000e+001
    endloop
  endfacet
  facet normal  0.000000e+000  0.000000e+000  1.000000e+000
    outer loop
      vertex -6.508256e-001  3.814855e+001  2.390000e+001
      vertex -9.352347e-001  3.832725e+001  2.390000e+001
      vertex -1.774997e+001  3.806493e+001  2.390000e+001
    endloop
  endfacet
  facet normal  -0.000000e+000  0.000000e+000  9.999999e-001
    outer loop
      vertex -5.111785e+000  3.664519e+001  2.390000e+001
      vertex -2.100000e+001  3.637307e+001  2.390000e+001
      vertex -6.798732e+000  3.637001e+001  2.390000e+001
    endloop
  endfacet
  facet normal  0.000000e+000  -0.000000e+000  1.000000e+000
    outer loop
      vertex -2.409021e+001  3.440438e+001  2.390000e+001
      vertex -1.336594e+001  3.450147e+001  2.390000e+001
      vertex -1.175828e+001  3.508194e+001  2.390000e+001
    endloop
  endfacet
  facet normal  -0.000000e+000  0.000000e+000  9.999999e-001
    outer loop
      vertex -2.229748e+001  2.952664e+001  2.390000e+001
      vertex -2.793072e+001  2.943100e+001  2.390000e+001
      vertex -2.759694e+001  2.939339e+001  2.390000e+001
    endloop
  endfacet
  facet normal  0.000000e+000  0.000000e+000  1.000000e+000
    outer loop
      vertex -2.646833e+001  2.759722e+001  2.390000e+001
      vertex -2.657926e+001  2.728017e+001  2.390000e+001
      vertex -2.492674e+001  2.734333e+001  2.390000e+001
    endloop
  endfacet
  facet normal  0.000000e+000  0.000000e+000  1.000000e+000
    outer loop
      vertex  1.774997e+001  3.806493e+001  2.390000e+001
      vertex  1.172747e+000  3.856477e+001  2.390000e+001
      vertex  9.352347e-001  3.832725e+001  2.390000e+001
    endloop
  endfacet
  facet normal  0.000000e+000  0.000000e+000  1.000000e+000
    outer loop
      vertex  1.774997e+001  3.806493e+001  2.390000e+001
      vertex  9.352347e-001  3.832725e+001  2.390000e+001
      vertex  6.508256e-001  3.814855e+001  2.390000e+001
    endloop
  endfacet
  facet normal  0.000000e+000  -0.000000e+000  9.999999e-001
    outer loop
      vertex  5.111785e+000  3.664519e+001  2.390000e+001
      vertex  6.798732e+000  3.637001e+001  2.390000e+001
      vertex  2.100000e+001  3.637307e+001  2.390000e+001
    endloop
  endfacet
  facet normal  0.000000e+000  0.000000e+000  9.999999e-001
    outer loop
      vertex  2.759694e+001  2.939339e+001  2.390000e+001
      vertex  2.793072e+001  2.943100e+001  2.390000e+001
      vertex  2.229748e+001  2.952664e+001  2.390000e+001
    endloop
  endfacet
  facet normal  -0.000000e+000  0.000000e+000  1.000000e+000
    outer loop
      vertex  2.646833e+001  2.759722e+001  2.390000e+001
      vertex  2.492674e+001  2.734333e+001  2.390000e+001
      vertex  2.657926e+001  2.728017e+001  2.390000e+001
    endloop
  endfacet
  facet normal  0.000000e+000  0.000000e+000  1.000000e+000
    outer loop
      vertex  2.793072e+001  2.943100e+001  2.390000e+001
      vertex  2.969848e+001  2.969848e+001  2.390000e+001
      vertex  2.837479e+001  3.096565e+001  2.390000e+001
    endloop
  endfacet
  facet normal  -0.000000e+000  0.000000e+000  1.000000e+000
    outer loop
      vertex  2.969848e+001  2.969848e+001  2.390000e+001
      vertex  2.793072e+001  2.943100e+001  2.390000e+001
      vertex  2.826450e+001  2.939339e+001  2.390000e+001
    endloop
  endfacet
  facet normal  -0.000000e+000  0.000000e+000  1.000000e+000
    outer loop
      vertex  2.969848e+001  2.969848e+001  2.390000e+001
      vertex  2.826450e+001  2.939339e+001  2.390000e+001
      vertex  2.858154e+001  2.928245e+001  2.390000e+001
    endloop
  endfacet
  facet normal  0.000000e+000  -0.000000e+000  1.000000e+000
    outer loop
      vertex  2.846536e+001  2.363733e+001  2.390000e+001
      vertex  2.952664e+001  2.229748e+001  2.390000e+001
      vertex  3.542244e+001  2.256658e+001  2.390000e+001
    endloop
  endfacet
  facet normal  -0.000000e+000  0.000000e+000  9.999999e-001
    outer loop
      vertex -2.699708e+001  3.217387e+001  2.390000e+001
      vertex -2.837479e+001  3.096565e+001  2.390000e+001
      vertex -2.793072e+001  2.943100e+001  2.390000e+001
    endloop
  endfacet
  facet normal  0.000000e+000  0.000000e+000  1.000000e+000
    outer loop
      vertex -2.699708e+001  3.217387e+001  2.390000e+001
      vertex -2.793072e+001  2.943100e+001  2.390000e+001
      vertex -2.229748e+001  2.952664e+001  2.390000e+001
    endloop
  endfacet
  facet normal  0.000000e+000  -0.000000e+000  1.000000e+000
    outer loop
      vertex -2.699708e+001  3.217387e+001  2.390000e+001
      vertex -2.229748e+001  2.952664e+001  2.390000e+001
      vertex -2.091005e+001  3.052491e+001  2.390000e+001
    endloop
  endfacet
  facet normal  0.000000e+000  -0.000000e+000  1.000000e+000
    outer loop
      vertex -2.699708e+001  3.217387e+001  2.390000e+001
      vertex -2.091005e+001  3.052491e+001  2.390000e+001
      vertex -1.947799e+001  3.145803e+001  2.390000e+001
    endloop
  endfacet
  facet normal  0.000000e+000  -0.000000e+000  1.000000e+000
    outer loop
      vertex -2.699708e+001  3.217387e+001  2.390000e+001
      vertex -1.947799e+001  3.145803e+001  2.390000e+001
      vertex -1.800437e+001  3.232403e+001  2.390000e+001
    endloop
  endfacet
  facet normal  0.000000e+000  -0.000000e+000  1.000000e+000
    outer loop
      vertex -2.699708e+001  3.217387e+001  2.390000e+001
      vertex -1.800437e+001  3.232403e+001  2.390000e+001
      vertex -1.649232e+001  3.312104e+001  2.390000e+001
    endloop
  endfacet
  facet normal  0.000000e+000  0.000000e+000  1.000000e+000
    outer loop
      vertex -2.699708e+001  3.217387e+001  2.390000e+001
      vertex -1.649232e+001  3.312104e+001  2.390000e+001
      vertex -2.556798e+001  3.332084e+001  2.390000e+001
    endloop
  endfacet
  facet normal  0.000000e+000  -0.000000e+000  1.000000e+000
    outer loop
      vertex -3.096565e+001  2.837479e+001  2.390000e+001
      vertex -2.939311e+001  2.826478e+001  2.390000e+001
      vertex -2.928217e+001  2.858183e+001  2.390000e+001
    endloop
  endfacet
  facet normal  0.000000e+000  -0.000000e+000  1.000000e+000
    outer loop
      vertex -3.096565e+001  2.837479e+001  2.390000e+001
      vertex -2.928217e+001  2.858183e+001  2.390000e+001
      vertex -2.910347e+001  2.886623e+001  2.390000e+001
    endloop
  endfacet
  facet normal  0.000000e+000  -0.000000e+000  1.000000e+000
    outer loop
      vertex -3.096565e+001  2.837479e+001  2.390000e+001
      vertex -2.910347e+001  2.886623e+001  2.390000e+001
      vertex -2.886595e+001  2.910375e+001  2.390000e+001
    endloop
  endfacet
  facet normal  0.000000e+000  -0.000000e+000  1.000000e+000
    outer loop
      vertex -3.096565e+001  2.837479e+001  2.390000e+001
      vertex -2.886595e+001  2.910375e+001  2.390000e+001
      vertex -2.858154e+001  2.928245e+001  2.390000e+001
    endloop
  endfacet
  facet normal  0.000000e+000  0.000000e+000  1.000000e+000
    outer loop
      vertex -2.969848e+001  2.969848e+001  2.390000e+001
      vertex -3.096565e+001  2.837479e+001  2.390000e+001
      vertex -2.858154e+001  2.928245e+001  2.390000e+001
    endloop
  endfacet
  facet normal  0.000000e+000  -0.000000e+000  1.000000e+000
    outer loop
      vertex -2.969848e+001  2.969848e+001  2.390000e+001
      vertex -2.858154e+001  2.928245e+001  2.390000e+001
      vertex -2.826450e+001  2.939339e+001  2.390000e+001
    endloop
  endfacet
  facet normal  0.000000e+000  -0.000000e+000  1.000000e+000
    outer loop
      vertex -2.969848e+001  2.969848e+001  2.390000e+001
      vertex -2.826450e+001  2.939339e+001  2.390000e+001
      vertex -2.793072e+001  2.943100e+001  2.390000e+001
    endloop
  endfacet
  facet normal  0.000000e+000  0.000000e+000  1.000000e+000
    outer loop
      vertex -2.969848e+001  2.969848e+001  2.390000e+001
      vertex -2.793072e+001  2.943100e+001  2.390000e+001
      vertex -2.837479e+001  3.096565e+001  2.390000e+001
    endloop
  endfacet
  facet normal  0.000000e+000  0.000000e+000  9.999999e-001
    outer loop
      vertex -3.217387e+001  2.699708e+001  2.390000e+001
      vertex -2.910347e+001  2.699577e+001  2.390000e+001
      vertex -2.928217e+001  2.728017e+001  2.390000e+001
    endloop
  endfacet
  facet normal  0.000000e+000  0.000000e+000  1.000000e+000
    outer loop
      vertex -3.217387e+001  2.699708e+001  2.390000e+001
      vertex -2.928217e+001  2.728017e+001  2.390000e+001
      vertex -2.939311e+001  2.759722e+001  2.390000e+001
    endloop
  endfacet
  facet normal  0.000000e+000  0.000000e+000  9.999999e-001
    outer loop
      vertex -3.217387e+001  2.699708e+001  2.390000e+001
      vertex -2.939311e+001  2.759722e+001  2.390000e+001
      vertex -2.943072e+001  2.793100e+001  2.390000e+001
    endloop
  endfacet
  facet normal  0.000000e+000  -0.000000e+000  1.000000e+000
    outer loop
      vertex -3.217387e+001  2.699708e+001  2.390000e+001
      vertex -2.943072e+001  2.793100e+001  2.390000e+001
      vertex -2.939311e+001  2.826478e+001  2.390000e+001
    endloop
  endfacet
  facet normal  0.000000e+000  0.000000e+000  1.000000e+000
    outer loop
      vertex -3.217387e+001  2.699708e+001  2.390000e+001
      vertex -2.939311e+001  2.826478e+001  2.390000e+001
      vertex -3.096565e+001  2.837479e+001  2.390000e+001
    endloop
  endfacet
  facet normal  -0.000000e+000  0.000000e+000  1.000000e+000
    outer loop
      vertex -3.332084e+001  2.556798e+001  2.390000e+001
      vertex -3.440438e+001  2.409021e+001  2.390000e+001
      vertex -3.542244e+001  2.256658e+001  2.390000e+001
    endloop
  endfacet
  facet normal  0.000000e+000  0.000000e+000  1.000000e+000
    outer loop
      vertex -3.332084e+001  2.556798e+001  2.390000e+001
      vertex -3.542244e+001  2.256658e+001  2.390000e+001
      vertex -2.846536e+001  2.363733e+001  2.390000e+001
    endloop
  endfacet
  facet normal  0.000000e+000  -0.000000e+000  1.000000e+000
    outer loop
      vertex -3.332084e+001  2.556798e+001  2.390000e+001
      vertex -2.846536e+001  2.363733e+001  2.390000e+001
      vertex -2.734333e+001  2.492674e+001  2.390000e+001
    endloop
  endfacet
  facet normal  0.000000e+000  0.000000e+000  1.000000e+000
    outer loop
      vertex -3.332084e+001  2.556798e+001  2.390000e+001
      vertex -2.734333e+001  2.492674e+001  2.390000e+001
      vertex -2.793072e+001  2.643100e+001  2.390000e+001
    endloop
  endfacet
  facet normal  0.000000e+000  0.000000e+000  1.000000e+000
    outer loop
      vertex -3.332084e+001  2.556798e+001  2.390000e+001
      vertex -2.793072e+001  2.643100e+001  2.390000e+001
      vertex -2.826450e+001  2.646861e+001  2.390000e+001
    endloop
  endfacet
  facet normal  0.000000e+000  0.000000e+000  1.000000e+000
    outer loop
      vertex -3.332084e+001  2.556798e+001  2.390000e+001
      vertex -2.826450e+001  2.646861e+001  2.390000e+001
      vertex -2.858154e+001  2.657955e+001  2.390000e+001
    endloop
  endfacet
  facet normal  0.000000e+000  0.000000e+000  1.000000e+000
    outer loop
      vertex -3.332084e+001  2.556798e+001  2.390000e+001
      vertex -2.858154e+001  2.657955e+001  2.390000e+001
      vertex -2.886595e+001  2.675825e+001  2.390000e+001
    endloop
  endfacet
  facet normal  0.000000e+000  0.000000e+000  1.000000e+000
    outer loop
      vertex -3.332084e+001  2.556798e+001  2.390000e+001
      vertex -2.886595e+001  2.675825e+001  2.390000e+001
      vertex -2.910347e+001  2.699577e+001  2.390000e+001
    endloop
  endfacet
  facet normal  0.000000e+000  0.000000e+000  1.000000e+000
    outer loop
      vertex -3.332084e+001  2.556798e+001  2.390000e+001
      vertex -2.910347e+001  2.699577e+001  2.390000e+001
      vertex -3.217387e+001  2.699708e+001  2.390000e+001
    endloop
  endfacet
  facet normal  0.000000e+000  0.000000e+000  1.000000e+000
    outer loop
      vertex  0.000000e+000  4.100000e+001  2.390000e+001
      vertex  1.087040e+001  4.056889e+001  2.390000e+001
      vertex  9.090464e+000  4.100443e+001  2.390000e+001
    endloop
  endfacet
  facet normal  0.000000e+000  0.000000e+000  9.999999e-001
    outer loop
      vertex  0.000000e+000  4.100000e+001  2.390000e+001
      vertex  9.090464e+000  4.100443e+001  2.390000e+001
      vertex  7.293223e+000  4.136193e+001  2.390000e+001
    endloop
  endfacet
  facet normal  0.000000e+000  0.000000e+000  1.000000e+000
    outer loop
      vertex  0.000000e+000  4.100000e+001  2.390000e+001
      vertex  7.293223e+000  4.136193e+001  2.390000e+001
      vertex  5.482100e+000  4.164069e+001  2.390000e+001
    endloop
  endfacet
  facet normal  0.000000e+000  0.000000e+000  1.000000e+000
    outer loop
      vertex  0.000000e+000  4.100000e+001  2.390000e+001
      vertex  5.482100e+000  4.164069e+001  2.390000e+001
      vertex  3.660541e+000  4.184018e+001  2.390000e+001
    endloop
  endfacet
  facet normal  0.000000e+000  0.000000e+000  1.000000e+000
    outer loop
      vertex  0.000000e+000  4.100000e+001  2.390000e+001
      vertex  3.660541e+000  4.184018e+001  2.390000e+001
      vertex  1.832014e+000  4.196003e+001  2.390000e+001
    endloop
  endfacet
  facet normal  0.000000e+000  0.000000e+000  9.999999e-001
    outer loop
      vertex  0.000000e+000  4.100000e+001  2.390000e+001
      vertex  1.832014e+000  4.196003e+001  2.390000e+001
      vertex  2.571673e-015  4.200000e+001  2.390000e+001
    endloop
  endfacet
  facet normal  0.000000e+000  0.000000e+000  9.999999e-001
    outer loop
      vertex  0.000000e+000  4.100000e+001  2.390000e+001
      vertex  2.571673e-015  4.200000e+001  2.390000e+001
      vertex -1.832014e+000  4.196003e+001  2.390000e+001
    endloop
  endfacet
  facet normal  0.000000e+000  0.000000e+000  1.000000e+000
    outer loop
      vertex  0.000000e+000  4.100000e+001  2.390000e+001
      vertex -1.832014e+000  4.196003e+001  2.390000e+001
      vertex -3.660541e+000  4.184018e+001  2.390000e+001
    endloop
  endfacet
  facet normal  0.000000e+000  0.000000e+000  1.000000e+000
    outer loop
      vertex  0.000000e+000  4.100000e+001  2.390000e+001
      vertex -3.660541e+000  4.184018e+001  2.390000e+001
      vertex -5.482100e+000  4.164069e+001  2.390000e+001
    endloop
  endfacet
  facet normal  0.000000e+000  0.000000e+000  1.000000e+000
    outer loop
      vertex  0.000000e+000  4.100000e+001  2.390000e+001
      vertex -5.482100e+000  4.164069e+001  2.390000e+001
      vertex -7.293223e+000  4.136193e+001  2.390000e+001
    endloop
  endfacet
  facet normal  0.000000e+000  0.000000e+000  9.999999e-001
    outer loop
      vertex  0.000000e+000  4.100000e+001  2.390000e+001
      vertex -7.293223e+000  4.136193e+001  2.390000e+001
      vertex -9.090464e+000  4.100443e+001  2.390000e+001
    endloop
  endfacet
  facet normal  0.000000e+000  0.000000e+000  1.000000e+000
    outer loop
      vertex -1.087040e+001  4.056889e+001  2.390000e+001
      vertex -1.262964e+001  4.005611e+001  2.390000e+001
      vertex -1.172747e+000  4.043523e+001  2.390000e+001
    endloop
  endfacet
  facet normal  0.000000e+000  -0.000000e+000  1.000000e+000
    outer loop
      vertex -1.087040e+001  4.056889e+001  2.390000e+001
      vertex -1.172747e+000  4.043523e+001  2.390000e+001
      vertex -9.352347e-001  4.067275e+001  2.390000e+001
    endloop
  endfacet
  facet normal  0.000000e+000  -0.000000e+000  1.000000e+000
    outer loop
      vertex -1.087040e+001  4.056889e+001  2.390000e+001
      vertex -9.352347e-001  4.067275e+001  2.390000e+001
      vertex -6.508256e-001  4.085145e+001  2.390000e+001
    endloop
  endfacet
  facet normal  0.000000e+000  -0.000000e+000  1.000000e+000
    outer loop
      vertex -1.087040e+001  4.056889e+001  2.390000e+001
      vertex -6.508256e-001  4.085145e+001  2.390000e+001
      vertex -3.337814e-001  4.096239e+001  2.390000e+001
    endloop
  endfacet
  facet normal  0.000000e+000  -0.000000e+000  1.000000e+000
    outer loop
      vertex -1.087040e+001  4.056889e+001  2.390000e+001
      vertex -3.337814e-001  4.096239e+001  2.390000e+001
      vertex  0.000000e+000  4.100000e+001  2.390000e+001
    endloop
  endfacet
  facet normal  0.000000e+000  0.000000e+000  1.000000e+000
    outer loop
      vertex -1.087040e+001  4.056889e+001  2.390000e+001
      vertex  0.000000e+000  4.100000e+001  2.390000e+001
      vertex -9.090464e+000  4.100443e+001  2.390000e+001
    endloop
  endfacet
  facet normal  0.000000e+000  0.000000e+000  1.000000e+000
    outer loop
      vertex -2.256658e+001  3.542244e+001  2.390000e+001
      vertex -2.409021e+001  3.440438e+001  2.390000e+001
      vertex -1.175828e+001  3.508194e+001  2.390000e+001
    endloop
  endfacet
  facet normal  0.000000e+000  -0.000000e+000  1.000000e+000
    outer loop
      vertex -2.256658e+001  3.542244e+001  2.390000e+001
      vertex -1.175828e+001  3.508194e+001  2.390000e+001
      vertex -1.012553e+001  3.558755e+001  2.390000e+001
    endloop
  endfacet
  facet normal  0.000000e+000  -0.000000e+000  1.000000e+000
    outer loop
      vertex -2.256658e+001  3.542244e+001  2.390000e+001
      vertex -1.012553e+001  3.558755e+001  2.390000e+001
      vertex -8.471170e+000  3.601721e+001  2.390000e+001
    endloop
  endfacet
  facet normal  0.000000e+000  -0.000000e+000  1.000000e+000
    outer loop
      vertex -2.256658e+001  3.542244e+001  2.390000e+001
      vertex -8.471170e+000  3.601721e+001  2.390000e+001
      vertex -6.798732e+000  3.637001e+001  2.390000e+001
    endloop
  endfacet
  facet normal  0.000000e+000  0.000000e+000  1.000000e+000
    outer loop
      vertex -2.256658e+001  3.542244e+001  2.390000e+001
      vertex -6.798732e+000  3.637001e+001  2.390000e+001
      vertex -2.100000e+001  3.637307e+001  2.390000e+001
    endloop
  endfacet
  facet normal  0.000000e+000  0.000000e+000  1.000000e+000
    outer loop
      vertex -2.363733e+001  2.846536e+001  2.390000e+001
      vertex -2.229748e+001  2.952664e+001  2.390000e+001
      vertex -2.759694e+001  2.939339e+001  2.390000e+001
    endloop
  endfacet
  facet normal  0.000000e+000  0.000000e+000  1.000000e+000
    outer loop
      vertex -2.363733e+001  2.846536e+001  2.390000e+001
      vertex -2.759694e+001  2.939339e+001  2.390000e+001
      vertex -2.727989e+001  2.928245e+001  2.390000e+001
    endloop
  endfacet
  facet normal  0.000000e+000  0.000000e+000  1.000000e+000
    outer loop
      vertex -2.363733e+001  2.846536e+001  2.390000e+001
      vertex -2.727989e+001  2.928245e+001  2.390000e+001
      vertex -2.699548e+001  2.910375e+001  2.390000e+001
    endloop
  endfacet
  facet normal  0.000000e+000  0.000000e+000  1.000000e+000
    outer loop
      vertex -2.363733e+001  2.846536e+001  2.390000e+001
      vertex -2.699548e+001  2.910375e+001  2.390000e+001
      vertex -2.675797e+001  2.886623e+001  2.390000e+001
    endloop
  endfacet
  facet normal  0.000000e+000  0.000000e+000  1.000000e+000
    outer loop
      vertex -2.363733e+001  2.846536e+001  2.390000e+001
      vertex -2.675797e+001  2.886623e+001  2.390000e+001
      vertex -2.657926e+001  2.858183e+001  2.390000e+001
    endloop
  endfacet
  facet normal  0.000000e+000  0.000000e+000  1.000000e+000
    outer loop
      vertex -2.363733e+001  2.846536e+001  2.390000e+001
      vertex -2.657926e+001  2.858183e+001  2.390000e+001
      vertex -2.646833e+001  2.826478e+001  2.390000e+001
    endloop
  endfacet
  facet normal  -0.000000e+000  0.000000e+000  1.000000e+000
    outer loop
      vertex -2.363733e+001  2.846536e+001  2.390000e+001
      vertex -2.646833e+001  2.826478e+001  2.390000e+001
      vertex -2.492674e+001  2.734333e+001  2.390000e+001
    endloop
  endfacet
  facet normal  0.000000e+000  0.000000e+000  1.000000e+000
    outer loop
      vertex -2.616295e+001  2.616295e+001  2.390000e+001
      vertex -2.492674e+001  2.734333e+001  2.390000e+001
      vertex -2.657926e+001  2.728017e+001  2.390000e+001
    endloop
  endfacet
  facet normal  0.000000e+000  0.000000e+000  1.000000e+000
    outer loop
      vertex -2.616295e+001  2.616295e+001  2.390000e+001
      vertex -2.657926e+001  2.728017e+001  2.390000e+001
      vertex -2.675797e+001  2.699577e+001  2.390000e+001
    endloop
  endfacet
  facet normal  0.000000e+000  0.000000e+000  1.000000e+000
    outer loop
      vertex -2.616295e+001  2.616295e+001  2.390000e+001
      vertex -2.675797e+001  2.699577e+001  2.390000e+001
      vertex -2.699548e+001  2.675825e+001  2.390000e+001
    endloop
  endfacet
  facet normal  0.000000e+000  0.000000e+000  1.000000e+000
    outer loop
      vertex -2.616295e+001  2.616295e+001  2.390000e+001
      vertex -2.699548e+001  2.675825e+001  2.390000e+001
      vertex -2.727989e+001  2.657955e+001  2.390000e+001
    endloop
  endfacet
  facet normal  0.000000e+000  0.000000e+000  1.000000e+000
    outer loop
      vertex -2.616295e+001  2.616295e+001  2.390000e+001
      vertex -2.727989e+001  2.657955e+001  2.390000e+001
      vertex -2.759694e+001  2.646861e+001  2.390000e+001
    endloop
  endfacet
  facet normal  0.000000e+000  0.000000e+000  1.000000e+000
    outer loop
      vertex -2.616295e+001  2.616295e+001  2.390000e+001
      vertex -2.759694e+001  2.646861e+001  2.390000e+001
      vertex -2.793072e+001  2.643100e+001  2.390000e+001
    endloop
  endfacet
  facet normal  0.000000e+000  0.000000e+000  1.000000e+000
    outer loop
      vertex -2.616295e+001  2.616295e+001  2.390000e+001
      vertex -2.793072e+001  2.643100e+001  2.390000e+001
      vertex -2.734333e+001  2.492674e+001  2.390000e+001
    endloop
  endfacet
  facet normal  0.000000e+000  0.000000e+000  1.000000e+000
    outer loop
      vertex  1.087040e+001  4.056889e+001  2.390000e+001
      vertex  0.000000e+000  4.100000e+001  2.390000e+001
      vertex  3.337814e-001  4.096239e+001  2.390000e+001
    endloop
  endfacet
  facet normal  0.000000e+000  0.000000e+000  1.000000e+000
    outer loop
      vertex  1.087040e+001  4.056889e+001  2.390000e+001
      vertex  3.337814e-001  4.096239e+001  2.390000e+001
      vertex  6.508256e-001  4.085145e+001  2.390000e+001
    endloop
  endfacet
  facet normal  0.000000e+000  0.000000e+000  1.000000e+000
    outer loop
      vertex  1.087040e+001  4.056889e+001  2.390000e+001
      vertex  6.508256e-001  4.085145e+001  2.390000e+001
      vertex  9.352347e-001  4.067275e+001  2.390000e+001
    endloop
  endfacet
  facet normal  0.000000e+000  0.000000e+000  1.000000e+000
    outer loop
      vertex  1.087040e+001  4.056889e+001  2.390000e+001
      vertex  9.352347e-001  4.067275e+001  2.390000e+001
      vertex  1.172747e+000  4.043523e+001  2.390000e+001
    endloop
  endfacet
  facet normal  -0.000000e+000  0.000000e+000  1.000000e+000
    outer loop
      vertex  1.087040e+001  4.056889e+001  2.390000e+001
      vertex  1.172747e+000  4.043523e+001  2.390000e+001
      vertex  1.262964e+001  4.005611e+001  2.390000e+001
    endloop
  endfacet
  facet normal  0.000000e+000  -0.000000e+000  1.000000e+000
    outer loop
      vertex  2.363733e+001  2.846536e+001  2.390000e+001
      vertex  2.492674e+001  2.734333e+001  2.390000e+001
      vertex  2.646833e+001  2.826478e+001  2.390000e+001
    endloop
  endfacet
  facet normal  0.000000e+000  -0.000000e+000  1.000000e+000
    outer loop
      vertex  2.363733e+001  2.846536e+001  2.390000e+001
      vertex  2.646833e+001  2.826478e+001  2.390000e+001
      vertex  2.657926e+001  2.858183e+001  2.390000e+001
    endloop
  endfacet
  facet normal  0.000000e+000  -0.000000e+000  1.000000e+000
    outer loop
      vertex  2.363733e+001  2.846536e+001  2.390000e+001
      vertex  2.657926e+001  2.858183e+001  2.390000e+001
      vertex  2.675797e+001  2.886623e+001  2.390000e+001
    endloop
  endfacet
  facet normal  0.000000e+000  -0.000000e+000  1.000000e+000
    outer loop
      vertex  2.363733e+001  2.846536e+001  2.390000e+001
      vertex  2.675797e+001  2.886623e+001  2.390000e+001
      vertex  2.699548e+001  2.910375e+001  2.390000e+001
    endloop
  endfacet
  facet normal  0.000000e+000  -0.000000e+000  1.000000e+000
    outer loop
      vertex  2.363733e+001  2.846536e+001  2.390000e+001
      vertex  2.699548e+001  2.910375e+001  2.390000e+001
      vertex  2.727989e+001  2.928245e+001  2.390000e+001
    endloop
  endfacet
  facet normal  0.000000e+000  -0.000000e+000  1.000000e+000
    outer loop
      vertex  2.363733e+001  2.846536e+001  2.390000e+001
      vertex  2.727989e+001  2.928245e+001  2.390000e+001
      vertex  2.759694e+001  2.939339e+001  2.390000e+001
    endloop
  endfacet
  facet normal  0.000000e+000  0.000000e+000  1.000000e+000
    outer loop
      vertex  2.363733e+001  2.846536e+001  2.390000e+001
      vertex  2.759694e+001  2.939339e+001  2.390000e+001
      vertex  2.229748e+001  2.952664e+001  2.390000e+001
    endloop
  endfacet
  facet normal  0.000000e+000  -0.000000e+000  1.000000e+000
    outer loop
      vertex  2.616295e+001  2.616295e+001  2.390000e+001
      vertex  2.734333e+001  2.492674e+001  2.390000e+001
      vertex  2.793072e+001  2.643100e+001  2.390000e+001
    endloop
  endfacet
  facet normal  0.000000e+000  0.000000e+000  1.000000e+000
    outer loop
      vertex  2.616295e+001  2.616295e+001  2.390000e+001
      vertex  2.793072e+001  2.643100e+001  2.390000e+001
      vertex  2.759694e+001  2.646861e+001  2.390000e+001
    endloop
  endfacet
  facet normal  0.000000e+000  0.000000e+000  1.000000e+000
    outer loop
      vertex  2.616295e+001  2.616295e+001  2.390000e+001
      vertex  2.759694e+001  2.646861e+001  2.390000e+001
      vertex  2.727989e+001  2.657955e+001  2.390000e+001
    endloop
  endfacet
  facet normal  0.000000e+000  0.000000e+000  1.000000e+000
    outer loop
      vertex  2.616295e+001  2.616295e+001  2.390000e+001
      vertex  2.727989e+001  2.657955e+001  2.390000e+001
      vertex  2.699548e+001  2.675825e+001  2.390000e+001
    endloop
  endfacet
  facet normal  0.000000e+000  0.000000e+000  1.000000e+000
    outer loop
      vertex  2.616295e+001  2.616295e+001  2.390000e+001
      vertex  2.699548e+001  2.675825e+001  2.390000e+001
      vertex  2.675797e+001  2.699577e+001  2.390000e+001
    endloop
  endfacet
  facet normal  0.000000e+000  0.000000e+000  1.000000e+000
    outer loop
      vertex  2.616295e+001  2.616295e+001  2.390000e+001
      vertex  2.675797e+001  2.699577e+001  2.390000e+001
      vertex  2.657926e+001  2.728017e+001  2.390000e+001
    endloop
  endfacet
  facet normal  0.000000e+000  0.000000e+000  1.000000e+000
    outer loop
      vertex  2.616295e+001  2.616295e+001  2.390000e+001
      vertex  2.657926e+001  2.728017e+001  2.390000e+001
      vertex  2.492674e+001  2.734333e+001  2.390000e+001
    endloop
  endfacet
  facet normal  0.000000e+000  0.000000e+000  1.000000e+000
    outer loop
      vertex  3.096565e+001  2.837479e+001  2.390000e+001
      vertex  2.969848e+001  2.969848e+001  2.390000e+001
      vertex  2.858154e+001  2.928245e+001  2.390000e+001
    endloop
  endfacet
  facet normal  0.000000e+000  0.000000e+000  1.000000e+000
    outer loop
      vertex  3.096565e+001  2.837479e+001  2.390000e+001
      vertex  2.858154e+001  2.928245e+001  2.390000e+001
      vertex  2.886595e+001  2.910375e+001  2.390000e+001
    endloop
  endfacet
  facet normal  0.000000e+000  0.000000e+000  1.000000e+000
    outer loop
      vertex  3.096565e+001  2.837479e+001  2.390000e+001
      vertex  2.886595e+001  2.910375e+001  2.390000e+001
      vertex  2.910347e+001  2.886623e+001  2.390000e+001
    endloop
  endfacet
  facet normal  0.000000e+000  0.000000e+000  1.000000e+000
    outer loop
      vertex  3.096565e+001  2.837479e+001  2.390000e+001
      vertex  2.910347e+001  2.886623e+001  2.390000e+001
      vertex  2.928217e+001  2.858183e+001  2.390000e+001
    endloop
  endfacet
  facet normal  0.000000e+000  0.000000e+000  1.000000e+000
    outer loop
      vertex  3.096565e+001  2.837479e+001  2.390000e+001
      vertex  2.928217e+001  2.858183e+001  2.390000e+001
      vertex  2.939311e+001  2.826478e+001  2.390000e+001
    endloop
  endfacet
  facet normal  -0.000000e+000  0.000000e+000  1.000000e+000
    outer loop
      vertex  3.096565e+001  2.837479e+001  2.390000e+001
      vertex  2.939311e+001  2.826478e+001  2.390000e+001
      vertex  3.217387e+001  2.699708e+001  2.390000e+001
    endloop
  endfacet
  facet normal  0.000000e+000  0.000000e+000  1.000000e+000
    outer loop
      vertex  3.217387e+001  2.699708e+001  2.390000e+001
      vertex  2.939311e+001  2.826478e+001  2.390000e+001
      vertex  2.943072e+001  2.793100e+001  2.390000e+001
    endloop
  endfacet
  facet normal  0.000000e+000  0.000000e+000  9.999999e-001
    outer loop
      vertex  3.217387e+001  2.699708e+001  2.390000e+001
      vertex  2.943072e+001  2.793100e+001  2.390000e+001
      vertex  2.939311e+001  2.759722e+001  2.390000e+001
    endloop
  endfacet
  facet normal  0.000000e+000  0.000000e+000  1.000000e+000
    outer loop
      vertex  3.217387e+001  2.699708e+001  2.390000e+001
      vertex  2.939311e+001  2.759722e+001  2.390000e+001
      vertex  2.928217e+001  2.728017e+001  2.390000e+001
    endloop
  endfacet
  facet normal  0.000000e+000  0.000000e+000  9.999999e-001
    outer loop
      vertex  3.217387e+001  2.699708e+001  2.390000e+001
      vertex  2.928217e+001  2.728017e+001  2.390000e+001
      vertex  2.910347e+001  2.699577e+001  2.390000e+001
    endloop
  endfacet
  facet normal  -0.000000e+000  0.000000e+000  1.000000e+000
    outer loop
      vertex  3.217387e+001  2.699708e+001  2.390000e+001
      vertex  2.910347e+001  2.699577e+001  2.390000e+001
      vertex  3.332084e+001  2.556798e+001  2.390000e+001
    endloop
  endfacet
  facet normal  0.000000e+000  0.000000e+000  1.000000e+000
    outer loop
      vertex  3.332084e+001  2.556798e+001  2.390000e+001
      vertex  2.910347e+001  2.699577e+001  2.390000e+001
      vertex  2.886595e+001  2.675825e+001  2.390000e+001
    endloop
  endfacet
  facet normal  0.000000e+000  0.000000e+000  1.000000e+000
    outer loop
      vertex  3.332084e+001  2.556798e+001  2.390000e+001
      vertex  2.886595e+001  2.675825e+001  2.390000e+001
      vertex  2.858154e+001  2.657955e+001  2.390000e+001
    endloop
  endfacet
  facet normal  0.000000e+000  0.000000e+000  1.000000e+000
    outer loop
      vertex  3.332084e+001  2.556798e+001  2.390000e+001
      vertex  2.858154e+001  2.657955e+001  2.390000e+001
      vertex  2.826450e+001  2.646861e+001  2.390000e+001
    endloop
  endfacet
  facet normal  0.000000e+000  0.000000e+000  1.000000e+000
    outer loop
      vertex  3.332084e+001  2.556798e+001  2.390000e+001
      vertex  2.826450e+001  2.646861e+001  2.390000e+001
      vertex  2.793072e+001  2.643100e+001  2.390000e+001
    endloop
  endfacet
  facet normal  0.000000e+000  0.000000e+000  1.000000e+000
    outer loop
      vertex  3.542244e+001  2.256658e+001  2.390000e+001
      vertex  3.440438e+001  2.409021e+001  2.390000e+001
      vertex  2.846536e+001  2.363733e+001  2.390000e+001
    endloop
  endfacet
  facet normal  0.000000e+000  0.000000e+000  9.999999e-001
    outer loop
      vertex  2.846536e+001  2.363733e+001  2.390000e+001
      vertex  3.440438e+001  2.409021e+001  2.390000e+001
      vertex  3.332084e+001  2.556798e+001  2.390000e+001
    endloop
  endfacet
  facet normal  0.000000e+000  0.000000e+000  1.000000e+000
    outer loop
      vertex  2.846536e+001  2.363733e+001  2.390000e+001
      vertex  3.332084e+001  2.556798e+001  2.390000e+001
      vertex  2.734333e+001  2.492674e+001  2.390000e+001
    endloop
  endfacet
  facet normal  0.000000e+000  0.000000e+000  1.000000e+000
    outer loop
      vertex  2.734333e+001  2.492674e+001  2.390000e+001
      vertex  3.332084e+001  2.556798e+001  2.390000e+001
      vertex  2.793072e+001  2.643100e+001  2.390000e+001
    endloop
  endfacet
  facet normal  0.000000e+000  0.000000e+000  9.999999e-001
    outer loop
      vertex  2.837479e+001  3.096565e+001  2.390000e+001
      vertex  2.699708e+001  3.217387e+001  2.390000e+001
      vertex  2.793072e+001  2.943100e+001  2.390000e+001
    endloop
  endfacet
  facet normal  0.000000e+000  0.000000e+000  1.000000e+000
    outer loop
      vertex  2.793072e+001  2.943100e+001  2.390000e+001
      vertex  2.699708e+001  3.217387e+001  2.390000e+001
      vertex  2.091005e+001  3.052491e+001  2.390000e+001
    endloop
  endfacet
  facet normal  0.000000e+000  0.000000e+000  1.000000e+000
    outer loop
      vertex  2.793072e+001  2.943100e+001  2.390000e+001
      vertex  2.091005e+001  3.052491e+001  2.390000e+001
      vertex  2.229748e+001  2.952664e+001  2.390000e+001
    endloop
  endfacet
  facet normal  0.000000e+000  0.000000e+000  1.000000e+000
    outer loop
      vertex -2.952664e+001  2.229748e+001  2.390000e+001
      vertex -3.542244e+001  2.256658e+001  2.390000e+001
      vertex -3.052491e+001  2.091005e+001  2.390000e+001
    endloop
  endfacet
  facet normal  0.000000e+000  0.000000e+000  1.000000e+000
    outer loop
      vertex -3.052491e+001  2.091005e+001  2.390000e+001
      vertex -3.542244e+001  2.256658e+001  2.390000e+001
      vertex -3.637307e+001  2.100000e+001  2.390000e+001
    endloop
  endfacet
  facet normal  0.000000e+000  0.000000e+000  1.000000e+000
    outer loop
      vertex -3.052491e+001  2.091005e+001  2.390000e+001
      vertex -3.637307e+001  2.100000e+001  2.390000e+001
      vertex -3.145803e+001  1.947799e+001  2.390000e+001
    endloop
  endfacet
  facet normal  0.000000e+000  0.000000e+000  1.000000e+000
    outer loop
      vertex -3.145803e+001  1.947799e+001  2.390000e+001
      vertex -3.637307e+001  2.100000e+001  2.390000e+001
      vertex -3.725446e+001  1.939344e+001  2.390000e+001
    endloop
  endfacet
  facet normal  -0.000000e+000  0.000000e+000  1.000000e+000
    outer loop
      vertex -3.145803e+001  1.947799e+001  2.390000e+001
      vertex -3.725446e+001  1.939344e+001  2.390000e+001
      vertex -3.232403e+001  1.800437e+001  2.390000e+001
    endloop
  endfacet
  facet normal  0.000000e+000  0.000000e+000  1.000000e+000
    outer loop
      vertex -3.232403e+001  1.800437e+001  2.390000e+001
      vertex -3.725446e+001  1.939344e+001  2.390000e+001
      vertex -3.806493e+001  1.774997e+001  2.390000e+001
    endloop
  endfacet
  facet normal  -0.000000e+000  0.000000e+000  1.000000e+000
    outer loop
      vertex -3.232403e+001  1.800437e+001  2.390000e+001
      vertex -3.806493e+001  1.774997e+001  2.390000e+001
      vertex -3.312104e+001  1.649232e+001  2.390000e+001
    endloop
  endfacet
  facet normal  0.000000e+000  0.000000e+000  1.000000e+000
    outer loop
      vertex -3.312104e+001  1.649232e+001  2.390000e+001
      vertex -3.806493e+001  1.774997e+001  2.390000e+001
      vertex -3.880294e+001  1.607270e+001  2.390000e+001
    endloop
  endfacet
  facet normal  -0.000000e+000  0.000000e+000  1.000000e+000
    outer loop
      vertex -3.312104e+001  1.649232e+001  2.390000e+001
      vertex -3.880294e+001  1.607270e+001  2.390000e+001
      vertex -3.384737e+001  1.494508e+001  2.390000e+001
    endloop
  endfacet
  facet normal  0.000000e+000  0.000000e+000  1.000000e+000
    outer loop
      vertex -3.384737e+001  1.494508e+001  2.390000e+001
      vertex -3.880294e+001  1.607270e+001  2.390000e+001
      vertex -3.946709e+001  1.436485e+001  2.390000e+001
    endloop
  endfacet
  facet normal  -0.000000e+000  0.000000e+000  1.000000e+000
    outer loop
      vertex -3.384737e+001  1.494508e+001  2.390000e+001
      vertex -3.946709e+001  1.436485e+001  2.390000e+001
      vertex -3.450147e+001  1.336594e+001  2.390000e+001
    endloop
  endfacet
  facet normal  0.000000e+000  0.000000e+000  1.000000e+000
    outer loop
      vertex -3.450147e+001  1.336594e+001  2.390000e+001
      vertex -3.946709e+001  1.436485e+001  2.390000e+001
      vertex -4.005611e+001  1.262964e+001  2.390000e+001
    endloop
  endfacet
  facet normal  -0.000000e+000  0.000000e+000  1.000000e+000
    outer loop
      vertex -3.450147e+001  1.336594e+001  2.390000e+001
      vertex -4.005611e+001  1.262964e+001  2.390000e+001
      vertex -3.508194e+001  1.175828e+001  2.390000e+001
    endloop
  endfacet
  facet normal  0.000000e+000  0.000000e+000  1.000000e+000
    outer loop
      vertex -3.508194e+001  1.175828e+001  2.390000e+001
      vertex -4.005611e+001  1.262964e+001  2.390000e+001
      vertex -4.056889e+001  1.087040e+001  2.390000e+001
    endloop
  endfacet
  facet normal  -0.000000e+000  0.000000e+000  1.000000e+000
    outer loop
      vertex -3.508194e+001  1.175828e+001  2.390000e+001
      vertex -4.056889e+001  1.087040e+001  2.390000e+001
      vertex -3.558755e+001  1.012553e+001  2.390000e+001
    endloop
  endfacet
  facet normal  0.000000e+000  0.000000e+000  1.000000e+000
    outer loop
      vertex -3.558755e+001  1.012553e+001  2.390000e+001
      vertex -4.056889e+001  1.087040e+001  2.390000e+001
      vertex -3.601721e+001  8.471170e+000  2.390000e+001
    endloop
  endfacet
  facet normal  0.000000e+000  0.000000e+000  1.000000e+000
    outer loop
      vertex -3.601721e+001  8.471170e+000  2.390000e+001
      vertex -4.056889e+001  1.087040e+001  2.390000e+001
      vertex -4.100443e+001  9.090464e+000  2.390000e+001
    endloop
  endfacet
  facet normal  0.000000e+000  0.000000e+000  1.000000e+000
    outer loop
      vertex -3.601721e+001  8.471170e+000  2.390000e+001
      vertex -4.100443e+001  9.090464e+000  2.390000e+001
      vertex -3.637001e+001  6.798732e+000  2.390000e+001
    endloop
  endfacet
  facet normal  0.000000e+000  0.000000e+000  1.000000e+000
    outer loop
      vertex -3.637001e+001  6.798732e+000  2.390000e+001
      vertex -4.100443e+001  9.090464e+000  2.390000e+001
      vertex -4.136193e+001  7.293223e+000  2.390000e+001
    endloop
  endfacet
  facet normal  0.000000e+000  0.000000e+000  1.000000e+000
    outer loop
      vertex -3.637001e+001  6.798732e+000  2.390000e+001
      vertex -4.136193e+001  7.293223e+000  2.390000e+001
      vertex -3.664519e+001  5.111785e+000  2.390000e+001
    endloop
  endfacet
  facet normal  0.000000e+000  0.000000e+000  1.000000e+000
    outer loop
      vertex -3.664519e+001  5.111785e+000  2.390000e+001
      vertex -4.136193e+001  7.293223e+000  2.390000e+001
      vertex -4.164069e+001  5.482100e+000  2.390000e+001
    endloop
  endfacet
  facet normal  0.000000e+000  0.000000e+000  1.000000e+000
    outer loop
      vertex -3.664519e+001  5.111785e+000  2.390000e+001
      vertex -4.164069e+001  5.482100e+000  2.390000e+001
      vertex -3.684216e+001  3.413929e+000  2.390000e+001
    endloop
  endfacet
  facet normal  0.000000e+000  0.000000e+000  1.000000e+000
    outer loop
      vertex -3.684216e+001  3.413929e+000  2.390000e+001
      vertex -4.164069e+001  5.482100e+000  2.390000e+001
      vertex -4.184018e+001  3.660541e+000  2.390000e+001
    endloop
  endfacet
  facet normal  0.000000e+000  0.000000e+000  1.000000e+000
    outer loop
      vertex -3.684216e+001  3.413929e+000  2.390000e+001
      vertex -4.184018e+001  3.660541e+000  2.390000e+001
      vertex -3.696052e+001  1.708788e+000  2.390000e+001
    endloop
  endfacet
  facet normal  0.000000e+000  0.000000e+000  1.000000e+000
    outer loop
      vertex -3.696052e+001  1.708788e+000  2.390000e+001
      vertex -4.184018e+001  3.660541e+000  2.390000e+001
      vertex -4.196003e+001  1.832014e+000  2.390000e+001
    endloop
  endfacet
  facet normal  0.000000e+000  0.000000e+000  1.000000e+000
    outer loop
      vertex -3.696052e+001  1.708788e+000  2.390000e+001
      vertex -4.196003e+001  1.832014e+000  2.390000e+001
      vertex -3.700000e+001  4.531044e-015  2.390000e+001
    endloop
  endfacet
  facet normal  0.000000e+000  0.000000e+000  1.000000e+000
    outer loop
      vertex -3.700000e+001  4.531044e-015  2.390000e+001
      vertex -4.196003e+001  1.832014e+000  2.390000e+001
      vertex -4.200000e+001  0.000000e+000  2.390000e+001
    endloop
  endfacet
  facet normal  0.000000e+000  0.000000e+000  1.000000e+000
    outer loop
      vertex -1.436485e+001  3.946709e+001  2.390000e+001
      vertex -1.462392e+000  3.983378e+001  2.390000e+001
      vertex -1.262964e+001  4.005611e+001  2.390000e+001
    endloop
  endfacet
  facet normal  -0.000000e+000  0.000000e+000  1.000000e+000
    outer loop
      vertex -1.262964e+001  4.005611e+001  2.390000e+001
      vertex -1.462392e+000  3.983378e+001  2.390000e+001
      vertex -1.351453e+000  4.015083e+001  2.390000e+001
    endloop
  endfacet
  facet normal  0.000000e+000  -0.000000e+000  1.000000e+000
    outer loop
      vertex -1.262964e+001  4.005611e+001  2.390000e+001
      vertex -1.351453e+000  4.015083e+001  2.390000e+001
      vertex -1.172747e+000  4.043523e+001  2.390000e+001
    endloop
  endfacet
  facet normal  0.000000e+000  0.000000e+000  1.000000e+000
    outer loop
      vertex -1.607270e+001  3.880294e+001  2.390000e+001
      vertex -1.462392e+000  3.916622e+001  2.390000e+001
      vertex -1.436485e+001  3.946709e+001  2.390000e+001
    endloop
  endfacet
  facet normal  -0.000000e+000  0.000000e+000  1.000000e+000
    outer loop
      vertex -1.436485e+001  3.946709e+001  2.390000e+001
      vertex -1.462392e+000  3.916622e+001  2.390000e+001
      vertex -1.500000e+000  3.950000e+001  2.390000e+001
    endloop
  endfacet
  facet normal  0.000000e+000  -0.000000e+000  1.000000e+000
    outer loop
      vertex -1.436485e+001  3.946709e+001  2.390000e+001
      vertex -1.500000e+000  3.950000e+001  2.390000e+001
      vertex -1.462392e+000  3.983378e+001  2.390000e+001
    endloop
  endfacet
  facet normal  0.000000e+000  0.000000e+000  9.999999e-001
    outer loop
      vertex -1.774997e+001  3.806493e+001  2.390000e+001
      vertex -1.172747e+000  3.856477e+001  2.390000e+001
      vertex -1.607270e+001  3.880294e+001  2.390000e+001
    endloop
  endfacet
  facet normal  -0.000000e+000  0.000000e+000  1.000000e+000
    outer loop
      vertex -1.607270e+001  3.880294e+001  2.390000e+001
      vertex -1.172747e+000  3.856477e+001  2.390000e+001
      vertex -1.351453e+000  3.884917e+001  2.390000e+001
    endloop
  endfacet
  facet normal  0.000000e+000  0.000000e+000  1.000000e+000
    outer loop
      vertex -1.607270e+001  3.880294e+001  2.390000e+001
      vertex -1.351453e+000  3.884917e+001  2.390000e+001
      vertex -1.462392e+000  3.916622e+001  2.390000e+001
    endloop
  endfacet
  facet normal  0.000000e+000  0.000000e+000  1.000000e+000
    outer loop
      vertex -1.708788e+000  3.696052e+001  2.390000e+001
      vertex  2.265522e-015  3.700000e+001  2.390000e+001
      vertex -1.939344e+001  3.725446e+001  2.390000e+001
    endloop
  endfacet
  facet normal  -0.000000e+000  0.000000e+000  1.000000e+000
    outer loop
      vertex -1.939344e+001  3.725446e+001  2.390000e+001
      vertex  2.265522e-015  3.700000e+001  2.390000e+001
      vertex  0.000000e+000  3.800000e+001  2.390000e+001
    endloop
  endfacet
  facet normal  0.000000e+000  0.000000e+000  1.000000e+000
    outer loop
      vertex -1.939344e+001  3.725446e+001  2.390000e+001
      vertex  0.000000e+000  3.800000e+001  2.390000e+001
      vertex -1.774997e+001  3.806493e+001  2.390000e+001
    endloop
  endfacet
  facet normal  0.000000e+000  0.000000e+000  1.000000e+000
    outer loop
      vertex -1.774997e+001  3.806493e+001  2.390000e+001
      vertex  0.000000e+000  3.800000e+001  2.390000e+001
      vertex -3.337814e-001  3.803761e+001  2.390000e+001
    endloop
  endfacet
  facet normal  0.000000e+000  0.000000e+000  1.000000e+000
    outer loop
      vertex -1.774997e+001  3.806493e+001  2.390000e+001
      vertex -3.337814e-001  3.803761e+001  2.390000e+001
      vertex -6.508256e-001  3.814855e+001  2.390000e+001
    endloop
  endfacet
  facet normal  0.000000e+000  0.000000e+000  1.000000e+000
    outer loop
      vertex -1.708788e+000  3.696052e+001  2.390000e+001
      vertex -1.939344e+001  3.725446e+001  2.390000e+001
      vertex -3.413929e+000  3.684216e+001  2.390000e+001
    endloop
  endfacet
  facet normal  0.000000e+000  0.000000e+000  1.000000e+000
    outer loop
      vertex -3.413929e+000  3.684216e+001  2.390000e+001
      vertex -1.939344e+001  3.725446e+001  2.390000e+001
      vertex -2.100000e+001  3.637307e+001  2.390000e+001
    endloop
  endfacet
  facet normal  0.000000e+000  0.000000e+000  1.000000e+000
    outer loop
      vertex -3.413929e+000  3.684216e+001  2.390000e+001
      vertex -2.100000e+001  3.637307e+001  2.390000e+001
      vertex -5.111785e+000  3.664519e+001  2.390000e+001
    endloop
  endfacet
  facet normal  -0.000000e+000  0.000000e+000  1.000000e+000
    outer loop
      vertex -1.336594e+001  3.450147e+001  2.390000e+001
      vertex -2.409021e+001  3.440438e+001  2.390000e+001
      vertex -1.494508e+001  3.384737e+001  2.390000e+001
    endloop
  endfacet
  facet normal  0.000000e+000  0.000000e+000  1.000000e+000
    outer loop
      vertex -1.494508e+001  3.384737e+001  2.390000e+001
      vertex -2.409021e+001  3.440438e+001  2.390000e+001
      vertex -2.556798e+001  3.332084e+001  2.390000e+001
    endloop
  endfacet
  facet normal  -0.000000e+000  0.000000e+000  1.000000e+000
    outer loop
      vertex -1.494508e+001  3.384737e+001  2.390000e+001
      vertex -2.556798e+001  3.332084e+001  2.390000e+001
      vertex -1.649232e+001  3.312104e+001  2.390000e+001
    endloop
  endfacet
  facet normal  0.000000e+000  0.000000e+000  1.000000e+000
    outer loop
      vertex  1.462392e+000  3.983378e+001  2.390000e+001
      vertex  1.436485e+001  3.946709e+001  2.390000e+001
      vertex  1.351453e+000  4.015083e+001  2.390000e+001
    endloop
  endfacet
  facet normal  0.000000e+000  0.000000e+000  1.000000e+000
    outer loop
      vertex  1.351453e+000  4.015083e+001  2.390000e+001
      vertex  1.436485e+001  3.946709e+001  2.390000e+001
      vertex  1.262964e+001  4.005611e+001  2.390000e+001
    endloop
  endfacet
  facet normal  0.000000e+000  0.000000e+000  1.000000e+000
    outer loop
      vertex  1.351453e+000  4.015083e+001  2.390000e+001
      vertex  1.262964e+001  4.005611e+001  2.390000e+001
      vertex  1.172747e+000  4.043523e+001  2.390000e+001
    endloop
  endfacet
  facet normal  0.000000e+000  0.000000e+000  1.000000e+000
    outer loop
      vertex  1.462392e+000  3.916622e+001  2.390000e+001
      vertex  1.607270e+001  3.880294e+001  2.390000e+001
      vertex  1.500000e+000  3.950000e+001  2.390000e+001
    endloop
  endfacet
  facet normal  0.000000e+000  0.000000e+000  1.000000e+000
    outer loop
      vertex  1.500000e+000  3.950000e+001  2.390000e+001
      vertex  1.607270e+001  3.880294e+001  2.390000e+001
      vertex  1.436485e+001  3.946709e+001  2.390000e+001
    endloop
  endfacet
  facet normal  0.000000e+000  0.000000e+000  1.000000e+000
    outer loop
      vertex  1.500000e+000  3.950000e+001  2.390000e+001
      vertex  1.436485e+001  3.946709e+001  2.390000e+001
      vertex  1.462392e+000  3.983378e+001  2.390000e+001
    endloop
  endfacet
  facet normal  0.000000e+000  0.000000e+000  1.000000e+000
    outer loop
      vertex  1.172747e+000  3.856477e+001  2.390000e+001
      vertex  1.774997e+001  3.806493e+001  2.390000e+001
      vertex  1.351453e+000  3.884917e+001  2.390000e+001
    endloop
  endfacet
  facet normal  0.000000e+000  0.000000e+000  1.000000e+000
    outer loop
      vertex  1.351453e+000  3.884917e+001  2.390000e+001
      vertex  1.774997e+001  3.806493e+001  2.390000e+001
      vertex  1.607270e+001  3.880294e+001  2.390000e+001
    endloop
  endfacet
  facet normal  0.000000e+000  0.000000e+000  1.000000e+000
    outer loop
      vertex  1.351453e+000  3.884917e+001  2.390000e+001
      vertex  1.607270e+001  3.880294e+001  2.390000e+001
      vertex  1.462392e+000  3.916622e+001  2.390000e+001
    endloop
  endfacet
  facet normal  0.000000e+000  0.000000e+000  1.000000e+000
    outer loop
      vertex  0.000000e+000  3.800000e+001  2.390000e+001
      vertex  1.939344e+001  3.725446e+001  2.390000e+001
      vertex  3.337814e-001  3.803761e+001  2.390000e+001
    endloop
  endfacet
  facet normal  -0.000000e+000  0.000000e+000  1.000000e+000
    outer loop
      vertex  3.337814e-001  3.803761e+001  2.390000e+001
      vertex  1.939344e+001  3.725446e+001  2.390000e+001
      vertex  1.774997e+001  3.806493e+001  2.390000e+001
    endloop
  endfacet
  facet normal  0.000000e+000  0.000000e+000  1.000000e+000
    outer loop
      vertex  3.337814e-001  3.803761e+001  2.390000e+001
      vertex  1.774997e+001  3.806493e+001  2.390000e+001
      vertex  6.508256e-001  3.814855e+001  2.390000e+001
    endloop
  endfacet
  facet normal  0.000000e+000  -0.000000e+000  1.000000e+000
    outer loop
      vertex  0.000000e+000  3.800000e+001  2.390000e+001
      vertex  2.265522e-015  3.700000e+001  2.390000e+001
      vertex  1.939344e+001  3.725446e+001  2.390000e+001
    endloop
  endfacet
  facet normal  0.000000e+000  0.000000e+000  1.000000e+000
    outer loop
      vertex  1.939344e+001  3.725446e+001  2.390000e+001
      vertex  2.265522e-015  3.700000e+001  2.390000e+001
      vertex  1.708788e+000  3.696052e+001  2.390000e+001
    endloop
  endfacet
  facet normal  -0.000000e+000  0.000000e+000  1.000000e+000
    outer loop
      vertex  1.939344e+001  3.725446e+001  2.390000e+001
      vertex  1.708788e+000  3.696052e+001  2.390000e+001
      vertex  2.100000e+001  3.637307e+001  2.390000e+001
    endloop
  endfacet
  facet normal  0.000000e+000  0.000000e+000  1.000000e+000
    outer loop
      vertex  2.100000e+001  3.637307e+001  2.390000e+001
      vertex  1.708788e+000  3.696052e+001  2.390000e+001
      vertex  3.413929e+000  3.684216e+001  2.390000e+001
    endloop
  endfacet
  facet normal  0.000000e+000  0.000000e+000  1.000000e+000
    outer loop
      vertex  2.100000e+001  3.637307e+001  2.390000e+001
      vertex  3.413929e+000  3.684216e+001  2.390000e+001
      vertex  5.111785e+000  3.664519e+001  2.390000e+001
    endloop
  endfacet
  facet normal  -0.000000e+000  0.000000e+000  1.000000e+000
    outer loop
      vertex  2.100000e+001  3.637307e+001  2.390000e+001
      vertex  6.798732e+000  3.637001e+001  2.390000e+001
      vertex  2.256658e+001  3.542244e+001  2.390000e+001
    endloop
  endfacet
  facet normal  0.000000e+000  0.000000e+000  1.000000e+000
    outer loop
      vertex  2.256658e+001  3.542244e+001  2.390000e+001
      vertex  6.798732e+000  3.637001e+001  2.390000e+001
      vertex  8.471170e+000  3.601721e+001  2.390000e+001
    endloop
  endfacet
  facet normal  0.000000e+000  0.000000e+000  1.000000e+000
    outer loop
      vertex  2.256658e+001  3.542244e+001  2.390000e+001
      vertex  8.471170e+000  3.601721e+001  2.390000e+001
      vertex  1.012553e+001  3.558755e+001  2.390000e+001
    endloop
  endfacet
  facet normal  0.000000e+000  0.000000e+000  1.000000e+000
    outer loop
      vertex  2.256658e+001  3.542244e+001  2.390000e+001
      vertex  1.012553e+001  3.558755e+001  2.390000e+001
      vertex  2.409021e+001  3.440438e+001  2.390000e+001
    endloop
  endfacet
  facet normal  0.000000e+000  0.000000e+000  9.999999e-001
    outer loop
      vertex  2.409021e+001  3.440438e+001  2.390000e+001
      vertex  1.012553e+001  3.558755e+001  2.390000e+001
      vertex  1.175828e+001  3.508194e+001  2.390000e+001
    endloop
  endfacet
  facet normal  0.000000e+000  0.000000e+000  1.000000e+000
    outer loop
      vertex  2.409021e+001  3.440438e+001  2.390000e+001
      vertex  1.175828e+001  3.508194e+001  2.390000e+001
      vertex  1.336594e+001  3.450147e+001  2.390000e+001
    endloop
  endfacet
  facet normal  0.000000e+000  0.000000e+000  9.999999e-001
    outer loop
      vertex  2.409021e+001  3.440438e+001  2.390000e+001
      vertex  1.336594e+001  3.450147e+001  2.390000e+001
      vertex  2.556798e+001  3.332084e+001  2.390000e+001
    endloop
  endfacet
  facet normal  0.000000e+000  0.000000e+000  1.000000e+000
    outer loop
      vertex  2.556798e+001  3.332084e+001  2.390000e+001
      vertex  1.336594e+001  3.450147e+001  2.390000e+001
      vertex  1.494508e+001  3.384737e+001  2.390000e+001
    endloop
  endfacet
  facet normal  0.000000e+000  0.000000e+000  1.000000e+000
    outer loop
      vertex  2.556798e+001  3.332084e+001  2.390000e+001
      vertex  1.494508e+001  3.384737e+001  2.390000e+001
      vertex  1.649232e+001  3.312104e+001  2.390000e+001
    endloop
  endfacet
  facet normal  -0.000000e+000  0.000000e+000  1.000000e+000
    outer loop
      vertex  2.556798e+001  3.332084e+001  2.390000e+001
      vertex  1.649232e+001  3.312104e+001  2.390000e+001
      vertex  2.699708e+001  3.217387e+001  2.390000e+001
    endloop
  endfacet
  facet normal  0.000000e+000  0.000000e+000  1.000000e+000
    outer loop
      vertex  2.699708e+001  3.217387e+001  2.390000e+001
      vertex  1.649232e+001  3.312104e+001  2.390000e+001
      vertex  1.800437e+001  3.232403e+001  2.390000e+001
    endloop
  endfacet
  facet normal  0.000000e+000  0.000000e+000  1.000000e+000
    outer loop
      vertex  2.699708e+001  3.217387e+001  2.390000e+001
      vertex  1.800437e+001  3.232403e+001  2.390000e+001
      vertex  1.947799e+001  3.145803e+001  2.390000e+001
    endloop
  endfacet
  facet normal  -0.000000e+000  0.000000e+000  1.000000e+000
    outer loop
      vertex  3.542244e+001  2.256658e+001  2.390000e+001
      vertex  2.952664e+001  2.229748e+001  2.390000e+001
      vertex  3.637307e+001  2.100000e+001  2.390000e+001
    endloop
  endfacet
  facet normal  0.000000e+000  0.000000e+000  1.000000e+000
    outer loop
      vertex  3.637307e+001  2.100000e+001  2.390000e+001
      vertex  2.952664e+001  2.229748e+001  2.390000e+001
      vertex  3.052491e+001  2.091005e+001  2.390000e+001
    endloop
  endfacet
  facet normal  -0.000000e+000  0.000000e+000  1.000000e+000
    outer loop
      vertex  3.637307e+001  2.100000e+001  2.390000e+001
      vertex  3.052491e+001  2.091005e+001  2.390000e+001
      vertex  3.725446e+001  1.939344e+001  2.390000e+001
    endloop
  endfacet
  facet normal  0.000000e+000  0.000000e+000  1.000000e+000
    outer loop
      vertex  3.725446e+001  1.939344e+001  2.390000e+001
      vertex  3.052491e+001  2.091005e+001  2.390000e+001
      vertex  3.145803e+001  1.947799e+001  2.390000e+001
    endloop
  endfacet
  facet normal  0.000000e+000  0.000000e+000  1.000000e+000
    outer loop
      vertex  3.725446e+001  1.939344e+001  2.390000e+001
      vertex  3.145803e+001  1.947799e+001  2.390000e+001
      vertex  3.806493e+001  1.774997e+001  2.390000e+001
    endloop
  endfacet
  facet normal  0.000000e+000  0.000000e+000  1.000000e+000
    outer loop
      vertex  3.806493e+001  1.774997e+001  2.390000e+001
      vertex  3.145803e+001  1.947799e+001  2.390000e+001
      vertex  3.232403e+001  1.800437e+001  2.390000e+001
    endloop
  endfacet
  facet normal  0.000000e+000  0.000000e+000  1.000000e+000
    outer loop
      vertex  3.806493e+001  1.774997e+001  2.390000e+001
      vertex  3.232403e+001  1.800437e+001  2.390000e+001
      vertex  3.880294e+001  1.607270e+001  2.390000e+001
    endloop
  endfacet
  facet normal  0.000000e+000  0.000000e+000  1.000000e+000
    outer loop
      vertex  3.880294e+001  1.607270e+001  2.390000e+001
      vertex  3.232403e+001  1.800437e+001  2.390000e+001
      vertex  3.312104e+001  1.649232e+001  2.390000e+001
    endloop
  endfacet
  facet normal  0.000000e+000  0.000000e+000  1.000000e+000
    outer loop
      vertex  3.880294e+001  1.607270e+001  2.390000e+001
      vertex  3.312104e+001  1.649232e+001  2.390000e+001
      vertex  3.946709e+001  1.436485e+001  2.390000e+001
    endloop
  endfacet
  facet normal  0.000000e+000  0.000000e+000  1.000000e+000
    outer loop
      vertex  3.946709e+001  1.436485e+001  2.390000e+001
      vertex  3.312104e+001  1.649232e+001  2.390000e+001
      vertex  3.384737e+001  1.494508e+001  2.390000e+001
    endloop
  endfacet
  facet normal  0.000000e+000  0.000000e+000  1.000000e+000
    outer loop
      vertex  3.946709e+001  1.436485e+001  2.390000e+001
      vertex  3.384737e+001  1.494508e+001  2.390000e+001
      vertex  4.005611e+001  1.262964e+001  2.390000e+001
    endloop
  endfacet
  facet normal  0.000000e+000  0.000000e+000  1.000000e+000
    outer loop
      vertex  4.005611e+001  1.262964e+001  2.390000e+001
      vertex  3.384737e+001  1.494508e+001  2.390000e+001
      vertex  3.450147e+001  1.336594e+001  2.390000e+001
    endloop
  endfacet
  facet normal  0.000000e+000  0.000000e+000  1.000000e+000
    outer loop
      vertex  4.005611e+001  1.262964e+001  2.390000e+001
      vertex  3.450147e+001  1.336594e+001  2.390000e+001
      vertex  4.056889e+001  1.087040e+001  2.390000e+001
    endloop
  endfacet
  facet normal  0.000000e+000  0.000000e+000  1.000000e+000
    outer loop
      vertex  4.056889e+001  1.087040e+001  2.390000e+001
      vertex  3.450147e+001  1.336594e+001  2.390000e+001
      vertex  3.508194e+001  1.175828e+001  2.390000e+001
    endloop
  endfacet
  facet normal  0.000000e+000  0.000000e+000  1.000000e+000
    outer loop
      vertex  4.056889e+001  1.087040e+001  2.390000e+001
      vertex  3.508194e+001  1.175828e+001  2.390000e+001
      vertex  3.558755e+001  1.012553e+001  2.390000e+001
    endloop
  endfacet
  facet normal  -0.000000e+000  0.000000e+000  9.999999e-001
    outer loop
      vertex  4.056889e+001  1.087040e+001  2.390000e+001
      vertex  3.558755e+001  1.012553e+001  2.390000e+001
      vertex  4.100443e+001  9.090464e+000  2.390000e+001
    endloop
  endfacet
  facet normal  0.000000e+000  0.000000e+000  1.000000e+000
    outer loop
      vertex  4.100443e+001  9.090464e+000  2.390000e+001
      vertex  3.558755e+001  1.012553e+001  2.390000e+001
      vertex  3.601721e+001  8.471170e+000  2.390000e+001
    endloop
  endfacet
  facet normal  -0.000000e+000  0.000000e+000  1.000000e+000
    outer loop
      vertex  4.100443e+001  9.090464e+000  2.390000e+001
      vertex  3.601721e+001  8.471170e+000  2.390000e+001
      vertex  4.136193e+001  7.293223e+000  2.390000e+001
    endloop
  endfacet
  facet normal  0.000000e+000  0.000000e+000  9.999999e-001
    outer loop
      vertex  4.136193e+001  7.293223e+000  2.390000e+001
      vertex  3.601721e+001  8.471170e+000  2.390000e+001
      vertex  3.637001e+001  6.798732e+000  2.390000e+001
    endloop
  endfacet
  facet normal  -0.000000e+000  0.000000e+000  1.000000e+000
    outer loop
      vertex  4.136193e+001  7.293223e+000  2.390000e+001
      vertex  3.637001e+001  6.798732e+000  2.390000e+001
      vertex  4.164069e+001  5.482100e+000  2.390000e+001
    endloop
  endfacet
  facet normal  0.000000e+000  0.000000e+000  1.000000e+000
    outer loop
      vertex  4.164069e+001  5.482100e+000  2.390000e+001
      vertex  3.637001e+001  6.798732e+000  2.390000e+001
      vertex  3.664519e+001  5.111785e+000  2.390000e+001
    endloop
  endfacet
  facet normal  -0.000000e+000  0.000000e+000  1.000000e+000
    outer loop
      vertex  4.164069e+001  5.482100e+000  2.390000e+001
      vertex  3.664519e+001  5.111785e+000  2.390000e+001
      vertex  4.184018e+001  3.660541e+000  2.390000e+001
    endloop
  endfacet
  facet normal  0.000000e+000  0.000000e+000  1.000000e+000
    outer loop
      vertex  4.184018e+001  3.660541e+000  2.390000e+001
      vertex  3.664519e+001  5.111785e+000  2.390000e+001
      vertex  3.684216e+001  3.413929e+000  2.390000e+001
    endloop
  endfacet
  facet normal  -0.000000e+000  0.000000e+000  1.000000e+000
    outer loop
      vertex  4.184018e+001  3.660541e+000  2.390000e+001
      vertex  3.684216e+001  3.413929e+000  2.390000e+001
      vertex  4.196003e+001  1.832014e+000  2.390000e+001
    endloop
  endfacet
  facet normal  0.000000e+000  0.000000e+000  1.000000e+000
    outer loop
      vertex  4.196003e+001  1.832014e+000  2.390000e+001
      vertex  3.684216e+001  3.413929e+000  2.390000e+001
      vertex  3.696052e+001  1.708788e+000  2.390000e+001
    endloop
  endfacet
  facet normal  -0.000000e+000  0.000000e+000  1.000000e+000
    outer loop
      vertex  4.196003e+001  1.832014e+000  2.390000e+001
      vertex  3.696052e+001  1.708788e+000  2.390000e+001
      vertex  4.200000e+001  0.000000e+000  2.390000e+001
    endloop
  endfacet
  facet normal  0.000000e+000  0.000000e+000  1.000000e+000
    outer loop
      vertex  4.200000e+001  0.000000e+000  2.390000e+001
      vertex  3.696052e+001  1.708788e+000  2.390000e+001
      vertex  3.700000e+001  0.000000e+000  2.390000e+001
    endloop
  endfacet
  facet normal  2.309694e-002 -9.997332e-001  0.000000e+000
    outer loop
      vertex  2.265522e-015  3.700000e+001  2.610000e+001
      vertex -1.708788e+000  3.696052e+001  2.700000e+001
      vertex -1.708788e+000  3.696052e+001  2.610000e+001
    endloop
  endfacet
  facet normal  6.924617e-002 -9.975995e-001  0.000000e+000
    outer loop
      vertex -1.708788e+000  3.696052e+001  2.610000e+001
      vertex -1.708788e+000  3.696052e+001  2.700000e+001
      vertex -3.413929e+000  3.684216e+001  2.700000e+001
    endloop
  endfacet
  facet normal  6.924617e-002 -9.975995e-001  0.000000e+000
    outer loop
      vertex -1.708788e+000  3.696052e+001  2.610000e+001
      vertex -3.413929e+000  3.684216e+001  2.700000e+001
      vertex -3.413929e+000  3.684216e+001  2.610000e+001
    endloop
  endfacet
  facet normal  1.152414e-001 -9.933375e-001  0.000000e+000
    outer loop
      vertex -3.413929e+000  3.684216e+001  2.610000e+001
      vertex -3.413929e+000  3.684216e+001  2.700000e+001
      vertex -5.111785e+000  3.664519e+001  2.700000e+001
    endloop
  endfacet
  facet normal  1.152414e-001 -9.933375e-001  0.000000e+000
    outer loop
      vertex -3.413929e+000  3.684216e+001  2.610000e+001
      vertex -5.111785e+000  3.664519e+001  2.700000e+001
      vertex -5.111785e+000  3.664519e+001  2.610000e+001
    endloop
  endfacet
  facet normal  1.609956e-001 -9.869551e-001  0.000000e+000
    outer loop
      vertex -5.111785e+000  3.664519e+001  2.610000e+001
      vertex -5.111785e+000  3.664519e+001  2.700000e+001
      vertex -6.798732e+000  3.637001e+001  2.700000e+001
    endloop
  endfacet
  facet normal  1.609956e-001 -9.869551e-001  0.000000e+000
    outer loop
      vertex -5.111785e+000  3.664519e+001  2.610000e+001
      vertex -6.798732e+000  3.637001e+001  2.700000e+001
      vertex -6.798732e+000  3.637001e+001  2.610000e+001
    endloop
  endfacet
  facet normal  2.064061e-001 -9.784664e-001  0.000000e+000
    outer loop
      vertex -6.798732e+000  3.637001e+001  2.610000e+001
      vertex -6.798732e+000  3.637001e+001  2.700000e+001
      vertex -8.471170e+000  3.601721e+001  2.700000e+001
    endloop
  endfacet
  facet normal  2.064061e-001 -9.784664e-001  0.000000e+000
    outer loop
      vertex -6.798732e+000  3.637001e+001  2.610000e+001
      vertex -8.471170e+000  3.601721e+001  2.700000e+001
      vertex -8.471170e+000  3.601721e+001  2.610000e+001
    endloop
  endfacet
  facet normal  2.513748e-001 -9.678898e-001  0.000000e+000
    outer loop
      vertex -8.471170e+000  3.601721e+001  2.610000e+001
      vertex -8.471170e+000  3.601721e+001  2.700000e+001
      vertex -1.012553e+001  3.558755e+001  2.700000e+001
    endloop
  endfacet
  facet normal  2.513748e-001 -9.678898e-001  0.000000e+000
    outer loop
      vertex -8.471170e+000  3.601721e+001  2.610000e+001
      vertex -1.012553e+001  3.558755e+001  2.700000e+001
      vertex -1.012553e+001  3.558755e+001  2.610000e+001
    endloop
  endfacet
  facet normal  2.958055e-001 -9.552482e-001  0.000000e+000
    outer loop
      vertex -1.012553e+001  3.558755e+001  2.610000e+001
      vertex -1.012553e+001  3.558755e+001  2.700000e+001
      vertex -1.175828e+001  3.508194e+001  2.700000e+001
    endloop
  endfacet
  facet normal  2.958055e-001 -9.552482e-001  0.000000e+000
    outer loop
      vertex -1.012553e+001  3.558755e+001  2.610000e+001
      vertex -1.175828e+001  3.508194e+001  2.700000e+001
      vertex -1.175828e+001  3.508194e+001  2.610000e+001
    endloop
  endfacet
  facet normal  3.396069e-001 -9.405675e-001  0.000000e+000
    outer loop
      vertex -1.175828e+001  3.508194e+001  2.610000e+001
      vertex -1.175828e+001  3.508194e+001  2.700000e+001
      vertex -1.336594e+001  3.450147e+001  2.700000e+001
    endloop
  endfacet
  facet normal  3.396069e-001 -9.405675e-001  0.000000e+000
    outer loop
      vertex -1.175828e+001  3.508194e+001  2.610000e+001
      vertex -1.336594e+001  3.450147e+001  2.700000e+001
      vertex -1.336594e+001  3.450147e+001  2.610000e+001
    endloop
  endfacet
  facet normal  3.826832e-001 -9.238797e-001  0.000000e+000
    outer loop
      vertex -1.336594e+001  3.450147e+001  2.610000e+001
      vertex -1.336594e+001  3.450147e+001  2.700000e+001
      vertex -1.494508e+001  3.384737e+001  2.700000e+001
    endloop
  endfacet
  facet normal  3.826832e-001 -9.238797e-001  0.000000e+000
    outer loop
      vertex -1.336594e+001  3.450147e+001  2.610000e+001
      vertex -1.494508e+001  3.384737e+001  2.700000e+001
      vertex -1.494508e+001  3.384737e+001  2.610000e+001
    endloop
  endfacet
  facet normal  4.249441e-001 -9.052196e-001  0.000000e+000
    outer loop
      vertex -1.494508e+001  3.384737e+001  2.610000e+001
      vertex -1.494508e+001  3.384737e+001  2.700000e+001
      vertex -1.649232e+001  3.312104e+001  2.700000e+001
    endloop
  endfacet
  facet normal  4.249441e-001 -9.052196e-001  0.000000e+000
    outer loop
      vertex -1.494508e+001  3.384737e+001  2.610000e+001
      vertex -1.649232e+001  3.312104e+001  2.700000e+001
      vertex -1.649232e+001  3.312104e+001  2.610000e+001
    endloop
  endfacet
  facet normal  4.662953e-001 -8.846291e-001  0.000000e+000
    outer loop
      vertex -1.649232e+001  3.312104e+001  2.610000e+001
      vertex -1.649232e+001  3.312104e+001  2.700000e+001
      vertex -1.800437e+001  3.232403e+001  2.700000e+001
    endloop
  endfacet
  facet normal  4.662953e-001 -8.846291e-001  0.000000e+000
    outer loop
      vertex -1.649232e+001  3.312104e+001  2.610000e+001
      vertex -1.800437e+001  3.232403e+001  2.700000e+001
      vertex -1.800437e+001  3.232403e+001  2.610000e+001
    endloop
  endfacet
  facet normal  5.066533e-001 -8.621498e-001  0.000000e+000
    outer loop
      vertex -1.800437e+001  3.232403e+001  2.610000e+001
      vertex -1.800437e+001  3.232403e+001  2.700000e+001
      vertex -1.947799e+001  3.145803e+001  2.700000e+001
    endloop
  endfacet
  facet normal  5.066533e-001 -8.621498e-001  0.000000e+000
    outer loop
      vertex -1.800437e+001  3.232403e+001  2.610000e+001
      vertex -1.947799e+001  3.145803e+001  2.700000e+001
      vertex -1.947799e+001  3.145803e+001  2.610000e+001
    endloop
  endfacet
  facet normal  5.459300e-001 -8.378307e-001  0.000000e+000
    outer loop
      vertex -1.947799e+001  3.145803e+001  2.610000e+001
      vertex -1.947799e+001  3.145803e+001  2.700000e+001
      vertex -2.091005e+001  3.052491e+001  2.700000e+001
    endloop
  endfacet
  facet normal  5.459300e-001 -8.378307e-001  0.000000e+000
    outer loop
      vertex -1.947799e+001  3.145803e+001  2.610000e+001
      vertex -2.091005e+001  3.052491e+001  2.700000e+001
      vertex -2.091005e+001  3.052491e+001  2.610000e+001
    endloop
  endfacet
  facet normal  5.840410e-001 -8.117242e-001  0.000000e+000
    outer loop
      vertex -2.091005e+001  3.052491e+001  2.610000e+001
      vertex -2.091005e+001  3.052491e+001  2.700000e+001
      vertex -2.229748e+001  2.952664e+001  2.700000e+001
    endloop
  endfacet
  facet normal  5.840410e-001 -8.117242e-001  0.000000e+000
    outer loop
      vertex -2.091005e+001  3.052491e+001  2.610000e+001
      vertex -2.229748e+001  2.952664e+001  2.700000e+001
      vertex -2.229748e+001  2.952664e+001  2.610000e+001
    endloop
  endfacet
  facet normal  6.209068e-001 -7.838843e-001  0.000000e+000
    outer loop
      vertex -2.229748e+001  2.952664e+001  2.610000e+001
      vertex -2.229748e+001  2.952664e+001  2.700000e+001
      vertex -2.363733e+001  2.846536e+001  2.700000e+001
    endloop
  endfacet
  facet normal  6.209068e-001 -7.838843e-001  0.000000e+000
    outer loop
      vertex -2.229748e+001  2.952664e+001  2.610000e+001
      vertex -2.363733e+001  2.846536e+001  2.700000e+001
      vertex -2.363733e+001  2.846536e+001  2.610000e+001
    endloop
  endfacet
  facet normal  6.564459e-001 -7.543730e-001  0.000000e+000
    outer loop
      vertex -2.363733e+001  2.846536e+001  2.610000e+001
      vertex -2.363733e+001  2.846536e+001  2.700000e+001
      vertex -2.492674e+001  2.734333e+001  2.700000e+001
    endloop
  endfacet
  facet normal  6.564459e-001 -7.543730e-001  0.000000e+000
    outer loop
      vertex -2.363733e+001  2.846536e+001  2.610000e+001
      vertex -2.492674e+001  2.734333e+001  2.700000e+001
      vertex -2.492674e+001  2.734333e+001  2.610000e+001
    endloop
  endfacet
  facet normal  6.905858e-001 -7.232504e-001  0.000000e+000
    outer loop
      vertex -2.492674e+001  2.734333e+001  2.610000e+001
      vertex -2.492674e+001  2.734333e+001  2.700000e+001
      vertex -2.616295e+001  2.616295e+001  2.700000e+001
    endloop
  endfacet
  facet normal  6.905858e-001 -7.232504e-001  0.000000e+000
    outer loop
      vertex -2.492674e+001  2.734333e+001  2.610000e+001
      vertex -2.616295e+001  2.616295e+001  2.700000e+001
      vertex -2.616295e+001  2.616295e+001  2.610000e+001
    endloop
  endfacet
  facet normal  7.232504e-001 -6.905858e-001  0.000000e+000
    outer loop
      vertex -2.616295e+001  2.616295e+001  2.610000e+001
      vertex -2.616295e+001  2.616295e+001  2.700000e+001
      vertex -2.734333e+001  2.492674e+001  2.700000e+001
    endloop
  endfacet
  facet normal  7.232504e-001 -6.905858e-001  0.000000e+000
    outer loop
      vertex -2.616295e+001  2.616295e+001  2.610000e+001
      vertex -2.734333e+001  2.492674e+001  2.700000e+001
      vertex -2.734333e+001  2.492674e+001  2.610000e+001
    endloop
  endfacet
  facet normal  7.543730e-001 -6.564459e-001  0.000000e+000
    outer loop
      vertex -2.734333e+001  2.492674e+001  2.610000e+001
      vertex -2.734333e+001  2.492674e+001  2.700000e+001
      vertex -2.846536e+001  2.363733e+001  2.700000e+001
    endloop
  endfacet
  facet normal  7.543730e-001 -6.564459e-001  0.000000e+000
    outer loop
      vertex -2.734333e+001  2.492674e+001  2.610000e+001
      vertex -2.846536e+001  2.363733e+001  2.700000e+001
      vertex -2.846536e+001  2.363733e+001  2.610000e+001
    endloop
  endfacet
  facet normal  7.838843e-001 -6.209068e-001  0.000000e+000
    outer loop
      vertex -2.846536e+001  2.363733e+001  2.610000e+001
      vertex -2.846536e+001  2.363733e+001  2.700000e+001
      vertex -2.952664e+001  2.229748e+001  2.700000e+001
    endloop
  endfacet
  facet normal  7.838843e-001 -6.209068e-001  0.000000e+000
    outer loop
      vertex -2.846536e+001  2.363733e+001  2.610000e+001
      vertex -2.952664e+001  2.229748e+001  2.700000e+001
      vertex -2.952664e+001  2.229748e+001  2.610000e+001
    endloop
  endfacet
  facet normal  8.117242e-001 -5.840410e-001  0.000000e+000
    outer loop
      vertex -2.952664e+001  2.229748e+001  2.610000e+001
      vertex -2.952664e+001  2.229748e+001  2.700000e+001
      vertex -3.052491e+001  2.091005e+001  2.700000e+001
    endloop
  endfacet
  facet normal  8.117242e-001 -5.840410e-001  0.000000e+000
    outer loop
      vertex -2.952664e+001  2.229748e+001  2.610000e+001
      vertex -3.052491e+001  2.091005e+001  2.700000e+001
      vertex -3.052491e+001  2.091005e+001  2.610000e+001
    endloop
  endfacet
  facet normal  8.378307e-001 -5.459300e-001  0.000000e+000
    outer loop
      vertex -3.052491e+001  2.091005e+001  2.610000e+001
      vertex -3.052491e+001  2.091005e+001  2.700000e+001
      vertex -3.145803e+001  1.947799e+001  2.700000e+001
    endloop
  endfacet
  facet normal  8.378307e-001 -5.459300e-001  0.000000e+000
    outer loop
      vertex -3.052491e+001  2.091005e+001  2.610000e+001
      vertex -3.145803e+001  1.947799e+001  2.700000e+001
      vertex -3.145803e+001  1.947799e+001  2.610000e+001
    endloop
  endfacet
  facet normal  8.621498e-001 -5.066533e-001  0.000000e+000
    outer loop
      vertex -3.145803e+001  1.947799e+001  2.610000e+001
      vertex -3.145803e+001  1.947799e+001  2.700000e+001
      vertex -3.232403e+001  1.800437e+001  2.700000e+001
    endloop
  endfacet
  facet normal  8.621498e-001 -5.066533e-001  0.000000e+000
    outer loop
      vertex -3.145803e+001  1.947799e+001  2.610000e+001
      vertex -3.232403e+001  1.800437e+001  2.700000e+001
      vertex -3.232403e+001  1.800437e+001  2.610000e+001
    endloop
  endfacet
  facet normal  8.846291e-001 -4.662953e-001  0.000000e+000
    outer loop
      vertex -3.232403e+001  1.800437e+001  2.610000e+001
      vertex -3.232403e+001  1.800437e+001  2.700000e+001
      vertex -3.312104e+001  1.649232e+001  2.700000e+001
    endloop
  endfacet
  facet normal  8.846291e-001 -4.662953e-001  0.000000e+000
    outer loop
      vertex -3.232403e+001  1.800437e+001  2.610000e+001
      vertex -3.312104e+001  1.649232e+001  2.700000e+001
      vertex -3.312104e+001  1.649232e+001  2.610000e+001
    endloop
  endfacet
  facet normal  9.052196e-001 -4.249441e-001  0.000000e+000
    outer loop
      vertex -3.312104e+001  1.649232e+001  2.610000e+001
      vertex -3.312104e+001  1.649232e+001  2.700000e+001
      vertex -3.384737e+001  1.494508e+001  2.700000e+001
    endloop
  endfacet
  facet normal  9.052196e-001 -4.249441e-001  0.000000e+000
    outer loop
      vertex -3.312104e+001  1.649232e+001  2.610000e+001
      vertex -3.384737e+001  1.494508e+001  2.700000e+001
      vertex -3.384737e+001  1.494508e+001  2.610000e+001
    endloop
  endfacet
  facet normal  9.238797e-001 -3.826832e-001  0.000000e+000
    outer loop
      vertex -3.384737e+001  1.494508e+001  2.610000e+001
      vertex -3.384737e+001  1.494508e+001  2.700000e+001
      vertex -3.450147e+001  1.336594e+001  2.700000e+001
    endloop
  endfacet
  facet normal  9.238797e-001 -3.826832e-001  0.000000e+000
    outer loop
      vertex -3.384737e+001  1.494508e+001  2.610000e+001
      vertex -3.450147e+001  1.336594e+001  2.700000e+001
      vertex -3.450147e+001  1.336594e+001  2.610000e+001
    endloop
  endfacet
  facet normal  9.405675e-001 -3.396069e-001  0.000000e+000
    outer loop
      vertex -3.450147e+001  1.336594e+001  2.610000e+001
      vertex -3.450147e+001  1.336594e+001  2.700000e+001
      vertex -3.508194e+001  1.175828e+001  2.700000e+001
    endloop
  endfacet
  facet normal  9.405675e-001 -3.396069e-001  0.000000e+000
    outer loop
      vertex -3.450147e+001  1.336594e+001  2.610000e+001
      vertex -3.508194e+001  1.175828e+001  2.700000e+001
      vertex -3.508194e+001  1.175828e+001  2.610000e+001
    endloop
  endfacet
  facet normal  9.552482e-001 -2.958055e-001  0.000000e+000
    outer loop
      vertex -3.508194e+001  1.175828e+001  2.610000e+001
      vertex -3.508194e+001  1.175828e+001  2.700000e+001
      vertex -3.558755e+001  1.012553e+001  2.700000e+001
    endloop
  endfacet
  facet normal  9.552482e-001 -2.958055e-001  0.000000e+000
    outer loop
      vertex -3.508194e+001  1.175828e+001  2.610000e+001
      vertex -3.558755e+001  1.012553e+001  2.700000e+001
      vertex -3.558755e+001  1.012553e+001  2.610000e+001
    endloop
  endfacet
  facet normal  9.678898e-001 -2.513748e-001  0.000000e+000
    outer loop
      vertex -3.558755e+001  1.012553e+001  2.610000e+001
      vertex -3.558755e+001  1.012553e+001  2.700000e+001
      vertex -3.601721e+001  8.471170e+000  2.700000e+001
    endloop
  endfacet
  facet normal  9.678898e-001 -2.513748e-001  0.000000e+000
    outer loop
      vertex -3.558755e+001  1.012553e+001  2.610000e+001
      vertex -3.601721e+001  8.471170e+000  2.700000e+001
      vertex -3.601721e+001  8.471170e+000  2.610000e+001
    endloop
  endfacet
  facet normal  9.784664e-001 -2.064061e-001  0.000000e+000
    outer loop
      vertex -3.601721e+001  8.471170e+000  2.610000e+001
      vertex -3.601721e+001  8.471170e+000  2.700000e+001
      vertex -3.637001e+001  6.798732e+000  2.700000e+001
    endloop
  endfacet
  facet normal  9.784664e-001 -2.064061e-001  0.000000e+000
    outer loop
      vertex -3.601721e+001  8.471170e+000  2.610000e+001
      vertex -3.637001e+001  6.798732e+000  2.700000e+001
      vertex -3.637001e+001  6.798732e+000  2.610000e+001
    endloop
  endfacet
  facet normal  9.869551e-001 -1.609956e-001  0.000000e+000
    outer loop
      vertex -3.637001e+001  6.798732e+000  2.610000e+001
      vertex -3.637001e+001  6.798732e+000  2.700000e+001
      vertex -3.664519e+001  5.111785e+000  2.700000e+001
    endloop
  endfacet
  facet normal  9.869551e-001 -1.609956e-001  0.000000e+000
    outer loop
      vertex -3.637001e+001  6.798732e+000  2.610000e+001
      vertex -3.664519e+001  5.111785e+000  2.700000e+001
      vertex -3.664519e+001  5.111785e+000  2.610000e+001
    endloop
  endfacet
  facet normal  9.933375e-001 -1.152414e-001  0.000000e+000
    outer loop
      vertex -3.664519e+001  5.111785e+000  2.610000e+001
      vertex -3.664519e+001  5.111785e+000  2.700000e+001
      vertex -3.684216e+001  3.413929e+000  2.700000e+001
    endloop
  endfacet
  facet normal  9.933375e-001 -1.152414e-001  0.000000e+000
    outer loop
      vertex -3.664519e+001  5.111785e+000  2.610000e+001
      vertex -3.684216e+001  3.413929e+000  2.700000e+001
      vertex -3.684216e+001  3.413929e+000  2.610000e+001
    endloop
  endfacet
  facet normal  9.975995e-001 -6.924617e-002  0.000000e+000
    outer loop
      vertex -3.684216e+001  3.413929e+000  2.610000e+001
      vertex -3.684216e+001  3.413929e+000  2.700000e+001
      vertex -3.696052e+001  1.708788e+000  2.700000e+001
    endloop
  endfacet
  facet normal  9.975995e-001 -6.924617e-002  0.000000e+000
    outer loop
      vertex -3.684216e+001  3.413929e+000  2.610000e+001
      vertex -3.696052e+001  1.708788e+000  2.700000e+001
      vertex -3.696052e+001  1.708788e+000  2.610000e+001
    endloop
  endfacet
  facet normal  9.997332e-001 -2.309694e-002  0.000000e+000
    outer loop
      vertex -3.696052e+001  1.708788e+000  2.610000e+001
      vertex -3.696052e+001  1.708788e+000  2.700000e+001
      vertex -3.700000e+001  0.000000e+000  2.700000e+001
    endloop
  endfacet
  facet normal  9.997332e-001 -2.309694e-002  7.270806e-016
    outer loop
      vertex -3.696052e+001  1.708788e+000  2.610000e+001
      vertex -3.700000e+001  0.000000e+000  2.700000e+001
      vertex -3.700000e+001 -2.833156e-014  2.610000e+001
    endloop
  endfacet
  facet normal  2.309694e-002 -9.997332e-001  0.000000e+000
    outer loop
      vertex -1.708788e+000  3.696052e+001  2.700000e+001
      vertex  2.265522e-015  3.700000e+001  2.610000e+001
      vertex  2.265522e-015  3.700000e+001  2.700000e+001
    endloop
  endfacet
  facet normal -2.309694e-002 -9.997332e-001  -0.000000e+000
    outer loop
      vertex  2.265522e-015  3.700000e+001  2.700000e+001
      vertex  2.265522e-015  3.700000e+001  2.610000e+001
      vertex  1.708788e+000  3.696052e+001  2.610000e+001
    endloop
  endfacet
  facet normal -2.309694e-002 -9.997332e-001  0.000000e+000
    outer loop
      vertex  2.265522e-015  3.700000e+001  2.700000e+001
      vertex  1.708788e+000  3.696052e+001  2.610000e+001
      vertex  1.708788e+000  3.696052e+001  2.700000e+001
    endloop
  endfacet
  facet normal -6.924617e-002 -9.975995e-001  -0.000000e+000
    outer loop
      vertex  1.708788e+000  3.696052e+001  2.700000e+001
      vertex  1.708788e+000  3.696052e+001  2.610000e+001
      vertex  3.413929e+000  3.684216e+001  2.610000e+001
    endloop
  endfacet
  facet normal -6.924617e-002 -9.975995e-001  0.000000e+000
    outer loop
      vertex  1.708788e+000  3.696052e+001  2.700000e+001
      vertex  3.413929e+000  3.684216e+001  2.610000e+001
      vertex  3.413929e+000  3.684216e+001  2.700000e+001
    endloop
  endfacet
  facet normal -1.152414e-001 -9.933375e-001  -0.000000e+000
    outer loop
      vertex  3.413929e+000  3.684216e+001  2.700000e+001
      vertex  3.413929e+000  3.684216e+001  2.610000e+001
      vertex  5.111785e+000  3.664519e+001  2.610000e+001
    endloop
  endfacet
  facet normal -1.152414e-001 -9.933375e-001  0.000000e+000
    outer loop
      vertex  3.413929e+000  3.684216e+001  2.700000e+001
      vertex  5.111785e+000  3.664519e+001  2.610000e+001
      vertex  5.111785e+000  3.664519e+001  2.700000e+001
    endloop
  endfacet
  facet normal -1.609956e-001 -9.869551e-001  -0.000000e+000
    outer loop
      vertex  5.111785e+000  3.664519e+001  2.700000e+001
      vertex  5.111785e+000  3.664519e+001  2.610000e+001
      vertex  6.798732e+000  3.637001e+001  2.610000e+001
    endloop
  endfacet
  facet normal -1.609956e-001 -9.869551e-001  0.000000e+000
    outer loop
      vertex  5.111785e+000  3.664519e+001  2.700000e+001
      vertex  6.798732e+000  3.637001e+001  2.610000e+001
      vertex  6.798732e+000  3.637001e+001  2.700000e+001
    endloop
  endfacet
  facet normal -2.064061e-001 -9.784664e-001  -0.000000e+000
    outer loop
      vertex  6.798732e+000  3.637001e+001  2.700000e+001
      vertex  6.798732e+000  3.637001e+001  2.610000e+001
      vertex  8.471170e+000  3.601721e+001  2.610000e+001
    endloop
  endfacet
  facet normal -2.064061e-001 -9.784664e-001  0.000000e+000
    outer loop
      vertex  6.798732e+000  3.637001e+001  2.700000e+001
      vertex  8.471170e+000  3.601721e+001  2.610000e+001
      vertex  8.471170e+000  3.601721e+001  2.700000e+001
    endloop
  endfacet
  facet normal -2.513748e-001 -9.678898e-001  -0.000000e+000
    outer loop
      vertex  8.471170e+000  3.601721e+001  2.700000e+001
      vertex  8.471170e+000  3.601721e+001  2.610000e+001
      vertex  1.012553e+001  3.558755e+001  2.610000e+001
    endloop
  endfacet
  facet normal -2.513748e-001 -9.678898e-001  0.000000e+000
    outer loop
      vertex  8.471170e+000  3.601721e+001  2.700000e+001
      vertex  1.012553e+001  3.558755e+001  2.610000e+001
      vertex  1.012553e+001  3.558755e+001  2.700000e+001
    endloop
  endfacet
  facet normal -2.958055e-001 -9.552482e-001  -0.000000e+000
    outer loop
      vertex  1.012553e+001  3.558755e+001  2.700000e+001
      vertex  1.012553e+001  3.558755e+001  2.610000e+001
      vertex  1.175828e+001  3.508194e+001  2.610000e+001
    endloop
  endfacet
  facet normal -2.958055e-001 -9.552482e-001  0.000000e+000
    outer loop
      vertex  1.012553e+001  3.558755e+001  2.700000e+001
      vertex  1.175828e+001  3.508194e+001  2.610000e+001
      vertex  1.175828e+001  3.508194e+001  2.700000e+001
    endloop
  endfacet
  facet normal -3.396069e-001 -9.405675e-001  -0.000000e+000
    outer loop
      vertex  1.175828e+001  3.508194e+001  2.700000e+001
      vertex  1.175828e+001  3.508194e+001  2.610000e+001
      vertex  1.336594e+001  3.450147e+001  2.610000e+001
    endloop
  endfacet
  facet normal -3.396069e-001 -9.405675e-001  0.000000e+000
    outer loop
      vertex  1.175828e+001  3.508194e+001  2.700000e+001
      vertex  1.336594e+001  3.450147e+001  2.610000e+001
      vertex  1.336594e+001  3.450147e+001  2.700000e+001
    endloop
  endfacet
  facet normal -3.826832e-001 -9.238797e-001  -0.000000e+000
    outer loop
      vertex  1.336594e+001  3.450147e+001  2.700000e+001
      vertex  1.336594e+001  3.450147e+001  2.610000e+001
      vertex  1.494508e+001  3.384737e+001  2.610000e+001
    endloop
  endfacet
  facet normal -3.826832e-001 -9.238797e-001  0.000000e+000
    outer loop
      vertex  1.336594e+001  3.450147e+001  2.700000e+001
      vertex  1.494508e+001  3.384737e+001  2.610000e+001
      vertex  1.494508e+001  3.384737e+001  2.700000e+001
    endloop
  endfacet
  facet normal -4.249441e-001 -9.052196e-001  -0.000000e+000
    outer loop
      vertex  1.494508e+001  3.384737e+001  2.700000e+001
      vertex  1.494508e+001  3.384737e+001  2.610000e+001
      vertex  1.649232e+001  3.312104e+001  2.610000e+001
    endloop
  endfacet
  facet normal -4.249441e-001 -9.052196e-001  0.000000e+000
    outer loop
      vertex  1.494508e+001  3.384737e+001  2.700000e+001
      vertex  1.649232e+001  3.312104e+001  2.610000e+001
      vertex  1.649232e+001  3.312104e+001  2.700000e+001
    endloop
  endfacet
  facet normal -4.662953e-001 -8.846291e-001  -0.000000e+000
    outer loop
      vertex  1.649232e+001  3.312104e+001  2.700000e+001
      vertex  1.649232e+001  3.312104e+001  2.610000e+001
      vertex  1.800437e+001  3.232403e+001  2.610000e+001
    endloop
  endfacet
  facet normal -4.662953e-001 -8.846291e-001  0.000000e+000
    outer loop
      vertex  1.649232e+001  3.312104e+001  2.700000e+001
      vertex  1.800437e+001  3.232403e+001  2.610000e+001
      vertex  1.800437e+001  3.232403e+001  2.700000e+001
    endloop
  endfacet
  facet normal -5.066533e-001 -8.621498e-001  -0.000000e+000
    outer loop
      vertex  1.800437e+001  3.232403e+001  2.700000e+001
      vertex  1.800437e+001  3.232403e+001  2.610000e+001
      vertex  1.947799e+001  3.145803e+001  2.610000e+001
    endloop
  endfacet
  facet normal -5.066533e-001 -8.621498e-001  0.000000e+000
    outer loop
      vertex  1.800437e+001  3.232403e+001  2.700000e+001
      vertex  1.947799e+001  3.145803e+001  2.610000e+001
      vertex  1.947799e+001  3.145803e+001  2.700000e+001
    endloop
  endfacet
  facet normal -5.459300e-001 -8.378307e-001  -0.000000e+000
    outer loop
      vertex  1.947799e+001  3.145803e+001  2.700000e+001
      vertex  1.947799e+001  3.145803e+001  2.610000e+001
      vertex  2.091005e+001  3.052491e+001  2.610000e+001
    endloop
  endfacet
  facet normal -5.459300e-001 -8.378307e-001  0.000000e+000
    outer loop
      vertex  1.947799e+001  3.145803e+001  2.700000e+001
      vertex  2.091005e+001  3.052491e+001  2.610000e+001
      vertex  2.091005e+001  3.052491e+001  2.700000e+001
    endloop
  endfacet
  facet normal -5.840410e-001 -8.117242e-001  -0.000000e+000
    outer loop
      vertex  2.091005e+001  3.052491e+001  2.700000e+001
      vertex  2.091005e+001  3.052491e+001  2.610000e+001
      vertex  2.229748e+001  2.952664e+001  2.610000e+001
    endloop
  endfacet
  facet normal -5.840410e-001 -8.117242e-001  0.000000e+000
    outer loop
      vertex  2.091005e+001  3.052491e+001  2.700000e+001
      vertex  2.229748e+001  2.952664e+001  2.610000e+001
      vertex  2.229748e+001  2.952664e+001  2.700000e+001
    endloop
  endfacet
  facet normal -6.209068e-001 -7.838843e-001  -0.000000e+000
    outer loop
      vertex  2.229748e+001  2.952664e+001  2.700000e+001
      vertex  2.229748e+001  2.952664e+001  2.610000e+001
      vertex  2.363733e+001  2.846536e+001  2.610000e+001
    endloop
  endfacet
  facet normal -6.209068e-001 -7.838843e-001  0.000000e+000
    outer loop
      vertex  2.229748e+001  2.952664e+001  2.700000e+001
      vertex  2.363733e+001  2.846536e+001  2.610000e+001
      vertex  2.363733e+001  2.846536e+001  2.700000e+001
    endloop
  endfacet
  facet normal -6.564459e-001 -7.543730e-001  -0.000000e+000
    outer loop
      vertex  2.363733e+001  2.846536e+001  2.700000e+001
      vertex  2.363733e+001  2.846536e+001  2.610000e+001
      vertex  2.492674e+001  2.734333e+001  2.610000e+001
    endloop
  endfacet
  facet normal -6.564459e-001 -7.543730e-001  0.000000e+000
    outer loop
      vertex  2.363733e+001  2.846536e+001  2.700000e+001
      vertex  2.492674e+001  2.734333e+001  2.610000e+001
      vertex  2.492674e+001  2.734333e+001  2.700000e+001
    endloop
  endfacet
  facet normal -6.905858e-001 -7.232504e-001  -0.000000e+000
    outer loop
      vertex  2.492674e+001  2.734333e+001  2.700000e+001
      vertex  2.492674e+001  2.734333e+001  2.610000e+001
      vertex  2.616295e+001  2.616295e+001  2.610000e+001
    endloop
  endfacet
  facet normal -6.905858e-001 -7.232504e-001  0.000000e+000
    outer loop
      vertex  2.492674e+001  2.734333e+001  2.700000e+001
      vertex  2.616295e+001  2.616295e+001  2.610000e+001
      vertex  2.616295e+001  2.616295e+001  2.700000e+001
    endloop
  endfacet
  facet normal -7.232504e-001 -6.905858e-001  -0.000000e+000
    outer loop
      vertex  2.616295e+001  2.616295e+001  2.700000e+001
      vertex  2.616295e+001  2.616295e+001  2.610000e+001
      vertex  2.734333e+001  2.492674e+001  2.610000e+001
    endloop
  endfacet
  facet normal -7.232504e-001 -6.905858e-001  0.000000e+000
    outer loop
      vertex  2.616295e+001  2.616295e+001  2.700000e+001
      vertex  2.734333e+001  2.492674e+001  2.610000e+001
      vertex  2.734333e+001  2.492674e+001  2.700000e+001
    endloop
  endfacet
  facet normal -7.543730e-001 -6.564459e-001  -0.000000e+000
    outer loop
      vertex  2.734333e+001  2.492674e+001  2.700000e+001
      vertex  2.734333e+001  2.492674e+001  2.610000e+001
      vertex  2.846536e+001  2.363733e+001  2.610000e+001
    endloop
  endfacet
  facet normal -7.543730e-001 -6.564459e-001  0.000000e+000
    outer loop
      vertex  2.734333e+001  2.492674e+001  2.700000e+001
      vertex  2.846536e+001  2.363733e+001  2.610000e+001
      vertex  2.846536e+001  2.363733e+001  2.700000e+001
    endloop
  endfacet
  facet normal -7.838843e-001 -6.209068e-001  -0.000000e+000
    outer loop
      vertex  2.846536e+001  2.363733e+001  2.700000e+001
      vertex  2.846536e+001  2.363733e+001  2.610000e+001
      vertex  2.952664e+001  2.229748e+001  2.610000e+001
    endloop
  endfacet
  facet normal -7.838843e-001 -6.209068e-001  0.000000e+000
    outer loop
      vertex  2.846536e+001  2.363733e+001  2.700000e+001
      vertex  2.952664e+001  2.229748e+001  2.610000e+001
      vertex  2.952664e+001  2.229748e+001  2.700000e+001
    endloop
  endfacet
  facet normal -8.117242e-001 -5.840410e-001  -0.000000e+000
    outer loop
      vertex  2.952664e+001  2.229748e+001  2.700000e+001
      vertex  2.952664e+001  2.229748e+001  2.610000e+001
      vertex  3.052491e+001  2.091005e+001  2.610000e+001
    endloop
  endfacet
  facet normal -8.117242e-001 -5.840410e-001  0.000000e+000
    outer loop
      vertex  2.952664e+001  2.229748e+001  2.700000e+001
      vertex  3.052491e+001  2.091005e+001  2.610000e+001
      vertex  3.052491e+001  2.091005e+001  2.700000e+001
    endloop
  endfacet
  facet normal -8.378307e-001 -5.459300e-001  -0.000000e+000
    outer loop
      vertex  3.052491e+001  2.091005e+001  2.700000e+001
      vertex  3.052491e+001  2.091005e+001  2.610000e+001
      vertex  3.145803e+001  1.947799e+001  2.610000e+001
    endloop
  endfacet
  facet normal -8.378307e-001 -5.459300e-001  0.000000e+000
    outer loop
      vertex  3.052491e+001  2.091005e+001  2.700000e+001
      vertex  3.145803e+001  1.947799e+001  2.610000e+001
      vertex  3.145803e+001  1.947799e+001  2.700000e+001
    endloop
  endfacet
  facet normal -8.621498e-001 -5.066533e-001  -0.000000e+000
    outer loop
      vertex  3.145803e+001  1.947799e+001  2.700000e+001
      vertex  3.145803e+001  1.947799e+001  2.610000e+001
      vertex  3.232403e+001  1.800437e+001  2.610000e+001
    endloop
  endfacet
  facet normal -8.621498e-001 -5.066533e-001  0.000000e+000
    outer loop
      vertex  3.145803e+001  1.947799e+001  2.700000e+001
      vertex  3.232403e+001  1.800437e+001  2.610000e+001
      vertex  3.232403e+001  1.800437e+001  2.700000e+001
    endloop
  endfacet
  facet normal -8.846291e-001 -4.662953e-001  -0.000000e+000
    outer loop
      vertex  3.232403e+001  1.800437e+001  2.700000e+001
      vertex  3.232403e+001  1.800437e+001  2.610000e+001
      vertex  3.312104e+001  1.649232e+001  2.610000e+001
    endloop
  endfacet
  facet normal -8.846291e-001 -4.662953e-001  0.000000e+000
    outer loop
      vertex  3.232403e+001  1.800437e+001  2.700000e+001
      vertex  3.312104e+001  1.649232e+001  2.610000e+001
      vertex  3.312104e+001  1.649232e+001  2.700000e+001
    endloop
  endfacet
  facet normal -9.052196e-001 -4.249441e-001  -0.000000e+000
    outer loop
      vertex  3.312104e+001  1.649232e+001  2.700000e+001
      vertex  3.312104e+001  1.649232e+001  2.610000e+001
      vertex  3.384737e+001  1.494508e+001  2.610000e+001
    endloop
  endfacet
  facet normal -9.052196e-001 -4.249441e-001  0.000000e+000
    outer loop
      vertex  3.312104e+001  1.649232e+001  2.700000e+001
      vertex  3.384737e+001  1.494508e+001  2.610000e+001
      vertex  3.384737e+001  1.494508e+001  2.700000e+001
    endloop
  endfacet
  facet normal -9.238797e-001 -3.826832e-001  -0.000000e+000
    outer loop
      vertex  3.384737e+001  1.494508e+001  2.700000e+001
      vertex  3.384737e+001  1.494508e+001  2.610000e+001
      vertex  3.450147e+001  1.336594e+001  2.610000e+001
    endloop
  endfacet
  facet normal -9.238797e-001 -3.826832e-001  0.000000e+000
    outer loop
      vertex  3.384737e+001  1.494508e+001  2.700000e+001
      vertex  3.450147e+001  1.336594e+001  2.610000e+001
      vertex  3.450147e+001  1.336594e+001  2.700000e+001
    endloop
  endfacet
  facet normal -9.405675e-001 -3.396069e-001  -0.000000e+000
    outer loop
      vertex  3.450147e+001  1.336594e+001  2.700000e+001
      vertex  3.450147e+001  1.336594e+001  2.610000e+001
      vertex  3.508194e+001  1.175828e+001  2.610000e+001
    endloop
  endfacet
  facet normal -9.405675e-001 -3.396069e-001  0.000000e+000
    outer loop
      vertex  3.450147e+001  1.336594e+001  2.700000e+001
      vertex  3.508194e+001  1.175828e+001  2.610000e+001
      vertex  3.508194e+001  1.175828e+001  2.700000e+001
    endloop
  endfacet
  facet normal -9.552482e-001 -2.958055e-001  -0.000000e+000
    outer loop
      vertex  3.508194e+001  1.175828e+001  2.700000e+001
      vertex  3.508194e+001  1.175828e+001  2.610000e+001
      vertex  3.558755e+001  1.012553e+001  2.610000e+001
    endloop
  endfacet
  facet normal -9.552482e-001 -2.958055e-001  0.000000e+000
    outer loop
      vertex  3.508194e+001  1.175828e+001  2.700000e+001
      vertex  3.558755e+001  1.012553e+001  2.610000e+001
      vertex  3.558755e+001  1.012553e+001  2.700000e+001
    endloop
  endfacet
  facet normal -9.678898e-001 -2.513748e-001  -0.000000e+000
    outer loop
      vertex  3.558755e+001  1.012553e+001  2.700000e+001
      vertex  3.558755e+001  1.012553e+001  2.610000e+001
      vertex  3.601721e+001  8.471170e+000  2.610000e+001
    endloop
  endfacet
  facet normal -9.678898e-001 -2.513748e-001  0.000000e+000
    outer loop
      vertex  3.558755e+001  1.012553e+001  2.700000e+001
      vertex  3.601721e+001  8.471170e+000  2.610000e+001
      vertex  3.601721e+001  8.471170e+000  2.700000e+001
    endloop
  endfacet
  facet normal -9.784664e-001 -2.064061e-001  -0.000000e+000
    outer loop
      vertex  3.601721e+001  8.471170e+000  2.700000e+001
      vertex  3.601721e+001  8.471170e+000  2.610000e+001
      vertex  3.637001e+001  6.798732e+000  2.610000e+001
    endloop
  endfacet
  facet normal -9.784664e-001 -2.064061e-001  0.000000e+000
    outer loop
      vertex  3.601721e+001  8.471170e+000  2.700000e+001
      vertex  3.637001e+001  6.798732e+000  2.610000e+001
      vertex  3.637001e+001  6.798732e+000  2.700000e+001
    endloop
  endfacet
  facet normal -9.869551e-001 -1.609956e-001  -0.000000e+000
    outer loop
      vertex  3.637001e+001  6.798732e+000  2.700000e+001
      vertex  3.637001e+001  6.798732e+000  2.610000e+001
      vertex  3.664519e+001  5.111785e+000  2.610000e+001
    endloop
  endfacet
  facet normal -9.869551e-001 -1.609956e-001  0.000000e+000
    outer loop
      vertex  3.637001e+001  6.798732e+000  2.700000e+001
      vertex  3.664519e+001  5.111785e+000  2.610000e+001
      vertex  3.664519e+001  5.111785e+000  2.700000e+001
    endloop
  endfacet
  facet normal -9.933375e-001 -1.152414e-001  -0.000000e+000
    outer loop
      vertex  3.664519e+001  5.111785e+000  2.700000e+001
      vertex  3.664519e+001  5.111785e+000  2.610000e+001
      vertex  3.684216e+001  3.413929e+000  2.610000e+001
    endloop
  endfacet
  facet normal -9.933375e-001 -1.152414e-001  0.000000e+000
    outer loop
      vertex  3.664519e+001  5.111785e+000  2.700000e+001
      vertex  3.684216e+001  3.413929e+000  2.610000e+001
      vertex  3.684216e+001  3.413929e+000  2.700000e+001
    endloop
  endfacet
  facet normal -9.975995e-001 -6.924617e-002  -0.000000e+000
    outer loop
      vertex  3.684216e+001  3.413929e+000  2.700000e+001
      vertex  3.684216e+001  3.413929e+000  2.610000e+001
      vertex  3.696052e+001  1.708788e+000  2.610000e+001
    endloop
  endfacet
  facet normal -9.975995e-001 -6.924617e-002  0.000000e+000
    outer loop
      vertex  3.684216e+001  3.413929e+000  2.700000e+001
      vertex  3.696052e+001  1.708788e+000  2.610000e+001
      vertex  3.696052e+001  1.708788e+000  2.700000e+001
    endloop
  endfacet
  facet normal -9.997332e-001 -2.309694e-002  -0.000000e+000
    outer loop
      vertex  3.696052e+001  1.708788e+000  2.700000e+001
      vertex  3.696052e+001  1.708788e+000  2.610000e+001
      vertex  3.700000e+001  0.000000e+000  2.610000e+001
    endloop
  endfacet
  facet normal -9.997332e-001 -2.309694e-002  0.000000e+000
    outer loop
      vertex  3.696052e+001  1.708788e+000  2.700000e+001
      vertex  3.700000e+001  0.000000e+000  2.610000e+001
      vertex  3.700000e+001  0.000000e+000  2.700000e+001
    endloop
  endfacet
  facet normal  0.000000e+000 -1.000000e+000  -0.000000e+000
    outer loop
      vertex  4.200000e+001  0.000000e+000  2.610000e+001
      vertex  4.200000e+001  0.000000e+000  2.700000e+001
      vertex  3.700000e+001  0.000000e+000  2.610000e+001
    endloop
  endfacet
  facet normal  0.000000e+000 -1.000000e+000  0.000000e+000
    outer loop
      vertex  3.700000e+001  0.000000e+000  2.610000e+001
      vertex  4.200000e+001  0.000000e+000  2.700000e+001
      vertex  3.700000e+001  0.000000e+000  2.700000e+001
    endloop
  endfacet
  facet normal -5.666312e-015 -1.000000e+000  3.147952e-014
    outer loop
      vertex -3.700000e+001 -2.833156e-014  2.610000e+001
      vertex -3.700000e+001  0.000000e+000  2.700000e+001
      vertex -4.200000e+001  0.000000e+000  2.610000e+001
    endloop
  endfacet
  facet normal  0.000000e+000 -1.000000e+000  0.000000e+000
    outer loop
      vertex -4.200000e+001  0.000000e+000  2.610000e+001
      vertex -3.700000e+001  0.000000e+000  2.700000e+001
      vertex -4.200000e+001  0.000000e+000  2.700000e+001
    endloop
  endfacet
  facet normal  0.000000e+000  0.000000e+000 -1.000000e+000
    outer loop
      vertex  2.646833e+001  2.759722e+001  2.610000e+001
      vertex  2.492674e+001  2.734333e+001  2.610000e+001
      vertex  2.643072e+001  2.793100e+001  2.610000e+001
    endloop
  endfacet
  facet normal  0.000000e+000  0.000000e+000 -1.000000e+000
    outer loop
      vertex  2.492674e+001  2.734333e+001  2.610000e+001
      vertex  2.646833e+001  2.826478e+001  2.610000e+001
      vertex  2.643072e+001  2.793100e+001  2.610000e+001
    endloop
  endfacet
  facet normal  0.000000e+000  0.000000e+000 -1.000000e+000
    outer loop
      vertex -2.646833e+001  2.826478e+001  2.610000e+001
      vertex -2.492674e+001  2.734333e+001  2.610000e+001
      vertex -2.643072e+001  2.793100e+001  2.610000e+001
    endloop
  endfacet
  facet normal  0.000000e+000  0.000000e+000 -1.000000e+000
    outer loop
      vertex -2.492674e+001  2.734333e+001  2.610000e+001
      vertex -2.646833e+001  2.759722e+001  2.610000e+001
      vertex -2.643072e+001  2.793100e+001  2.610000e+001
    endloop
  endfacet
  facet normal  0.000000e+000  0.000000e+000 -1.000000e+000
    outer loop
      vertex  1.947799e+001  3.145803e+001  2.610000e+001
      vertex  2.699708e+001  3.217387e+001  2.610000e+001
      vertex  2.091005e+001  3.052491e+001  2.610000e+001
    endloop
  endfacet
  facet normal  0.000000e+000  0.000000e+000 -1.000000e+000
    outer loop
      vertex -2.952664e+001  2.229748e+001  2.610000e+001
      vertex -3.542244e+001  2.256658e+001  2.610000e+001
      vertex -2.846536e+001  2.363733e+001  2.610000e+001
    endloop
  endfacet
  facet normal  0.000000e+000  0.000000e+000 -1.000000e+000
    outer loop
      vertex -9.352347e-001  3.832725e+001  2.610000e+001
      vertex -1.774997e+001  3.806493e+001  2.610000e+001
      vertex -1.172747e+000  3.856477e+001  2.610000e+001
    endloop
  endfacet
  facet normal  0.000000e+000  -0.000000e+000 -1.000000e+000
    outer loop
      vertex -1.774997e+001  3.806493e+001  2.610000e+001
      vertex -9.352347e-001  3.832725e+001  2.610000e+001
      vertex -6.508256e-001  3.814855e+001  2.610000e+001
    endloop
  endfacet
  facet normal  0.000000e+000  0.000000e+000 -9.999999e-001
    outer loop
      vertex -6.798732e+000  3.637001e+001  2.610000e+001
      vertex -2.100000e+001  3.637307e+001  2.610000e+001
      vertex -5.111785e+000  3.664519e+001  2.610000e+001
    endloop
  endfacet
  facet normal  -0.000000e+000  0.000000e+000 -1.000000e+000
    outer loop
      vertex -1.175828e+001  3.508194e+001  2.610000e+001
      vertex -1.336594e+001  3.450147e+001  2.610000e+001
      vertex -2.409021e+001  3.440438e+001  2.610000e+001
    endloop
  endfacet
  facet normal  0.000000e+000  0.000000e+000 -9.999999e-001
    outer loop
      vertex -2.759694e+001  2.939339e+001  2.610000e+001
      vertex -2.793072e+001  2.943100e+001  2.610000e+001
      vertex -2.229748e+001  2.952664e+001  2.610000e+001
    endloop
  endfacet
  facet normal  0.000000e+000  0.000000e+000 -1.000000e+000
    outer loop
      vertex -2.492674e+001  2.734333e+001  2.610000e+001
      vertex -2.657926e+001  2.728017e+001  2.610000e+001
      vertex -2.646833e+001  2.759722e+001  2.610000e+001
    endloop
  endfacet
  facet normal  0.000000e+000  -0.000000e+000 -1.000000e+000
    outer loop
      vertex  9.352347e-001  3.832725e+001  2.610000e+001
      vertex  1.172747e+000  3.856477e+001  2.610000e+001
      vertex  1.774997e+001  3.806493e+001  2.610000e+001
    endloop
  endfacet
  facet normal  0.000000e+000  -0.000000e+000 -1.000000e+000
    outer loop
      vertex  6.508256e-001  3.814855e+001  2.610000e+001
      vertex  9.352347e-001  3.832725e+001  2.610000e+001
      vertex  1.774997e+001  3.806493e+001  2.610000e+001
    endloop
  endfacet
  facet normal  0.000000e+000  0.000000e+000 -9.999999e-001
    outer loop
      vertex  2.100000e+001  3.637307e+001  2.610000e+001
      vertex  6.798732e+000  3.637001e+001  2.610000e+001
      vertex  5.111785e+000  3.664519e+001  2.610000e+001
    endloop
  endfacet
  facet normal  -0.000000e+000  0.000000e+000 -9.999999e-001
    outer loop
      vertex  2.229748e+001  2.952664e+001  2.610000e+001
      vertex  2.793072e+001  2.943100e+001  2.610000e+001
      vertex  2.759694e+001  2.939339e+001  2.610000e+001
    endloop
  endfacet
  facet normal  0.000000e+000  0.000000e+000 -1.000000e+000
    outer loop
      vertex  2.657926e+001  2.728017e+001  2.610000e+001
      vertex  2.492674e+001  2.734333e+001  2.610000e+001
      vertex  2.646833e+001  2.759722e+001  2.610000e+001
    endloop
  endfacet
  facet normal  -0.000000e+000  0.000000e+000 -1.000000e+000
    outer loop
      vertex  2.837479e+001  3.096565e+001  2.610000e+001
      vertex  2.969848e+001  2.969848e+001  2.610000e+001
      vertex  2.793072e+001  2.943100e+001  2.610000e+001
    endloop
  endfacet
  facet normal  0.000000e+000  0.000000e+000 -1.000000e+000
    outer loop
      vertex  2.826450e+001  2.939339e+001  2.610000e+001
      vertex  2.793072e+001  2.943100e+001  2.610000e+001
      vertex  2.969848e+001  2.969848e+001  2.610000e+001
    endloop
  endfacet
  facet normal  0.000000e+000  0.000000e+000 -1.000000e+000
    outer loop
      vertex  2.858154e+001  2.928245e+001  2.610000e+001
      vertex  2.826450e+001  2.939339e+001  2.610000e+001
      vertex  2.969848e+001  2.969848e+001  2.610000e+001
    endloop
  endfacet
  facet normal  0.000000e+000  0.000000e+000 -1.000000e+000
    outer loop
      vertex  3.542244e+001  2.256658e+001  2.610000e+001
      vertex  2.952664e+001  2.229748e+001  2.610000e+001
      vertex  2.846536e+001  2.363733e+001  2.610000e+001
    endloop
  endfacet
  facet normal  0.000000e+000  -0.000000e+000 -1.000000e+000
    outer loop
      vertex -2.699708e+001  3.217387e+001  2.610000e+001
      vertex -2.556798e+001  3.332084e+001  2.610000e+001
      vertex -1.649232e+001  3.312104e+001  2.610000e+001
    endloop
  endfacet
  facet normal  0.000000e+000  0.000000e+000 -1.000000e+000
    outer loop
      vertex -2.699708e+001  3.217387e+001  2.610000e+001
      vertex -1.649232e+001  3.312104e+001  2.610000e+001
      vertex -1.800437e+001  3.232403e+001  2.610000e+001
    endloop
  endfacet
  facet normal  0.000000e+000  0.000000e+000 -1.000000e+000
    outer loop
      vertex -2.699708e+001  3.217387e+001  2.610000e+001
      vertex -1.800437e+001  3.232403e+001  2.610000e+001
      vertex -1.947799e+001  3.145803e+001  2.610000e+001
    endloop
  endfacet
  facet normal  -0.000000e+000  0.000000e+000 -1.000000e+000
    outer loop
      vertex -2.699708e+001  3.217387e+001  2.610000e+001
      vertex -1.947799e+001  3.145803e+001  2.610000e+001
      vertex -2.091005e+001  3.052491e+001  2.610000e+001
    endloop
  endfacet
  facet normal  -0.000000e+000  0.000000e+000 -1.000000e+000
    outer loop
      vertex -2.699708e+001  3.217387e+001  2.610000e+001
      vertex -2.091005e+001  3.052491e+001  2.610000e+001
      vertex -2.229748e+001  2.952664e+001  2.610000e+001
    endloop
  endfacet
  facet normal  -0.000000e+000  0.000000e+000 -1.000000e+000
    outer loop
      vertex -2.699708e+001  3.217387e+001  2.610000e+001
      vertex -2.229748e+001  2.952664e+001  2.610000e+001
      vertex -2.793072e+001  2.943100e+001  2.610000e+001
    endloop
  endfacet
  facet normal  0.000000e+000  0.000000e+000 -9.999999e-001
    outer loop
      vertex -2.699708e+001  3.217387e+001  2.610000e+001
      vertex -2.793072e+001  2.943100e+001  2.610000e+001
      vertex -2.837479e+001  3.096565e+001  2.610000e+001
    endloop
  endfacet
  facet normal  0.000000e+000  0.000000e+000 -1.000000e+000
    outer loop
      vertex -3.096565e+001  2.837479e+001  2.610000e+001
      vertex -2.858154e+001  2.928245e+001  2.610000e+001
      vertex -2.886595e+001  2.910375e+001  2.610000e+001
    endloop
  endfacet
  facet normal  0.000000e+000  0.000000e+000 -1.000000e+000
    outer loop
      vertex -3.096565e+001  2.837479e+001  2.610000e+001
      vertex -2.886595e+001  2.910375e+001  2.610000e+001
      vertex -2.910347e+001  2.886623e+001  2.610000e+001
    endloop
  endfacet
  facet normal  0.000000e+000  0.000000e+000 -1.000000e+000
    outer loop
      vertex -3.096565e+001  2.837479e+001  2.610000e+001
      vertex -2.910347e+001  2.886623e+001  2.610000e+001
      vertex -2.928217e+001  2.858183e+001  2.610000e+001
    endloop
  endfacet
  facet normal  0.000000e+000  0.000000e+000 -1.000000e+000
    outer loop
      vertex -3.096565e+001  2.837479e+001  2.610000e+001
      vertex -2.928217e+001  2.858183e+001  2.610000e+001
      vertex -2.939311e+001  2.826478e+001  2.610000e+001
    endloop
  endfacet
  facet normal  0.000000e+000  -0.000000e+000 -1.000000e+000
    outer loop
      vertex -2.969848e+001  2.969848e+001  2.610000e+001
      vertex -2.837479e+001  3.096565e+001  2.610000e+001
      vertex -2.793072e+001  2.943100e+001  2.610000e+001
    endloop
  endfacet
  facet normal  -0.000000e+000  0.000000e+000 -1.000000e+000
    outer loop
      vertex -2.969848e+001  2.969848e+001  2.610000e+001
      vertex -2.793072e+001  2.943100e+001  2.610000e+001
      vertex -2.826450e+001  2.939339e+001  2.610000e+001
    endloop
  endfacet
  facet normal  -0.000000e+000  0.000000e+000 -1.000000e+000
    outer loop
      vertex -2.969848e+001  2.969848e+001  2.610000e+001
      vertex -2.826450e+001  2.939339e+001  2.610000e+001
      vertex -2.858154e+001  2.928245e+001  2.610000e+001
    endloop
  endfacet
  facet normal  -0.000000e+000  0.000000e+000 -1.000000e+000
    outer loop
      vertex -2.969848e+001  2.969848e+001  2.610000e+001
      vertex -2.858154e+001  2.928245e+001  2.610000e+001
      vertex -3.096565e+001  2.837479e+001  2.610000e+001
    endloop
  endfacet
  facet normal  0.000000e+000  -0.000000e+000 -1.000000e+000
    outer loop
      vertex -3.217387e+001  2.699708e+001  2.610000e+001
      vertex -3.096565e+001  2.837479e+001  2.610000e+001
      vertex -2.939311e+001  2.826478e+001  2.610000e+001
    endloop
  endfacet
  facet normal  0.000000e+000  0.000000e+000 -1.000000e+000
    outer loop
      vertex -3.217387e+001  2.699708e+001  2.610000e+001
      vertex -2.939311e+001  2.826478e+001  2.610000e+001
      vertex -2.943072e+001  2.793100e+001  2.610000e+001
    endloop
  endfacet
  facet normal  0.000000e+000  -0.000000e+000 -9.999999e-001
    outer loop
      vertex -3.217387e+001  2.699708e+001  2.610000e+001
      vertex -2.943072e+001  2.793100e+001  2.610000e+001
      vertex -2.939311e+001  2.759722e+001  2.610000e+001
    endloop
  endfacet
  facet normal  0.000000e+000  -0.000000e+000 -1.000000e+000
    outer loop
      vertex -3.217387e+001  2.699708e+001  2.610000e+001
      vertex -2.939311e+001  2.759722e+001  2.610000e+001
      vertex -2.928217e+001  2.728017e+001  2.610000e+001
    endloop
  endfacet
  facet normal  0.000000e+000  -0.000000e+000 -9.999999e-001
    outer loop
      vertex -3.217387e+001  2.699708e+001  2.610000e+001
      vertex -2.928217e+001  2.728017e+001  2.610000e+001
      vertex -2.910347e+001  2.699577e+001  2.610000e+001
    endloop
  endfacet
  facet normal  0.000000e+000  -0.000000e+000 -1.000000e+000
    outer loop
      vertex -3.332084e+001  2.556798e+001  2.610000e+001
      vertex -3.217387e+001  2.699708e+001  2.610000e+001
      vertex -2.910347e+001  2.699577e+001  2.610000e+001
    endloop
  endfacet
  facet normal  0.000000e+000  -0.000000e+000 -1.000000e+000
    outer loop
      vertex -3.332084e+001  2.556798e+001  2.610000e+001
      vertex -2.910347e+001  2.699577e+001  2.610000e+001
      vertex -2.886595e+001  2.675825e+001  2.610000e+001
    endloop
  endfacet
  facet normal  0.000000e+000  -0.000000e+000 -1.000000e+000
    outer loop
      vertex -3.332084e+001  2.556798e+001  2.610000e+001
      vertex -2.886595e+001  2.675825e+001  2.610000e+001
      vertex -2.858154e+001  2.657955e+001  2.610000e+001
    endloop
  endfacet
  facet normal  0.000000e+000  -0.000000e+000 -1.000000e+000
    outer loop
      vertex -3.332084e+001  2.556798e+001  2.610000e+001
      vertex -2.858154e+001  2.657955e+001  2.610000e+001
      vertex -2.826450e+001  2.646861e+001  2.610000e+001
    endloop
  endfacet
  facet normal  0.000000e+000  -0.000000e+000 -1.000000e+000
    outer loop
      vertex -3.332084e+001  2.556798e+001  2.610000e+001
      vertex -2.826450e+001  2.646861e+001  2.610000e+001
      vertex -2.793072e+001  2.643100e+001  2.610000e+001
    endloop
  endfacet
  facet normal  0.000000e+000  -0.000000e+000 -1.000000e+000
    outer loop
      vertex -3.332084e+001  2.556798e+001  2.610000e+001
      vertex -2.793072e+001  2.643100e+001  2.610000e+001
      vertex -2.734333e+001  2.492674e+001  2.610000e+001
    endloop
  endfacet
  facet normal  -0.000000e+000  0.000000e+000 -1.000000e+000
    outer loop
      vertex -3.332084e+001  2.556798e+001  2.610000e+001
      vertex -2.734333e+001  2.492674e+001  2.610000e+001
      vertex -2.846536e+001  2.363733e+001  2.610000e+001
    endloop
  endfacet
  facet normal  -0.000000e+000  0.000000e+000 -1.000000e+000
    outer loop
      vertex -3.332084e+001  2.556798e+001  2.610000e+001
      vertex -2.846536e+001  2.363733e+001  2.610000e+001
      vertex -3.542244e+001  2.256658e+001  2.610000e+001
    endloop
  endfacet
  facet normal  0.000000e+000  0.000000e+000 -1.000000e+000
    outer loop
      vertex -3.332084e+001  2.556798e+001  2.610000e+001
      vertex -3.542244e+001  2.256658e+001  2.610000e+001
      vertex -3.440438e+001  2.409021e+001  2.610000e+001
    endloop
  endfacet
  facet normal  0.000000e+000  0.000000e+000 -9.999999e-001
    outer loop
      vertex  0.000000e+000  4.100000e+001  2.610000e+001
      vertex -9.090464e+000  4.100443e+001  2.610000e+001
      vertex -7.293223e+000  4.136193e+001  2.610000e+001
    endloop
  endfacet
  facet normal  0.000000e+000  0.000000e+000 -1.000000e+000
    outer loop
      vertex  0.000000e+000  4.100000e+001  2.610000e+001
      vertex -7.293223e+000  4.136193e+001  2.610000e+001
      vertex -5.482100e+000  4.164069e+001  2.610000e+001
    endloop
  endfacet
  facet normal  0.000000e+000  0.000000e+000 -1.000000e+000
    outer loop
      vertex  0.000000e+000  4.100000e+001  2.610000e+001
      vertex -5.482100e+000  4.164069e+001  2.610000e+001
      vertex -3.660541e+000  4.184018e+001  2.610000e+001
    endloop
  endfacet
  facet normal  0.000000e+000  0.000000e+000 -1.000000e+000
    outer loop
      vertex  0.000000e+000  4.100000e+001  2.610000e+001
      vertex -3.660541e+000  4.184018e+001  2.610000e+001
      vertex -1.832014e+000  4.196003e+001  2.610000e+001
    endloop
  endfacet
  facet normal  0.000000e+000  0.000000e+000 -9.999999e-001
    outer loop
      vertex  0.000000e+000  4.100000e+001  2.610000e+001
      vertex -1.832014e+000  4.196003e+001  2.610000e+001
      vertex  2.571673e-015  4.200000e+001  2.610000e+001
    endloop
  endfacet
  facet normal  0.000000e+000  -0.000000e+000 -9.999999e-001
    outer loop
      vertex  0.000000e+000  4.100000e+001  2.610000e+001
      vertex  2.571673e-015  4.200000e+001  2.610000e+001
      vertex  1.832014e+000  4.196003e+001  2.610000e+001
    endloop
  endfacet
  facet normal  0.000000e+000  -0.000000e+000 -1.000000e+000
    outer loop
      vertex  0.000000e+000  4.100000e+001  2.610000e+001
      vertex  1.832014e+000  4.196003e+001  2.610000e+001
      vertex  3.660541e+000  4.184018e+001  2.610000e+001
    endloop
  endfacet
  facet normal  0.000000e+000  -0.000000e+000 -1.000000e+000
    outer loop
      vertex  0.000000e+000  4.100000e+001  2.610000e+001
      vertex  3.660541e+000  4.184018e+001  2.610000e+001
      vertex  5.482100e+000  4.164069e+001  2.610000e+001
    endloop
  endfacet
  facet normal  0.000000e+000  -0.000000e+000 -1.000000e+000
    outer loop
      vertex  0.000000e+000  4.100000e+001  2.610000e+001
      vertex  5.482100e+000  4.164069e+001  2.610000e+001
      vertex  7.293223e+000  4.136193e+001  2.610000e+001
    endloop
  endfacet
  facet normal  0.000000e+000  -0.000000e+000 -9.999999e-001
    outer loop
      vertex  0.000000e+000  4.100000e+001  2.610000e+001
      vertex  7.293223e+000  4.136193e+001  2.610000e+001
      vertex  9.090464e+000  4.100443e+001  2.610000e+001
    endloop
  endfacet
  facet normal  0.000000e+000  -0.000000e+000 -1.000000e+000
    outer loop
      vertex  0.000000e+000  4.100000e+001  2.610000e+001
      vertex  9.090464e+000  4.100443e+001  2.610000e+001
      vertex  1.087040e+001  4.056889e+001  2.610000e+001
    endloop
  endfacet
  facet normal  0.000000e+000  -0.000000e+000 -1.000000e+000
    outer loop
      vertex -1.087040e+001  4.056889e+001  2.610000e+001
      vertex -9.090464e+000  4.100443e+001  2.610000e+001
      vertex  0.000000e+000  4.100000e+001  2.610000e+001
    endloop
  endfacet
  facet normal  0.000000e+000  0.000000e+000 -1.000000e+000
    outer loop
      vertex -1.087040e+001  4.056889e+001  2.610000e+001
      vertex  0.000000e+000  4.100000e+001  2.610000e+001
      vertex -3.337814e-001  4.096239e+001  2.610000e+001
    endloop
  endfacet
  facet normal  0.000000e+000  0.000000e+000 -1.000000e+000
    outer loop
      vertex -1.087040e+001  4.056889e+001  2.610000e+001
      vertex -3.337814e-001  4.096239e+001  2.610000e+001
      vertex -6.508256e-001  4.085145e+001  2.610000e+001
    endloop
  endfacet
  facet normal  0.000000e+000  0.000000e+000 -1.000000e+000
    outer loop
      vertex -1.087040e+001  4.056889e+001  2.610000e+001
      vertex -6.508256e-001  4.085145e+001  2.610000e+001
      vertex -9.352347e-001  4.067275e+001  2.610000e+001
    endloop
  endfacet
  facet normal  0.000000e+000  0.000000e+000 -1.000000e+000
    outer loop
      vertex -1.087040e+001  4.056889e+001  2.610000e+001
      vertex -9.352347e-001  4.067275e+001  2.610000e+001
      vertex -1.172747e+000  4.043523e+001  2.610000e+001
    endloop
  endfacet
  facet normal  -0.000000e+000  0.000000e+000 -1.000000e+000
    outer loop
      vertex -1.087040e+001  4.056889e+001  2.610000e+001
      vertex -1.172747e+000  4.043523e+001  2.610000e+001
      vertex -1.262964e+001  4.005611e+001  2.610000e+001
    endloop
  endfacet
  facet normal  0.000000e+000  -0.000000e+000 -1.000000e+000
    outer loop
      vertex -2.256658e+001  3.542244e+001  2.610000e+001
      vertex -2.100000e+001  3.637307e+001  2.610000e+001
      vertex -6.798732e+000  3.637001e+001  2.610000e+001
    endloop
  endfacet
  facet normal  0.000000e+000  0.000000e+000 -1.000000e+000
    outer loop
      vertex -2.256658e+001  3.542244e+001  2.610000e+001
      vertex -6.798732e+000  3.637001e+001  2.610000e+001
      vertex -8.471170e+000  3.601721e+001  2.610000e+001
    endloop
  endfacet
  facet normal  0.000000e+000  0.000000e+000 -1.000000e+000
    outer loop
      vertex -2.256658e+001  3.542244e+001  2.610000e+001
      vertex -8.471170e+000  3.601721e+001  2.610000e+001
      vertex -1.012553e+001  3.558755e+001  2.610000e+001
    endloop
  endfacet
  facet normal  0.000000e+000  0.000000e+000 -1.000000e+000
    outer loop
      vertex -2.256658e+001  3.542244e+001  2.610000e+001
      vertex -1.012553e+001  3.558755e+001  2.610000e+001
      vertex -1.175828e+001  3.508194e+001  2.610000e+001
    endloop
  endfacet
  facet normal  -0.000000e+000  0.000000e+000 -1.000000e+000
    outer loop
      vertex -2.256658e+001  3.542244e+001  2.610000e+001
      vertex -1.175828e+001  3.508194e+001  2.610000e+001
      vertex -2.409021e+001  3.440438e+001  2.610000e+001
    endloop
  endfacet
  facet normal  0.000000e+000  0.000000e+000 -1.000000e+000
    outer loop
      vertex -2.363733e+001  2.846536e+001  2.610000e+001
      vertex -2.492674e+001  2.734333e+001  2.610000e+001
      vertex -2.646833e+001  2.826478e+001  2.610000e+001
    endloop
  endfacet
  facet normal  0.000000e+000  0.000000e+000 -1.000000e+000
    outer loop
      vertex -2.363733e+001  2.846536e+001  2.610000e+001
      vertex -2.646833e+001  2.826478e+001  2.610000e+001
      vertex -2.657926e+001  2.858183e+001  2.610000e+001
    endloop
  endfacet
  facet normal  0.000000e+000  0.000000e+000 -1.000000e+000
    outer loop
      vertex -2.363733e+001  2.846536e+001  2.610000e+001
      vertex -2.657926e+001  2.858183e+001  2.610000e+001
      vertex -2.675797e+001  2.886623e+001  2.610000e+001
    endloop
  endfacet
  facet normal  0.000000e+000  0.000000e+000 -1.000000e+000
    outer loop
      vertex -2.363733e+001  2.846536e+001  2.610000e+001
      vertex -2.675797e+001  2.886623e+001  2.610000e+001
      vertex -2.699548e+001  2.910375e+001  2.610000e+001
    endloop
  endfacet
  facet normal  0.000000e+000  0.000000e+000 -1.000000e+000
    outer loop
      vertex -2.363733e+001  2.846536e+001  2.610000e+001
      vertex -2.699548e+001  2.910375e+001  2.610000e+001
      vertex -2.727989e+001  2.928245e+001  2.610000e+001
    endloop
  endfacet
  facet normal  0.000000e+000  0.000000e+000 -1.000000e+000
    outer loop
      vertex -2.363733e+001  2.846536e+001  2.610000e+001
      vertex -2.727989e+001  2.928245e+001  2.610000e+001
      vertex -2.759694e+001  2.939339e+001  2.610000e+001
    endloop
  endfacet
  facet normal  0.000000e+000  0.000000e+000 -1.000000e+000
    outer loop
      vertex -2.363733e+001  2.846536e+001  2.610000e+001
      vertex -2.759694e+001  2.939339e+001  2.610000e+001
      vertex -2.229748e+001  2.952664e+001  2.610000e+001
    endloop
  endfacet
  facet normal  0.000000e+000  0.000000e+000 -1.000000e+000
    outer loop
      vertex -2.616295e+001  2.616295e+001  2.610000e+001
      vertex -2.734333e+001  2.492674e+001  2.610000e+001
      vertex -2.793072e+001  2.643100e+001  2.610000e+001
    endloop
  endfacet
  facet normal  0.000000e+000  0.000000e+000 -1.000000e+000
    outer loop
      vertex -2.616295e+001  2.616295e+001  2.610000e+001
      vertex -2.793072e+001  2.643100e+001  2.610000e+001
      vertex -2.759694e+001  2.646861e+001  2.610000e+001
    endloop
  endfacet
  facet normal  0.000000e+000  0.000000e+000 -1.000000e+000
    outer loop
      vertex -2.616295e+001  2.616295e+001  2.610000e+001
      vertex -2.759694e+001  2.646861e+001  2.610000e+001
      vertex -2.727989e+001  2.657955e+001  2.610000e+001
    endloop
  endfacet
  facet normal  0.000000e+000  0.000000e+000 -1.000000e+000
    outer loop
      vertex -2.616295e+001  2.616295e+001  2.610000e+001
      vertex -2.727989e+001  2.657955e+001  2.610000e+001
      vertex -2.699548e+001  2.675825e+001  2.610000e+001
    endloop
  endfacet
  facet normal  0.000000e+000  0.000000e+000 -1.000000e+000
    outer loop
      vertex -2.616295e+001  2.616295e+001  2.610000e+001
      vertex -2.699548e+001  2.675825e+001  2.610000e+001
      vertex -2.675797e+001  2.699577e+001  2.610000e+001
    endloop
  endfacet
  facet normal  0.000000e+000  0.000000e+000 -1.000000e+000
    outer loop
      vertex -2.616295e+001  2.616295e+001  2.610000e+001
      vertex -2.675797e+001  2.699577e+001  2.610000e+001
      vertex -2.657926e+001  2.728017e+001  2.610000e+001
    endloop
  endfacet
  facet normal  0.000000e+000  0.000000e+000 -1.000000e+000
    outer loop
      vertex -2.616295e+001  2.616295e+001  2.610000e+001
      vertex -2.657926e+001  2.728017e+001  2.610000e+001
      vertex -2.492674e+001  2.734333e+001  2.610000e+001
    endloop
  endfacet
  facet normal  0.000000e+000  0.000000e+000 -1.000000e+000
    outer loop
      vertex  1.087040e+001  4.056889e+001  2.610000e+001
      vertex  1.262964e+001  4.005611e+001  2.610000e+001
      vertex  1.172747e+000  4.043523e+001  2.610000e+001
    endloop
  endfacet
  facet normal  0.000000e+000  0.000000e+000 -1.000000e+000
    outer loop
      vertex  1.087040e+001  4.056889e+001  2.610000e+001
      vertex  1.172747e+000  4.043523e+001  2.610000e+001
      vertex  9.352347e-001  4.067275e+001  2.610000e+001
    endloop
  endfacet
  facet normal  0.000000e+000  0.000000e+000 -1.000000e+000
    outer loop
      vertex  1.087040e+001  4.056889e+001  2.610000e+001
      vertex  9.352347e-001  4.067275e+001  2.610000e+001
      vertex  6.508256e-001  4.085145e+001  2.610000e+001
    endloop
  endfacet
  facet normal  0.000000e+000  0.000000e+000 -1.000000e+000
    outer loop
      vertex  1.087040e+001  4.056889e+001  2.610000e+001
      vertex  6.508256e-001  4.085145e+001  2.610000e+001
      vertex  3.337814e-001  4.096239e+001  2.610000e+001
    endloop
  endfacet
  facet normal  0.000000e+000  0.000000e+000 -1.000000e+000
    outer loop
      vertex  1.087040e+001  4.056889e+001  2.610000e+001
      vertex  3.337814e-001  4.096239e+001  2.610000e+001
      vertex  0.000000e+000  4.100000e+001  2.610000e+001
    endloop
  endfacet
  facet normal  0.000000e+000  0.000000e+000 -1.000000e+000
    outer loop
      vertex  2.363733e+001  2.846536e+001  2.610000e+001
      vertex  2.229748e+001  2.952664e+001  2.610000e+001
      vertex  2.759694e+001  2.939339e+001  2.610000e+001
    endloop
  endfacet
  facet normal  0.000000e+000  0.000000e+000 -1.000000e+000
    outer loop
      vertex  2.363733e+001  2.846536e+001  2.610000e+001
      vertex  2.759694e+001  2.939339e+001  2.610000e+001
      vertex  2.727989e+001  2.928245e+001  2.610000e+001
    endloop
  endfacet
  facet normal  0.000000e+000  0.000000e+000 -1.000000e+000
    outer loop
      vertex  2.363733e+001  2.846536e+001  2.610000e+001
      vertex  2.727989e+001  2.928245e+001  2.610000e+001
      vertex  2.699548e+001  2.910375e+001  2.610000e+001
    endloop
  endfacet
  facet normal  0.000000e+000  0.000000e+000 -1.000000e+000
    outer loop
      vertex  2.363733e+001  2.846536e+001  2.610000e+001
      vertex  2.699548e+001  2.910375e+001  2.610000e+001
      vertex  2.675797e+001  2.886623e+001  2.610000e+001
    endloop
  endfacet
  facet normal  0.000000e+000  0.000000e+000 -1.000000e+000
    outer loop
      vertex  2.363733e+001  2.846536e+001  2.610000e+001
      vertex  2.675797e+001  2.886623e+001  2.610000e+001
      vertex  2.657926e+001  2.858183e+001  2.610000e+001
    endloop
  endfacet
  facet normal  0.000000e+000  0.000000e+000 -1.000000e+000
    outer loop
      vertex  2.363733e+001  2.846536e+001  2.610000e+001
      vertex  2.657926e+001  2.858183e+001  2.610000e+001
      vertex  2.646833e+001  2.826478e+001  2.610000e+001
    endloop
  endfacet
  facet normal  -0.000000e+000  0.000000e+000 -1.000000e+000
    outer loop
      vertex  2.363733e+001  2.846536e+001  2.610000e+001
      vertex  2.646833e+001  2.826478e+001  2.610000e+001
      vertex  2.492674e+001  2.734333e+001  2.610000e+001
    endloop
  endfacet
  facet normal  0.000000e+000  0.000000e+000 -1.000000e+000
    outer loop
      vertex  2.616295e+001  2.616295e+001  2.610000e+001
      vertex  2.492674e+001  2.734333e+001  2.610000e+001
      vertex  2.657926e+001  2.728017e+001  2.610000e+001
    endloop
  endfacet
  facet normal  0.000000e+000  -0.000000e+000 -1.000000e+000
    outer loop
      vertex  2.616295e+001  2.616295e+001  2.610000e+001
      vertex  2.657926e+001  2.728017e+001  2.610000e+001
      vertex  2.675797e+001  2.699577e+001  2.610000e+001
    endloop
  endfacet
  facet normal  0.000000e+000  -0.000000e+000 -1.000000e+000
    outer loop
      vertex  2.616295e+001  2.616295e+001  2.610000e+001
      vertex  2.675797e+001  2.699577e+001  2.610000e+001
      vertex  2.699548e+001  2.675825e+001  2.610000e+001
    endloop
  endfacet
  facet normal  0.000000e+000  -0.000000e+000 -1.000000e+000
    outer loop
      vertex  2.616295e+001  2.616295e+001  2.610000e+001
      vertex  2.699548e+001  2.675825e+001  2.610000e+001
      vertex  2.727989e+001  2.657955e+001  2.610000e+001
    endloop
  endfacet
  facet normal  0.000000e+000  -0.000000e+000 -1.000000e+000
    outer loop
      vertex  2.616295e+001  2.616295e+001  2.610000e+001
      vertex  2.727989e+001  2.657955e+001  2.610000e+001
      vertex  2.759694e+001  2.646861e+001  2.610000e+001
    endloop
  endfacet
  facet normal  0.000000e+000  -0.000000e+000 -1.000000e+000
    outer loop
      vertex  2.616295e+001  2.616295e+001  2.610000e+001
      vertex  2.759694e+001  2.646861e+001  2.610000e+001
      vertex  2.793072e+001  2.643100e+001  2.610000e+001
    endloop
  endfacet
  facet normal  0.000000e+000  0.000000e+000 -1.000000e+000
    outer loop
      vertex  2.616295e+001  2.616295e+001  2.610000e+001
      vertex  2.793072e+001  2.643100e+001  2.610000e+001
      vertex  2.734333e+001  2.492674e+001  2.610000e+001
    endloop
  endfacet
  facet normal  0.000000e+000  0.000000e+000 -1.000000e+000
    outer loop
      vertex  3.096565e+001  2.837479e+001  2.610000e+001
      vertex  3.217387e+001  2.699708e+001  2.610000e+001
      vertex  2.939311e+001  2.826478e+001  2.610000e+001
    endloop
  endfacet
  facet normal  0.000000e+000  0.000000e+000 -1.000000e+000
    outer loop
      vertex  3.096565e+001  2.837479e+001  2.610000e+001
      vertex  2.939311e+001  2.826478e+001  2.610000e+001
      vertex  2.928217e+001  2.858183e+001  2.610000e+001
    endloop
  endfacet
  facet normal  0.000000e+000  0.000000e+000 -1.000000e+000
    outer loop
      vertex  3.096565e+001  2.837479e+001  2.610000e+001
      vertex  2.928217e+001  2.858183e+001  2.610000e+001
      vertex  2.910347e+001  2.886623e+001  2.610000e+001
    endloop
  endfacet
  facet normal  0.000000e+000  0.000000e+000 -1.000000e+000
    outer loop
      vertex  3.096565e+001  2.837479e+001  2.610000e+001
      vertex  2.910347e+001  2.886623e+001  2.610000e+001
      vertex  2.886595e+001  2.910375e+001  2.610000e+001
    endloop
  endfacet
  facet normal  0.000000e+000  0.000000e+000 -1.000000e+000
    outer loop
      vertex  3.096565e+001  2.837479e+001  2.610000e+001
      vertex  2.886595e+001  2.910375e+001  2.610000e+001
      vertex  2.858154e+001  2.928245e+001  2.610000e+001
    endloop
  endfacet
  facet normal  0.000000e+000  0.000000e+000 -1.000000e+000
    outer loop
      vertex  3.096565e+001  2.837479e+001  2.610000e+001
      vertex  2.858154e+001  2.928245e+001  2.610000e+001
      vertex  2.969848e+001  2.969848e+001  2.610000e+001
    endloop
  endfacet
  facet normal  0.000000e+000  0.000000e+000 -1.000000e+000
    outer loop
      vertex  3.217387e+001  2.699708e+001  2.610000e+001
      vertex  3.332084e+001  2.556798e+001  2.610000e+001
      vertex  2.910347e+001  2.699577e+001  2.610000e+001
    endloop
  endfacet
  facet normal  0.000000e+000  0.000000e+000 -9.999999e-001
    outer loop
      vertex  3.217387e+001  2.699708e+001  2.610000e+001
      vertex  2.910347e+001  2.699577e+001  2.610000e+001
      vertex  2.928217e+001  2.728017e+001  2.610000e+001
    endloop
  endfacet
  facet normal  0.000000e+000  0.000000e+000 -1.000000e+000
    outer loop
      vertex  3.217387e+001  2.699708e+001  2.610000e+001
      vertex  2.928217e+001  2.728017e+001  2.610000e+001
      vertex  2.939311e+001  2.759722e+001  2.610000e+001
    endloop
  endfacet
  facet normal  0.000000e+000  0.000000e+000 -9.999999e-001
    outer loop
      vertex  3.217387e+001  2.699708e+001  2.610000e+001
      vertex  2.939311e+001  2.759722e+001  2.610000e+001
      vertex  2.943072e+001  2.793100e+001  2.610000e+001
    endloop
  endfacet
  facet normal  0.000000e+000  0.000000e+000 -1.000000e+000
    outer loop
      vertex  3.217387e+001  2.699708e+001  2.610000e+001
      vertex  2.943072e+001  2.793100e+001  2.610000e+001
      vertex  2.939311e+001  2.826478e+001  2.610000e+001
    endloop
  endfacet
  facet normal  0.000000e+000  0.000000e+000 -1.000000e+000
    outer loop
      vertex  3.332084e+001  2.556798e+001  2.610000e+001
      vertex  2.793072e+001  2.643100e+001  2.610000e+001
      vertex  2.826450e+001  2.646861e+001  2.610000e+001
    endloop
  endfacet
  facet normal  0.000000e+000  0.000000e+000 -1.000000e+000
    outer loop
      vertex  3.332084e+001  2.556798e+001  2.610000e+001
      vertex  2.826450e+001  2.646861e+001  2.610000e+001
      vertex  2.858154e+001  2.657955e+001  2.610000e+001
    endloop
  endfacet
  facet normal  0.000000e+000  0.000000e+000 -1.000000e+000
    outer loop
      vertex  3.332084e+001  2.556798e+001  2.610000e+001
      vertex  2.858154e+001  2.657955e+001  2.610000e+001
      vertex  2.886595e+001  2.675825e+001  2.610000e+001
    endloop
  endfacet
  facet normal  0.000000e+000  0.000000e+000 -1.000000e+000
    outer loop
      vertex  3.332084e+001  2.556798e+001  2.610000e+001
      vertex  2.886595e+001  2.675825e+001  2.610000e+001
      vertex  2.910347e+001  2.699577e+001  2.610000e+001
    endloop
  endfacet
  facet normal  0.000000e+000  0.000000e+000 -1.000000e+000
    outer loop
      vertex  3.542244e+001  2.256658e+001  2.610000e+001
      vertex  2.846536e+001  2.363733e+001  2.610000e+001
      vertex  3.440438e+001  2.409021e+001  2.610000e+001
    endloop
  endfacet
  facet normal  -0.000000e+000  0.000000e+000 -9.999999e-001
    outer loop
      vertex  3.440438e+001  2.409021e+001  2.610000e+001
      vertex  2.846536e+001  2.363733e+001  2.610000e+001
      vertex  3.332084e+001  2.556798e+001  2.610000e+001
    endloop
  endfacet
  facet normal  0.000000e+000  0.000000e+000 -1.000000e+000
    outer loop
      vertex  2.846536e+001  2.363733e+001  2.610000e+001
      vertex  2.734333e+001  2.492674e+001  2.610000e+001
      vertex  3.332084e+001  2.556798e+001  2.610000e+001
    endloop
  endfacet
  facet normal  -0.000000e+000  0.000000e+000 -1.000000e+000
    outer loop
      vertex  3.332084e+001  2.556798e+001  2.610000e+001
      vertex  2.734333e+001  2.492674e+001  2.610000e+001
      vertex  2.793072e+001  2.643100e+001  2.610000e+001
    endloop
  endfacet
  facet normal  0.000000e+000  0.000000e+000 -1.000000e+000
    outer loop
      vertex  2.229748e+001  2.952664e+001  2.610000e+001
      vertex  2.091005e+001  3.052491e+001  2.610000e+001
      vertex  2.793072e+001  2.943100e+001  2.610000e+001
    endloop
  endfacet
  facet normal  0.000000e+000  0.000000e+000 -1.000000e+000
    outer loop
      vertex  2.793072e+001  2.943100e+001  2.610000e+001
      vertex  2.091005e+001  3.052491e+001  2.610000e+001
      vertex  2.699708e+001  3.217387e+001  2.610000e+001
    endloop
  endfacet
  facet normal  0.000000e+000  0.000000e+000 -9.999999e-001
    outer loop
      vertex  2.793072e+001  2.943100e+001  2.610000e+001
      vertex  2.699708e+001  3.217387e+001  2.610000e+001
      vertex  2.837479e+001  3.096565e+001  2.610000e+001
    endloop
  endfacet
  facet normal  0.000000e+000  0.000000e+000 -1.000000e+000
    outer loop
      vertex -3.558755e+001  1.012553e+001  2.610000e+001
      vertex -4.056889e+001  1.087040e+001  2.610000e+001
      vertex -3.508194e+001  1.175828e+001  2.610000e+001
    endloop
  endfacet
  facet normal  -0.000000e+000  0.000000e+000 -1.000000e+000
    outer loop
      vertex -3.508194e+001  1.175828e+001  2.610000e+001
      vertex -4.056889e+001  1.087040e+001  2.610000e+001
      vertex -4.005611e+001  1.262964e+001  2.610000e+001
    endloop
  endfacet
  facet normal  0.000000e+000  0.000000e+000 -1.000000e+000
    outer loop
      vertex -3.508194e+001  1.175828e+001  2.610000e+001
      vertex -4.005611e+001  1.262964e+001  2.610000e+001
      vertex -3.450147e+001  1.336594e+001  2.610000e+001
    endloop
  endfacet
  facet normal  -0.000000e+000  0.000000e+000 -1.000000e+000
    outer loop
      vertex -3.450147e+001  1.336594e+001  2.610000e+001
      vertex -4.005611e+001  1.262964e+001  2.610000e+001
      vertex -3.946709e+001  1.436485e+001  2.610000e+001
    endloop
  endfacet
  facet normal  0.000000e+000  0.000000e+000 -1.000000e+000
    outer loop
      vertex -3.450147e+001  1.336594e+001  2.610000e+001
      vertex -3.946709e+001  1.436485e+001  2.610000e+001
      vertex -3.384737e+001  1.494508e+001  2.610000e+001
    endloop
  endfacet
  facet normal  -0.000000e+000  0.000000e+000 -1.000000e+000
    outer loop
      vertex -3.384737e+001  1.494508e+001  2.610000e+001
      vertex -3.946709e+001  1.436485e+001  2.610000e+001
      vertex -3.880294e+001  1.607270e+001  2.610000e+001
    endloop
  endfacet
  facet normal  0.000000e+000  0.000000e+000 -1.000000e+000
    outer loop
      vertex -3.384737e+001  1.494508e+001  2.610000e+001
      vertex -3.880294e+001  1.607270e+001  2.610000e+001
      vertex -3.312104e+001  1.649232e+001  2.610000e+001
    endloop
  endfacet
  facet normal  -0.000000e+000  0.000000e+000 -1.000000e+000
    outer loop
      vertex -3.312104e+001  1.649232e+001  2.610000e+001
      vertex -3.880294e+001  1.607270e+001  2.610000e+001
      vertex -3.806493e+001  1.774997e+001  2.610000e+001
    endloop
  endfacet
  facet normal  0.000000e+000  0.000000e+000 -1.000000e+000
    outer loop
      vertex -3.312104e+001  1.649232e+001  2.610000e+001
      vertex -3.806493e+001  1.774997e+001  2.610000e+001
      vertex -3.232403e+001  1.800437e+001  2.610000e+001
    endloop
  endfacet
  facet normal  -0.000000e+000  0.000000e+000 -1.000000e+000
    outer loop
      vertex -3.232403e+001  1.800437e+001  2.610000e+001
      vertex -3.806493e+001  1.774997e+001  2.610000e+001
      vertex -3.725446e+001  1.939344e+001  2.610000e+001
    endloop
  endfacet
  facet normal  0.000000e+000  0.000000e+000 -1.000000e+000
    outer loop
      vertex -3.232403e+001  1.800437e+001  2.610000e+001
      vertex -3.725446e+001  1.939344e+001  2.610000e+001
      vertex -3.145803e+001  1.947799e+001  2.610000e+001
    endloop
  endfacet
  facet normal  -0.000000e+000  0.000000e+000 -1.000000e+000
    outer loop
      vertex -3.145803e+001  1.947799e+001  2.610000e+001
      vertex -3.725446e+001  1.939344e+001  2.610000e+001
      vertex -3.637307e+001  2.100000e+001  2.610000e+001
    endloop
  endfacet
  facet normal  0.000000e+000  0.000000e+000 -1.000000e+000
    outer loop
      vertex -3.145803e+001  1.947799e+001  2.610000e+001
      vertex -3.637307e+001  2.100000e+001  2.610000e+001
      vertex -3.052491e+001  2.091005e+001  2.610000e+001
    endloop
  endfacet
  facet normal  0.000000e+000  0.000000e+000 -1.000000e+000
    outer loop
      vertex -3.052491e+001  2.091005e+001  2.610000e+001
      vertex -3.637307e+001  2.100000e+001  2.610000e+001
      vertex -3.542244e+001  2.256658e+001  2.610000e+001
    endloop
  endfacet
  facet normal  0.000000e+000  0.000000e+000 -1.000000e+000
    outer loop
      vertex -3.052491e+001  2.091005e+001  2.610000e+001
      vertex -3.542244e+001  2.256658e+001  2.610000e+001
      vertex -2.952664e+001  2.229748e+001  2.610000e+001
    endloop
  endfacet
  facet normal  0.000000e+000  0.000000e+000 -1.000000e+000
    outer loop
      vertex -3.664519e+001  5.111785e+000  2.610000e+001
      vertex -4.136193e+001  7.293223e+000  2.610000e+001
      vertex -3.637001e+001  6.798732e+000  2.610000e+001
    endloop
  endfacet
  facet normal  0.000000e+000  0.000000e+000 -1.000000e+000
    outer loop
      vertex -3.637001e+001  6.798732e+000  2.610000e+001
      vertex -4.136193e+001  7.293223e+000  2.610000e+001
      vertex -4.100443e+001  9.090464e+000  2.610000e+001
    endloop
  endfacet
  facet normal  0.000000e+000  0.000000e+000 -1.000000e+000
    outer loop
      vertex -3.637001e+001  6.798732e+000  2.610000e+001
      vertex -4.100443e+001  9.090464e+000  2.610000e+001
      vertex -3.601721e+001  8.471170e+000  2.610000e+001
    endloop
  endfacet
  facet normal  0.000000e+000  0.000000e+000 -1.000000e+000
    outer loop
      vertex -3.601721e+001  8.471170e+000  2.610000e+001
      vertex -4.100443e+001  9.090464e+000  2.610000e+001
      vertex -4.056889e+001  1.087040e+001  2.610000e+001
    endloop
  endfacet
  facet normal  0.000000e+000  0.000000e+000 -1.000000e+000
    outer loop
      vertex -3.601721e+001  8.471170e+000  2.610000e+001
      vertex -4.056889e+001  1.087040e+001  2.610000e+001
      vertex -3.558755e+001  1.012553e+001  2.610000e+001
    endloop
  endfacet
  facet normal  0.000000e+000  0.000000e+000 -1.000000e+000
    outer loop
      vertex -4.136193e+001  7.293223e+000  2.610000e+001
      vertex -3.664519e+001  5.111785e+000  2.610000e+001
      vertex -4.164069e+001  5.482100e+000  2.610000e+001
    endloop
  endfacet
  facet normal  0.000000e+000  0.000000e+000 -1.000000e+000
    outer loop
      vertex -4.164069e+001  5.482100e+000  2.610000e+001
      vertex -3.664519e+001  5.111785e+000  2.610000e+001
      vertex -3.684216e+001  3.413929e+000  2.610000e+001
    endloop
  endfacet
  facet normal  0.000000e+000  0.000000e+000 -1.000000e+000
    outer loop
      vertex -4.164069e+001  5.482100e+000  2.610000e+001
      vertex -3.684216e+001  3.413929e+000  2.610000e+001
      vertex -4.184018e+001  3.660541e+000  2.610000e+001
    endloop
  endfacet
  facet normal  0.000000e+000  0.000000e+000 -1.000000e+000
    outer loop
      vertex -4.184018e+001  3.660541e+000  2.610000e+001
      vertex -3.684216e+001  3.413929e+000  2.610000e+001
      vertex -3.696052e+001  1.708788e+000  2.610000e+001
    endloop
  endfacet
  facet normal  0.000000e+000  0.000000e+000 -1.000000e+000
    outer loop
      vertex -4.184018e+001  3.660541e+000  2.610000e+001
      vertex -3.696052e+001  1.708788e+000  2.610000e+001
      vertex -4.196003e+001  1.832014e+000  2.610000e+001
    endloop
  endfacet
  facet normal  0.000000e+000  0.000000e+000 -1.000000e+000
    outer loop
      vertex -4.196003e+001  1.832014e+000  2.610000e+001
      vertex -3.696052e+001  1.708788e+000  2.610000e+001
      vertex -3.700000e+001 -2.833156e-014  2.610000e+001
    endloop
  endfacet
  facet normal  0.000000e+000  0.000000e+000 -1.000000e+000
    outer loop
      vertex -4.196003e+001  1.832014e+000  2.610000e+001
      vertex -3.700000e+001 -2.833156e-014  2.610000e+001
      vertex -4.200000e+001  0.000000e+000  2.610000e+001
    endloop
  endfacet
  facet normal  -0.000000e+000  0.000000e+000 -1.000000e+000
    outer loop
      vertex -1.172747e+000  4.043523e+001  2.610000e+001
      vertex -1.351453e+000  4.015083e+001  2.610000e+001
      vertex -1.262964e+001  4.005611e+001  2.610000e+001
    endloop
  endfacet
  facet normal  0.000000e+000  0.000000e+000 -1.000000e+000
    outer loop
      vertex -1.262964e+001  4.005611e+001  2.610000e+001
      vertex -1.351453e+000  4.015083e+001  2.610000e+001
      vertex -1.462392e+000  3.983378e+001  2.610000e+001
    endloop
  endfacet
  facet normal  -0.000000e+000  0.000000e+000 -1.000000e+000
    outer loop
      vertex -1.262964e+001  4.005611e+001  2.610000e+001
      vertex -1.462392e+000  3.983378e+001  2.610000e+001
      vertex -1.436485e+001  3.946709e+001  2.610000e+001
    endloop
  endfacet
  facet normal  -0.000000e+000  0.000000e+000 -1.000000e+000
    outer loop
      vertex -1.462392e+000  3.983378e+001  2.610000e+001
      vertex -1.500000e+000  3.950000e+001  2.610000e+001
      vertex -1.436485e+001  3.946709e+001  2.610000e+001
    endloop
  endfacet
  facet normal  0.000000e+000  0.000000e+000 -1.000000e+000
    outer loop
      vertex -1.436485e+001  3.946709e+001  2.610000e+001
      vertex -1.500000e+000  3.950000e+001  2.610000e+001
      vertex -1.462392e+000  3.916622e+001  2.610000e+001
    endloop
  endfacet
  facet normal  -0.000000e+000  0.000000e+000 -1.000000e+000
    outer loop
      vertex -1.436485e+001  3.946709e+001  2.610000e+001
      vertex -1.462392e+000  3.916622e+001  2.610000e+001
      vertex -1.607270e+001  3.880294e+001  2.610000e+001
    endloop
  endfacet
  facet normal  -0.000000e+000  0.000000e+000 -1.000000e+000
    outer loop
      vertex -1.462392e+000  3.916622e+001  2.610000e+001
      vertex -1.351453e+000  3.884917e+001  2.610000e+001
      vertex -1.607270e+001  3.880294e+001  2.610000e+001
    endloop
  endfacet
  facet normal  0.000000e+000  0.000000e+000 -1.000000e+000
    outer loop
      vertex -1.607270e+001  3.880294e+001  2.610000e+001
      vertex -1.351453e+000  3.884917e+001  2.610000e+001
      vertex -1.172747e+000  3.856477e+001  2.610000e+001
    endloop
  endfacet
  facet normal  -0.000000e+000  0.000000e+000 -9.999999e-001
    outer loop
      vertex -1.607270e+001  3.880294e+001  2.610000e+001
      vertex -1.172747e+000  3.856477e+001  2.610000e+001
      vertex -1.774997e+001  3.806493e+001  2.610000e+001
    endloop
  endfacet
  facet normal  0.000000e+000  0.000000e+000 -1.000000e+000
    outer loop
      vertex -6.508256e-001  3.814855e+001  2.610000e+001
      vertex -3.337814e-001  3.803761e+001  2.610000e+001
      vertex -1.774997e+001  3.806493e+001  2.610000e+001
    endloop
  endfacet
  facet normal  0.000000e+000  0.000000e+000 -1.000000e+000
    outer loop
      vertex -1.774997e+001  3.806493e+001  2.610000e+001
      vertex -3.337814e-001  3.803761e+001  2.610000e+001
      vertex  0.000000e+000  3.800000e+001  2.610000e+001
    endloop
  endfacet
  facet normal  -0.000000e+000  0.000000e+000 -1.000000e+000
    outer loop
      vertex -1.774997e+001  3.806493e+001  2.610000e+001
      vertex  0.000000e+000  3.800000e+001  2.610000e+001
      vertex -1.939344e+001  3.725446e+001  2.610000e+001
    endloop
  endfacet
  facet normal  0.000000e+000  0.000000e+000 -1.000000e+000
    outer loop
      vertex -1.939344e+001  3.725446e+001  2.610000e+001
      vertex  0.000000e+000  3.800000e+001  2.610000e+001
      vertex  2.265522e-015  3.700000e+001  2.610000e+001
    endloop
  endfacet
  facet normal  -0.000000e+000  0.000000e+000 -1.000000e+000
    outer loop
      vertex -1.939344e+001  3.725446e+001  2.610000e+001
      vertex  2.265522e-015  3.700000e+001  2.610000e+001
      vertex -1.708788e+000  3.696052e+001  2.610000e+001
    endloop
  endfacet
  facet normal  0.000000e+000  0.000000e+000 -1.000000e+000
    outer loop
      vertex -5.111785e+000  3.664519e+001  2.610000e+001
      vertex -2.100000e+001  3.637307e+001  2.610000e+001
      vertex -3.413929e+000  3.684216e+001  2.610000e+001
    endloop
  endfacet
  facet normal  -0.000000e+000  0.000000e+000 -1.000000e+000
    outer loop
      vertex -3.413929e+000  3.684216e+001  2.610000e+001
      vertex -2.100000e+001  3.637307e+001  2.610000e+001
      vertex -1.939344e+001  3.725446e+001  2.610000e+001
    endloop
  endfacet
  facet normal  0.000000e+000  0.000000e+000 -1.000000e+000
    outer loop
      vertex -3.413929e+000  3.684216e+001  2.610000e+001
      vertex -1.939344e+001  3.725446e+001  2.610000e+001
      vertex -1.708788e+000  3.696052e+001  2.610000e+001
    endloop
  endfacet
  facet normal  0.000000e+000  0.000000e+000 -1.000000e+000
    outer loop
      vertex -1.649232e+001  3.312104e+001  2.610000e+001
      vertex -2.556798e+001  3.332084e+001  2.610000e+001
      vertex -1.494508e+001  3.384737e+001  2.610000e+001
    endloop
  endfacet
  facet normal  -0.000000e+000  0.000000e+000 -1.000000e+000
    outer loop
      vertex -1.494508e+001  3.384737e+001  2.610000e+001
      vertex -2.556798e+001  3.332084e+001  2.610000e+001
      vertex -2.409021e+001  3.440438e+001  2.610000e+001
    endloop
  endfacet
  facet normal  0.000000e+000  0.000000e+000 -1.000000e+000
    outer loop
      vertex -1.494508e+001  3.384737e+001  2.610000e+001
      vertex -2.409021e+001  3.440438e+001  2.610000e+001
      vertex -1.336594e+001  3.450147e+001  2.610000e+001
    endloop
  endfacet
  facet normal  0.000000e+000  0.000000e+000 -1.000000e+000
    outer loop
      vertex  1.172747e+000  4.043523e+001  2.610000e+001
      vertex  1.262964e+001  4.005611e+001  2.610000e+001
      vertex  1.351453e+000  4.015083e+001  2.610000e+001
    endloop
  endfacet
  facet normal  0.000000e+000  0.000000e+000 -1.000000e+000
    outer loop
      vertex  1.351453e+000  4.015083e+001  2.610000e+001
      vertex  1.262964e+001  4.005611e+001  2.610000e+001
      vertex  1.436485e+001  3.946709e+001  2.610000e+001
    endloop
  endfacet
  facet normal  0.000000e+000  0.000000e+000 -1.000000e+000
    outer loop
      vertex  1.351453e+000  4.015083e+001  2.610000e+001
      vertex  1.436485e+001  3.946709e+001  2.610000e+001
      vertex  1.462392e+000  3.983378e+001  2.610000e+001
    endloop
  endfacet
  facet normal  0.000000e+000  0.000000e+000 -1.000000e+000
    outer loop
      vertex  1.462392e+000  3.983378e+001  2.610000e+001
      vertex  1.436485e+001  3.946709e+001  2.610000e+001
      vertex  1.500000e+000  3.950000e+001  2.610000e+001
    endloop
  endfacet
  facet normal  0.000000e+000  0.000000e+000 -1.000000e+000
    outer loop
      vertex  1.500000e+000  3.950000e+001  2.610000e+001
      vertex  1.436485e+001  3.946709e+001  2.610000e+001
      vertex  1.607270e+001  3.880294e+001  2.610000e+001
    endloop
  endfacet
  facet normal  0.000000e+000  0.000000e+000 -1.000000e+000
    outer loop
      vertex  1.500000e+000  3.950000e+001  2.610000e+001
      vertex  1.607270e+001  3.880294e+001  2.610000e+001
      vertex  1.462392e+000  3.916622e+001  2.610000e+001
    endloop
  endfacet
  facet normal  0.000000e+000  0.000000e+000 -1.000000e+000
    outer loop
      vertex  1.462392e+000  3.916622e+001  2.610000e+001
      vertex  1.607270e+001  3.880294e+001  2.610000e+001
      vertex  1.351453e+000  3.884917e+001  2.610000e+001
    endloop
  endfacet
  facet normal  0.000000e+000  0.000000e+000 -1.000000e+000
    outer loop
      vertex  1.351453e+000  3.884917e+001  2.610000e+001
      vertex  1.607270e+001  3.880294e+001  2.610000e+001
      vertex  1.774997e+001  3.806493e+001  2.610000e+001
    endloop
  endfacet
  facet normal  0.000000e+000  0.000000e+000 -1.000000e+000
    outer loop
      vertex  1.351453e+000  3.884917e+001  2.610000e+001
      vertex  1.774997e+001  3.806493e+001  2.610000e+001
      vertex  1.172747e+000  3.856477e+001  2.610000e+001
    endloop
  endfacet
  facet normal  -0.000000e+000  0.000000e+000 -1.000000e+000
    outer loop
      vertex  6.508256e-001  3.814855e+001  2.610000e+001
      vertex  1.774997e+001  3.806493e+001  2.610000e+001
      vertex  3.337814e-001  3.803761e+001  2.610000e+001
    endloop
  endfacet
  facet normal  0.000000e+000  0.000000e+000 -1.000000e+000
    outer loop
      vertex  3.337814e-001  3.803761e+001  2.610000e+001
      vertex  1.774997e+001  3.806493e+001  2.610000e+001
      vertex  1.939344e+001  3.725446e+001  2.610000e+001
    endloop
  endfacet
  facet normal  0.000000e+000  0.000000e+000 -1.000000e+000
    outer loop
      vertex  3.337814e-001  3.803761e+001  2.610000e+001
      vertex  1.939344e+001  3.725446e+001  2.610000e+001
      vertex  0.000000e+000  3.800000e+001  2.610000e+001
    endloop
  endfacet
  facet normal  0.000000e+000  0.000000e+000 -1.000000e+000
    outer loop
      vertex  5.111785e+000  3.664519e+001  2.610000e+001
      vertex  3.413929e+000  3.684216e+001  2.610000e+001
      vertex  2.100000e+001  3.637307e+001  2.610000e+001
    endloop
  endfacet
  facet normal  0.000000e+000  0.000000e+000 -1.000000e+000
    outer loop
      vertex  2.100000e+001  3.637307e+001  2.610000e+001
      vertex  3.413929e+000  3.684216e+001  2.610000e+001
      vertex  1.708788e+000  3.696052e+001  2.610000e+001
    endloop
  endfacet
  facet normal  0.000000e+000  0.000000e+000 -1.000000e+000
    outer loop
      vertex  2.100000e+001  3.637307e+001  2.610000e+001
      vertex  1.708788e+000  3.696052e+001  2.610000e+001
      vertex  1.939344e+001  3.725446e+001  2.610000e+001
    endloop
  endfacet
  facet normal  0.000000e+000  0.000000e+000 -1.000000e+000
    outer loop
      vertex  1.939344e+001  3.725446e+001  2.610000e+001
      vertex  1.708788e+000  3.696052e+001  2.610000e+001
      vertex  2.265522e-015  3.700000e+001  2.610000e+001
    endloop
  endfacet
  facet normal  0.000000e+000  0.000000e+000 -1.000000e+000
    outer loop
      vertex  1.939344e+001  3.725446e+001  2.610000e+001
      vertex  2.265522e-015  3.700000e+001  2.610000e+001
      vertex  0.000000e+000  3.800000e+001  2.610000e+001
    endloop
  endfacet
  facet normal  0.000000e+000  0.000000e+000 -1.000000e+000
    outer loop
      vertex  1.012553e+001  3.558755e+001  2.610000e+001
      vertex  8.471170e+000  3.601721e+001  2.610000e+001
      vertex  2.256658e+001  3.542244e+001  2.610000e+001
    endloop
  endfacet
  facet normal  0.000000e+000  0.000000e+000 -1.000000e+000
    outer loop
      vertex  2.256658e+001  3.542244e+001  2.610000e+001
      vertex  8.471170e+000  3.601721e+001  2.610000e+001
      vertex  6.798732e+000  3.637001e+001  2.610000e+001
    endloop
  endfacet
  facet normal  0.000000e+000  0.000000e+000 -1.000000e+000
    outer loop
      vertex  2.256658e+001  3.542244e+001  2.610000e+001
      vertex  6.798732e+000  3.637001e+001  2.610000e+001
      vertex  2.100000e+001  3.637307e+001  2.610000e+001
    endloop
  endfacet
  facet normal  0.000000e+000  0.000000e+000 -1.000000e+000
    outer loop
      vertex  1.336594e+001  3.450147e+001  2.610000e+001
      vertex  1.175828e+001  3.508194e+001  2.610000e+001
      vertex  2.409021e+001  3.440438e+001  2.610000e+001
    endloop
  endfacet
  facet normal  0.000000e+000  0.000000e+000 -9.999999e-001
    outer loop
      vertex  2.409021e+001  3.440438e+001  2.610000e+001
      vertex  1.175828e+001  3.508194e+001  2.610000e+001
      vertex  1.012553e+001  3.558755e+001  2.610000e+001
    endloop
  endfacet
  facet normal  0.000000e+000  0.000000e+000 -1.000000e+000
    outer loop
      vertex  2.409021e+001  3.440438e+001  2.610000e+001
      vertex  1.012553e+001  3.558755e+001  2.610000e+001
      vertex  2.256658e+001  3.542244e+001  2.610000e+001
    endloop
  endfacet
  facet normal  0.000000e+000  0.000000e+000 -1.000000e+000
    outer loop
      vertex  1.649232e+001  3.312104e+001  2.610000e+001
      vertex  1.494508e+001  3.384737e+001  2.610000e+001
      vertex  2.556798e+001  3.332084e+001  2.610000e+001
    endloop
  endfacet
  facet normal  0.000000e+000  0.000000e+000 -1.000000e+000
    outer loop
      vertex  2.556798e+001  3.332084e+001  2.610000e+001
      vertex  1.494508e+001  3.384737e+001  2.610000e+001
      vertex  1.336594e+001  3.450147e+001  2.610000e+001
    endloop
  endfacet
  facet normal  0.000000e+000  0.000000e+000 -9.999999e-001
    outer loop
      vertex  2.556798e+001  3.332084e+001  2.610000e+001
      vertex  1.336594e+001  3.450147e+001  2.610000e+001
      vertex  2.409021e+001  3.440438e+001  2.610000e+001
    endloop
  endfacet
  facet normal  0.000000e+000  0.000000e+000 -1.000000e+000
    outer loop
      vertex  1.947799e+001  3.145803e+001  2.610000e+001
      vertex  1.800437e+001  3.232403e+001  2.610000e+001
      vertex  2.699708e+001  3.217387e+001  2.610000e+001
    endloop
  endfacet
  facet normal  0.000000e+000  0.000000e+000 -1.000000e+000
    outer loop
      vertex  2.699708e+001  3.217387e+001  2.610000e+001
      vertex  1.800437e+001  3.232403e+001  2.610000e+001
      vertex  1.649232e+001  3.312104e+001  2.610000e+001
    endloop
  endfacet
  facet normal  0.000000e+000  0.000000e+000 -1.000000e+000
    outer loop
      vertex  2.699708e+001  3.217387e+001  2.610000e+001
      vertex  1.649232e+001  3.312104e+001  2.610000e+001
      vertex  2.556798e+001  3.332084e+001  2.610000e+001
    endloop
  endfacet
  facet normal  0.000000e+000  0.000000e+000 -1.000000e+000
    outer loop
      vertex  3.558755e+001  1.012553e+001  2.610000e+001
      vertex  3.508194e+001  1.175828e+001  2.610000e+001
      vertex  4.056889e+001  1.087040e+001  2.610000e+001
    endloop
  endfacet
  facet normal  0.000000e+000  0.000000e+000 -1.000000e+000
    outer loop
      vertex  4.056889e+001  1.087040e+001  2.610000e+001
      vertex  3.508194e+001  1.175828e+001  2.610000e+001
      vertex  3.450147e+001  1.336594e+001  2.610000e+001
    endloop
  endfacet
  facet normal  0.000000e+000  0.000000e+000 -1.000000e+000
    outer loop
      vertex  4.056889e+001  1.087040e+001  2.610000e+001
      vertex  3.450147e+001  1.336594e+001  2.610000e+001
      vertex  4.005611e+001  1.262964e+001  2.610000e+001
    endloop
  endfacet
  facet normal  0.000000e+000  0.000000e+000 -1.000000e+000
    outer loop
      vertex  4.005611e+001  1.262964e+001  2.610000e+001
      vertex  3.450147e+001  1.336594e+001  2.610000e+001
      vertex  3.384737e+001  1.494508e+001  2.610000e+001
    endloop
  endfacet
  facet normal  0.000000e+000  0.000000e+000 -1.000000e+000
    outer loop
      vertex  4.005611e+001  1.262964e+001  2.610000e+001
      vertex  3.384737e+001  1.494508e+001  2.610000e+001
      vertex  3.946709e+001  1.436485e+001  2.610000e+001
    endloop
  endfacet
  facet normal  0.000000e+000  0.000000e+000 -1.000000e+000
    outer loop
      vertex  3.946709e+001  1.436485e+001  2.610000e+001
      vertex  3.384737e+001  1.494508e+001  2.610000e+001
      vertex  3.312104e+001  1.649232e+001  2.610000e+001
    endloop
  endfacet
  facet normal  0.000000e+000  0.000000e+000 -1.000000e+000
    outer loop
      vertex  3.946709e+001  1.436485e+001  2.610000e+001
      vertex  3.312104e+001  1.649232e+001  2.610000e+001
      vertex  3.880294e+001  1.607270e+001  2.610000e+001
    endloop
  endfacet
  facet normal  0.000000e+000  0.000000e+000 -1.000000e+000
    outer loop
      vertex  3.880294e+001  1.607270e+001  2.610000e+001
      vertex  3.312104e+001  1.649232e+001  2.610000e+001
      vertex  3.232403e+001  1.800437e+001  2.610000e+001
    endloop
  endfacet
  facet normal  0.000000e+000  0.000000e+000 -1.000000e+000
    outer loop
      vertex  3.880294e+001  1.607270e+001  2.610000e+001
      vertex  3.232403e+001  1.800437e+001  2.610000e+001
      vertex  3.806493e+001  1.774997e+001  2.610000e+001
    endloop
  endfacet
  facet normal  0.000000e+000  0.000000e+000 -1.000000e+000
    outer loop
      vertex  3.806493e+001  1.774997e+001  2.610000e+001
      vertex  3.232403e+001  1.800437e+001  2.610000e+001
      vertex  3.145803e+001  1.947799e+001  2.610000e+001
    endloop
  endfacet
  facet normal  0.000000e+000  0.000000e+000 -1.000000e+000
    outer loop
      vertex  3.806493e+001  1.774997e+001  2.610000e+001
      vertex  3.145803e+001  1.947799e+001  2.610000e+001
      vertex  3.725446e+001  1.939344e+001  2.610000e+001
    endloop
  endfacet
  facet normal  0.000000e+000  0.000000e+000 -1.000000e+000
    outer loop
      vertex  3.725446e+001  1.939344e+001  2.610000e+001
      vertex  3.145803e+001  1.947799e+001  2.610000e+001
      vertex  3.052491e+001  2.091005e+001  2.610000e+001
    endloop
  endfacet
  facet normal  0.000000e+000  0.000000e+000 -1.000000e+000
    outer loop
      vertex  3.725446e+001  1.939344e+001  2.610000e+001
      vertex  3.052491e+001  2.091005e+001  2.610000e+001
      vertex  3.637307e+001  2.100000e+001  2.610000e+001
    endloop
  endfacet
  facet normal  -0.000000e+000  0.000000e+000 -1.000000e+000
    outer loop
      vertex  3.637307e+001  2.100000e+001  2.610000e+001
      vertex  3.052491e+001  2.091005e+001  2.610000e+001
      vertex  2.952664e+001  2.229748e+001  2.610000e+001
    endloop
  endfacet
  facet normal  0.000000e+000  0.000000e+000 -1.000000e+000
    outer loop
      vertex  3.637307e+001  2.100000e+001  2.610000e+001
      vertex  2.952664e+001  2.229748e+001  2.610000e+001
      vertex  3.542244e+001  2.256658e+001  2.610000e+001
    endloop
  endfacet
  facet normal  0.000000e+000  0.000000e+000 -1.000000e+000
    outer loop
      vertex  4.164069e+001  5.482100e+000  2.610000e+001
      vertex  3.637001e+001  6.798732e+000  2.610000e+001
      vertex  4.136193e+001  7.293223e+000  2.610000e+001
    endloop
  endfacet
  facet normal  -0.000000e+000  0.000000e+000 -9.999999e-001
    outer loop
      vertex  4.136193e+001  7.293223e+000  2.610000e+001
      vertex  3.637001e+001  6.798732e+000  2.610000e+001
      vertex  3.601721e+001  8.471170e+000  2.610000e+001
    endloop
  endfacet
  facet normal  0.000000e+000  0.000000e+000 -1.000000e+000
    outer loop
      vertex  4.136193e+001  7.293223e+000  2.610000e+001
      vertex  3.601721e+001  8.471170e+000  2.610000e+001
      vertex  4.100443e+001  9.090464e+000  2.610000e+001
    endloop
  endfacet
  facet normal  -0.000000e+000  0.000000e+000 -1.000000e+000
    outer loop
      vertex  4.100443e+001  9.090464e+000  2.610000e+001
      vertex  3.601721e+001  8.471170e+000  2.610000e+001
      vertex  3.558755e+001  1.012553e+001  2.610000e+001
    endloop
  endfacet
  facet normal  0.000000e+000  0.000000e+000 -9.999999e-001
    outer loop
      vertex  4.100443e+001  9.090464e+000  2.610000e+001
      vertex  3.558755e+001  1.012553e+001  2.610000e+001
      vertex  4.056889e+001  1.087040e+001  2.610000e+001
    endloop
  endfacet
  facet normal  -0.000000e+000  0.000000e+000 -1.000000e+000
    outer loop
      vertex  3.637001e+001  6.798732e+000  2.610000e+001
      vertex  4.164069e+001  5.482100e+000  2.610000e+001
      vertex  3.664519e+001  5.111785e+000  2.610000e+001
    endloop
  endfacet
  facet normal  0.000000e+000  0.000000e+000 -1.000000e+000
    outer loop
      vertex  3.664519e+001  5.111785e+000  2.610000e+001
      vertex  4.164069e+001  5.482100e+000  2.610000e+001
      vertex  4.184018e+001  3.660541e+000  2.610000e+001
    endloop
  endfacet
  facet normal  -0.000000e+000  0.000000e+000 -1.000000e+000
    outer loop
      vertex  3.664519e+001  5.111785e+000  2.610000e+001
      vertex  4.184018e+001  3.660541e+000  2.610000e+001
      vertex  3.684216e+001  3.413929e+000  2.610000e+001
    endloop
  endfacet
  facet normal  0.000000e+000  0.000000e+000 -1.000000e+000
    outer loop
      vertex  3.684216e+001  3.413929e+000  2.610000e+001
      vertex  4.184018e+001  3.660541e+000  2.610000e+001
      vertex  4.196003e+001  1.832014e+000  2.610000e+001
    endloop
  endfacet
  facet normal  -0.000000e+000  0.000000e+000 -1.000000e+000
    outer loop
      vertex  3.684216e+001  3.413929e+000  2.610000e+001
      vertex  4.196003e+001  1.832014e+000  2.610000e+001
      vertex  3.696052e+001  1.708788e+000  2.610000e+001
    endloop
  endfacet
  facet normal  0.000000e+000  0.000000e+000 -1.000000e+000
    outer loop
      vertex  3.696052e+001  1.708788e+000  2.610000e+001
      vertex  4.196003e+001  1.832014e+000  2.610000e+001
      vertex  4.200000e+001  0.000000e+000  2.610000e+001
    endloop
  endfacet
  facet normal  0.000000e+000  0.000000e+000 -1.000000e+000
    outer loop
      vertex  3.696052e+001  1.708788e+000  2.610000e+001
      vertex  4.200000e+001  0.000000e+000  2.610000e+001
      vertex  3.700000e+001  0.000000e+000  2.610000e+001
    endloop
  endfacet
  facet normal -9.997332e-001  2.309694e-002  0.000000e+000
    outer loop
      vertex -3.700000e+001 -4.000000e+000  2.610000e+001
      vertex -3.700000e+001 -4.000000e+000  5.750000e+001
      vertex -3.696052e+001 -2.291212e+000  2.610000e+001
    endloop
  endfacet
  facet normal -9.997332e-001  2.309694e-002  0.000000e+000
    outer loop
      vertex -3.696052e+001 -2.291212e+000  2.610000e+001
      vertex -3.700000e+001 -4.000000e+000  5.750000e+001
      vertex -3.696052e+001 -2.291212e+000  5.750000e+001
    endloop
  endfacet
  facet normal -9.975996e-001  6.924617e-002  0.000000e+000
    outer loop
      vertex -3.696052e+001 -2.291212e+000  2.610000e+001
      vertex -3.696052e+001 -2.291212e+000  5.750000e+001
      vertex -3.684216e+001 -5.860707e-001  2.610000e+001
    endloop
  endfacet
  facet normal -9.975996e-001  6.924617e-002  0.000000e+000
    outer loop
      vertex -3.684216e+001 -5.860707e-001  2.610000e+001
      vertex -3.696052e+001 -2.291212e+000  5.750000e+001
      vertex -3.684216e+001 -5.860707e-001  5.750000e+001
    endloop
  endfacet
  facet normal -9.933375e-001  1.152414e-001  0.000000e+000
    outer loop
      vertex -3.684216e+001 -5.860707e-001  2.610000e+001
      vertex -3.684216e+001 -5.860707e-001  5.750000e+001
      vertex -3.664519e+001  1.111785e+000  2.610000e+001
    endloop
  endfacet
  facet normal -9.933375e-001  1.152414e-001  0.000000e+000
    outer loop
      vertex -3.664519e+001  1.111785e+000  2.610000e+001
      vertex -3.684216e+001 -5.860707e-001  5.750000e+001
      vertex -3.664519e+001  1.111785e+000  5.750000e+001
    endloop
  endfacet
  facet normal -9.869551e-001  1.609956e-001  0.000000e+000
    outer loop
      vertex -3.664519e+001  1.111785e+000  2.610000e+001
      vertex -3.664519e+001  1.111785e+000  5.750000e+001
      vertex -3.637001e+001  2.798732e+000  2.610000e+001
    endloop
  endfacet
  facet normal -9.869551e-001  1.609956e-001  0.000000e+000
    outer loop
      vertex -3.637001e+001  2.798732e+000  2.610000e+001
      vertex -3.664519e+001  1.111785e+000  5.750000e+001
      vertex -3.637001e+001  2.798732e+000  5.750000e+001
    endloop
  endfacet
  facet normal -9.784665e-001  2.064061e-001  0.000000e+000
    outer loop
      vertex -3.637001e+001  2.798732e+000  2.610000e+001
      vertex -3.637001e+001  2.798732e+000  5.750000e+001
      vertex -3.601721e+001  4.471170e+000  2.610000e+001
    endloop
  endfacet
  facet normal -9.784665e-001  2.064061e-001  0.000000e+000
    outer loop
      vertex -3.601721e+001  4.471170e+000  2.610000e+001
      vertex -3.637001e+001  2.798732e+000  5.750000e+001
      vertex -3.601721e+001  4.471170e+000  5.750000e+001
    endloop
  endfacet
  facet normal -9.678898e-001  2.513747e-001  0.000000e+000
    outer loop
      vertex -3.601721e+001  4.471170e+000  2.610000e+001
      vertex -3.601721e+001  4.471170e+000  5.750000e+001
      vertex -3.558755e+001  6.125531e+000  2.610000e+001
    endloop
  endfacet
  facet normal -9.678898e-001  2.513747e-001  0.000000e+000
    outer loop
      vertex -3.558755e+001  6.125531e+000  2.610000e+001
      vertex -3.601721e+001  4.471170e+000  5.750000e+001
      vertex -3.558755e+001  6.125531e+000  5.750000e+001
    endloop
  endfacet
  facet normal -9.552482e-001  2.958056e-001  0.000000e+000
    outer loop
      vertex -3.558755e+001  6.125531e+000  2.610000e+001
      vertex -3.558755e+001  6.125531e+000  5.750000e+001
      vertex -3.508194e+001  7.758283e+000  2.610000e+001
    endloop
  endfacet
  facet normal -9.552482e-001  2.958056e-001  0.000000e+000
    outer loop
      vertex -3.508194e+001  7.758283e+000  2.610000e+001
      vertex -3.558755e+001  6.125531e+000  5.750000e+001
      vertex -3.508194e+001  7.758283e+000  5.750000e+001
    endloop
  endfacet
  facet normal -9.405675e-001  3.396069e-001  0.000000e+000
    outer loop
      vertex -3.508194e+001  7.758283e+000  2.610000e+001
      vertex -3.508194e+001  7.758283e+000  5.750000e+001
      vertex -3.450147e+001  9.365942e+000  2.610000e+001
    endloop
  endfacet
  facet normal -9.405675e-001  3.396069e-001  0.000000e+000
    outer loop
      vertex -3.450147e+001  9.365942e+000  2.610000e+001
      vertex -3.508194e+001  7.758283e+000  5.750000e+001
      vertex -3.450147e+001  9.365942e+000  5.750000e+001
    endloop
  endfacet
  facet normal -9.238796e-001  3.826831e-001  0.000000e+000
    outer loop
      vertex -3.450147e+001  9.365942e+000  2.610000e+001
      vertex -3.450147e+001  9.365942e+000  5.750000e+001
      vertex -3.384737e+001  1.094508e+001  2.610000e+001
    endloop
  endfacet
  facet normal -9.238796e-001  3.826831e-001  0.000000e+000
    outer loop
      vertex -3.384737e+001  1.094508e+001  2.610000e+001
      vertex -3.450147e+001  9.365942e+000  5.750000e+001
      vertex -3.384737e+001  1.094508e+001  5.750000e+001
    endloop
  endfacet
  facet normal -9.052196e-001  4.249441e-001  0.000000e+000
    outer loop
      vertex -3.384737e+001  1.094508e+001  2.610000e+001
      vertex -3.384737e+001  1.094508e+001  5.750000e+001
      vertex -3.312104e+001  1.249232e+001  2.610000e+001
    endloop
  endfacet
  facet normal -9.052196e-001  4.249441e-001  0.000000e+000
    outer loop
      vertex -3.312104e+001  1.249232e+001  2.610000e+001
      vertex -3.384737e+001  1.094508e+001  5.750000e+001
      vertex -3.312104e+001  1.249232e+001  5.750000e+001
    endloop
  endfacet
  facet normal -8.846291e-001  4.662953e-001  0.000000e+000
    outer loop
      vertex -3.312104e+001  1.249232e+001  2.610000e+001
      vertex -3.312104e+001  1.249232e+001  5.750000e+001
      vertex -3.232403e+001  1.400437e+001  2.610000e+001
    endloop
  endfacet
  facet normal -8.846291e-001  4.662953e-001  0.000000e+000
    outer loop
      vertex -3.232403e+001  1.400437e+001  2.610000e+001
      vertex -3.312104e+001  1.249232e+001  5.750000e+001
      vertex -3.232403e+001  1.400437e+001  5.750000e+001
    endloop
  endfacet
  facet normal -8.621500e-001  5.066531e-001  0.000000e+000
    outer loop
      vertex -3.232403e+001  1.400437e+001  2.610000e+001
      vertex -3.232403e+001  1.400437e+001  5.750000e+001
      vertex -3.145803e+001  1.547799e+001  2.610000e+001
    endloop
  endfacet
  facet normal -8.621500e-001  5.066531e-001  0.000000e+000
    outer loop
      vertex -3.145803e+001  1.547799e+001  2.610000e+001
      vertex -3.232403e+001  1.400437e+001  5.750000e+001
      vertex -3.145803e+001  1.547799e+001  5.750000e+001
    endloop
  endfacet
  facet normal -8.378307e-001  5.459303e-001  0.000000e+000
    outer loop
      vertex -3.145803e+001  1.547799e+001  2.610000e+001
      vertex -3.145803e+001  1.547799e+001  5.750000e+001
      vertex -3.052491e+001  1.691005e+001  2.610000e+001
    endloop
  endfacet
  facet normal -8.378307e-001  5.459303e-001  0.000000e+000
    outer loop
      vertex -3.052491e+001  1.691005e+001  2.610000e+001
      vertex -3.145803e+001  1.547799e+001  5.750000e+001
      vertex -3.052491e+001  1.691005e+001  5.750000e+001
    endloop
  endfacet
  facet normal -8.117242e-001  5.840411e-001  0.000000e+000
    outer loop
      vertex -3.052491e+001  1.691005e+001  2.610000e+001
      vertex -3.052491e+001  1.691005e+001  5.750000e+001
      vertex -2.952664e+001  1.829748e+001  2.610000e+001
    endloop
  endfacet
  facet normal -8.117242e-001  5.840411e-001  0.000000e+000
    outer loop
      vertex -2.952664e+001  1.829748e+001  2.610000e+001
      vertex -3.052491e+001  1.691005e+001  5.750000e+001
      vertex -2.952664e+001  1.829748e+001  5.750000e+001
    endloop
  endfacet
  facet normal -7.838843e-001  6.209069e-001  0.000000e+000
    outer loop
      vertex -2.952664e+001  1.829748e+001  2.610000e+001
      vertex -2.952664e+001  1.829748e+001  5.750000e+001
      vertex -2.846536e+001  1.963733e+001  2.610000e+001
    endloop
  endfacet
  facet normal -7.838843e-001  6.209069e-001  0.000000e+000
    outer loop
      vertex -2.846536e+001  1.963733e+001  2.610000e+001
      vertex -2.952664e+001  1.829748e+001  5.750000e+001
      vertex -2.846536e+001  1.963733e+001  5.750000e+001
    endloop
  endfacet
  facet normal -7.543731e-001  6.564459e-001  0.000000e+000
    outer loop
      vertex -2.846536e+001  1.963733e+001  2.610000e+001
      vertex -2.846536e+001  1.963733e+001  5.750000e+001
      vertex -2.734333e+001  2.092674e+001  2.610000e+001
    endloop
  endfacet
  facet normal -7.543731e-001  6.564459e-001  0.000000e+000
    outer loop
      vertex -2.734333e+001  2.092674e+001  2.610000e+001
      vertex -2.846536e+001  1.963733e+001  5.750000e+001
      vertex -2.734333e+001  2.092674e+001  5.750000e+001
    endloop
  endfacet
  facet normal -7.232505e-001  6.905858e-001  0.000000e+000
    outer loop
      vertex -2.734333e+001  2.092674e+001  2.610000e+001
      vertex -2.734333e+001  2.092674e+001  5.750000e+001
      vertex -2.616295e+001  2.216295e+001  2.610000e+001
    endloop
  endfacet
  facet normal -7.232505e-001  6.905858e-001  0.000000e+000
    outer loop
      vertex -2.616295e+001  2.216295e+001  2.610000e+001
      vertex -2.734333e+001  2.092674e+001  5.750000e+001
      vertex -2.616295e+001  2.216295e+001  5.750000e+001
    endloop
  endfacet
  facet normal -6.905858e-001  7.232505e-001  0.000000e+000
    outer loop
      vertex -2.616295e+001  2.216295e+001  2.610000e+001
      vertex -2.616295e+001  2.216295e+001  5.750000e+001
      vertex -2.492674e+001  2.334333e+001  2.610000e+001
    endloop
  endfacet
  facet normal -6.905858e-001  7.232505e-001  0.000000e+000
    outer loop
      vertex -2.492674e+001  2.334333e+001  2.610000e+001
      vertex -2.616295e+001  2.216295e+001  5.750000e+001
      vertex -2.492674e+001  2.334333e+001  5.750000e+001
    endloop
  endfacet
  facet normal -6.564459e-001  7.543731e-001  0.000000e+000
    outer loop
      vertex -2.492674e+001  2.334333e+001  2.610000e+001
      vertex -2.492674e+001  2.334333e+001  5.750000e+001
      vertex -2.363733e+001  2.446536e+001  2.610000e+001
    endloop
  endfacet
  facet normal -6.564459e-001  7.543731e-001  0.000000e+000
    outer loop
      vertex -2.363733e+001  2.446536e+001  2.610000e+001
      vertex -2.492674e+001  2.334333e+001  5.750000e+001
      vertex -2.363733e+001  2.446536e+001  5.750000e+001
    endloop
  endfacet
  facet normal -6.209069e-001  7.838843e-001  0.000000e+000
    outer loop
      vertex -2.363733e+001  2.446536e+001  2.610000e+001
      vertex -2.363733e+001  2.446536e+001  5.750000e+001
      vertex -2.229748e+001  2.552664e+001  2.610000e+001
    endloop
  endfacet
  facet normal -6.209069e-001  7.838843e-001  0.000000e+000
    outer loop
      vertex -2.229748e+001  2.552664e+001  2.610000e+001
      vertex -2.363733e+001  2.446536e+001  5.750000e+001
      vertex -2.229748e+001  2.552664e+001  5.750000e+001
    endloop
  endfacet
  facet normal -5.840411e-001  8.117242e-001  0.000000e+000
    outer loop
      vertex -2.229748e+001  2.552664e+001  2.610000e+001
      vertex -2.229748e+001  2.552664e+001  5.750000e+001
      vertex -2.091005e+001  2.652491e+001  2.610000e+001
    endloop
  endfacet
  facet normal -5.840411e-001  8.117242e-001  0.000000e+000
    outer loop
      vertex -2.091005e+001  2.652491e+001  2.610000e+001
      vertex -2.229748e+001  2.552664e+001  5.750000e+001
      vertex -2.091005e+001  2.652491e+001  5.750000e+001
    endloop
  endfacet
  facet normal -5.459300e-001  8.378308e-001  0.000000e+000
    outer loop
      vertex -2.091005e+001  2.652491e+001  2.610000e+001
      vertex -2.091005e+001  2.652491e+001  5.750000e+001
      vertex -1.947799e+001  2.745803e+001  2.610000e+001
    endloop
  endfacet
  facet normal -5.459300e-001  8.378308e-001  0.000000e+000
    outer loop
      vertex -1.947799e+001  2.745803e+001  2.610000e+001
      vertex -2.091005e+001  2.652491e+001  5.750000e+001
      vertex -1.947799e+001  2.745803e+001  5.750000e+001
    endloop
  endfacet
  facet normal -5.066534e-001  8.621498e-001  0.000000e+000
    outer loop
      vertex -1.947799e+001  2.745803e+001  2.610000e+001
      vertex -1.947799e+001  2.745803e+001  5.750000e+001
      vertex -1.800437e+001  2.832403e+001  2.610000e+001
    endloop
  endfacet
  facet normal -5.066534e-001  8.621498e-001  0.000000e+000
    outer loop
      vertex -1.800437e+001  2.832403e+001  2.610000e+001
      vertex -1.947799e+001  2.745803e+001  5.750000e+001
      vertex -1.800437e+001  2.832403e+001  5.750000e+001
    endloop
  endfacet
  facet normal -4.662962e-001  8.846287e-001  0.000000e+000
    outer loop
      vertex -1.800437e+001  2.832403e+001  2.610000e+001
      vertex -1.800437e+001  2.832403e+001  5.750000e+001
      vertex -1.649232e+001  2.912104e+001  2.610000e+001
    endloop
  endfacet
  facet normal -4.662962e-001  8.846287e-001  0.000000e+000
    outer loop
      vertex -1.649232e+001  2.912104e+001  2.610000e+001
      vertex -1.800437e+001  2.832403e+001  5.750000e+001
      vertex -1.649232e+001  2.912104e+001  5.750000e+001
    endloop
  endfacet
  facet normal -4.249432e-001  9.052200e-001  0.000000e+000
    outer loop
      vertex -1.649232e+001  2.912104e+001  2.610000e+001
      vertex -1.649232e+001  2.912104e+001  5.750000e+001
      vertex -1.494508e+001  2.984737e+001  2.610000e+001
    endloop
  endfacet
  facet normal -4.249432e-001  9.052200e-001  0.000000e+000
    outer loop
      vertex -1.494508e+001  2.984737e+001  2.610000e+001
      vertex -1.649232e+001  2.912104e+001  5.750000e+001
      vertex -1.494508e+001  2.984737e+001  5.750000e+001
    endloop
  endfacet
  facet normal -3.826831e-001  9.238796e-001  0.000000e+000
    outer loop
      vertex -1.494508e+001  2.984737e+001  2.610000e+001
      vertex -1.494508e+001  2.984737e+001  5.750000e+001
      vertex -1.336594e+001  3.050147e+001  2.610000e+001
    endloop
  endfacet
  facet normal -3.826831e-001  9.238796e-001  0.000000e+000
    outer loop
      vertex -1.336594e+001  3.050147e+001  2.610000e+001
      vertex -1.494508e+001  2.984737e+001  5.750000e+001
      vertex -1.336594e+001  3.050147e+001  5.750000e+001
    endloop
  endfacet
  facet normal -3.396069e-001  9.405675e-001  0.000000e+000
    outer loop
      vertex -1.336594e+001  3.050147e+001  2.610000e+001
      vertex -1.336594e+001  3.050147e+001  5.750000e+001
      vertex -1.175828e+001  3.108194e+001  2.610000e+001
    endloop
  endfacet
  facet normal -3.396069e-001  9.405675e-001  0.000000e+000
    outer loop
      vertex -1.175828e+001  3.108194e+001  2.610000e+001
      vertex -1.336594e+001  3.050147e+001  5.750000e+001
      vertex -1.175828e+001  3.108194e+001  5.750000e+001
    endloop
  endfacet
  facet normal -2.958065e-001  9.552479e-001  0.000000e+000
    outer loop
      vertex -1.175828e+001  3.108194e+001  2.610000e+001
      vertex -1.175828e+001  3.108194e+001  5.750000e+001
      vertex -1.012553e+001  3.158755e+001  2.610000e+001
    endloop
  endfacet
  facet normal -2.958065e-001  9.552479e-001  0.000000e+000
    outer loop
      vertex -1.012553e+001  3.158755e+001  2.610000e+001
      vertex -1.175828e+001  3.108194e+001  5.750000e+001
      vertex -1.012553e+001  3.158755e+001  5.750000e+001
    endloop
  endfacet
  facet normal -2.513737e-001  9.678901e-001  0.000000e+000
    outer loop
      vertex -1.012553e+001  3.158755e+001  2.610000e+001
      vertex -1.012553e+001  3.158755e+001  5.750000e+001
      vertex -8.471170e+000  3.201721e+001  2.610000e+001
    endloop
  endfacet
  facet normal -2.513737e-001  9.678901e-001  0.000000e+000
    outer loop
      vertex -8.471170e+000  3.201721e+001  2.610000e+001
      vertex -1.012553e+001  3.158755e+001  5.750000e+001
      vertex -8.471170e+000  3.201721e+001  5.750000e+001
    endloop
  endfacet
  facet normal -2.064061e-001  9.784664e-001  0.000000e+000
    outer loop
      vertex -8.471170e+000  3.201721e+001  2.610000e+001
      vertex -8.471170e+000  3.201721e+001  5.750000e+001
      vertex -6.798732e+000  3.237001e+001  2.610000e+001
    endloop
  endfacet
  facet normal -2.064061e-001  9.784664e-001  0.000000e+000
    outer loop
      vertex -6.798732e+000  3.237001e+001  2.610000e+001
      vertex -8.471170e+000  3.201721e+001  5.750000e+001
      vertex -6.798732e+000  3.237001e+001  5.750000e+001
    endloop
  endfacet
  facet normal -1.609956e-001  9.869550e-001  0.000000e+000
    outer loop
      vertex -6.798732e+000  3.237001e+001  2.610000e+001
      vertex -6.798732e+000  3.237001e+001  5.750000e+001
      vertex -5.111785e+000  3.264519e+001  2.610000e+001
    endloop
  endfacet
  facet normal -1.609956e-001  9.869550e-001  0.000000e+000
    outer loop
      vertex -5.111785e+000  3.264519e+001  2.610000e+001
      vertex -6.798732e+000  3.237001e+001  5.750000e+001
      vertex -5.111785e+000  3.264519e+001  5.750000e+001
    endloop
  endfacet
  facet normal -1.152415e-001  9.933375e-001  0.000000e+000
    outer loop
      vertex -5.111785e+000  3.264519e+001  2.610000e+001
      vertex -5.111785e+000  3.264519e+001  5.750000e+001
      vertex -3.413929e+000  3.284216e+001  2.610000e+001
    endloop
  endfacet
  facet normal -1.152415e-001  9.933375e-001  0.000000e+000
    outer loop
      vertex -3.413929e+000  3.284216e+001  2.610000e+001
      vertex -5.111785e+000  3.264519e+001  5.750000e+001
      vertex -3.413929e+000  3.284216e+001  5.750000e+001
    endloop
  endfacet
  facet normal -6.924617e-002  9.975996e-001  0.000000e+000
    outer loop
      vertex -3.413929e+000  3.284216e+001  2.610000e+001
      vertex -3.413929e+000  3.284216e+001  5.750000e+001
      vertex -1.708788e+000  3.296052e+001  2.610000e+001
    endloop
  endfacet
  facet normal -6.924617e-002  9.975996e-001  0.000000e+000
    outer loop
      vertex -1.708788e+000  3.296052e+001  2.610000e+001
      vertex -3.413929e+000  3.284216e+001  5.750000e+001
      vertex -1.708788e+000  3.296052e+001  5.750000e+001
    endloop
  endfacet
  facet normal -2.309694e-002  9.997332e-001  0.000000e+000
    outer loop
      vertex -1.708788e+000  3.296052e+001  2.610000e+001
      vertex -1.708788e+000  3.296052e+001  5.750000e+001
      vertex -7.105427e-015  3.300000e+001  2.610000e+001
    endloop
  endfacet
  facet normal -2.309694e-002  9.997332e-001  6.893001e-018
    outer loop
      vertex -7.105427e-015  3.300000e+001  2.610000e+001
      vertex -1.708788e+000  3.296052e+001  5.750000e+001
      vertex  2.265522e-015  3.300000e+001  5.750000e+001
    endloop
  endfacet
  facet normal  2.309694e-002  9.997332e-001 -6.893001e-018
    outer loop
      vertex -7.105427e-015  3.300000e+001  2.610000e+001
      vertex  2.265522e-015  3.300000e+001  5.750000e+001
      vertex  1.708788e+000  3.296052e+001  2.610000e+001
    endloop
  endfacet
  facet normal  2.309694e-002  9.997332e-001  -0.000000e+000
    outer loop
      vertex  1.708788e+000  3.296052e+001  2.610000e+001
      vertex  2.265522e-015  3.300000e+001  5.750000e+001
      vertex  1.708788e+000  3.296052e+001  5.750000e+001
    endloop
  endfacet
  facet normal  6.924617e-002  9.975996e-001  0.000000e+000
    outer loop
      vertex  1.708788e+000  3.296052e+001  2.610000e+001
      vertex  1.708788e+000  3.296052e+001  5.750000e+001
      vertex  3.413929e+000  3.284216e+001  2.610000e+001
    endloop
  endfacet
  facet normal  6.924617e-002  9.975996e-001  -0.000000e+000
    outer loop
      vertex  3.413929e+000  3.284216e+001  2.610000e+001
      vertex  1.708788e+000  3.296052e+001  5.750000e+001
      vertex  3.413929e+000  3.284216e+001  5.750000e+001
    endloop
  endfacet
  facet normal  1.152415e-001  9.933375e-001  0.000000e+000
    outer loop
      vertex  3.413929e+000  3.284216e+001  2.610000e+001
      vertex  3.413929e+000  3.284216e+001  5.750000e+001
      vertex  5.111785e+000  3.264519e+001  2.610000e+001
    endloop
  endfacet
  facet normal  1.152415e-001  9.933375e-001  -0.000000e+000
    outer loop
      vertex  5.111785e+000  3.264519e+001  2.610000e+001
      vertex  3.413929e+000  3.284216e+001  5.750000e+001
      vertex  5.111785e+000  3.264519e+001  5.750000e+001
    endloop
  endfacet
  facet normal  1.609956e-001  9.869550e-001  0.000000e+000
    outer loop
      vertex  5.111785e+000  3.264519e+001  2.610000e+001
      vertex  5.111785e+000  3.264519e+001  5.750000e+001
      vertex  6.798732e+000  3.237001e+001  2.610000e+001
    endloop
  endfacet
  facet normal  1.609956e-001  9.869550e-001  -0.000000e+000
    outer loop
      vertex  6.798732e+000  3.237001e+001  2.610000e+001
      vertex  5.111785e+000  3.264519e+001  5.750000e+001
      vertex  6.798732e+000  3.237001e+001  5.750000e+001
    endloop
  endfacet
  facet normal  2.064061e-001  9.784664e-001  0.000000e+000
    outer loop
      vertex  6.798732e+000  3.237001e+001  2.610000e+001
      vertex  6.798732e+000  3.237001e+001  5.750000e+001
      vertex  8.471170e+000  3.201721e+001  2.610000e+001
    endloop
  endfacet
  facet normal  2.064061e-001  9.784664e-001  -0.000000e+000
    outer loop
      vertex  8.471170e+000  3.201721e+001  2.610000e+001
      vertex  6.798732e+000  3.237001e+001  5.750000e+001
      vertex  8.471170e+000  3.201721e+001  5.750000e+001
    endloop
  endfacet
  facet normal  2.513737e-001  9.678901e-001  0.000000e+000
    outer loop
      vertex  8.471170e+000  3.201721e+001  2.610000e+001
      vertex  8.471170e+000  3.201721e+001  5.750000e+001
      vertex  1.012553e+001  3.158755e+001  2.610000e+001
    endloop
  endfacet
  facet normal  2.513737e-001  9.678901e-001  -0.000000e+000
    outer loop
      vertex  1.012553e+001  3.158755e+001  2.610000e+001
      vertex  8.471170e+000  3.201721e+001  5.750000e+001
      vertex  1.012553e+001  3.158755e+001  5.750000e+001
    endloop
  endfacet
  facet normal  2.958065e-001  9.552479e-001  0.000000e+000
    outer loop
      vertex  1.012553e+001  3.158755e+001  2.610000e+001
      vertex  1.012553e+001  3.158755e+001  5.750000e+001
      vertex  1.175828e+001  3.108194e+001  2.610000e+001
    endloop
  endfacet
  facet normal  2.958065e-001  9.552479e-001  -0.000000e+000
    outer loop
      vertex  1.175828e+001  3.108194e+001  2.610000e+001
      vertex  1.012553e+001  3.158755e+001  5.750000e+001
      vertex  1.175828e+001  3.108194e+001  5.750000e+001
    endloop
  endfacet
  facet normal  3.396069e-001  9.405675e-001  0.000000e+000
    outer loop
      vertex  1.175828e+001  3.108194e+001  2.610000e+001
      vertex  1.175828e+001  3.108194e+001  5.750000e+001
      vertex  1.336594e+001  3.050147e+001  2.610000e+001
    endloop
  endfacet
  facet normal  3.396069e-001  9.405675e-001  -0.000000e+000
    outer loop
      vertex  1.336594e+001  3.050147e+001  2.610000e+001
      vertex  1.175828e+001  3.108194e+001  5.750000e+001
      vertex  1.336594e+001  3.050147e+001  5.750000e+001
    endloop
  endfacet
  facet normal  3.826831e-001  9.238796e-001  0.000000e+000
    outer loop
      vertex  1.336594e+001  3.050147e+001  2.610000e+001
      vertex  1.336594e+001  3.050147e+001  5.750000e+001
      vertex  1.494508e+001  2.984737e+001  2.610000e+001
    endloop
  endfacet
  facet normal  3.826831e-001  9.238796e-001  -0.000000e+000
    outer loop
      vertex  1.494508e+001  2.984737e+001  2.610000e+001
      vertex  1.336594e+001  3.050147e+001  5.750000e+001
      vertex  1.494508e+001  2.984737e+001  5.750000e+001
    endloop
  endfacet
  facet normal  4.249432e-001  9.052200e-001  0.000000e+000
    outer loop
      vertex  1.494508e+001  2.984737e+001  2.610000e+001
      vertex  1.494508e+001  2.984737e+001  5.750000e+001
      vertex  1.649232e+001  2.912104e+001  2.610000e+001
    endloop
  endfacet
  facet normal  4.249432e-001  9.052200e-001  -0.000000e+000
    outer loop
      vertex  1.649232e+001  2.912104e+001  2.610000e+001
      vertex  1.494508e+001  2.984737e+001  5.750000e+001
      vertex  1.649232e+001  2.912104e+001  5.750000e+001
    endloop
  endfacet
  facet normal  4.662962e-001  8.846287e-001  0.000000e+000
    outer loop
      vertex  1.649232e+001  2.912104e+001  2.610000e+001
      vertex  1.649232e+001  2.912104e+001  5.750000e+001
      vertex  1.800437e+001  2.832403e+001  2.610000e+001
    endloop
  endfacet
  facet normal  4.662962e-001  8.846287e-001  -0.000000e+000
    outer loop
      vertex  1.800437e+001  2.832403e+001  2.610000e+001
      vertex  1.649232e+001  2.912104e+001  5.750000e+001
      vertex  1.800437e+001  2.832403e+001  5.750000e+001
    endloop
  endfacet
  facet normal  5.066534e-001  8.621498e-001  0.000000e+000
    outer loop
      vertex  1.800437e+001  2.832403e+001  2.610000e+001
      vertex  1.800437e+001  2.832403e+001  5.750000e+001
      vertex  1.947799e+001  2.745803e+001  2.610000e+001
    endloop
  endfacet
  facet normal  5.066534e-001  8.621498e-001  -0.000000e+000
    outer loop
      vertex  1.947799e+001  2.745803e+001  2.610000e+001
      vertex  1.800437e+001  2.832403e+001  5.750000e+001
      vertex  1.947799e+001  2.745803e+001  5.750000e+001
    endloop
  endfacet
  facet normal  5.459300e-001  8.378308e-001  0.000000e+000
    outer loop
      vertex  1.947799e+001  2.745803e+001  2.610000e+001
      vertex  1.947799e+001  2.745803e+001  5.750000e+001
      vertex  2.091005e+001  2.652491e+001  2.610000e+001
    endloop
  endfacet
  facet normal  5.459300e-001  8.378308e-001  -0.000000e+000
    outer loop
      vertex  2.091005e+001  2.652491e+001  2.610000e+001
      vertex  1.947799e+001  2.745803e+001  5.750000e+001
      vertex  2.091005e+001  2.652491e+001  5.750000e+001
    endloop
  endfacet
  facet normal  5.840411e-001  8.117242e-001  0.000000e+000
    outer loop
      vertex  2.091005e+001  2.652491e+001  2.610000e+001
      vertex  2.091005e+001  2.652491e+001  5.750000e+001
      vertex  2.229748e+001  2.552664e+001  2.610000e+001
    endloop
  endfacet
  facet normal  5.840411e-001  8.117242e-001  -0.000000e+000
    outer loop
      vertex  2.229748e+001  2.552664e+001  2.610000e+001
      vertex  2.091005e+001  2.652491e+001  5.750000e+001
      vertex  2.229748e+001  2.552664e+001  5.750000e+001
    endloop
  endfacet
  facet normal  6.209069e-001  7.838843e-001  0.000000e+000
    outer loop
      vertex  2.229748e+001  2.552664e+001  2.610000e+001
      vertex  2.229748e+001  2.552664e+001  5.750000e+001
      vertex  2.363733e+001  2.446536e+001  2.610000e+001
    endloop
  endfacet
  facet normal  6.209069e-001  7.838843e-001  -0.000000e+000
    outer loop
      vertex  2.363733e+001  2.446536e+001  2.610000e+001
      vertex  2.229748e+001  2.552664e+001  5.750000e+001
      vertex  2.363733e+001  2.446536e+001  5.750000e+001
    endloop
  endfacet
  facet normal  6.564459e-001  7.543731e-001  0.000000e+000
    outer loop
      vertex  2.363733e+001  2.446536e+001  2.610000e+001
      vertex  2.363733e+001  2.446536e+001  5.750000e+001
      vertex  2.492674e+001  2.334333e+001  2.610000e+001
    endloop
  endfacet
  facet normal  6.564459e-001  7.543731e-001  -0.000000e+000
    outer loop
      vertex  2.492674e+001  2.334333e+001  2.610000e+001
      vertex  2.363733e+001  2.446536e+001  5.750000e+001
      vertex  2.492674e+001  2.334333e+001  5.750000e+001
    endloop
  endfacet
  facet normal  6.905858e-001  7.232505e-001  0.000000e+000
    outer loop
      vertex  2.492674e+001  2.334333e+001  2.610000e+001
      vertex  2.492674e+001  2.334333e+001  5.750000e+001
      vertex  2.616295e+001  2.216295e+001  2.610000e+001
    endloop
  endfacet
  facet normal  6.905858e-001  7.232505e-001  -0.000000e+000
    outer loop
      vertex  2.616295e+001  2.216295e+001  2.610000e+001
      vertex  2.492674e+001  2.334333e+001  5.750000e+001
      vertex  2.616295e+001  2.216295e+001  5.750000e+001
    endloop
  endfacet
  facet normal  7.232505e-001  6.905858e-001  0.000000e+000
    outer loop
      vertex  2.616295e+001  2.216295e+001  2.610000e+001
      vertex  2.616295e+001  2.216295e+001  5.750000e+001
      vertex  2.734333e+001  2.092674e+001  2.610000e+001
    endloop
  endfacet
  facet normal  7.232505e-001  6.905858e-001  -0.000000e+000
    outer loop
      vertex  2.734333e+001  2.092674e+001  2.610000e+001
      vertex  2.616295e+001  2.216295e+001  5.750000e+001
      vertex  2.734333e+001  2.092674e+001  5.750000e+001
    endloop
  endfacet
  facet normal  7.543731e-001  6.564459e-001  0.000000e+000
    outer loop
      vertex  2.734333e+001  2.092674e+001  2.610000e+001
      vertex  2.734333e+001  2.092674e+001  5.750000e+001
      vertex  2.846536e+001  1.963733e+001  2.610000e+001
    endloop
  endfacet
  facet normal  7.543731e-001  6.564459e-001  -0.000000e+000
    outer loop
      vertex  2.846536e+001  1.963733e+001  2.610000e+001
      vertex  2.734333e+001  2.092674e+001  5.750000e+001
      vertex  2.846536e+001  1.963733e+001  5.750000e+001
    endloop
  endfacet
  facet normal  7.838843e-001  6.209069e-001  0.000000e+000
    outer loop
      vertex  2.846536e+001  1.963733e+001  2.610000e+001
      vertex  2.846536e+001  1.963733e+001  5.750000e+001
      vertex  2.952664e+001  1.829748e+001  2.610000e+001
    endloop
  endfacet
  facet normal  7.838843e-001  6.209069e-001  -0.000000e+000
    outer loop
      vertex  2.952664e+001  1.829748e+001  2.610000e+001
      vertex  2.846536e+001  1.963733e+001  5.750000e+001
      vertex  2.952664e+001  1.829748e+001  5.750000e+001
    endloop
  endfacet
  facet normal  8.117242e-001  5.840411e-001  0.000000e+000
    outer loop
      vertex  2.952664e+001  1.829748e+001  2.610000e+001
      vertex  2.952664e+001  1.829748e+001  5.750000e+001
      vertex  3.052491e+001  1.691005e+001  2.610000e+001
    endloop
  endfacet
  facet normal  8.117242e-001  5.840411e-001  -0.000000e+000
    outer loop
      vertex  3.052491e+001  1.691005e+001  2.610000e+001
      vertex  2.952664e+001  1.829748e+001  5.750000e+001
      vertex  3.052491e+001  1.691005e+001  5.750000e+001
    endloop
  endfacet
  facet normal  8.378307e-001  5.459303e-001  0.000000e+000
    outer loop
      vertex  3.052491e+001  1.691005e+001  2.610000e+001
      vertex  3.052491e+001  1.691005e+001  5.750000e+001
      vertex  3.145803e+001  1.547799e+001  2.610000e+001
    endloop
  endfacet
  facet normal  8.378307e-001  5.459303e-001  -0.000000e+000
    outer loop
      vertex  3.145803e+001  1.547799e+001  2.610000e+001
      vertex  3.052491e+001  1.691005e+001  5.750000e+001
      vertex  3.145803e+001  1.547799e+001  5.750000e+001
    endloop
  endfacet
  facet normal  8.621500e-001  5.066531e-001  0.000000e+000
    outer loop
      vertex  3.145803e+001  1.547799e+001  2.610000e+001
      vertex  3.145803e+001  1.547799e+001  5.750000e+001
      vertex  3.232403e+001  1.400437e+001  2.610000e+001
    endloop
  endfacet
  facet normal  8.621500e-001  5.066531e-001  -0.000000e+000
    outer loop
      vertex  3.232403e+001  1.400437e+001  2.610000e+001
      vertex  3.145803e+001  1.547799e+001  5.750000e+001
      vertex  3.232403e+001  1.400437e+001  5.750000e+001
    endloop
  endfacet
  facet normal  8.846291e-001  4.662953e-001  0.000000e+000
    outer loop
      vertex  3.232403e+001  1.400437e+001  2.610000e+001
      vertex  3.232403e+001  1.400437e+001  5.750000e+001
      vertex  3.312104e+001  1.249232e+001  2.610000e+001
    endloop
  endfacet
  facet normal  8.846291e-001  4.662953e-001  -0.000000e+000
    outer loop
      vertex  3.312104e+001  1.249232e+001  2.610000e+001
      vertex  3.232403e+001  1.400437e+001  5.750000e+001
      vertex  3.312104e+001  1.249232e+001  5.750000e+001
    endloop
  endfacet
  facet normal  9.052196e-001  4.249441e-001  0.000000e+000
    outer loop
      vertex  3.312104e+001  1.249232e+001  2.610000e+001
      vertex  3.312104e+001  1.249232e+001  5.750000e+001
      vertex  3.384737e+001  1.094508e+001  2.610000e+001
    endloop
  endfacet
  facet normal  9.052196e-001  4.249441e-001  -0.000000e+000
    outer loop
      vertex  3.384737e+001  1.094508e+001  2.610000e+001
      vertex  3.312104e+001  1.249232e+001  5.750000e+001
      vertex  3.384737e+001  1.094508e+001  5.750000e+001
    endloop
  endfacet
  facet normal  9.238796e-001  3.826831e-001  0.000000e+000
    outer loop
      vertex  3.384737e+001  1.094508e+001  2.610000e+001
      vertex  3.384737e+001  1.094508e+001  5.750000e+001
      vertex  3.450147e+001  9.365942e+000  2.610000e+001
    endloop
  endfacet
  facet normal  9.238796e-001  3.826831e-001  -0.000000e+000
    outer loop
      vertex  3.450147e+001  9.365942e+000  2.610000e+001
      vertex  3.384737e+001  1.094508e+001  5.750000e+001
      vertex  3.450147e+001  9.365942e+000  5.750000e+001
    endloop
  endfacet
  facet normal  9.405675e-001  3.396069e-001  0.000000e+000
    outer loop
      vertex  3.450147e+001  9.365942e+000  2.610000e+001
      vertex  3.450147e+001  9.365942e+000  5.750000e+001
      vertex  3.508194e+001  7.758283e+000  2.610000e+001
    endloop
  endfacet
  facet normal  9.405675e-001  3.396069e-001  -0.000000e+000
    outer loop
      vertex  3.508194e+001  7.758283e+000  2.610000e+001
      vertex  3.450147e+001  9.365942e+000  5.750000e+001
      vertex  3.508194e+001  7.758283e+000  5.750000e+001
    endloop
  endfacet
  facet normal  9.552482e-001  2.958056e-001  0.000000e+000
    outer loop
      vertex  3.508194e+001  7.758283e+000  2.610000e+001
      vertex  3.508194e+001  7.758283e+000  5.750000e+001
      vertex  3.558755e+001  6.125531e+000  2.610000e+001
    endloop
  endfacet
  facet normal  9.552482e-001  2.958056e-001  -0.000000e+000
    outer loop
      vertex  3.558755e+001  6.125531e+000  2.610000e+001
      vertex  3.508194e+001  7.758283e+000  5.750000e+001
      vertex  3.558755e+001  6.125531e+000  5.750000e+001
    endloop
  endfacet
  facet normal  9.678898e-001  2.513747e-001  0.000000e+000
    outer loop
      vertex  3.558755e+001  6.125531e+000  2.610000e+001
      vertex  3.558755e+001  6.125531e+000  5.750000e+001
      vertex  3.601721e+001  4.471170e+000  2.610000e+001
    endloop
  endfacet
  facet normal  9.678898e-001  2.513747e-001  -0.000000e+000
    outer loop
      vertex  3.601721e+001  4.471170e+000  2.610000e+001
      vertex  3.558755e+001  6.125531e+000  5.750000e+001
      vertex  3.601721e+001  4.471170e+000  5.750000e+001
    endloop
  endfacet
  facet normal  9.784665e-001  2.064061e-001  0.000000e+000
    outer loop
      vertex  3.601721e+001  4.471170e+000  2.610000e+001
      vertex  3.601721e+001  4.471170e+000  5.750000e+001
      vertex  3.637001e+001  2.798732e+000  2.610000e+001
    endloop
  endfacet
  facet normal  9.784665e-001  2.064061e-001  -0.000000e+000
    outer loop
      vertex  3.637001e+001  2.798732e+000  2.610000e+001
      vertex  3.601721e+001  4.471170e+000  5.750000e+001
      vertex  3.637001e+001  2.798732e+000  5.750000e+001
    endloop
  endfacet
  facet normal  9.869551e-001  1.609956e-001  0.000000e+000
    outer loop
      vertex  3.637001e+001  2.798732e+000  2.610000e+001
      vertex  3.637001e+001  2.798732e+000  5.750000e+001
      vertex  3.664519e+001  1.111785e+000  2.610000e+001
    endloop
  endfacet
  facet normal  9.869551e-001  1.609956e-001  -0.000000e+000
    outer loop
      vertex  3.664519e+001  1.111785e+000  2.610000e+001
      vertex  3.637001e+001  2.798732e+000  5.750000e+001
      vertex  3.664519e+001  1.111785e+000  5.750000e+001
    endloop
  endfacet
  facet normal  9.933375e-001  1.152414e-001  0.000000e+000
    outer loop
      vertex  3.664519e+001  1.111785e+000  2.610000e+001
      vertex  3.664519e+001  1.111785e+000  5.750000e+001
      vertex  3.684216e+001 -5.860707e-001  2.610000e+001
    endloop
  endfacet
  facet normal  9.933375e-001  1.152414e-001  -0.000000e+000
    outer loop
      vertex  3.684216e+001 -5.860707e-001  2.610000e+001
      vertex  3.664519e+001  1.111785e+000  5.750000e+001
      vertex  3.684216e+001 -5.860707e-001  5.750000e+001
    endloop
  endfacet
  facet normal  9.975996e-001  6.924617e-002  0.000000e+000
    outer loop
      vertex  3.684216e+001 -5.860707e-001  2.610000e+001
      vertex  3.684216e+001 -5.860707e-001  5.750000e+001
      vertex  3.696052e+001 -2.291212e+000  2.610000e+001
    endloop
  endfacet
  facet normal  9.975996e-001  6.924617e-002  -0.000000e+000
    outer loop
      vertex  3.696052e+001 -2.291212e+000  2.610000e+001
      vertex  3.684216e+001 -5.860707e-001  5.750000e+001
      vertex  3.696052e+001 -2.291212e+000  5.750000e+001
    endloop
  endfacet
  facet normal  9.997332e-001  2.309694e-002  0.000000e+000
    outer loop
      vertex  3.696052e+001 -2.291212e+000  2.610000e+001
      vertex  3.696052e+001 -2.291212e+000  5.750000e+001
      vertex  3.700000e+001 -4.000000e+000  2.610000e+001
    endloop
  endfacet
  facet normal  9.997332e-001  2.309694e-002  -0.000000e+000
    outer loop
      vertex  3.700000e+001 -4.000000e+000  2.610000e+001
      vertex  3.696052e+001 -2.291212e+000  5.750000e+001
      vertex  3.700000e+001 -4.000000e+000  5.750000e+001
    endloop
  endfacet
  facet normal  9.997333e-001 -2.309694e-002  0.000000e+000
    outer loop
      vertex  3.696052e+001 -5.708788e+000  5.750000e+001
      vertex  3.696052e+001 -5.708788e+000 -7.500000e+000
      vertex  3.700000e+001 -4.000000e+000 -7.500000e+000
    endloop
  endfacet
  facet normal  9.997332e-001 -2.309694e-002  0.000000e+000
    outer loop
      vertex  3.696052e+001 -5.708788e+000  5.750000e+001
      vertex  3.700000e+001 -4.000000e+000 -7.500000e+000
      vertex  3.700000e+001 -4.000000e+000  2.390000e+001
    endloop
  endfacet
  facet normal  9.997332e-001 -2.309694e-002  0.000000e+000
    outer loop
      vertex  3.696052e+001 -5.708788e+000  5.750000e+001
      vertex  3.700000e+001 -4.000000e+000  2.390000e+001
      vertex  3.700000e+001 -4.000000e+000  2.610000e+001
    endloop
  endfacet
  facet normal  9.997332e-001 -2.309694e-002  0.000000e+000
    outer loop
      vertex  3.696052e+001 -5.708788e+000  5.750000e+001
      vertex  3.700000e+001 -4.000000e+000  2.610000e+001
      vertex  3.700000e+001 -4.000000e+000  5.750000e+001
    endloop
  endfacet
  facet normal -9.997333e-001 -2.309694e-002  -0.000000e+000
    outer loop
      vertex -3.696052e+001 -5.708788e+000 -7.500000e+000
      vertex -3.696052e+001 -5.708788e+000  5.750000e+001
      vertex -3.700000e+001 -4.000000e+000  5.750000e+001
    endloop
  endfacet
  facet normal -9.997332e-001 -2.309694e-002  -0.000000e+000
    outer loop
      vertex -3.696052e+001 -5.708788e+000 -7.500000e+000
      vertex -3.700000e+001 -4.000000e+000  5.750000e+001
      vertex -3.700000e+001 -4.000000e+000  2.610000e+001
    endloop
  endfacet
  facet normal -9.997332e-001 -2.309694e-002  -0.000000e+000
    outer loop
      vertex -3.696052e+001 -5.708788e+000 -7.500000e+000
      vertex -3.700000e+001 -4.000000e+000  2.610000e+001
      vertex -3.700000e+001 -4.000000e+000  2.390000e+001
    endloop
  endfacet
  facet normal -9.997332e-001 -2.309694e-002  -0.000000e+000
    outer loop
      vertex -3.696052e+001 -5.708788e+000 -7.500000e+000
      vertex -3.700000e+001 -4.000000e+000  2.390000e+001
      vertex -3.700000e+001 -4.000000e+000 -7.500000e+000
    endloop
  endfacet
  facet normal  9.975996e-001 -6.924617e-002  0.000000e+000
    outer loop
      vertex  3.696052e+001 -5.708788e+000 -7.500000e+000
      vertex  3.696052e+001 -5.708788e+000  5.750000e+001
      vertex  3.684216e+001 -7.413929e+000 -7.500000e+000
    endloop
  endfacet
  facet normal  9.975996e-001 -6.924617e-002  0.000000e+000
    outer loop
      vertex  3.684216e+001 -7.413929e+000 -7.500000e+000
      vertex  3.696052e+001 -5.708788e+000  5.750000e+001
      vertex  3.684216e+001 -7.413929e+000  5.750000e+001
    endloop
  endfacet
  facet normal  9.933375e-001 -1.152415e-001  0.000000e+000
    outer loop
      vertex  3.684216e+001 -7.413929e+000 -7.500000e+000
      vertex  3.684216e+001 -7.413929e+000  5.750000e+001
      vertex  3.664519e+001 -9.111785e+000 -7.500000e+000
    endloop
  endfacet
  facet normal  9.933375e-001 -1.152415e-001  0.000000e+000
    outer loop
      vertex  3.664519e+001 -9.111785e+000 -7.500000e+000
      vertex  3.684216e+001 -7.413929e+000  5.750000e+001
      vertex  3.664519e+001 -9.111785e+000  5.750000e+001
    endloop
  endfacet
  facet normal  9.869551e-001 -1.609956e-001  0.000000e+000
    outer loop
      vertex  3.664519e+001 -9.111785e+000 -7.500000e+000
      vertex  3.664519e+001 -9.111785e+000  5.750000e+001
      vertex  3.637001e+001 -1.079873e+001 -7.500000e+000
    endloop
  endfacet
  facet normal  9.869551e-001 -1.609956e-001  0.000000e+000
    outer loop
      vertex  3.637001e+001 -1.079873e+001 -7.500000e+000
      vertex  3.664519e+001 -9.111785e+000  5.750000e+001
      vertex  3.637001e+001 -1.079873e+001  5.750000e+001
    endloop
  endfacet
  facet normal  9.784665e-001 -2.064061e-001  0.000000e+000
    outer loop
      vertex  3.637001e+001 -1.079873e+001 -7.500000e+000
      vertex  3.637001e+001 -1.079873e+001  5.750000e+001
      vertex  3.601721e+001 -1.247117e+001 -7.500000e+000
    endloop
  endfacet
  facet normal  9.784665e-001 -2.064061e-001  0.000000e+000
    outer loop
      vertex  3.601721e+001 -1.247117e+001 -7.500000e+000
      vertex  3.637001e+001 -1.079873e+001  5.750000e+001
      vertex  3.601721e+001 -1.247117e+001  5.750000e+001
    endloop
  endfacet
  facet normal  9.678898e-001 -2.513748e-001  0.000000e+000
    outer loop
      vertex  3.601721e+001 -1.247117e+001 -7.500000e+000
      vertex  3.601721e+001 -1.247117e+001  5.750000e+001
      vertex  3.558755e+001 -1.412553e+001 -7.500000e+000
    endloop
  endfacet
  facet normal  9.678898e-001 -2.513748e-001  0.000000e+000
    outer loop
      vertex  3.558755e+001 -1.412553e+001 -7.500000e+000
      vertex  3.601721e+001 -1.247117e+001  5.750000e+001
      vertex  3.558755e+001 -1.412553e+001  5.750000e+001
    endloop
  endfacet
  facet normal  9.552482e-001 -2.958055e-001  0.000000e+000
    outer loop
      vertex  3.558755e+001 -1.412553e+001 -7.500000e+000
      vertex  3.558755e+001 -1.412553e+001  5.750000e+001
      vertex  3.508194e+001 -1.575828e+001 -7.500000e+000
    endloop
  endfacet
  facet normal  9.552482e-001 -2.958055e-001  0.000000e+000
    outer loop
      vertex  3.508194e+001 -1.575828e+001 -7.500000e+000
      vertex  3.558755e+001 -1.412553e+001  5.750000e+001
      vertex  3.508194e+001 -1.575828e+001  5.750000e+001
    endloop
  endfacet
  facet normal  9.405675e-001 -3.396069e-001  0.000000e+000
    outer loop
      vertex  3.508194e+001 -1.575828e+001 -7.500000e+000
      vertex  3.508194e+001 -1.575828e+001  5.750000e+001
      vertex  3.450147e+001 -1.736594e+001 -7.500000e+000
    endloop
  endfacet
  facet normal  9.405675e-001 -3.396069e-001  0.000000e+000
    outer loop
      vertex  3.450147e+001 -1.736594e+001 -7.500000e+000
      vertex  3.508194e+001 -1.575828e+001  5.750000e+001
      vertex  3.450147e+001 -1.736594e+001  5.750000e+001
    endloop
  endfacet
  facet normal  9.238797e-001 -3.826829e-001  0.000000e+000
    outer loop
      vertex  3.450147e+001 -1.736594e+001 -7.500000e+000
      vertex  3.450147e+001 -1.736594e+001  5.750000e+001
      vertex  3.384737e+001 -1.894508e+001 -7.500000e+000
    endloop
  endfacet
  facet normal  9.238797e-001 -3.826829e-001  0.000000e+000
    outer loop
      vertex  3.384737e+001 -1.894508e+001 -7.500000e+000
      vertex  3.450147e+001 -1.736594e+001  5.750000e+001
      vertex  3.384737e+001 -1.894508e+001  5.750000e+001
    endloop
  endfacet
  facet normal  9.052195e-001 -4.249443e-001  0.000000e+000
    outer loop
      vertex  3.384737e+001 -1.894508e+001 -7.500000e+000
      vertex  3.384737e+001 -1.894508e+001  5.750000e+001
      vertex  3.312104e+001 -2.049232e+001 -7.500000e+000
    endloop
  endfacet
  facet normal  9.052195e-001 -4.249443e-001  0.000000e+000
    outer loop
      vertex  3.312104e+001 -2.049232e+001 -7.500000e+000
      vertex  3.384737e+001 -1.894508e+001  5.750000e+001
      vertex  3.312104e+001 -2.049232e+001  5.750000e+001
    endloop
  endfacet
  facet normal  8.846291e-001 -4.662953e-001  0.000000e+000
    outer loop
      vertex  3.312104e+001 -2.049232e+001 -7.500000e+000
      vertex  3.312104e+001 -2.049232e+001  5.750000e+001
      vertex  3.232403e+001 -2.200437e+001 -7.500000e+000
    endloop
  endfacet
  facet normal  8.846291e-001 -4.662953e-001  0.000000e+000
    outer loop
      vertex  3.232403e+001 -2.200437e+001 -7.500000e+000
      vertex  3.312104e+001 -2.049232e+001  5.750000e+001
      vertex  3.232403e+001 -2.200437e+001  5.750000e+001
    endloop
  endfacet
  facet normal  8.621498e-001 -5.066533e-001  0.000000e+000
    outer loop
      vertex  3.232403e+001 -2.200437e+001 -7.500000e+000
      vertex  3.232403e+001 -2.200437e+001  5.750000e+001
      vertex  3.145803e+001 -2.347799e+001 -7.500000e+000
    endloop
  endfacet
  facet normal  8.621498e-001 -5.066533e-001  0.000000e+000
    outer loop
      vertex  3.145803e+001 -2.347799e+001 -7.500000e+000
      vertex  3.232403e+001 -2.200437e+001  5.750000e+001
      vertex  3.145803e+001 -2.347799e+001  5.750000e+001
    endloop
  endfacet
  facet normal  8.378307e-001 -5.459300e-001  0.000000e+000
    outer loop
      vertex  3.145803e+001 -2.347799e+001 -7.500000e+000
      vertex  3.145803e+001 -2.347799e+001  5.750000e+001
      vertex  3.052491e+001 -2.491005e+001 -7.500000e+000
    endloop
  endfacet
  facet normal  8.378307e-001 -5.459300e-001  0.000000e+000
    outer loop
      vertex  3.052491e+001 -2.491005e+001 -7.500000e+000
      vertex  3.145803e+001 -2.347799e+001  5.750000e+001
      vertex  3.052491e+001 -2.491005e+001  5.750000e+001
    endloop
  endfacet
  facet normal  8.117242e-001 -5.840411e-001  0.000000e+000
    outer loop
      vertex  3.052491e+001 -2.491005e+001 -7.500000e+000
      vertex  3.052491e+001 -2.491005e+001  5.750000e+001
      vertex  2.952664e+001 -2.629748e+001 -7.500000e+000
    endloop
  endfacet
  facet normal  8.117242e-001 -5.840411e-001  0.000000e+000
    outer loop
      vertex  2.952664e+001 -2.629748e+001 -7.500000e+000
      vertex  3.052491e+001 -2.491005e+001  5.750000e+001
      vertex  2.952664e+001 -2.629748e+001  5.750000e+001
    endloop
  endfacet
  facet normal  7.838843e-001 -6.209068e-001  0.000000e+000
    outer loop
      vertex  2.952664e+001 -2.629748e+001 -7.500000e+000
      vertex  2.952664e+001 -2.629748e+001  5.750000e+001
      vertex  2.846536e+001 -2.763733e+001 -7.500000e+000
    endloop
  endfacet
  facet normal  7.838843e-001 -6.209068e-001  0.000000e+000
    outer loop
      vertex  2.846536e+001 -2.763733e+001 -7.500000e+000
      vertex  2.952664e+001 -2.629748e+001  5.750000e+001
      vertex  2.846536e+001 -2.763733e+001  5.750000e+001
    endloop
  endfacet
  facet normal  7.543730e-001 -6.564459e-001  0.000000e+000
    outer loop
      vertex  2.846536e+001 -2.763733e+001 -7.500000e+000
      vertex  2.846536e+001 -2.763733e+001  5.750000e+001
      vertex  2.734333e+001 -2.892674e+001 -7.500000e+000
    endloop
  endfacet
  facet normal  7.543730e-001 -6.564459e-001  0.000000e+000
    outer loop
      vertex  2.734333e+001 -2.892674e+001 -7.500000e+000
      vertex  2.846536e+001 -2.763733e+001  5.750000e+001
      vertex  2.734333e+001 -2.892674e+001  5.750000e+001
    endloop
  endfacet
  facet normal  7.232505e-001 -6.905858e-001  0.000000e+000
    outer loop
      vertex  2.734333e+001 -2.892674e+001 -7.500000e+000
      vertex  2.734333e+001 -2.892674e+001  5.750000e+001
      vertex  2.616295e+001 -3.016295e+001 -7.500000e+000
    endloop
  endfacet
  facet normal  7.232505e-001 -6.905858e-001  0.000000e+000
    outer loop
      vertex  2.616295e+001 -3.016295e+001 -7.500000e+000
      vertex  2.734333e+001 -2.892674e+001  5.750000e+001
      vertex  2.616295e+001 -3.016295e+001  5.750000e+001
    endloop
  endfacet
  facet normal  6.905858e-001 -7.232505e-001  0.000000e+000
    outer loop
      vertex  2.616295e+001 -3.016295e+001 -7.500000e+000
      vertex  2.616295e+001 -3.016295e+001  5.750000e+001
      vertex  2.492674e+001 -3.134333e+001 -7.500000e+000
    endloop
  endfacet
  facet normal  6.905858e-001 -7.232505e-001  0.000000e+000
    outer loop
      vertex  2.492674e+001 -3.134333e+001 -7.500000e+000
      vertex  2.616295e+001 -3.016295e+001  5.750000e+001
      vertex  2.492674e+001 -3.134333e+001  5.750000e+001
    endloop
  endfacet
  facet normal  6.564466e-001 -7.543725e-001  0.000000e+000
    outer loop
      vertex  2.492674e+001 -3.134333e+001 -7.500000e+000
      vertex  2.492674e+001 -3.134333e+001  5.750000e+001
      vertex  2.363733e+001 -3.246536e+001 -7.500000e+000
    endloop
  endfacet
  facet normal  6.564466e-001 -7.543725e-001  0.000000e+000
    outer loop
      vertex  2.363733e+001 -3.246536e+001 -7.500000e+000
      vertex  2.492674e+001 -3.134333e+001  5.750000e+001
      vertex  2.363733e+001 -3.246536e+001  5.750000e+001
    endloop
  endfacet
  facet normal  6.209061e-001 -7.838848e-001  0.000000e+000
    outer loop
      vertex  2.363733e+001 -3.246536e+001 -7.500000e+000
      vertex  2.363733e+001 -3.246536e+001  5.750000e+001
      vertex  2.229748e+001 -3.352664e+001 -7.500000e+000
    endloop
  endfacet
  facet normal  6.209061e-001 -7.838848e-001  0.000000e+000
    outer loop
      vertex  2.229748e+001 -3.352664e+001 -7.500000e+000
      vertex  2.363733e+001 -3.246536e+001  5.750000e+001
      vertex  2.229748e+001 -3.352664e+001  5.750000e+001
    endloop
  endfacet
  facet normal  5.840411e-001 -8.117242e-001  0.000000e+000
    outer loop
      vertex  2.229748e+001 -3.352664e+001 -7.500000e+000
      vertex  2.229748e+001 -3.352664e+001  5.750000e+001
      vertex  2.091005e+001 -3.452491e+001 -7.500000e+000
    endloop
  endfacet
  facet normal  5.840411e-001 -8.117242e-001  0.000000e+000
    outer loop
      vertex  2.091005e+001 -3.452491e+001 -7.500000e+000
      vertex  2.229748e+001 -3.352664e+001  5.750000e+001
      vertex  2.091005e+001 -3.452491e+001  5.750000e+001
    endloop
  endfacet
  facet normal  5.459300e-001 -8.378307e-001  0.000000e+000
    outer loop
      vertex  2.091005e+001 -3.452491e+001 -7.500000e+000
      vertex  2.091005e+001 -3.452491e+001  5.750000e+001
      vertex  1.947799e+001 -3.545803e+001 -7.500000e+000
    endloop
  endfacet
  facet normal  5.459300e-001 -8.378307e-001  0.000000e+000
    outer loop
      vertex  1.947799e+001 -3.545803e+001 -7.500000e+000
      vertex  2.091005e+001 -3.452491e+001  5.750000e+001
      vertex  1.947799e+001 -3.545803e+001  5.750000e+001
    endloop
  endfacet
  facet normal  5.066533e-001 -8.621498e-001  0.000000e+000
    outer loop
      vertex  1.947799e+001 -3.545803e+001 -7.500000e+000
      vertex  1.947799e+001 -3.545803e+001  5.750000e+001
      vertex  1.800437e+001 -3.632403e+001 -7.500000e+000
    endloop
  endfacet
  facet normal  5.066533e-001 -8.621498e-001  0.000000e+000
    outer loop
      vertex  1.800437e+001 -3.632403e+001 -7.500000e+000
      vertex  1.947799e+001 -3.545803e+001  5.750000e+001
      vertex  1.800437e+001 -3.632403e+001  5.750000e+001
    endloop
  endfacet
  facet normal  4.662953e-001 -8.846291e-001  0.000000e+000
    outer loop
      vertex  1.800437e+001 -3.632403e+001 -7.500000e+000
      vertex  1.800437e+001 -3.632403e+001  5.750000e+001
      vertex  1.649232e+001 -3.712104e+001 -7.500000e+000
    endloop
  endfacet
  facet normal  4.662953e-001 -8.846291e-001  0.000000e+000
    outer loop
      vertex  1.649232e+001 -3.712104e+001 -7.500000e+000
      vertex  1.800437e+001 -3.632403e+001  5.750000e+001
      vertex  1.649232e+001 -3.712104e+001  5.750000e+001
    endloop
  endfacet
  facet normal  4.249441e-001 -9.052196e-001  0.000000e+000
    outer loop
      vertex  1.649232e+001 -3.712104e+001 -7.500000e+000
      vertex  1.649232e+001 -3.712104e+001  5.750000e+001
      vertex  1.494508e+001 -3.784737e+001 -7.500000e+000
    endloop
  endfacet
  facet normal  4.249441e-001 -9.052196e-001  0.000000e+000
    outer loop
      vertex  1.494508e+001 -3.784737e+001 -7.500000e+000
      vertex  1.649232e+001 -3.712104e+001  5.750000e+001
      vertex  1.494508e+001 -3.784737e+001  5.750000e+001
    endloop
  endfacet
  facet normal  3.826831e-001 -9.238796e-001  0.000000e+000
    outer loop
      vertex  1.494508e+001 -3.784737e+001 -7.500000e+000
      vertex  1.494508e+001 -3.784737e+001  5.750000e+001
      vertex  1.336594e+001 -3.850147e+001 -7.500000e+000
    endloop
  endfacet
  facet normal  3.826831e-001 -9.238796e-001  0.000000e+000
    outer loop
      vertex  1.336594e+001 -3.850147e+001 -7.500000e+000
      vertex  1.494508e+001 -3.784737e+001  5.750000e+001
      vertex  1.336594e+001 -3.850147e+001  5.750000e+001
    endloop
  endfacet
  facet normal  3.396069e-001 -9.405675e-001  0.000000e+000
    outer loop
      vertex  1.336594e+001 -3.850147e+001 -7.500000e+000
      vertex  1.336594e+001 -3.850147e+001  5.750000e+001
      vertex  1.175828e+001 -3.908194e+001 -7.500000e+000
    endloop
  endfacet
  facet normal  3.396069e-001 -9.405675e-001  0.000000e+000
    outer loop
      vertex  1.175828e+001 -3.908194e+001 -7.500000e+000
      vertex  1.336594e+001 -3.850147e+001  5.750000e+001
      vertex  1.175828e+001 -3.908194e+001  5.750000e+001
    endloop
  endfacet
  facet normal  2.958055e-001 -9.552482e-001  0.000000e+000
    outer loop
      vertex  1.175828e+001 -3.908194e+001 -7.500000e+000
      vertex  1.175828e+001 -3.908194e+001  5.750000e+001
      vertex  1.012553e+001 -3.958755e+001 -7.500000e+000
    endloop
  endfacet
  facet normal  2.958055e-001 -9.552482e-001  0.000000e+000
    outer loop
      vertex  1.012553e+001 -3.958755e+001 -7.500000e+000
      vertex  1.175828e+001 -3.908194e+001  5.750000e+001
      vertex  1.012553e+001 -3.958755e+001  5.750000e+001
    endloop
  endfacet
  facet normal  2.513748e-001 -9.678898e-001  0.000000e+000
    outer loop
      vertex  1.012553e+001 -3.958755e+001 -7.500000e+000
      vertex  1.012553e+001 -3.958755e+001  5.750000e+001
      vertex  8.471170e+000 -4.001721e+001 -7.500000e+000
    endloop
  endfacet
  facet normal  2.513748e-001 -9.678898e-001  0.000000e+000
    outer loop
      vertex  8.471170e+000 -4.001721e+001 -7.500000e+000
      vertex  1.012553e+001 -3.958755e+001  5.750000e+001
      vertex  8.471170e+000 -4.001721e+001  5.750000e+001
    endloop
  endfacet
  facet normal  2.064061e-001 -9.784664e-001  0.000000e+000
    outer loop
      vertex  8.471170e+000 -4.001721e+001 -7.500000e+000
      vertex  8.471170e+000 -4.001721e+001  5.750000e+001
      vertex  6.798732e+000 -4.037001e+001 -7.500000e+000
    endloop
  endfacet
  facet normal  2.064061e-001 -9.784664e-001  0.000000e+000
    outer loop
      vertex  6.798732e+000 -4.037001e+001 -7.500000e+000
      vertex  8.471170e+000 -4.001721e+001  5.750000e+001
      vertex  6.798732e+000 -4.037001e+001  5.750000e+001
    endloop
  endfacet
  facet normal  1.609956e-001 -9.869552e-001  0.000000e+000
    outer loop
      vertex  6.798732e+000 -4.037001e+001 -7.500000e+000
      vertex  6.798732e+000 -4.037001e+001  5.750000e+001
      vertex  5.111785e+000 -4.064519e+001 -7.500000e+000
    endloop
  endfacet
  facet normal  1.609956e-001 -9.869552e-001  0.000000e+000
    outer loop
      vertex  5.111785e+000 -4.064519e+001 -7.500000e+000
      vertex  6.798732e+000 -4.037001e+001  5.750000e+001
      vertex  5.111785e+000 -4.064519e+001  5.750000e+001
    endloop
  endfacet
  facet normal  1.152415e-001 -9.933375e-001  0.000000e+000
    outer loop
      vertex  5.111785e+000 -4.064519e+001 -7.500000e+000
      vertex  5.111785e+000 -4.064519e+001  5.750000e+001
      vertex  3.413929e+000 -4.084216e+001 -7.500000e+000
    endloop
  endfacet
  facet normal  1.152415e-001 -9.933375e-001  0.000000e+000
    outer loop
      vertex  3.413929e+000 -4.084216e+001 -7.500000e+000
      vertex  5.111785e+000 -4.064519e+001  5.750000e+001
      vertex  3.413929e+000 -4.084216e+001  5.750000e+001
    endloop
  endfacet
  facet normal  6.924617e-002 -9.975996e-001  0.000000e+000
    outer loop
      vertex  3.413929e+000 -4.084216e+001 -7.500000e+000
      vertex  3.413929e+000 -4.084216e+001  5.750000e+001
      vertex  1.708788e+000 -4.096052e+001 -7.500000e+000
    endloop
  endfacet
  facet normal  6.924617e-002 -9.975996e-001  0.000000e+000
    outer loop
      vertex  1.708788e+000 -4.096052e+001 -7.500000e+000
      vertex  3.413929e+000 -4.084216e+001  5.750000e+001
      vertex  1.708788e+000 -4.096052e+001  5.750000e+001
    endloop
  endfacet
  facet normal  2.309694e-002 -9.997333e-001  0.000000e+000
    outer loop
      vertex  1.708788e+000 -4.096052e+001 -7.500000e+000
      vertex  1.708788e+000 -4.096052e+001  5.750000e+001
      vertex -3.965917e-014 -4.100000e+001 -7.500000e+000
    endloop
  endfacet
  facet normal  2.309694e-002 -9.997333e-001  0.000000e+000
    outer loop
      vertex -3.965917e-014 -4.100000e+001 -7.500000e+000
      vertex  1.708788e+000 -4.096052e+001  5.750000e+001
      vertex -3.965917e-014 -4.100000e+001  5.750000e+001
    endloop
  endfacet
  facet normal -2.309694e-002 -9.997333e-001  -0.000000e+000
    outer loop
      vertex -3.965917e-014 -4.100000e+001 -7.500000e+000
      vertex -3.965917e-014 -4.100000e+001  5.750000e+001
      vertex -1.708788e+000 -4.096052e+001 -7.500000e+000
    endloop
  endfacet
  facet normal -2.309694e-002 -9.997333e-001  0.000000e+000
    outer loop
      vertex -1.708788e+000 -4.096052e+001 -7.500000e+000
      vertex -3.965917e-014 -4.100000e+001  5.750000e+001
      vertex -1.708788e+000 -4.096052e+001  5.750000e+001
    endloop
  endfacet
  facet normal -6.924617e-002 -9.975996e-001  -0.000000e+000
    outer loop
      vertex -1.708788e+000 -4.096052e+001 -7.500000e+000
      vertex -1.708788e+000 -4.096052e+001  5.750000e+001
      vertex -3.413929e+000 -4.084216e+001 -7.500000e+000
    endloop
  endfacet
  facet normal -6.924617e-002 -9.975996e-001  0.000000e+000
    outer loop
      vertex -3.413929e+000 -4.084216e+001 -7.500000e+000
      vertex -1.708788e+000 -4.096052e+001  5.750000e+001
      vertex -3.413929e+000 -4.084216e+001  5.750000e+001
    endloop
  endfacet
  facet normal -1.152415e-001 -9.933375e-001  -0.000000e+000
    outer loop
      vertex -3.413929e+000 -4.084216e+001 -7.500000e+000
      vertex -3.413929e+000 -4.084216e+001  5.750000e+001
      vertex -5.111785e+000 -4.064519e+001 -7.500000e+000
    endloop
  endfacet
  facet normal -1.152415e-001 -9.933375e-001  0.000000e+000
    outer loop
      vertex -5.111785e+000 -4.064519e+001 -7.500000e+000
      vertex -3.413929e+000 -4.084216e+001  5.750000e+001
      vertex -5.111785e+000 -4.064519e+001  5.750000e+001
    endloop
  endfacet
  facet normal -1.609956e-001 -9.869552e-001  -0.000000e+000
    outer loop
      vertex -5.111785e+000 -4.064519e+001 -7.500000e+000
      vertex -5.111785e+000 -4.064519e+001  5.750000e+001
      vertex -6.798732e+000 -4.037001e+001 -7.500000e+000
    endloop
  endfacet
  facet normal -1.609956e-001 -9.869552e-001  0.000000e+000
    outer loop
      vertex -6.798732e+000 -4.037001e+001 -7.500000e+000
      vertex -5.111785e+000 -4.064519e+001  5.750000e+001
      vertex -6.798732e+000 -4.037001e+001  5.750000e+001
    endloop
  endfacet
  facet normal -2.064061e-001 -9.784664e-001  -0.000000e+000
    outer loop
      vertex -6.798732e+000 -4.037001e+001 -7.500000e+000
      vertex -6.798732e+000 -4.037001e+001  5.750000e+001
      vertex -8.471170e+000 -4.001721e+001 -7.500000e+000
    endloop
  endfacet
  facet normal -2.064061e-001 -9.784664e-001  0.000000e+000
    outer loop
      vertex -8.471170e+000 -4.001721e+001 -7.500000e+000
      vertex -6.798732e+000 -4.037001e+001  5.750000e+001
      vertex -8.471170e+000 -4.001721e+001  5.750000e+001
    endloop
  endfacet
  facet normal -2.513748e-001 -9.678898e-001  -0.000000e+000
    outer loop
      vertex -8.471170e+000 -4.001721e+001 -7.500000e+000
      vertex -8.471170e+000 -4.001721e+001  5.750000e+001
      vertex -1.012553e+001 -3.958755e+001 -7.500000e+000
    endloop
  endfacet
  facet normal -2.513748e-001 -9.678898e-001  0.000000e+000
    outer loop
      vertex -1.012553e+001 -3.958755e+001 -7.500000e+000
      vertex -8.471170e+000 -4.001721e+001  5.750000e+001
      vertex -1.012553e+001 -3.958755e+001  5.750000e+001
    endloop
  endfacet
  facet normal -2.958055e-001 -9.552482e-001  -0.000000e+000
    outer loop
      vertex -1.012553e+001 -3.958755e+001 -7.500000e+000
      vertex -1.012553e+001 -3.958755e+001  5.750000e+001
      vertex -1.175828e+001 -3.908194e+001 -7.500000e+000
    endloop
  endfacet
  facet normal -2.958055e-001 -9.552482e-001  0.000000e+000
    outer loop
      vertex -1.175828e+001 -3.908194e+001 -7.500000e+000
      vertex -1.012553e+001 -3.958755e+001  5.750000e+001
      vertex -1.175828e+001 -3.908194e+001  5.750000e+001
    endloop
  endfacet
  facet normal -3.396069e-001 -9.405675e-001  -0.000000e+000
    outer loop
      vertex -1.175828e+001 -3.908194e+001 -7.500000e+000
      vertex -1.175828e+001 -3.908194e+001  5.750000e+001
      vertex -1.336594e+001 -3.850147e+001 -7.500000e+000
    endloop
  endfacet
  facet normal -3.396069e-001 -9.405675e-001  0.000000e+000
    outer loop
      vertex -1.336594e+001 -3.850147e+001 -7.500000e+000
      vertex -1.175828e+001 -3.908194e+001  5.750000e+001
      vertex -1.336594e+001 -3.850147e+001  5.750000e+001
    endloop
  endfacet
  facet normal -3.826831e-001 -9.238796e-001  -0.000000e+000
    outer loop
      vertex -1.336594e+001 -3.850147e+001 -7.500000e+000
      vertex -1.336594e+001 -3.850147e+001  5.750000e+001
      vertex -1.494508e+001 -3.784737e+001 -7.500000e+000
    endloop
  endfacet
  facet normal -3.826831e-001 -9.238796e-001  0.000000e+000
    outer loop
      vertex -1.494508e+001 -3.784737e+001 -7.500000e+000
      vertex -1.336594e+001 -3.850147e+001  5.750000e+001
      vertex -1.494508e+001 -3.784737e+001  5.750000e+001
    endloop
  endfacet
  facet normal -4.249441e-001 -9.052196e-001  -0.000000e+000
    outer loop
      vertex -1.494508e+001 -3.784737e+001 -7.500000e+000
      vertex -1.494508e+001 -3.784737e+001  5.750000e+001
      vertex -1.649232e+001 -3.712104e+001 -7.500000e+000
    endloop
  endfacet
  facet normal -4.249441e-001 -9.052196e-001  0.000000e+000
    outer loop
      vertex -1.649232e+001 -3.712104e+001 -7.500000e+000
      vertex -1.494508e+001 -3.784737e+001  5.750000e+001
      vertex -1.649232e+001 -3.712104e+001  5.750000e+001
    endloop
  endfacet
  facet normal -4.662953e-001 -8.846291e-001  -0.000000e+000
    outer loop
      vertex -1.649232e+001 -3.712104e+001 -7.500000e+000
      vertex -1.649232e+001 -3.712104e+001  5.750000e+001
      vertex -1.800437e+001 -3.632403e+001 -7.500000e+000
    endloop
  endfacet
  facet normal -4.662953e-001 -8.846291e-001  0.000000e+000
    outer loop
      vertex -1.800437e+001 -3.632403e+001 -7.500000e+000
      vertex -1.649232e+001 -3.712104e+001  5.750000e+001
      vertex -1.800437e+001 -3.632403e+001  5.750000e+001
    endloop
  endfacet
  facet normal -5.066533e-001 -8.621498e-001  -0.000000e+000
    outer loop
      vertex -1.800437e+001 -3.632403e+001 -7.500000e+000
      vertex -1.800437e+001 -3.632403e+001  5.750000e+001
      vertex -1.947799e+001 -3.545803e+001 -7.500000e+000
    endloop
  endfacet
  facet normal -5.066533e-001 -8.621498e-001  0.000000e+000
    outer loop
      vertex -1.947799e+001 -3.545803e+001 -7.500000e+000
      vertex -1.800437e+001 -3.632403e+001  5.750000e+001
      vertex -1.947799e+001 -3.545803e+001  5.750000e+001
    endloop
  endfacet
  facet normal -5.459300e-001 -8.378307e-001  -0.000000e+000
    outer loop
      vertex -1.947799e+001 -3.545803e+001 -7.500000e+000
      vertex -1.947799e+001 -3.545803e+001  5.750000e+001
      vertex -2.091005e+001 -3.452491e+001 -7.500000e+000
    endloop
  endfacet
  facet normal -5.459300e-001 -8.378307e-001  0.000000e+000
    outer loop
      vertex -2.091005e+001 -3.452491e+001 -7.500000e+000
      vertex -1.947799e+001 -3.545803e+001  5.750000e+001
      vertex -2.091005e+001 -3.452491e+001  5.750000e+001
    endloop
  endfacet
  facet normal -5.840411e-001 -8.117242e-001  -0.000000e+000
    outer loop
      vertex -2.091005e+001 -3.452491e+001 -7.500000e+000
      vertex -2.091005e+001 -3.452491e+001  5.750000e+001
      vertex -2.229748e+001 -3.352664e+001 -7.500000e+000
    endloop
  endfacet
  facet normal -5.840411e-001 -8.117242e-001  0.000000e+000
    outer loop
      vertex -2.229748e+001 -3.352664e+001 -7.500000e+000
      vertex -2.091005e+001 -3.452491e+001  5.750000e+001
      vertex -2.229748e+001 -3.352664e+001  5.750000e+001
    endloop
  endfacet
  facet normal -6.209061e-001 -7.838848e-001  -0.000000e+000
    outer loop
      vertex -2.229748e+001 -3.352664e+001 -7.500000e+000
      vertex -2.229748e+001 -3.352664e+001  5.750000e+001
      vertex -2.363733e+001 -3.246536e+001 -7.500000e+000
    endloop
  endfacet
  facet normal -6.209061e-001 -7.838848e-001  0.000000e+000
    outer loop
      vertex -2.363733e+001 -3.246536e+001 -7.500000e+000
      vertex -2.229748e+001 -3.352664e+001  5.750000e+001
      vertex -2.363733e+001 -3.246536e+001  5.750000e+001
    endloop
  endfacet
  facet normal -6.564466e-001 -7.543725e-001  -0.000000e+000
    outer loop
      vertex -2.363733e+001 -3.246536e+001 -7.500000e+000
      vertex -2.363733e+001 -3.246536e+001  5.750000e+001
      vertex -2.492674e+001 -3.134333e+001 -7.500000e+000
    endloop
  endfacet
  facet normal -6.564466e-001 -7.543725e-001  0.000000e+000
    outer loop
      vertex -2.492674e+001 -3.134333e+001 -7.500000e+000
      vertex -2.363733e+001 -3.246536e+001  5.750000e+001
      vertex -2.492674e+001 -3.134333e+001  5.750000e+001
    endloop
  endfacet
  facet normal -6.905858e-001 -7.232505e-001  -0.000000e+000
    outer loop
      vertex -2.492674e+001 -3.134333e+001 -7.500000e+000
      vertex -2.492674e+001 -3.134333e+001  5.750000e+001
      vertex -2.616295e+001 -3.016295e+001 -7.500000e+000
    endloop
  endfacet
  facet normal -6.905858e-001 -7.232505e-001  0.000000e+000
    outer loop
      vertex -2.616295e+001 -3.016295e+001 -7.500000e+000
      vertex -2.492674e+001 -3.134333e+001  5.750000e+001
      vertex -2.616295e+001 -3.016295e+001  5.750000e+001
    endloop
  endfacet
  facet normal -7.232505e-001 -6.905858e-001  -0.000000e+000
    outer loop
      vertex -2.616295e+001 -3.016295e+001 -7.500000e+000
      vertex -2.616295e+001 -3.016295e+001  5.750000e+001
      vertex -2.734333e+001 -2.892674e+001 -7.500000e+000
    endloop
  endfacet
  facet normal -7.232505e-001 -6.905858e-001  0.000000e+000
    outer loop
      vertex -2.734333e+001 -2.892674e+001 -7.500000e+000
      vertex -2.616295e+001 -3.016295e+001  5.750000e+001
      vertex -2.734333e+001 -2.892674e+001  5.750000e+001
    endloop
  endfacet
  facet normal -7.543730e-001 -6.564459e-001  -0.000000e+000
    outer loop
      vertex -2.734333e+001 -2.892674e+001 -7.500000e+000
      vertex -2.734333e+001 -2.892674e+001  5.750000e+001
      vertex -2.846536e+001 -2.763733e+001 -7.500000e+000
    endloop
  endfacet
  facet normal -7.543730e-001 -6.564459e-001  0.000000e+000
    outer loop
      vertex -2.846536e+001 -2.763733e+001 -7.500000e+000
      vertex -2.734333e+001 -2.892674e+001  5.750000e+001
      vertex -2.846536e+001 -2.763733e+001  5.750000e+001
    endloop
  endfacet
  facet normal -7.838843e-001 -6.209068e-001  -0.000000e+000
    outer loop
      vertex -2.846536e+001 -2.763733e+001 -7.500000e+000
      vertex -2.846536e+001 -2.763733e+001  5.750000e+001
      vertex -2.952664e+001 -2.629748e+001 -7.500000e+000
    endloop
  endfacet
  facet normal -7.838843e-001 -6.209068e-001  0.000000e+000
    outer loop
      vertex -2.952664e+001 -2.629748e+001 -7.500000e+000
      vertex -2.846536e+001 -2.763733e+001  5.750000e+001
      vertex -2.952664e+001 -2.629748e+001  5.750000e+001
    endloop
  endfacet
  facet normal -8.117242e-001 -5.840411e-001  -0.000000e+000
    outer loop
      vertex -2.952664e+001 -2.629748e+001 -7.500000e+000
      vertex -2.952664e+001 -2.629748e+001  5.750000e+001
      vertex -3.052491e+001 -2.491005e+001 -7.500000e+000
    endloop
  endfacet
  facet normal -8.117242e-001 -5.840411e-001  0.000000e+000
    outer loop
      vertex -3.052491e+001 -2.491005e+001 -7.500000e+000
      vertex -2.952664e+001 -2.629748e+001  5.750000e+001
      vertex -3.052491e+001 -2.491005e+001  5.750000e+001
    endloop
  endfacet
  facet normal -8.378307e-001 -5.459300e-001  -0.000000e+000
    outer loop
      vertex -3.052491e+001 -2.491005e+001 -7.500000e+000
      vertex -3.052491e+001 -2.491005e+001  5.750000e+001
      vertex -3.145803e+001 -2.347799e+001 -7.500000e+000
    endloop
  endfacet
  facet normal -8.378307e-001 -5.459300e-001  0.000000e+000
    outer loop
      vertex -3.145803e+001 -2.347799e+001 -7.500000e+000
      vertex -3.052491e+001 -2.491005e+001  5.750000e+001
      vertex -3.145803e+001 -2.347799e+001  5.750000e+001
    endloop
  endfacet
  facet normal -8.621498e-001 -5.066533e-001  -0.000000e+000
    outer loop
      vertex -3.145803e+001 -2.347799e+001 -7.500000e+000
      vertex -3.145803e+001 -2.347799e+001  5.750000e+001
      vertex -3.232403e+001 -2.200437e+001 -7.500000e+000
    endloop
  endfacet
  facet normal -8.621498e-001 -5.066533e-001  0.000000e+000
    outer loop
      vertex -3.232403e+001 -2.200437e+001 -7.500000e+000
      vertex -3.145803e+001 -2.347799e+001  5.750000e+001
      vertex -3.232403e+001 -2.200437e+001  5.750000e+001
    endloop
  endfacet
  facet normal -8.846291e-001 -4.662953e-001  -0.000000e+000
    outer loop
      vertex -3.232403e+001 -2.200437e+001 -7.500000e+000
      vertex -3.232403e+001 -2.200437e+001  5.750000e+001
      vertex -3.312104e+001 -2.049232e+001 -7.500000e+000
    endloop
  endfacet
  facet normal -8.846291e-001 -4.662953e-001  0.000000e+000
    outer loop
      vertex -3.312104e+001 -2.049232e+001 -7.500000e+000
      vertex -3.232403e+001 -2.200437e+001  5.750000e+001
      vertex -3.312104e+001 -2.049232e+001  5.750000e+001
    endloop
  endfacet
  facet normal -9.052195e-001 -4.249443e-001  -0.000000e+000
    outer loop
      vertex -3.312104e+001 -2.049232e+001 -7.500000e+000
      vertex -3.312104e+001 -2.049232e+001  5.750000e+001
      vertex -3.384737e+001 -1.894508e+001 -7.500000e+000
    endloop
  endfacet
  facet normal -9.052195e-001 -4.249443e-001  0.000000e+000
    outer loop
      vertex -3.384737e+001 -1.894508e+001 -7.500000e+000
      vertex -3.312104e+001 -2.049232e+001  5.750000e+001
      vertex -3.384737e+001 -1.894508e+001  5.750000e+001
    endloop
  endfacet
  facet normal -9.238797e-001 -3.826829e-001  -0.000000e+000
    outer loop
      vertex -3.384737e+001 -1.894508e+001 -7.500000e+000
      vertex -3.384737e+001 -1.894508e+001  5.750000e+001
      vertex -3.450147e+001 -1.736594e+001 -7.500000e+000
    endloop
  endfacet
  facet normal -9.238797e-001 -3.826829e-001  0.000000e+000
    outer loop
      vertex -3.450147e+001 -1.736594e+001 -7.500000e+000
      vertex -3.384737e+001 -1.894508e+001  5.750000e+001
      vertex -3.450147e+001 -1.736594e+001  5.750000e+001
    endloop
  endfacet
  facet normal -9.405675e-001 -3.396069e-001  -0.000000e+000
    outer loop
      vertex -3.450147e+001 -1.736594e+001 -7.500000e+000
      vertex -3.450147e+001 -1.736594e+001  5.750000e+001
      vertex -3.508194e+001 -1.575828e+001 -7.500000e+000
    endloop
  endfacet
  facet normal -9.405675e-001 -3.396069e-001  0.000000e+000
    outer loop
      vertex -3.508194e+001 -1.575828e+001 -7.500000e+000
      vertex -3.450147e+001 -1.736594e+001  5.750000e+001
      vertex -3.508194e+001 -1.575828e+001  5.750000e+001
    endloop
  endfacet
  facet normal -9.552482e-001 -2.958055e-001  -0.000000e+000
    outer loop
      vertex -3.508194e+001 -1.575828e+001 -7.500000e+000
      vertex -3.508194e+001 -1.575828e+001  5.750000e+001
      vertex -3.558755e+001 -1.412553e+001 -7.500000e+000
    endloop
  endfacet
  facet normal -9.552482e-001 -2.958055e-001  0.000000e+000
    outer loop
      vertex -3.558755e+001 -1.412553e+001 -7.500000e+000
      vertex -3.508194e+001 -1.575828e+001  5.750000e+001
      vertex -3.558755e+001 -1.412553e+001  5.750000e+001
    endloop
  endfacet
  facet normal -9.678898e-001 -2.513748e-001  -0.000000e+000
    outer loop
      vertex -3.558755e+001 -1.412553e+001 -7.500000e+000
      vertex -3.558755e+001 -1.412553e+001  5.750000e+001
      vertex -3.601721e+001 -1.247117e+001 -7.500000e+000
    endloop
  endfacet
  facet normal -9.678898e-001 -2.513748e-001  0.000000e+000
    outer loop
      vertex -3.601721e+001 -1.247117e+001 -7.500000e+000
      vertex -3.558755e+001 -1.412553e+001  5.750000e+001
      vertex -3.601721e+001 -1.247117e+001  5.750000e+001
    endloop
  endfacet
  facet normal -9.784665e-001 -2.064061e-001  -0.000000e+000
    outer loop
      vertex -3.601721e+001 -1.247117e+001 -7.500000e+000
      vertex -3.601721e+001 -1.247117e+001  5.750000e+001
      vertex -3.637001e+001 -1.079873e+001 -7.500000e+000
    endloop
  endfacet
  facet normal -9.784665e-001 -2.064061e-001  0.000000e+000
    outer loop
      vertex -3.637001e+001 -1.079873e+001 -7.500000e+000
      vertex -3.601721e+001 -1.247117e+001  5.750000e+001
      vertex -3.637001e+001 -1.079873e+001  5.750000e+001
    endloop
  endfacet
  facet normal -9.869551e-001 -1.609956e-001  -0.000000e+000
    outer loop
      vertex -3.637001e+001 -1.079873e+001 -7.500000e+000
      vertex -3.637001e+001 -1.079873e+001  5.750000e+001
      vertex -3.664519e+001 -9.111785e+000 -7.500000e+000
    endloop
  endfacet
  facet normal -9.869551e-001 -1.609956e-001  0.000000e+000
    outer loop
      vertex -3.664519e+001 -9.111785e+000 -7.500000e+000
      vertex -3.637001e+001 -1.079873e+001  5.750000e+001
      vertex -3.664519e+001 -9.111785e+000  5.750000e+001
    endloop
  endfacet
  facet normal -9.933375e-001 -1.152415e-001  -0.000000e+000
    outer loop
      vertex -3.664519e+001 -9.111785e+000 -7.500000e+000
      vertex -3.664519e+001 -9.111785e+000  5.750000e+001
      vertex -3.684216e+001 -7.413929e+000 -7.500000e+000
    endloop
  endfacet
  facet normal -9.933375e-001 -1.152415e-001  0.000000e+000
    outer loop
      vertex -3.684216e+001 -7.413929e+000 -7.500000e+000
      vertex -3.664519e+001 -9.111785e+000  5.750000e+001
      vertex -3.684216e+001 -7.413929e+000  5.750000e+001
    endloop
  endfacet
  facet normal -9.975996e-001 -6.924617e-002  -0.000000e+000
    outer loop
      vertex -3.684216e+001 -7.413929e+000 -7.500000e+000
      vertex -3.684216e+001 -7.413929e+000  5.750000e+001
      vertex -3.696052e+001 -5.708788e+000 -7.500000e+000
    endloop
  endfacet
  facet normal -9.975996e-001 -6.924617e-002  0.000000e+000
    outer loop
      vertex -3.696052e+001 -5.708788e+000 -7.500000e+000
      vertex -3.684216e+001 -7.413929e+000  5.750000e+001
      vertex -3.696052e+001 -5.708788e+000  5.750000e+001
    endloop
  endfacet
  facet normal -9.997332e-001  2.309694e-002  0.000000e+000
    outer loop
      vertex -3.700000e+001 -4.000000e+000 -7.500000e+000
      vertex -3.700000e+001 -4.000000e+000  2.390000e+001
      vertex -3.696052e+001 -2.291212e+000 -7.500000e+000
    endloop
  endfacet
  facet normal -9.997332e-001  2.309694e-002  0.000000e+000
    outer loop
      vertex -3.696052e+001 -2.291212e+000 -7.500000e+000
      vertex -3.700000e+001 -4.000000e+000  2.390000e+001
      vertex -3.696052e+001 -2.291212e+000  2.390000e+001
    endloop
  endfacet
  facet normal -9.975996e-001  6.924617e-002  0.000000e+000
    outer loop
      vertex -3.696052e+001 -2.291212e+000 -7.500000e+000
      vertex -3.696052e+001 -2.291212e+000  2.390000e+001
      vertex -3.684216e+001 -5.860707e-001 -7.500000e+000
    endloop
  endfacet
  facet normal -9.975996e-001  6.924617e-002  0.000000e+000
    outer loop
      vertex -3.684216e+001 -5.860707e-001 -7.500000e+000
      vertex -3.696052e+001 -2.291212e+000  2.390000e+001
      vertex -3.684216e+001 -5.860707e-001  2.390000e+001
    endloop
  endfacet
  facet normal -9.933375e-001  1.152414e-001  0.000000e+000
    outer loop
      vertex -3.684216e+001 -5.860707e-001 -7.500000e+000
      vertex -3.684216e+001 -5.860707e-001  2.390000e+001
      vertex -3.664519e+001  1.111785e+000 -7.500000e+000
    endloop
  endfacet
  facet normal -9.933375e-001  1.152414e-001  0.000000e+000
    outer loop
      vertex -3.664519e+001  1.111785e+000 -7.500000e+000
      vertex -3.684216e+001 -5.860707e-001  2.390000e+001
      vertex -3.664519e+001  1.111785e+000  2.390000e+001
    endloop
  endfacet
  facet normal -9.869551e-001  1.609956e-001  0.000000e+000
    outer loop
      vertex -3.664519e+001  1.111785e+000 -7.500000e+000
      vertex -3.664519e+001  1.111785e+000  2.390000e+001
      vertex -3.637001e+001  2.798732e+000 -7.500000e+000
    endloop
  endfacet
  facet normal -9.869551e-001  1.609956e-001  0.000000e+000
    outer loop
      vertex -3.637001e+001  2.798732e+000 -7.500000e+000
      vertex -3.664519e+001  1.111785e+000  2.390000e+001
      vertex -3.637001e+001  2.798732e+000  2.390000e+001
    endloop
  endfacet
  facet normal -9.784665e-001  2.064061e-001  0.000000e+000
    outer loop
      vertex -3.637001e+001  2.798732e+000 -7.500000e+000
      vertex -3.637001e+001  2.798732e+000  2.390000e+001
      vertex -3.601721e+001  4.471170e+000 -7.500000e+000
    endloop
  endfacet
  facet normal -9.784665e-001  2.064061e-001  0.000000e+000
    outer loop
      vertex -3.601721e+001  4.471170e+000 -7.500000e+000
      vertex -3.637001e+001  2.798732e+000  2.390000e+001
      vertex -3.601721e+001  4.471170e+000  2.390000e+001
    endloop
  endfacet
  facet normal -9.678898e-001  2.513747e-001  0.000000e+000
    outer loop
      vertex -3.601721e+001  4.471170e+000 -7.500000e+000
      vertex -3.601721e+001  4.471170e+000  2.390000e+001
      vertex -3.558755e+001  6.125531e+000 -7.500000e+000
    endloop
  endfacet
  facet normal -9.678898e-001  2.513747e-001  0.000000e+000
    outer loop
      vertex -3.558755e+001  6.125531e+000 -7.500000e+000
      vertex -3.601721e+001  4.471170e+000  2.390000e+001
      vertex -3.558755e+001  6.125531e+000  2.390000e+001
    endloop
  endfacet
  facet normal -9.552482e-001  2.958056e-001  0.000000e+000
    outer loop
      vertex -3.558755e+001  6.125531e+000 -7.500000e+000
      vertex -3.558755e+001  6.125531e+000  2.390000e+001
      vertex -3.508194e+001  7.758283e+000 -7.500000e+000
    endloop
  endfacet
  facet normal -9.552482e-001  2.958056e-001  0.000000e+000
    outer loop
      vertex -3.508194e+001  7.758283e+000 -7.500000e+000
      vertex -3.558755e+001  6.125531e+000  2.390000e+001
      vertex -3.508194e+001  7.758283e+000  2.390000e+001
    endloop
  endfacet
  facet normal -9.405675e-001  3.396069e-001  0.000000e+000
    outer loop
      vertex -3.508194e+001  7.758283e+000 -7.500000e+000
      vertex -3.508194e+001  7.758283e+000  2.390000e+001
      vertex -3.450147e+001  9.365942e+000 -7.500000e+000
    endloop
  endfacet
  facet normal -9.405675e-001  3.396069e-001  0.000000e+000
    outer loop
      vertex -3.450147e+001  9.365942e+000 -7.500000e+000
      vertex -3.508194e+001  7.758283e+000  2.390000e+001
      vertex -3.450147e+001  9.365942e+000  2.390000e+001
    endloop
  endfacet
  facet normal -9.238796e-001  3.826831e-001  0.000000e+000
    outer loop
      vertex -3.450147e+001  9.365942e+000 -7.500000e+000
      vertex -3.450147e+001  9.365942e+000  2.390000e+001
      vertex -3.384737e+001  1.094508e+001 -7.500000e+000
    endloop
  endfacet
  facet normal -9.238796e-001  3.826831e-001  0.000000e+000
    outer loop
      vertex -3.384737e+001  1.094508e+001 -7.500000e+000
      vertex -3.450147e+001  9.365942e+000  2.390000e+001
      vertex -3.384737e+001  1.094508e+001  2.390000e+001
    endloop
  endfacet
  facet normal -9.052196e-001  4.249441e-001  0.000000e+000
    outer loop
      vertex -3.384737e+001  1.094508e+001 -7.500000e+000
      vertex -3.384737e+001  1.094508e+001  2.390000e+001
      vertex -3.312104e+001  1.249232e+001 -7.500000e+000
    endloop
  endfacet
  facet normal -9.052196e-001  4.249441e-001  0.000000e+000
    outer loop
      vertex -3.312104e+001  1.249232e+001 -7.500000e+000
      vertex -3.384737e+001  1.094508e+001  2.390000e+001
      vertex -3.312104e+001  1.249232e+001  2.390000e+001
    endloop
  endfacet
  facet normal -8.846291e-001  4.662953e-001  0.000000e+000
    outer loop
      vertex -3.312104e+001  1.249232e+001 -7.500000e+000
      vertex -3.312104e+001  1.249232e+001  2.390000e+001
      vertex -3.232403e+001  1.400437e+001 -7.500000e+000
    endloop
  endfacet
  facet normal -8.846291e-001  4.662953e-001  0.000000e+000
    outer loop
      vertex -3.232403e+001  1.400437e+001 -7.500000e+000
      vertex -3.312104e+001  1.249232e+001  2.390000e+001
      vertex -3.232403e+001  1.400437e+001  2.390000e+001
    endloop
  endfacet
  facet normal -8.621500e-001  5.066531e-001  0.000000e+000
    outer loop
      vertex -3.232403e+001  1.400437e+001 -7.500000e+000
      vertex -3.232403e+001  1.400437e+001  2.390000e+001
      vertex -3.145803e+001  1.547799e+001 -7.500000e+000
    endloop
  endfacet
  facet normal -8.621500e-001  5.066531e-001  0.000000e+000
    outer loop
      vertex -3.145803e+001  1.547799e+001 -7.500000e+000
      vertex -3.232403e+001  1.400437e+001  2.390000e+001
      vertex -3.145803e+001  1.547799e+001  2.390000e+001
    endloop
  endfacet
  facet normal -8.378307e-001  5.459303e-001  0.000000e+000
    outer loop
      vertex -3.145803e+001  1.547799e+001 -7.500000e+000
      vertex -3.145803e+001  1.547799e+001  2.390000e+001
      vertex -3.052491e+001  1.691005e+001 -7.500000e+000
    endloop
  endfacet
  facet normal -8.378307e-001  5.459303e-001  0.000000e+000
    outer loop
      vertex -3.052491e+001  1.691005e+001 -7.500000e+000
      vertex -3.145803e+001  1.547799e+001  2.390000e+001
      vertex -3.052491e+001  1.691005e+001  2.390000e+001
    endloop
  endfacet
  facet normal -8.117242e-001  5.840411e-001  0.000000e+000
    outer loop
      vertex -3.052491e+001  1.691005e+001 -7.500000e+000
      vertex -3.052491e+001  1.691005e+001  2.390000e+001
      vertex -2.952664e+001  1.829748e+001 -7.500000e+000
    endloop
  endfacet
  facet normal -8.117242e-001  5.840411e-001  0.000000e+000
    outer loop
      vertex -2.952664e+001  1.829748e+001 -7.500000e+000
      vertex -3.052491e+001  1.691005e+001  2.390000e+001
      vertex -2.952664e+001  1.829748e+001  2.390000e+001
    endloop
  endfacet
  facet normal -7.838843e-001  6.209069e-001  0.000000e+000
    outer loop
      vertex -2.952664e+001  1.829748e+001 -7.500000e+000
      vertex -2.952664e+001  1.829748e+001  2.390000e+001
      vertex -2.846536e+001  1.963733e+001 -7.500000e+000
    endloop
  endfacet
  facet normal -7.838843e-001  6.209069e-001  0.000000e+000
    outer loop
      vertex -2.846536e+001  1.963733e+001 -7.500000e+000
      vertex -2.952664e+001  1.829748e+001  2.390000e+001
      vertex -2.846536e+001  1.963733e+001  2.390000e+001
    endloop
  endfacet
  facet normal -7.543731e-001  6.564459e-001  0.000000e+000
    outer loop
      vertex -2.846536e+001  1.963733e+001 -7.500000e+000
      vertex -2.846536e+001  1.963733e+001  2.390000e+001
      vertex -2.734333e+001  2.092674e+001 -7.500000e+000
    endloop
  endfacet
  facet normal -7.543731e-001  6.564459e-001  0.000000e+000
    outer loop
      vertex -2.734333e+001  2.092674e+001 -7.500000e+000
      vertex -2.846536e+001  1.963733e+001  2.390000e+001
      vertex -2.734333e+001  2.092674e+001  2.390000e+001
    endloop
  endfacet
  facet normal -7.232505e-001  6.905858e-001  0.000000e+000
    outer loop
      vertex -2.734333e+001  2.092674e+001 -7.500000e+000
      vertex -2.734333e+001  2.092674e+001  2.390000e+001
      vertex -2.616295e+001  2.216295e+001 -7.500000e+000
    endloop
  endfacet
  facet normal -7.232505e-001  6.905858e-001  0.000000e+000
    outer loop
      vertex -2.616295e+001  2.216295e+001 -7.500000e+000
      vertex -2.734333e+001  2.092674e+001  2.390000e+001
      vertex -2.616295e+001  2.216295e+001  2.390000e+001
    endloop
  endfacet
  facet normal -6.905858e-001  7.232505e-001  0.000000e+000
    outer loop
      vertex -2.616295e+001  2.216295e+001 -7.500000e+000
      vertex -2.616295e+001  2.216295e+001  2.390000e+001
      vertex -2.492674e+001  2.334333e+001 -7.500000e+000
    endloop
  endfacet
  facet normal -6.905858e-001  7.232505e-001  0.000000e+000
    outer loop
      vertex -2.492674e+001  2.334333e+001 -7.500000e+000
      vertex -2.616295e+001  2.216295e+001  2.390000e+001
      vertex -2.492674e+001  2.334333e+001  2.390000e+001
    endloop
  endfacet
  facet normal -6.564459e-001  7.543731e-001  0.000000e+000
    outer loop
      vertex -2.492674e+001  2.334333e+001 -7.500000e+000
      vertex -2.492674e+001  2.334333e+001  2.390000e+001
      vertex -2.363733e+001  2.446536e+001 -7.500000e+000
    endloop
  endfacet
  facet normal -6.564459e-001  7.543731e-001  0.000000e+000
    outer loop
      vertex -2.363733e+001  2.446536e+001 -7.500000e+000
      vertex -2.492674e+001  2.334333e+001  2.390000e+001
      vertex -2.363733e+001  2.446536e+001  2.390000e+001
    endloop
  endfacet
  facet normal -6.209069e-001  7.838843e-001  0.000000e+000
    outer loop
      vertex -2.363733e+001  2.446536e+001 -7.500000e+000
      vertex -2.363733e+001  2.446536e+001  2.390000e+001
      vertex -2.229748e+001  2.552664e+001 -7.500000e+000
    endloop
  endfacet
  facet normal -6.209069e-001  7.838843e-001  0.000000e+000
    outer loop
      vertex -2.229748e+001  2.552664e+001 -7.500000e+000
      vertex -2.363733e+001  2.446536e+001  2.390000e+001
      vertex -2.229748e+001  2.552664e+001  2.390000e+001
    endloop
  endfacet
  facet normal -5.840411e-001  8.117242e-001  0.000000e+000
    outer loop
      vertex -2.229748e+001  2.552664e+001 -7.500000e+000
      vertex -2.229748e+001  2.552664e+001  2.390000e+001
      vertex -2.091005e+001  2.652491e+001 -7.500000e+000
    endloop
  endfacet
  facet normal -5.840411e-001  8.117242e-001  0.000000e+000
    outer loop
      vertex -2.091005e+001  2.652491e+001 -7.500000e+000
      vertex -2.229748e+001  2.552664e+001  2.390000e+001
      vertex -2.091005e+001  2.652491e+001  2.390000e+001
    endloop
  endfacet
  facet normal -5.459300e-001  8.378308e-001  0.000000e+000
    outer loop
      vertex -2.091005e+001  2.652491e+001 -7.500000e+000
      vertex -2.091005e+001  2.652491e+001  2.390000e+001
      vertex -1.947799e+001  2.745803e+001 -7.500000e+000
    endloop
  endfacet
  facet normal -5.459300e-001  8.378308e-001  0.000000e+000
    outer loop
      vertex -1.947799e+001  2.745803e+001 -7.500000e+000
      vertex -2.091005e+001  2.652491e+001  2.390000e+001
      vertex -1.947799e+001  2.745803e+001  2.390000e+001
    endloop
  endfacet
  facet normal -5.066534e-001  8.621498e-001  0.000000e+000
    outer loop
      vertex -1.947799e+001  2.745803e+001 -7.500000e+000
      vertex -1.947799e+001  2.745803e+001  2.390000e+001
      vertex -1.800437e+001  2.832403e+001 -7.500000e+000
    endloop
  endfacet
  facet normal -5.066534e-001  8.621498e-001  0.000000e+000
    outer loop
      vertex -1.800437e+001  2.832403e+001 -7.500000e+000
      vertex -1.947799e+001  2.745803e+001  2.390000e+001
      vertex -1.800437e+001  2.832403e+001  2.390000e+001
    endloop
  endfacet
  facet normal -4.662962e-001  8.846287e-001  0.000000e+000
    outer loop
      vertex -1.800437e+001  2.832403e+001 -7.500000e+000
      vertex -1.800437e+001  2.832403e+001  2.390000e+001
      vertex -1.649232e+001  2.912104e+001 -7.500000e+000
    endloop
  endfacet
  facet normal -4.662962e-001  8.846287e-001  0.000000e+000
    outer loop
      vertex -1.649232e+001  2.912104e+001 -7.500000e+000
      vertex -1.800437e+001  2.832403e+001  2.390000e+001
      vertex -1.649232e+001  2.912104e+001  2.390000e+001
    endloop
  endfacet
  facet normal -4.249432e-001  9.052200e-001  0.000000e+000
    outer loop
      vertex -1.649232e+001  2.912104e+001 -7.500000e+000
      vertex -1.649232e+001  2.912104e+001  2.390000e+001
      vertex -1.494508e+001  2.984737e+001 -7.500000e+000
    endloop
  endfacet
  facet normal -4.249432e-001  9.052200e-001  0.000000e+000
    outer loop
      vertex -1.494508e+001  2.984737e+001 -7.500000e+000
      vertex -1.649232e+001  2.912104e+001  2.390000e+001
      vertex -1.494508e+001  2.984737e+001  2.390000e+001
    endloop
  endfacet
  facet normal -3.826831e-001  9.238796e-001  0.000000e+000
    outer loop
      vertex -1.494508e+001  2.984737e+001 -7.500000e+000
      vertex -1.494508e+001  2.984737e+001  2.390000e+001
      vertex -1.336594e+001  3.050147e+001 -7.500000e+000
    endloop
  endfacet
  facet normal -3.826831e-001  9.238796e-001  0.000000e+000
    outer loop
      vertex -1.336594e+001  3.050147e+001 -7.500000e+000
      vertex -1.494508e+001  2.984737e+001  2.390000e+001
      vertex -1.336594e+001  3.050147e+001  2.390000e+001
    endloop
  endfacet
  facet normal -3.396069e-001  9.405675e-001  0.000000e+000
    outer loop
      vertex -1.336594e+001  3.050147e+001 -7.500000e+000
      vertex -1.336594e+001  3.050147e+001  2.390000e+001
      vertex -1.175828e+001  3.108194e+001 -7.500000e+000
    endloop
  endfacet
  facet normal -3.396069e-001  9.405675e-001  0.000000e+000
    outer loop
      vertex -1.175828e+001  3.108194e+001 -7.500000e+000
      vertex -1.336594e+001  3.050147e+001  2.390000e+001
      vertex -1.175828e+001  3.108194e+001  2.390000e+001
    endloop
  endfacet
  facet normal -2.958065e-001  9.552479e-001  0.000000e+000
    outer loop
      vertex -1.175828e+001  3.108194e+001 -7.500000e+000
      vertex -1.175828e+001  3.108194e+001  2.390000e+001
      vertex -1.012553e+001  3.158755e+001 -7.500000e+000
    endloop
  endfacet
  facet normal -2.958065e-001  9.552479e-001  0.000000e+000
    outer loop
      vertex -1.012553e+001  3.158755e+001 -7.500000e+000
      vertex -1.175828e+001  3.108194e+001  2.390000e+001
      vertex -1.012553e+001  3.158755e+001  2.390000e+001
    endloop
  endfacet
  facet normal -2.513737e-001  9.678901e-001  0.000000e+000
    outer loop
      vertex -1.012553e+001  3.158755e+001 -7.500000e+000
      vertex -1.012553e+001  3.158755e+001  2.390000e+001
      vertex -8.471170e+000  3.201721e+001 -7.500000e+000
    endloop
  endfacet
  facet normal -2.513737e-001  9.678901e-001  0.000000e+000
    outer loop
      vertex -8.471170e+000  3.201721e+001 -7.500000e+000
      vertex -1.012553e+001  3.158755e+001  2.390000e+001
      vertex -8.471170e+000  3.201721e+001  2.390000e+001
    endloop
  endfacet
  facet normal -2.064061e-001  9.784664e-001  0.000000e+000
    outer loop
      vertex -8.471170e+000  3.201721e+001 -7.500000e+000
      vertex -8.471170e+000  3.201721e+001  2.390000e+001
      vertex -6.798732e+000  3.237001e+001 -7.500000e+000
    endloop
  endfacet
  facet normal -2.064061e-001  9.784664e-001  0.000000e+000
    outer loop
      vertex -6.798732e+000  3.237001e+001 -7.500000e+000
      vertex -8.471170e+000  3.201721e+001  2.390000e+001
      vertex -6.798732e+000  3.237001e+001  2.390000e+001
    endloop
  endfacet
  facet normal -1.609956e-001  9.869550e-001  0.000000e+000
    outer loop
      vertex -6.798732e+000  3.237001e+001 -7.500000e+000
      vertex -6.798732e+000  3.237001e+001  2.390000e+001
      vertex -5.111785e+000  3.264519e+001 -7.500000e+000
    endloop
  endfacet
  facet normal -1.609956e-001  9.869550e-001  0.000000e+000
    outer loop
      vertex -5.111785e+000  3.264519e+001 -7.500000e+000
      vertex -6.798732e+000  3.237001e+001  2.390000e+001
      vertex -5.111785e+000  3.264519e+001  2.390000e+001
    endloop
  endfacet
  facet normal -1.152415e-001  9.933375e-001  0.000000e+000
    outer loop
      vertex -5.111785e+000  3.264519e+001 -7.500000e+000
      vertex -5.111785e+000  3.264519e+001  2.390000e+001
      vertex -3.413929e+000  3.284216e+001 -7.500000e+000
    endloop
  endfacet
  facet normal -1.152415e-001  9.933375e-001  0.000000e+000
    outer loop
      vertex -3.413929e+000  3.284216e+001 -7.500000e+000
      vertex -5.111785e+000  3.264519e+001  2.390000e+001
      vertex -3.413929e+000  3.284216e+001  2.390000e+001
    endloop
  endfacet
  facet normal -6.924617e-002  9.975996e-001  0.000000e+000
    outer loop
      vertex -3.413929e+000  3.284216e+001 -7.500000e+000
      vertex -3.413929e+000  3.284216e+001  2.390000e+001
      vertex -1.708788e+000  3.296052e+001 -7.500000e+000
    endloop
  endfacet
  facet normal -6.924617e-002  9.975996e-001  0.000000e+000
    outer loop
      vertex -1.708788e+000  3.296052e+001 -7.500000e+000
      vertex -3.413929e+000  3.284216e+001  2.390000e+001
      vertex -1.708788e+000  3.296052e+001  2.390000e+001
    endloop
  endfacet
  facet normal -2.309694e-002  9.997332e-001  0.000000e+000
    outer loop
      vertex -1.708788e+000  3.296052e+001 -7.500000e+000
      vertex -1.708788e+000  3.296052e+001  2.390000e+001
      vertex  2.265522e-015  3.300000e+001 -7.500000e+000
    endloop
  endfacet
  facet normal -2.309694e-002  9.997332e-001 -6.893001e-018
    outer loop
      vertex  2.265522e-015  3.300000e+001 -7.500000e+000
      vertex -1.708788e+000  3.296052e+001  2.390000e+001
      vertex -7.105427e-015  3.300000e+001  2.390000e+001
    endloop
  endfacet
  facet normal  2.309694e-002  9.997332e-001  6.893001e-018
    outer loop
      vertex  2.265522e-015  3.300000e+001 -7.500000e+000
      vertex -7.105427e-015  3.300000e+001  2.390000e+001
      vertex  1.708788e+000  3.296052e+001 -7.500000e+000
    endloop
  endfacet
  facet normal  2.309694e-002  9.997332e-001  -0.000000e+000
    outer loop
      vertex  1.708788e+000  3.296052e+001 -7.500000e+000
      vertex -7.105427e-015  3.300000e+001  2.390000e+001
      vertex  1.708788e+000  3.296052e+001  2.390000e+001
    endloop
  endfacet
  facet normal  6.924617e-002  9.975996e-001  0.000000e+000
    outer loop
      vertex  1.708788e+000  3.296052e+001 -7.500000e+000
      vertex  1.708788e+000  3.296052e+001  2.390000e+001
      vertex  3.413929e+000  3.284216e+001 -7.500000e+000
    endloop
  endfacet
  facet normal  6.924617e-002  9.975996e-001  -0.000000e+000
    outer loop
      vertex  3.413929e+000  3.284216e+001 -7.500000e+000
      vertex  1.708788e+000  3.296052e+001  2.390000e+001
      vertex  3.413929e+000  3.284216e+001  2.390000e+001
    endloop
  endfacet
  facet normal  1.152415e-001  9.933375e-001  0.000000e+000
    outer loop
      vertex  3.413929e+000  3.284216e+001 -7.500000e+000
      vertex  3.413929e+000  3.284216e+001  2.390000e+001
      vertex  5.111785e+000  3.264519e+001 -7.500000e+000
    endloop
  endfacet
  facet normal  1.152415e-001  9.933375e-001  -0.000000e+000
    outer loop
      vertex  5.111785e+000  3.264519e+001 -7.500000e+000
      vertex  3.413929e+000  3.284216e+001  2.390000e+001
      vertex  5.111785e+000  3.264519e+001  2.390000e+001
    endloop
  endfacet
  facet normal  1.609956e-001  9.869550e-001  0.000000e+000
    outer loop
      vertex  5.111785e+000  3.264519e+001 -7.500000e+000
      vertex  5.111785e+000  3.264519e+001  2.390000e+001
      vertex  6.798732e+000  3.237001e+001 -7.500000e+000
    endloop
  endfacet
  facet normal  1.609956e-001  9.869550e-001  -0.000000e+000
    outer loop
      vertex  6.798732e+000  3.237001e+001 -7.500000e+000
      vertex  5.111785e+000  3.264519e+001  2.390000e+001
      vertex  6.798732e+000  3.237001e+001  2.390000e+001
    endloop
  endfacet
  facet normal  2.064061e-001  9.784664e-001  0.000000e+000
    outer loop
      vertex  6.798732e+000  3.237001e+001 -7.500000e+000
      vertex  6.798732e+000  3.237001e+001  2.390000e+001
      vertex  8.471170e+000  3.201721e+001 -7.500000e+000
    endloop
  endfacet
  facet normal  2.064061e-001  9.784664e-001  -0.000000e+000
    outer loop
      vertex  8.471170e+000  3.201721e+001 -7.500000e+000
      vertex  6.798732e+000  3.237001e+001  2.390000e+001
      vertex  8.471170e+000  3.201721e+001  2.390000e+001
    endloop
  endfacet
  facet normal  2.513737e-001  9.678901e-001  0.000000e+000
    outer loop
      vertex  8.471170e+000  3.201721e+001 -7.500000e+000
      vertex  8.471170e+000  3.201721e+001  2.390000e+001
      vertex  1.012553e+001  3.158755e+001 -7.500000e+000
    endloop
  endfacet
  facet normal  2.513737e-001  9.678901e-001  -0.000000e+000
    outer loop
      vertex  1.012553e+001  3.158755e+001 -7.500000e+000
      vertex  8.471170e+000  3.201721e+001  2.390000e+001
      vertex  1.012553e+001  3.158755e+001  2.390000e+001
    endloop
  endfacet
  facet normal  2.958065e-001  9.552479e-001  0.000000e+000
    outer loop
      vertex  1.012553e+001  3.158755e+001 -7.500000e+000
      vertex  1.012553e+001  3.158755e+001  2.390000e+001
      vertex  1.175828e+001  3.108194e+001 -7.500000e+000
    endloop
  endfacet
  facet normal  2.958065e-001  9.552479e-001  -0.000000e+000
    outer loop
      vertex  1.175828e+001  3.108194e+001 -7.500000e+000
      vertex  1.012553e+001  3.158755e+001  2.390000e+001
      vertex  1.175828e+001  3.108194e+001  2.390000e+001
    endloop
  endfacet
  facet normal  3.396069e-001  9.405675e-001  0.000000e+000
    outer loop
      vertex  1.175828e+001  3.108194e+001 -7.500000e+000
      vertex  1.175828e+001  3.108194e+001  2.390000e+001
      vertex  1.336594e+001  3.050147e+001 -7.500000e+000
    endloop
  endfacet
  facet normal  3.396069e-001  9.405675e-001  -0.000000e+000
    outer loop
      vertex  1.336594e+001  3.050147e+001 -7.500000e+000
      vertex  1.175828e+001  3.108194e+001  2.390000e+001
      vertex  1.336594e+001  3.050147e+001  2.390000e+001
    endloop
  endfacet
  facet normal  3.826831e-001  9.238796e-001  0.000000e+000
    outer loop
      vertex  1.336594e+001  3.050147e+001 -7.500000e+000
      vertex  1.336594e+001  3.050147e+001  2.390000e+001
      vertex  1.494508e+001  2.984737e+001 -7.500000e+000
    endloop
  endfacet
  facet normal  3.826831e-001  9.238796e-001  -0.000000e+000
    outer loop
      vertex  1.494508e+001  2.984737e+001 -7.500000e+000
      vertex  1.336594e+001  3.050147e+001  2.390000e+001
      vertex  1.494508e+001  2.984737e+001  2.390000e+001
    endloop
  endfacet
  facet normal  4.249432e-001  9.052200e-001  0.000000e+000
    outer loop
      vertex  1.494508e+001  2.984737e+001 -7.500000e+000
      vertex  1.494508e+001  2.984737e+001  2.390000e+001
      vertex  1.649232e+001  2.912104e+001 -7.500000e+000
    endloop
  endfacet
  facet normal  4.249432e-001  9.052200e-001  -0.000000e+000
    outer loop
      vertex  1.649232e+001  2.912104e+001 -7.500000e+000
      vertex  1.494508e+001  2.984737e+001  2.390000e+001
      vertex  1.649232e+001  2.912104e+001  2.390000e+001
    endloop
  endfacet
  facet normal  4.662962e-001  8.846287e-001  0.000000e+000
    outer loop
      vertex  1.649232e+001  2.912104e+001 -7.500000e+000
      vertex  1.649232e+001  2.912104e+001  2.390000e+001
      vertex  1.800437e+001  2.832403e+001 -7.500000e+000
    endloop
  endfacet
  facet normal  4.662962e-001  8.846287e-001  -0.000000e+000
    outer loop
      vertex  1.800437e+001  2.832403e+001 -7.500000e+000
      vertex  1.649232e+001  2.912104e+001  2.390000e+001
      vertex  1.800437e+001  2.832403e+001  2.390000e+001
    endloop
  endfacet
  facet normal  5.066534e-001  8.621498e-001  0.000000e+000
    outer loop
      vertex  1.800437e+001  2.832403e+001 -7.500000e+000
      vertex  1.800437e+001  2.832403e+001  2.390000e+001
      vertex  1.947799e+001  2.745803e+001 -7.500000e+000
    endloop
  endfacet
  facet normal  5.066534e-001  8.621498e-001  -0.000000e+000
    outer loop
      vertex  1.947799e+001  2.745803e+001 -7.500000e+000
      vertex  1.800437e+001  2.832403e+001  2.390000e+001
      vertex  1.947799e+001  2.745803e+001  2.390000e+001
    endloop
  endfacet
  facet normal  5.459300e-001  8.378308e-001  0.000000e+000
    outer loop
      vertex  1.947799e+001  2.745803e+001 -7.500000e+000
      vertex  1.947799e+001  2.745803e+001  2.390000e+001
      vertex  2.091005e+001  2.652491e+001 -7.500000e+000
    endloop
  endfacet
  facet normal  5.459300e-001  8.378308e-001  -0.000000e+000
    outer loop
      vertex  2.091005e+001  2.652491e+001 -7.500000e+000
      vertex  1.947799e+001  2.745803e+001  2.390000e+001
      vertex  2.091005e+001  2.652491e+001  2.390000e+001
    endloop
  endfacet
  facet normal  5.840411e-001  8.117242e-001  0.000000e+000
    outer loop
      vertex  2.091005e+001  2.652491e+001 -7.500000e+000
      vertex  2.091005e+001  2.652491e+001  2.390000e+001
      vertex  2.229748e+001  2.552664e+001 -7.500000e+000
    endloop
  endfacet
  facet normal  5.840411e-001  8.117242e-001  -0.000000e+000
    outer loop
      vertex  2.229748e+001  2.552664e+001 -7.500000e+000
      vertex  2.091005e+001  2.652491e+001  2.390000e+001
      vertex  2.229748e+001  2.552664e+001  2.390000e+001
    endloop
  endfacet
  facet normal  6.209069e-001  7.838843e-001  0.000000e+000
    outer loop
      vertex  2.229748e+001  2.552664e+001 -7.500000e+000
      vertex  2.229748e+001  2.552664e+001  2.390000e+001
      vertex  2.363733e+001  2.446536e+001 -7.500000e+000
    endloop
  endfacet
  facet normal  6.209069e-001  7.838843e-001  -0.000000e+000
    outer loop
      vertex  2.363733e+001  2.446536e+001 -7.500000e+000
      vertex  2.229748e+001  2.552664e+001  2.390000e+001
      vertex  2.363733e+001  2.446536e+001  2.390000e+001
    endloop
  endfacet
  facet normal  6.564459e-001  7.543731e-001  0.000000e+000
    outer loop
      vertex  2.363733e+001  2.446536e+001 -7.500000e+000
      vertex  2.363733e+001  2.446536e+001  2.390000e+001
      vertex  2.492674e+001  2.334333e+001 -7.500000e+000
    endloop
  endfacet
  facet normal  6.564459e-001  7.543731e-001  -0.000000e+000
    outer loop
      vertex  2.492674e+001  2.334333e+001 -7.500000e+000
      vertex  2.363733e+001  2.446536e+001  2.390000e+001
      vertex  2.492674e+001  2.334333e+001  2.390000e+001
    endloop
  endfacet
  facet normal  6.905858e-001  7.232505e-001  0.000000e+000
    outer loop
      vertex  2.492674e+001  2.334333e+001 -7.500000e+000
      vertex  2.492674e+001  2.334333e+001  2.390000e+001
      vertex  2.616295e+001  2.216295e+001 -7.500000e+000
    endloop
  endfacet
  facet normal  6.905858e-001  7.232505e-001  -0.000000e+000
    outer loop
      vertex  2.616295e+001  2.216295e+001 -7.500000e+000
      vertex  2.492674e+001  2.334333e+001  2.390000e+001
      vertex  2.616295e+001  2.216295e+001  2.390000e+001
    endloop
  endfacet
  facet normal  7.232505e-001  6.905858e-001  0.000000e+000
    outer loop
      vertex  2.616295e+001  2.216295e+001 -7.500000e+000
      vertex  2.616295e+001  2.216295e+001  2.390000e+001
      vertex  2.734333e+001  2.092674e+001 -7.500000e+000
    endloop
  endfacet
  facet normal  7.232505e-001  6.905858e-001  -0.000000e+000
    outer loop
      vertex  2.734333e+001  2.092674e+001 -7.500000e+000
      vertex  2.616295e+001  2.216295e+001  2.390000e+001
      vertex  2.734333e+001  2.092674e+001  2.390000e+001
    endloop
  endfacet
  facet normal  7.543731e-001  6.564459e-001  0.000000e+000
    outer loop
      vertex  2.734333e+001  2.092674e+001 -7.500000e+000
      vertex  2.734333e+001  2.092674e+001  2.390000e+001
      vertex  2.846536e+001  1.963733e+001 -7.500000e+000
    endloop
  endfacet
  facet normal  7.543731e-001  6.564459e-001  -0.000000e+000
    outer loop
      vertex  2.846536e+001  1.963733e+001 -7.500000e+000
      vertex  2.734333e+001  2.092674e+001  2.390000e+001
      vertex  2.846536e+001  1.963733e+001  2.390000e+001
    endloop
  endfacet
  facet normal  7.838843e-001  6.209069e-001  0.000000e+000
    outer loop
      vertex  2.846536e+001  1.963733e+001 -7.500000e+000
      vertex  2.846536e+001  1.963733e+001  2.390000e+001
      vertex  2.952664e+001  1.829748e+001 -7.500000e+000
    endloop
  endfacet
  facet normal  7.838843e-001  6.209069e-001  -0.000000e+000
    outer loop
      vertex  2.952664e+001  1.829748e+001 -7.500000e+000
      vertex  2.846536e+001  1.963733e+001  2.390000e+001
      vertex  2.952664e+001  1.829748e+001  2.390000e+001
    endloop
  endfacet
  facet normal  8.117242e-001  5.840411e-001  0.000000e+000
    outer loop
      vertex  2.952664e+001  1.829748e+001 -7.500000e+000
      vertex  2.952664e+001  1.829748e+001  2.390000e+001
      vertex  3.052491e+001  1.691005e+001 -7.500000e+000
    endloop
  endfacet
  facet normal  8.117242e-001  5.840411e-001  -0.000000e+000
    outer loop
      vertex  3.052491e+001  1.691005e+001 -7.500000e+000
      vertex  2.952664e+001  1.829748e+001  2.390000e+001
      vertex  3.052491e+001  1.691005e+001  2.390000e+001
    endloop
  endfacet
  facet normal  8.378307e-001  5.459303e-001  0.000000e+000
    outer loop
      vertex  3.052491e+001  1.691005e+001 -7.500000e+000
      vertex  3.052491e+001  1.691005e+001  2.390000e+001
      vertex  3.145803e+001  1.547799e+001 -7.500000e+000
    endloop
  endfacet
  facet normal  8.378307e-001  5.459303e-001  -0.000000e+000
    outer loop
      vertex  3.145803e+001  1.547799e+001 -7.500000e+000
      vertex  3.052491e+001  1.691005e+001  2.390000e+001
      vertex  3.145803e+001  1.547799e+001  2.390000e+001
    endloop
  endfacet
  facet normal  8.621500e-001  5.066531e-001  0.000000e+000
    outer loop
      vertex  3.145803e+001  1.547799e+001 -7.500000e+000
      vertex  3.145803e+001  1.547799e+001  2.390000e+001
      vertex  3.232403e+001  1.400437e+001 -7.500000e+000
    endloop
  endfacet
  facet normal  8.621500e-001  5.066531e-001  -0.000000e+000
    outer loop
      vertex  3.232403e+001  1.400437e+001 -7.500000e+000
      vertex  3.145803e+001  1.547799e+001  2.390000e+001
      vertex  3.232403e+001  1.400437e+001  2.390000e+001
    endloop
  endfacet
  facet normal  8.846291e-001  4.662953e-001  0.000000e+000
    outer loop
      vertex  3.232403e+001  1.400437e+001 -7.500000e+000
      vertex  3.232403e+001  1.400437e+001  2.390000e+001
      vertex  3.312104e+001  1.249232e+001 -7.500000e+000
    endloop
  endfacet
  facet normal  8.846291e-001  4.662953e-001  -0.000000e+000
    outer loop
      vertex  3.312104e+001  1.249232e+001 -7.500000e+000
      vertex  3.232403e+001  1.400437e+001  2.390000e+001
      vertex  3.312104e+001  1.249232e+001  2.390000e+001
    endloop
  endfacet
  facet normal  9.052196e-001  4.249441e-001  0.000000e+000
    outer loop
      vertex  3.312104e+001  1.249232e+001 -7.500000e+000
      vertex  3.312104e+001  1.249232e+001  2.390000e+001
      vertex  3.384737e+001  1.094508e+001 -7.500000e+000
    endloop
  endfacet
  facet normal  9.052196e-001  4.249441e-001  -0.000000e+000
    outer loop
      vertex  3.384737e+001  1.094508e+001 -7.500000e+000
      vertex  3.312104e+001  1.249232e+001  2.390000e+001
      vertex  3.384737e+001  1.094508e+001  2.390000e+001
    endloop
  endfacet
  facet normal  9.238796e-001  3.826831e-001  0.000000e+000
    outer loop
      vertex  3.384737e+001  1.094508e+001 -7.500000e+000
      vertex  3.384737e+001  1.094508e+001  2.390000e+001
      vertex  3.450147e+001  9.365942e+000 -7.500000e+000
    endloop
  endfacet
  facet normal  9.238796e-001  3.826831e-001  -0.000000e+000
    outer loop
      vertex  3.450147e+001  9.365942e+000 -7.500000e+000
      vertex  3.384737e+001  1.094508e+001  2.390000e+001
      vertex  3.450147e+001  9.365942e+000  2.390000e+001
    endloop
  endfacet
  facet normal  9.405675e-001  3.396069e-001  0.000000e+000
    outer loop
      vertex  3.450147e+001  9.365942e+000 -7.500000e+000
      vertex  3.450147e+001  9.365942e+000  2.390000e+001
      vertex  3.508194e+001  7.758283e+000 -7.500000e+000
    endloop
  endfacet
  facet normal  9.405675e-001  3.396069e-001  -0.000000e+000
    outer loop
      vertex  3.508194e+001  7.758283e+000 -7.500000e+000
      vertex  3.450147e+001  9.365942e+000  2.390000e+001
      vertex  3.508194e+001  7.758283e+000  2.390000e+001
    endloop
  endfacet
  facet normal  9.552482e-001  2.958056e-001  0.000000e+000
    outer loop
      vertex  3.508194e+001  7.758283e+000 -7.500000e+000
      vertex  3.508194e+001  7.758283e+000  2.390000e+001
      vertex  3.558755e+001  6.125531e+000 -7.500000e+000
    endloop
  endfacet
  facet normal  9.552482e-001  2.958056e-001  -0.000000e+000
    outer loop
      vertex  3.558755e+001  6.125531e+000 -7.500000e+000
      vertex  3.508194e+001  7.758283e+000  2.390000e+001
      vertex  3.558755e+001  6.125531e+000  2.390000e+001
    endloop
  endfacet
  facet normal  9.678898e-001  2.513747e-001  0.000000e+000
    outer loop
      vertex  3.558755e+001  6.125531e+000 -7.500000e+000
      vertex  3.558755e+001  6.125531e+000  2.390000e+001
      vertex  3.601721e+001  4.471170e+000 -7.500000e+000
    endloop
  endfacet
  facet normal  9.678898e-001  2.513747e-001  -0.000000e+000
    outer loop
      vertex  3.601721e+001  4.471170e+000 -7.500000e+000
      vertex  3.558755e+001  6.125531e+000  2.390000e+001
      vertex  3.601721e+001  4.471170e+000  2.390000e+001
    endloop
  endfacet
  facet normal  9.784665e-001  2.064061e-001  0.000000e+000
    outer loop
      vertex  3.601721e+001  4.471170e+000 -7.500000e+000
      vertex  3.601721e+001  4.471170e+000  2.390000e+001
      vertex  3.637001e+001  2.798732e+000 -7.500000e+000
    endloop
  endfacet
  facet normal  9.784665e-001  2.064061e-001  -0.000000e+000
    outer loop
      vertex  3.637001e+001  2.798732e+000 -7.500000e+000
      vertex  3.601721e+001  4.471170e+000  2.390000e+001
      vertex  3.637001e+001  2.798732e+000  2.390000e+001
    endloop
  endfacet
  facet normal  9.869551e-001  1.609956e-001  0.000000e+000
    outer loop
      vertex  3.637001e+001  2.798732e+000 -7.500000e+000
      vertex  3.637001e+001  2.798732e+000  2.390000e+001
      vertex  3.664519e+001  1.111785e+000 -7.500000e+000
    endloop
  endfacet
  facet normal  9.869551e-001  1.609956e-001  -0.000000e+000
    outer loop
      vertex  3.664519e+001  1.111785e+000 -7.500000e+000
      vertex  3.637001e+001  2.798732e+000  2.390000e+001
      vertex  3.664519e+001  1.111785e+000  2.390000e+001
    endloop
  endfacet
  facet normal  9.933375e-001  1.152414e-001  0.000000e+000
    outer loop
      vertex  3.664519e+001  1.111785e+000 -7.500000e+000
      vertex  3.664519e+001  1.111785e+000  2.390000e+001
      vertex  3.684216e+001 -5.860707e-001 -7.500000e+000
    endloop
  endfacet
  facet normal  9.933375e-001  1.152414e-001  -0.000000e+000
    outer loop
      vertex  3.684216e+001 -5.860707e-001 -7.500000e+000
      vertex  3.664519e+001  1.111785e+000  2.390000e+001
      vertex  3.684216e+001 -5.860707e-001  2.390000e+001
    endloop
  endfacet
  facet normal  9.975996e-001  6.924617e-002  0.000000e+000
    outer loop
      vertex  3.684216e+001 -5.860707e-001 -7.500000e+000
      vertex  3.684216e+001 -5.860707e-001  2.390000e+001
      vertex  3.696052e+001 -2.291212e+000 -7.500000e+000
    endloop
  endfacet
  facet normal  9.975996e-001  6.924617e-002  -0.000000e+000
    outer loop
      vertex  3.696052e+001 -2.291212e+000 -7.500000e+000
      vertex  3.684216e+001 -5.860707e-001  2.390000e+001
      vertex  3.696052e+001 -2.291212e+000  2.390000e+001
    endloop
  endfacet
  facet normal  9.997332e-001  2.309694e-002  0.000000e+000
    outer loop
      vertex  3.696052e+001 -2.291212e+000 -7.500000e+000
      vertex  3.696052e+001 -2.291212e+000  2.390000e+001
      vertex  3.700000e+001 -4.000000e+000 -7.500000e+000
    endloop
  endfacet
  facet normal  9.997332e-001  2.309694e-002  -0.000000e+000
    outer loop
      vertex  3.700000e+001 -4.000000e+000 -7.500000e+000
      vertex  3.696052e+001 -2.291212e+000  2.390000e+001
      vertex  3.700000e+001 -4.000000e+000  2.390000e+001
    endloop
  endfacet
  facet normal  0.000000e+000  -0.000000e+000  1.000000e+000
    outer loop
      vertex -1.947799e+001  2.745803e+001  5.750000e+001
      vertex -9.579394e+000  2.757903e+001  5.750000e+001
      vertex -8.018346e+000  2.801103e+001  5.750000e+001
    endloop
  endfacet
  facet normal  0.000000e+000  -0.000000e+000  1.000000e+000
    outer loop
      vertex  1.111736e+001  2.707095e+001  5.750000e+001
      vertex  1.262855e+001  2.648802e+001  5.750000e+001
      vertex  2.091005e+001  2.652491e+001  5.750000e+001
    endloop
  endfacet
  facet normal  0.000000e+000  -0.000000e+000  1.000000e+000
    outer loop
      vertex  2.020600e-015  2.900000e+001  5.750000e+001
      vertex  1.619233e+000  2.896025e+001  5.750000e+001
      vertex  1.649232e+001  2.912104e+001  5.750000e+001
    endloop
  endfacet
  facet normal  0.000000e+000  0.000000e+000  1.000000e+000
    outer loop
      vertex  2.020600e-015  2.900000e+001  5.750000e+001
      vertex  1.649232e+001  2.912104e+001  5.750000e+001
      vertex  1.494508e+001  2.984737e+001  5.750000e+001
    endloop
  endfacet
  facet normal  0.000000e+000  0.000000e+000  1.000000e+000
    outer loop
      vertex  2.020600e-015  2.900000e+001  5.750000e+001
      vertex  1.494508e+001  2.984737e+001  5.750000e+001
      vertex  1.336594e+001  3.050147e+001  5.750000e+001
    endloop
  endfacet
  facet normal  0.000000e+000  0.000000e+000  1.000000e+000
    outer loop
      vertex  2.020600e-015  2.900000e+001  5.750000e+001
      vertex  1.336594e+001  3.050147e+001  5.750000e+001
      vertex  1.175828e+001  3.108194e+001  5.750000e+001
    endloop
  endfacet
  facet normal  0.000000e+000  0.000000e+000  1.000000e+000
    outer loop
      vertex  2.020600e-015  2.900000e+001  5.750000e+001
      vertex  1.175828e+001  3.108194e+001  5.750000e+001
      vertex  1.012553e+001  3.158755e+001  5.750000e+001
    endloop
  endfacet
  facet normal  0.000000e+000  0.000000e+000  1.000000e+000
    outer loop
      vertex  2.020600e-015  2.900000e+001  5.750000e+001
      vertex  1.012553e+001  3.158755e+001  5.750000e+001
      vertex  8.471170e+000  3.201721e+001  5.750000e+001
    endloop
  endfacet
  facet normal  0.000000e+000  0.000000e+000  1.000000e+000
    outer loop
      vertex  2.020600e-015  2.900000e+001  5.750000e+001
      vertex  8.471170e+000  3.201721e+001  5.750000e+001
      vertex  6.798732e+000  3.237001e+001  5.750000e+001
    endloop
  endfacet
  facet normal  0.000000e+000  0.000000e+000  9.999999e-001
    outer loop
      vertex  2.020600e-015  2.900000e+001  5.750000e+001
      vertex  6.798732e+000  3.237001e+001  5.750000e+001
      vertex  5.111785e+000  3.264519e+001  5.750000e+001
    endloop
  endfacet
  facet normal  0.000000e+000  0.000000e+000  1.000000e+000
    outer loop
      vertex  2.020600e-015  2.900000e+001  5.750000e+001
      vertex  5.111785e+000  3.264519e+001  5.750000e+001
      vertex  3.413929e+000  3.284216e+001  5.750000e+001
    endloop
  endfacet
  facet normal  0.000000e+000  0.000000e+000  1.000000e+000
    outer loop
      vertex  2.020600e-015  2.900000e+001  5.750000e+001
      vertex  3.413929e+000  3.284216e+001  5.750000e+001
      vertex  1.708788e+000  3.296052e+001  5.750000e+001
    endloop
  endfacet
  facet normal  0.000000e+000  0.000000e+000  1.000000e+000
    outer loop
      vertex  2.020600e-015  2.900000e+001  5.750000e+001
      vertex  1.708788e+000  3.296052e+001  5.750000e+001
      vertex  2.265522e-015  3.300000e+001  5.750000e+001
    endloop
  endfacet
  facet normal  0.000000e+000  0.000000e+000  1.000000e+000
    outer loop
      vertex  2.020600e-015  2.900000e+001  5.750000e+001
      vertex  2.265522e-015  3.300000e+001  5.750000e+001
      vertex -1.708788e+000  3.296052e+001  5.750000e+001
    endloop
  endfacet
  facet normal  0.000000e+000  0.000000e+000  1.000000e+000
    outer loop
      vertex  2.020600e-015  2.900000e+001  5.750000e+001
      vertex -1.708788e+000  3.296052e+001  5.750000e+001
      vertex -3.413929e+000  3.284216e+001  5.750000e+001
    endloop
  endfacet
  facet normal  0.000000e+000  0.000000e+000  1.000000e+000
    outer loop
      vertex  2.020600e-015  2.900000e+001  5.750000e+001
      vertex -3.413929e+000  3.284216e+001  5.750000e+001
      vertex -5.111785e+000  3.264519e+001  5.750000e+001
    endloop
  endfacet
  facet normal  0.000000e+000  0.000000e+000  9.999999e-001
    outer loop
      vertex  2.020600e-015  2.900000e+001  5.750000e+001
      vertex -5.111785e+000  3.264519e+001  5.750000e+001
      vertex -6.798732e+000  3.237001e+001  5.750000e+001
    endloop
  endfacet
  facet normal  0.000000e+000  0.000000e+000  1.000000e+000
    outer loop
      vertex  2.020600e-015  2.900000e+001  5.750000e+001
      vertex -6.798732e+000  3.237001e+001  5.750000e+001
      vertex -8.471170e+000  3.201721e+001  5.750000e+001
    endloop
  endfacet
  facet normal  0.000000e+000  0.000000e+000  1.000000e+000
    outer loop
      vertex  2.020600e-015  2.900000e+001  5.750000e+001
      vertex -8.471170e+000  3.201721e+001  5.750000e+001
      vertex -1.012553e+001  3.158755e+001  5.750000e+001
    endloop
  endfacet
  facet normal  0.000000e+000  0.000000e+000  1.000000e+000
    outer loop
      vertex  2.020600e-015  2.900000e+001  5.750000e+001
      vertex -1.012553e+001  3.158755e+001  5.750000e+001
      vertex -1.175828e+001  3.108194e+001  5.750000e+001
    endloop
  endfacet
  facet normal  0.000000e+000  0.000000e+000  1.000000e+000
    outer loop
      vertex  2.020600e-015  2.900000e+001  5.750000e+001
      vertex -1.175828e+001  3.108194e+001  5.750000e+001
      vertex -1.336594e+001  3.050147e+001  5.750000e+001
    endloop
  endfacet
  facet normal  0.000000e+000  0.000000e+000  1.000000e+000
    outer loop
      vertex  2.020600e-015  2.900000e+001  5.750000e+001
      vertex -1.336594e+001  3.050147e+001  5.750000e+001
      vertex -1.494508e+001  2.984737e+001  5.750000e+001
    endloop
  endfacet
  facet normal  0.000000e+000  0.000000e+000  1.000000e+000
    outer loop
      vertex  2.020600e-015  2.900000e+001  5.750000e+001
      vertex -1.494508e+001  2.984737e+001  5.750000e+001
      vertex -1.649232e+001  2.912104e+001  5.750000e+001
    endloop
  endfacet
  facet normal  0.000000e+000  0.000000e+000  1.000000e+000
    outer loop
      vertex  2.020600e-015  2.900000e+001  5.750000e+001
      vertex -1.649232e+001  2.912104e+001  5.750000e+001
      vertex -1.619233e+000  2.896025e+001  5.750000e+001
    endloop
  endfacet
  facet normal  0.000000e+000  0.000000e+000  1.000000e+000
    outer loop
      vertex -1.800437e+001  2.832403e+001  5.750000e+001
      vertex -1.947799e+001  2.745803e+001  5.750000e+001
      vertex -8.018346e+000  2.801103e+001  5.750000e+001
    endloop
  endfacet
  facet normal  0.000000e+000  -0.000000e+000  1.000000e+000
    outer loop
      vertex -1.800437e+001  2.832403e+001  5.750000e+001
      vertex -8.018346e+000  2.801103e+001  5.750000e+001
      vertex -6.437981e+000  2.836591e+001  5.750000e+001
    endloop
  endfacet
  facet normal  0.000000e+000  -0.000000e+000  1.000000e+000
    outer loop
      vertex -1.800437e+001  2.832403e+001  5.750000e+001
      vertex -6.437981e+000  2.836591e+001  5.750000e+001
      vertex -4.842106e+000  2.864282e+001  5.750000e+001
    endloop
  endfacet
  facet normal  0.000000e+000  -0.000000e+000  1.000000e+000
    outer loop
      vertex -1.800437e+001  2.832403e+001  5.750000e+001
      vertex -4.842106e+000  2.864282e+001  5.750000e+001
      vertex -3.234566e+000  2.884110e+001  5.750000e+001
    endloop
  endfacet
  facet normal  0.000000e+000  -0.000000e+000  1.000000e+000
    outer loop
      vertex -1.800437e+001  2.832403e+001  5.750000e+001
      vertex -3.234566e+000  2.884110e+001  5.750000e+001
      vertex -1.619233e+000  2.896025e+001  5.750000e+001
    endloop
  endfacet
  facet normal  0.000000e+000  0.000000e+000  1.000000e+000
    outer loop
      vertex -1.800437e+001  2.832403e+001  5.750000e+001
      vertex -1.619233e+000  2.896025e+001  5.750000e+001
      vertex -1.649232e+001  2.912104e+001  5.750000e+001
    endloop
  endfacet
  facet normal  0.000000e+000  -0.000000e+000  1.000000e+000
    outer loop
      vertex -1.649232e+001 -3.712104e+001  5.750000e+001
      vertex -3.965917e-014 -4.100000e+001  5.750000e+001
      vertex -6.061801e-015 -3.700000e+001  5.750000e+001
    endloop
  endfacet
  facet normal  0.000000e+000  0.000000e+000  1.000000e+000
    outer loop
      vertex -1.649232e+001 -3.712104e+001  5.750000e+001
      vertex -6.061801e-015 -3.700000e+001  5.750000e+001
      vertex -1.619233e+000 -3.696025e+001  5.750000e+001
    endloop
  endfacet
  facet normal  0.000000e+000  0.000000e+000  1.000000e+000
    outer loop
      vertex -1.649232e+001 -3.712104e+001  5.750000e+001
      vertex -1.619233e+000 -3.696025e+001  5.750000e+001
      vertex -3.234566e+000 -3.684109e+001  5.750000e+001
    endloop
  endfacet
  facet normal  0.000000e+000  0.000000e+000  1.000000e+000
    outer loop
      vertex -1.649232e+001 -3.712104e+001  5.750000e+001
      vertex -3.234566e+000 -3.684109e+001  5.750000e+001
      vertex -4.842106e+000 -3.664283e+001  5.750000e+001
    endloop
  endfacet
  facet normal  0.000000e+000  0.000000e+000  1.000000e+000
    outer loop
      vertex -1.649232e+001 -3.712104e+001  5.750000e+001
      vertex -4.842106e+000 -3.664283e+001  5.750000e+001
      vertex -6.437981e+000 -3.636591e+001  5.750000e+001
    endloop
  endfacet
  facet normal  0.000000e+000  0.000000e+000  1.000000e+000
    outer loop
      vertex -1.649232e+001 -3.712104e+001  5.750000e+001
      vertex -6.437981e+000 -3.636591e+001  5.750000e+001
      vertex -1.800437e+001 -3.632403e+001  5.750000e+001
    endloop
  endfacet
  facet normal  0.000000e+000  0.000000e+000  1.000000e+000
    outer loop
      vertex -3.965917e-014 -4.100000e+001  5.750000e+001
      vertex -1.649232e+001 -3.712104e+001  5.750000e+001
      vertex -1.494508e+001 -3.784737e+001  5.750000e+001
    endloop
  endfacet
  facet normal  0.000000e+000  0.000000e+000  1.000000e+000
    outer loop
      vertex -3.965917e-014 -4.100000e+001  5.750000e+001
      vertex -1.494508e+001 -3.784737e+001  5.750000e+001
      vertex -1.336594e+001 -3.850147e+001  5.750000e+001
    endloop
  endfacet
  facet normal  0.000000e+000  0.000000e+000  9.999999e-001
    outer loop
      vertex -3.965917e-014 -4.100000e+001  5.750000e+001
      vertex -1.336594e+001 -3.850147e+001  5.750000e+001
      vertex -1.175828e+001 -3.908194e+001  5.750000e+001
    endloop
  endfacet
  facet normal  0.000000e+000  0.000000e+000  1.000000e+000
    outer loop
      vertex -3.965917e-014 -4.100000e+001  5.750000e+001
      vertex -1.175828e+001 -3.908194e+001  5.750000e+001
      vertex -1.012553e+001 -3.958755e+001  5.750000e+001
    endloop
  endfacet
  facet normal  0.000000e+000  0.000000e+000  1.000000e+000
    outer loop
      vertex -3.965917e-014 -4.100000e+001  5.750000e+001
      vertex -1.012553e+001 -3.958755e+001  5.750000e+001
      vertex -8.471170e+000 -4.001721e+001  5.750000e+001
    endloop
  endfacet
  facet normal  0.000000e+000  0.000000e+000  1.000000e+000
    outer loop
      vertex -3.965917e-014 -4.100000e+001  5.750000e+001
      vertex -8.471170e+000 -4.001721e+001  5.750000e+001
      vertex -6.798732e+000 -4.037001e+001  5.750000e+001
    endloop
  endfacet
  facet normal  0.000000e+000  0.000000e+000  1.000000e+000
    outer loop
      vertex -3.965917e-014 -4.100000e+001  5.750000e+001
      vertex -6.798732e+000 -4.037001e+001  5.750000e+001
      vertex -5.111785e+000 -4.064519e+001  5.750000e+001
    endloop
  endfacet
  facet normal  0.000000e+000  0.000000e+000  1.000000e+000
    outer loop
      vertex -3.965917e-014 -4.100000e+001  5.750000e+001
      vertex -5.111785e+000 -4.064519e+001  5.750000e+001
      vertex -3.413929e+000 -4.084216e+001  5.750000e+001
    endloop
  endfacet
  facet normal  0.000000e+000  0.000000e+000  1.000000e+000
    outer loop
      vertex -3.965917e-014 -4.100000e+001  5.750000e+001
      vertex -3.413929e+000 -4.084216e+001  5.750000e+001
      vertex -1.708788e+000 -4.096052e+001  5.750000e+001
    endloop
  endfacet
  facet normal  0.000000e+000  0.000000e+000  1.000000e+000
    outer loop
      vertex  1.800437e+001  2.832403e+001  5.750000e+001
      vertex  1.649232e+001  2.912104e+001  5.750000e+001
      vertex  1.619233e+000  2.896025e+001  5.750000e+001
    endloop
  endfacet
  facet normal  0.000000e+000  0.000000e+000  1.000000e+000
    outer loop
      vertex  1.800437e+001  2.832403e+001  5.750000e+001
      vertex  1.619233e+000  2.896025e+001  5.750000e+001
      vertex  3.234566e+000  2.884110e+001  5.750000e+001
    endloop
  endfacet
  facet normal  0.000000e+000  0.000000e+000  1.000000e+000
    outer loop
      vertex  1.800437e+001  2.832403e+001  5.750000e+001
      vertex  3.234566e+000  2.884110e+001  5.750000e+001
      vertex  4.842106e+000  2.864282e+001  5.750000e+001
    endloop
  endfacet
  facet normal  0.000000e+000  0.000000e+000  1.000000e+000
    outer loop
      vertex  1.800437e+001  2.832403e+001  5.750000e+001
      vertex  4.842106e+000  2.864282e+001  5.750000e+001
      vertex  6.437981e+000  2.836591e+001  5.750000e+001
    endloop
  endfacet
  facet normal  0.000000e+000  0.000000e+000  1.000000e+000
    outer loop
      vertex  1.800437e+001  2.832403e+001  5.750000e+001
      vertex  6.437981e+000  2.836591e+001  5.750000e+001
      vertex  8.018346e+000  2.801103e+001  5.750000e+001
    endloop
  endfacet
  facet normal  -0.000000e+000  0.000000e+000  1.000000e+000
    outer loop
      vertex  1.800437e+001  2.832403e+001  5.750000e+001
      vertex  8.018346e+000  2.801103e+001  5.750000e+001
      vertex  1.947799e+001  2.745803e+001  5.750000e+001
    endloop
  endfacet
  facet normal  0.000000e+000  0.000000e+000  1.000000e+000
    outer loop
      vertex  1.649232e+001 -3.712104e+001  5.750000e+001
      vertex  1.800437e+001 -3.632403e+001  5.750000e+001
      vertex  6.437981e+000 -3.636591e+001  5.750000e+001
    endloop
  endfacet
  facet normal  0.000000e+000  0.000000e+000  1.000000e+000
    outer loop
      vertex  1.649232e+001 -3.712104e+001  5.750000e+001
      vertex  6.437981e+000 -3.636591e+001  5.750000e+001
      vertex  4.842106e+000 -3.664283e+001  5.750000e+001
    endloop
  endfacet
  facet normal  0.000000e+000  0.000000e+000  1.000000e+000
    outer loop
      vertex  1.649232e+001 -3.712104e+001  5.750000e+001
      vertex  4.842106e+000 -3.664283e+001  5.750000e+001
      vertex  3.234566e+000 -3.684109e+001  5.750000e+001
    endloop
  endfacet
  facet normal  0.000000e+000  0.000000e+000  1.000000e+000
    outer loop
      vertex  1.649232e+001 -3.712104e+001  5.750000e+001
      vertex  3.234566e+000 -3.684109e+001  5.750000e+001
      vertex  1.619233e+000 -3.696025e+001  5.750000e+001
    endloop
  endfacet
  facet normal  0.000000e+000  0.000000e+000  1.000000e+000
    outer loop
      vertex  1.649232e+001 -3.712104e+001  5.750000e+001
      vertex  1.619233e+000 -3.696025e+001  5.750000e+001
      vertex -6.061801e-015 -3.700000e+001  5.750000e+001
    endloop
  endfacet
  facet normal  0.000000e+000  -0.000000e+000  1.000000e+000
    outer loop
      vertex -3.965917e-014 -4.100000e+001  5.750000e+001
      vertex  1.708788e+000 -4.096052e+001  5.750000e+001
      vertex  3.413929e+000 -4.084216e+001  5.750000e+001
    endloop
  endfacet
  facet normal  0.000000e+000  -0.000000e+000  1.000000e+000
    outer loop
      vertex -3.965917e-014 -4.100000e+001  5.750000e+001
      vertex  3.413929e+000 -4.084216e+001  5.750000e+001
      vertex  5.111785e+000 -4.064519e+001  5.750000e+001
    endloop
  endfacet
  facet normal  0.000000e+000  -0.000000e+000  1.000000e+000
    outer loop
      vertex -3.965917e-014 -4.100000e+001  5.750000e+001
      vertex  5.111785e+000 -4.064519e+001  5.750000e+001
      vertex  6.798732e+000 -4.037001e+001  5.750000e+001
    endloop
  endfacet
  facet normal  0.000000e+000  -0.000000e+000  1.000000e+000
    outer loop
      vertex -3.965917e-014 -4.100000e+001  5.750000e+001
      vertex  6.798732e+000 -4.037001e+001  5.750000e+001
      vertex  8.471170e+000 -4.001721e+001  5.750000e+001
    endloop
  endfacet
  facet normal  0.000000e+000  -0.000000e+000  1.000000e+000
    outer loop
      vertex -3.965917e-014 -4.100000e+001  5.750000e+001
      vertex  8.471170e+000 -4.001721e+001  5.750000e+001
      vertex  1.012553e+001 -3.958755e+001  5.750000e+001
    endloop
  endfacet
  facet normal  0.000000e+000  -0.000000e+000  1.000000e+000
    outer loop
      vertex -3.965917e-014 -4.100000e+001  5.750000e+001
      vertex  1.012553e+001 -3.958755e+001  5.750000e+001
      vertex  1.175828e+001 -3.908194e+001  5.750000e+001
    endloop
  endfacet
  facet normal  0.000000e+000  -0.000000e+000  9.999999e-001
    outer loop
      vertex -3.965917e-014 -4.100000e+001  5.750000e+001
      vertex  1.175828e+001 -3.908194e+001  5.750000e+001
      vertex  1.336594e+001 -3.850147e+001  5.750000e+001
    endloop
  endfacet
  facet normal  0.000000e+000  -0.000000e+000  1.000000e+000
    outer loop
      vertex -3.965917e-014 -4.100000e+001  5.750000e+001
      vertex  1.336594e+001 -3.850147e+001  5.750000e+001
      vertex  1.494508e+001 -3.784737e+001  5.750000e+001
    endloop
  endfacet
  facet normal  0.000000e+000  -0.000000e+000  1.000000e+000
    outer loop
      vertex -3.965917e-014 -4.100000e+001  5.750000e+001
      vertex  1.494508e+001 -3.784737e+001  5.750000e+001
      vertex  1.649232e+001 -3.712104e+001  5.750000e+001
    endloop
  endfacet
  facet normal  0.000000e+000  0.000000e+000  1.000000e+000
    outer loop
      vertex -3.965917e-014 -4.100000e+001  5.750000e+001
      vertex  1.649232e+001 -3.712104e+001  5.750000e+001
      vertex -6.061801e-015 -3.700000e+001  5.750000e+001
    endloop
  endfacet
  facet normal  -0.000000e+000  0.000000e+000  1.000000e+000
    outer loop
      vertex -9.579394e+000  2.757903e+001  5.750000e+001
      vertex -1.947799e+001  2.745803e+001  5.750000e+001
      vertex -1.111736e+001  2.707095e+001  5.750000e+001
    endloop
  endfacet
  facet normal  0.000000e+000  0.000000e+000  1.000000e+000
    outer loop
      vertex -1.111736e+001  2.707095e+001  5.750000e+001
      vertex -1.947799e+001  2.745803e+001  5.750000e+001
      vertex -2.091005e+001  2.652491e+001  5.750000e+001
    endloop
  endfacet
  facet normal  -0.000000e+000  0.000000e+000  1.000000e+000
    outer loop
      vertex -1.111736e+001  2.707095e+001  5.750000e+001
      vertex -2.091005e+001  2.652491e+001  5.750000e+001
      vertex -1.262855e+001  2.648802e+001  5.750000e+001
    endloop
  endfacet
  facet normal  0.000000e+000  0.000000e+000  1.000000e+000
    outer loop
      vertex -1.262855e+001  2.648802e+001  5.750000e+001
      vertex -2.091005e+001  2.652491e+001  5.750000e+001
      vertex -1.410932e+001  2.583165e+001  5.750000e+001
    endloop
  endfacet
  facet normal  0.000000e+000  0.000000e+000  1.000000e+000
    outer loop
      vertex -1.410932e+001  2.583165e+001  5.750000e+001
      vertex -2.091005e+001  2.652491e+001  5.750000e+001
      vertex -2.229748e+001  2.552664e+001  5.750000e+001
    endloop
  endfacet
  facet normal  -0.000000e+000  0.000000e+000  1.000000e+000
    outer loop
      vertex -1.410932e+001  2.583165e+001  5.750000e+001
      vertex -2.229748e+001  2.552664e+001  5.750000e+001
      vertex -1.555609e+001  2.510340e+001  5.750000e+001
    endloop
  endfacet
  facet normal  0.000000e+000  0.000000e+000  9.999999e-001
    outer loop
      vertex -1.555609e+001  2.510340e+001  5.750000e+001
      vertex -2.229748e+001  2.552664e+001  5.750000e+001
      vertex -2.363733e+001  2.446536e+001  5.750000e+001
    endloop
  endfacet
  facet normal  -0.000000e+000  0.000000e+000  1.000000e+000
    outer loop
      vertex -1.555609e+001  2.510340e+001  5.750000e+001
      vertex -2.363733e+001  2.446536e+001  5.750000e+001
      vertex -1.696539e+001  2.430504e+001  5.750000e+001
    endloop
  endfacet
  facet normal  0.000000e+000  0.000000e+000  1.000000e+000
    outer loop
      vertex -1.696539e+001  2.430504e+001  5.750000e+001
      vertex -2.363733e+001  2.446536e+001  5.750000e+001
      vertex -1.833382e+001  2.343850e+001  5.750000e+001
    endloop
  endfacet
  facet normal  0.000000e+000  0.000000e+000  1.000000e+000
    outer loop
      vertex -1.833382e+001  2.343850e+001  5.750000e+001
      vertex -2.363733e+001  2.446536e+001  5.750000e+001
      vertex -2.492674e+001  2.334333e+001  5.750000e+001
    endloop
  endfacet
  facet normal  -0.000000e+000  0.000000e+000  1.000000e+000
    outer loop
      vertex -1.833382e+001  2.343850e+001  5.750000e+001
      vertex -2.492674e+001  2.334333e+001  5.750000e+001
      vertex -1.965808e+001  2.250585e+001  5.750000e+001
    endloop
  endfacet
  facet normal  0.000000e+000  0.000000e+000  1.000000e+000
    outer loop
      vertex -1.965808e+001  2.250585e+001  5.750000e+001
      vertex -2.492674e+001  2.334333e+001  5.750000e+001
      vertex -2.616295e+001  2.216295e+001  5.750000e+001
    endloop
  endfacet
  facet normal  -0.000000e+000  0.000000e+000  1.000000e+000
    outer loop
      vertex -1.965808e+001  2.250585e+001  5.750000e+001
      vertex -2.616295e+001  2.216295e+001  5.750000e+001
      vertex -2.093498e+001  2.150934e+001  5.750000e+001
    endloop
  endfacet
  facet normal  0.000000e+000  0.000000e+000  1.000000e+000
    outer loop
      vertex -2.093498e+001  2.150934e+001  5.750000e+001
      vertex -2.616295e+001  2.216295e+001  5.750000e+001
      vertex -2.734333e+001  2.092674e+001  5.750000e+001
    endloop
  endfacet
  facet normal  -0.000000e+000  0.000000e+000  1.000000e+000
    outer loop
      vertex -2.093498e+001  2.150934e+001  5.750000e+001
      vertex -2.734333e+001  2.092674e+001  5.750000e+001
      vertex -2.216145e+001  2.045139e+001  5.750000e+001
    endloop
  endfacet
  facet normal  0.000000e+000  0.000000e+000  1.000000e+000
    outer loop
      vertex -2.216145e+001  2.045139e+001  5.750000e+001
      vertex -2.734333e+001  2.092674e+001  5.750000e+001
      vertex -2.333452e+001  1.933452e+001  5.750000e+001
    endloop
  endfacet
  facet normal  0.000000e+000  0.000000e+000  1.000000e+000
    outer loop
      vertex -2.333452e+001  1.933452e+001  5.750000e+001
      vertex -2.734333e+001  2.092674e+001  5.750000e+001
      vertex -2.846536e+001  1.963733e+001  5.750000e+001
    endloop
  endfacet
  facet normal  0.000000e+000  0.000000e+000  1.000000e+000
    outer loop
      vertex -2.333452e+001  1.933452e+001  5.750000e+001
      vertex -2.846536e+001  1.963733e+001  5.750000e+001
      vertex -2.445139e+001  1.816145e+001  5.750000e+001
    endloop
  endfacet
  facet normal  0.000000e+000  0.000000e+000  1.000000e+000
    outer loop
      vertex -2.445139e+001  1.816145e+001  5.750000e+001
      vertex -2.846536e+001  1.963733e+001  5.750000e+001
      vertex -2.952664e+001  1.829748e+001  5.750000e+001
    endloop
  endfacet
  facet normal  0.000000e+000  0.000000e+000  1.000000e+000
    outer loop
      vertex -2.445139e+001  1.816145e+001  5.750000e+001
      vertex -2.952664e+001  1.829748e+001  5.750000e+001
      vertex -2.550934e+001  1.693498e+001  5.750000e+001
    endloop
  endfacet
  facet normal  0.000000e+000  0.000000e+000  1.000000e+000
    outer loop
      vertex -2.550934e+001  1.693498e+001  5.750000e+001
      vertex -2.952664e+001  1.829748e+001  5.750000e+001
      vertex -3.052491e+001  1.691005e+001  5.750000e+001
    endloop
  endfacet
  facet normal  -0.000000e+000  0.000000e+000  9.999999e-001
    outer loop
      vertex -2.550934e+001  1.693498e+001  5.750000e+001
      vertex -3.052491e+001  1.691005e+001  5.750000e+001
      vertex -2.650585e+001  1.565808e+001  5.750000e+001
    endloop
  endfacet
  facet normal  0.000000e+000  0.000000e+000  1.000000e+000
    outer loop
      vertex -2.650585e+001  1.565808e+001  5.750000e+001
      vertex -3.052491e+001  1.691005e+001  5.750000e+001
      vertex -3.145803e+001  1.547799e+001  5.750000e+001
    endloop
  endfacet
  facet normal  -0.000000e+000  0.000000e+000  9.999999e-001
    outer loop
      vertex -2.650585e+001  1.565808e+001  5.750000e+001
      vertex -3.145803e+001  1.547799e+001  5.750000e+001
      vertex -2.743850e+001  1.433382e+001  5.750000e+001
    endloop
  endfacet
  facet normal  0.000000e+000  0.000000e+000  1.000000e+000
    outer loop
      vertex -2.743850e+001  1.433382e+001  5.750000e+001
      vertex -3.145803e+001  1.547799e+001  5.750000e+001
      vertex -3.232403e+001  1.400437e+001  5.750000e+001
    endloop
  endfacet
  facet normal  -0.000000e+000  0.000000e+000  1.000000e+000
    outer loop
      vertex -2.743850e+001  1.433382e+001  5.750000e+001
      vertex -3.232403e+001  1.400437e+001  5.750000e+001
      vertex -2.830504e+001  1.296539e+001  5.750000e+001
    endloop
  endfacet
  facet normal  0.000000e+000  0.000000e+000  9.999999e-001
    outer loop
      vertex -2.830504e+001  1.296539e+001  5.750000e+001
      vertex -3.232403e+001  1.400437e+001  5.750000e+001
      vertex -3.312104e+001  1.249232e+001  5.750000e+001
    endloop
  endfacet
  facet normal  -0.000000e+000  0.000000e+000  1.000000e+000
    outer loop
      vertex -2.830504e+001  1.296539e+001  5.750000e+001
      vertex -3.312104e+001  1.249232e+001  5.750000e+001
      vertex -2.910340e+001  1.155609e+001  5.750000e+001
    endloop
  endfacet
  facet normal  0.000000e+000  0.000000e+000  1.000000e+000
    outer loop
      vertex -2.910340e+001  1.155609e+001  5.750000e+001
      vertex -3.312104e+001  1.249232e+001  5.750000e+001
      vertex -3.384737e+001  1.094508e+001  5.750000e+001
    endloop
  endfacet
  facet normal  -0.000000e+000  0.000000e+000  9.999999e-001
    outer loop
      vertex -2.910340e+001  1.155609e+001  5.750000e+001
      vertex -3.384737e+001  1.094508e+001  5.750000e+001
      vertex -2.983165e+001  1.010932e+001  5.750000e+001
    endloop
  endfacet
  facet normal  0.000000e+000  0.000000e+000  9.999999e-001
    outer loop
      vertex -2.983165e+001  1.010932e+001  5.750000e+001
      vertex -3.384737e+001  1.094508e+001  5.750000e+001
      vertex -3.450147e+001  9.365942e+000  5.750000e+001
    endloop
  endfacet
  facet normal  -0.000000e+000  0.000000e+000  9.999999e-001
    outer loop
      vertex -2.983165e+001  1.010932e+001  5.750000e+001
      vertex -3.450147e+001  9.365942e+000  5.750000e+001
      vertex -3.048802e+001  8.628553e+000  5.750000e+001
    endloop
  endfacet
  facet normal  0.000000e+000  0.000000e+000  1.000000e+000
    outer loop
      vertex -3.048802e+001  8.628553e+000  5.750000e+001
      vertex -3.450147e+001  9.365942e+000  5.750000e+001
      vertex -3.107095e+001  7.117365e+000  5.750000e+001
    endloop
  endfacet
  facet normal  0.000000e+000  0.000000e+000  9.999999e-001
    outer loop
      vertex -3.107095e+001  7.117365e+000  5.750000e+001
      vertex -3.450147e+001  9.365942e+000  5.750000e+001
      vertex -3.508194e+001  7.758283e+000  5.750000e+001
    endloop
  endfacet
  facet normal  0.000000e+000  0.000000e+000  9.999999e-001
    outer loop
      vertex -3.107095e+001  7.117365e+000  5.750000e+001
      vertex -3.508194e+001  7.758283e+000  5.750000e+001
      vertex -3.157903e+001  5.579394e+000  5.750000e+001
    endloop
  endfacet
  facet normal  0.000000e+000  0.000000e+000  1.000000e+000
    outer loop
      vertex -3.157903e+001  5.579394e+000  5.750000e+001
      vertex -3.508194e+001  7.758283e+000  5.750000e+001
      vertex -3.558755e+001  6.125531e+000  5.750000e+001
    endloop
  endfacet
  facet normal  0.000000e+000  0.000000e+000  1.000000e+000
    outer loop
      vertex -3.157903e+001  5.579394e+000  5.750000e+001
      vertex -3.558755e+001  6.125531e+000  5.750000e+001
      vertex -3.201103e+001  4.018346e+000  5.750000e+001
    endloop
  endfacet
  facet normal  0.000000e+000  0.000000e+000  1.000000e+000
    outer loop
      vertex -3.201103e+001  4.018346e+000  5.750000e+001
      vertex -3.558755e+001  6.125531e+000  5.750000e+001
      vertex -3.601721e+001  4.471170e+000  5.750000e+001
    endloop
  endfacet
  facet normal  0.000000e+000  0.000000e+000  1.000000e+000
    outer loop
      vertex -3.201103e+001  4.018346e+000  5.750000e+001
      vertex -3.601721e+001  4.471170e+000  5.750000e+001
      vertex -3.236591e+001  2.437981e+000  5.750000e+001
    endloop
  endfacet
  facet normal  0.000000e+000  0.000000e+000  1.000000e+000
    outer loop
      vertex -3.236591e+001  2.437981e+000  5.750000e+001
      vertex -3.601721e+001  4.471170e+000  5.750000e+001
      vertex -3.637001e+001  2.798732e+000  5.750000e+001
    endloop
  endfacet
  facet normal  0.000000e+000  0.000000e+000  9.999999e-001
    outer loop
      vertex -3.236591e+001  2.437981e+000  5.750000e+001
      vertex -3.637001e+001  2.798732e+000  5.750000e+001
      vertex -3.264283e+001  8.421057e-001  5.750000e+001
    endloop
  endfacet
  facet normal  0.000000e+000  0.000000e+000  1.000000e+000
    outer loop
      vertex -3.264283e+001  8.421057e-001  5.750000e+001
      vertex -3.637001e+001  2.798732e+000  5.750000e+001
      vertex -3.664519e+001  1.111785e+000  5.750000e+001
    endloop
  endfacet
  facet normal  0.000000e+000  0.000000e+000  1.000000e+000
    outer loop
      vertex -3.264283e+001  8.421057e-001  5.750000e+001
      vertex -3.664519e+001  1.111785e+000  5.750000e+001
      vertex -3.284109e+001 -7.654344e-001  5.750000e+001
    endloop
  endfacet
  facet normal  0.000000e+000  0.000000e+000  1.000000e+000
    outer loop
      vertex -3.284109e+001 -7.654344e-001  5.750000e+001
      vertex -3.664519e+001  1.111785e+000  5.750000e+001
      vertex -3.684216e+001 -5.860707e-001  5.750000e+001
    endloop
  endfacet
  facet normal  0.000000e+000  0.000000e+000  1.000000e+000
    outer loop
      vertex -3.284109e+001 -7.654344e-001  5.750000e+001
      vertex -3.684216e+001 -5.860707e-001  5.750000e+001
      vertex -3.296025e+001 -2.380767e+000  5.750000e+001
    endloop
  endfacet
  facet normal  0.000000e+000  0.000000e+000  1.000000e+000
    outer loop
      vertex -3.296025e+001 -2.380767e+000  5.750000e+001
      vertex -3.684216e+001 -5.860707e-001  5.750000e+001
      vertex -3.696052e+001 -2.291212e+000  5.750000e+001
    endloop
  endfacet
  facet normal  0.000000e+000  0.000000e+000  1.000000e+000
    outer loop
      vertex -3.296025e+001 -2.380767e+000  5.750000e+001
      vertex -3.696052e+001 -2.291212e+000  5.750000e+001
      vertex -3.300000e+001 -4.000000e+000  5.750000e+001
    endloop
  endfacet
  facet normal  0.000000e+000  0.000000e+000  1.000000e+000
    outer loop
      vertex -3.300000e+001 -4.000000e+000  5.750000e+001
      vertex -3.696052e+001 -2.291212e+000  5.750000e+001
      vertex -3.700000e+001 -4.000000e+000  5.750000e+001
    endloop
  endfacet
  facet normal  -0.000000e+000  0.000000e+000  1.000000e+000
    outer loop
      vertex -3.300000e+001 -4.000000e+000  5.750000e+001
      vertex -3.700000e+001 -4.000000e+000  5.750000e+001
      vertex -3.296025e+001 -5.619233e+000  5.750000e+001
    endloop
  endfacet
  facet normal  0.000000e+000  0.000000e+000  1.000000e+000
    outer loop
      vertex -3.296025e+001 -5.619233e+000  5.750000e+001
      vertex -3.700000e+001 -4.000000e+000  5.750000e+001
      vertex -3.696052e+001 -5.708788e+000  5.750000e+001
    endloop
  endfacet
  facet normal  -0.000000e+000  0.000000e+000  1.000000e+000
    outer loop
      vertex -3.296025e+001 -5.619233e+000  5.750000e+001
      vertex -3.696052e+001 -5.708788e+000  5.750000e+001
      vertex -3.284109e+001 -7.234566e+000  5.750000e+001
    endloop
  endfacet
  facet normal  0.000000e+000  0.000000e+000  1.000000e+000
    outer loop
      vertex -3.284109e+001 -7.234566e+000  5.750000e+001
      vertex -3.696052e+001 -5.708788e+000  5.750000e+001
      vertex -3.684216e+001 -7.413929e+000  5.750000e+001
    endloop
  endfacet
  facet normal  -0.000000e+000  0.000000e+000  1.000000e+000
    outer loop
      vertex -3.284109e+001 -7.234566e+000  5.750000e+001
      vertex -3.684216e+001 -7.413929e+000  5.750000e+001
      vertex -3.264283e+001 -8.842106e+000  5.750000e+001
    endloop
  endfacet
  facet normal  0.000000e+000  0.000000e+000  1.000000e+000
    outer loop
      vertex -3.264283e+001 -8.842106e+000  5.750000e+001
      vertex -3.684216e+001 -7.413929e+000  5.750000e+001
      vertex -3.664519e+001 -9.111785e+000  5.750000e+001
    endloop
  endfacet
  facet normal  -0.000000e+000  0.000000e+000  1.000000e+000
    outer loop
      vertex -3.264283e+001 -8.842106e+000  5.750000e+001
      vertex -3.664519e+001 -9.111785e+000  5.750000e+001
      vertex -3.236591e+001 -1.043798e+001  5.750000e+001
    endloop
  endfacet
  facet normal  0.000000e+000  0.000000e+000  1.000000e+000
    outer loop
      vertex -3.236591e+001 -1.043798e+001  5.750000e+001
      vertex -3.664519e+001 -9.111785e+000  5.750000e+001
      vertex -3.637001e+001 -1.079873e+001  5.750000e+001
    endloop
  endfacet
  facet normal  -0.000000e+000  0.000000e+000  1.000000e+000
    outer loop
      vertex -3.236591e+001 -1.043798e+001  5.750000e+001
      vertex -3.637001e+001 -1.079873e+001  5.750000e+001
      vertex -3.201103e+001 -1.201835e+001  5.750000e+001
    endloop
  endfacet
  facet normal  0.000000e+000  0.000000e+000  1.000000e+000
    outer loop
      vertex -3.201103e+001 -1.201835e+001  5.750000e+001
      vertex -3.637001e+001 -1.079873e+001  5.750000e+001
      vertex -3.601721e+001 -1.247117e+001  5.750000e+001
    endloop
  endfacet
  facet normal  -0.000000e+000  0.000000e+000  1.000000e+000
    outer loop
      vertex -3.201103e+001 -1.201835e+001  5.750000e+001
      vertex -3.601721e+001 -1.247117e+001  5.750000e+001
      vertex -3.157903e+001 -1.357939e+001  5.750000e+001
    endloop
  endfacet
  facet normal  0.000000e+000  0.000000e+000  1.000000e+000
    outer loop
      vertex -3.157903e+001 -1.357939e+001  5.750000e+001
      vertex -3.601721e+001 -1.247117e+001  5.750000e+001
      vertex -3.558755e+001 -1.412553e+001  5.750000e+001
    endloop
  endfacet
  facet normal  -0.000000e+000  0.000000e+000  1.000000e+000
    outer loop
      vertex -3.157903e+001 -1.357939e+001  5.750000e+001
      vertex -3.558755e+001 -1.412553e+001  5.750000e+001
      vertex -3.107095e+001 -1.511736e+001  5.750000e+001
    endloop
  endfacet
  facet normal  0.000000e+000  0.000000e+000  9.999999e-001
    outer loop
      vertex -3.107095e+001 -1.511736e+001  5.750000e+001
      vertex -3.558755e+001 -1.412553e+001  5.750000e+001
      vertex -3.508194e+001 -1.575828e+001  5.750000e+001
    endloop
  endfacet
  facet normal  -0.000000e+000  0.000000e+000  1.000000e+000
    outer loop
      vertex -3.107095e+001 -1.511736e+001  5.750000e+001
      vertex -3.508194e+001 -1.575828e+001  5.750000e+001
      vertex -3.048802e+001 -1.662855e+001  5.750000e+001
    endloop
  endfacet
  facet normal  0.000000e+000  0.000000e+000  1.000000e+000
    outer loop
      vertex -3.048802e+001 -1.662855e+001  5.750000e+001
      vertex -3.508194e+001 -1.575828e+001  5.750000e+001
      vertex -3.450147e+001 -1.736594e+001  5.750000e+001
    endloop
  endfacet
  facet normal  -0.000000e+000  0.000000e+000  9.999999e-001
    outer loop
      vertex -3.048802e+001 -1.662855e+001  5.750000e+001
      vertex -3.450147e+001 -1.736594e+001  5.750000e+001
      vertex -2.983165e+001 -1.810932e+001  5.750000e+001
    endloop
  endfacet
  facet normal  0.000000e+000  0.000000e+000  1.000000e+000
    outer loop
      vertex -2.983165e+001 -1.810932e+001  5.750000e+001
      vertex -3.450147e+001 -1.736594e+001  5.750000e+001
      vertex -3.384737e+001 -1.894508e+001  5.750000e+001
    endloop
  endfacet
  facet normal  -0.000000e+000  0.000000e+000  1.000000e+000
    outer loop
      vertex -2.983165e+001 -1.810932e+001  5.750000e+001
      vertex -3.384737e+001 -1.894508e+001  5.750000e+001
      vertex -2.910340e+001 -1.955609e+001  5.750000e+001
    endloop
  endfacet
  facet normal  0.000000e+000  0.000000e+000  1.000000e+000
    outer loop
      vertex -2.910340e+001 -1.955609e+001  5.750000e+001
      vertex -3.384737e+001 -1.894508e+001  5.750000e+001
      vertex -2.830504e+001 -2.096539e+001  5.750000e+001
    endloop
  endfacet
  facet normal  0.000000e+000  0.000000e+000  1.000000e+000
    outer loop
      vertex -2.830504e+001 -2.096539e+001  5.750000e+001
      vertex -3.384737e+001 -1.894508e+001  5.750000e+001
      vertex -3.312104e+001 -2.049232e+001  5.750000e+001
    endloop
  endfacet
  facet normal  0.000000e+000  0.000000e+000  9.999999e-001
    outer loop
      vertex -2.830504e+001 -2.096539e+001  5.750000e+001
      vertex -3.312104e+001 -2.049232e+001  5.750000e+001
      vertex -2.743850e+001 -2.233382e+001  5.750000e+001
    endloop
  endfacet
  facet normal  0.000000e+000  0.000000e+000  1.000000e+000
    outer loop
      vertex -2.743850e+001 -2.233382e+001  5.750000e+001
      vertex -3.312104e+001 -2.049232e+001  5.750000e+001
      vertex -3.232403e+001 -2.200437e+001  5.750000e+001
    endloop
  endfacet
  facet normal  0.000000e+000  0.000000e+000  1.000000e+000
    outer loop
      vertex -2.743850e+001 -2.233382e+001  5.750000e+001
      vertex -3.232403e+001 -2.200437e+001  5.750000e+001
      vertex -2.650585e+001 -2.365808e+001  5.750000e+001
    endloop
  endfacet
  facet normal  0.000000e+000  0.000000e+000  9.999999e-001
    outer loop
      vertex -2.650585e+001 -2.365808e+001  5.750000e+001
      vertex -3.232403e+001 -2.200437e+001  5.750000e+001
      vertex -3.145803e+001 -2.347799e+001  5.750000e+001
    endloop
  endfacet
  facet normal  0.000000e+000  0.000000e+000  1.000000e+000
    outer loop
      vertex -2.650585e+001 -2.365808e+001  5.750000e+001
      vertex -3.145803e+001 -2.347799e+001  5.750000e+001
      vertex -2.550934e+001 -2.493498e+001  5.750000e+001
    endloop
  endfacet
  facet normal  0.000000e+000  0.000000e+000  1.000000e+000
    outer loop
      vertex -2.550934e+001 -2.493498e+001  5.750000e+001
      vertex -3.145803e+001 -2.347799e+001  5.750000e+001
      vertex -3.052491e+001 -2.491005e+001  5.750000e+001
    endloop
  endfacet
  facet normal  0.000000e+000  0.000000e+000  9.999999e-001
    outer loop
      vertex -2.550934e+001 -2.493498e+001  5.750000e+001
      vertex -3.052491e+001 -2.491005e+001  5.750000e+001
      vertex -2.445139e+001 -2.616145e+001  5.750000e+001
    endloop
  endfacet
  facet normal  0.000000e+000  0.000000e+000  1.000000e+000
    outer loop
      vertex -2.445139e+001 -2.616145e+001  5.750000e+001
      vertex -3.052491e+001 -2.491005e+001  5.750000e+001
      vertex -2.952664e+001 -2.629748e+001  5.750000e+001
    endloop
  endfacet
  facet normal  -0.000000e+000  0.000000e+000  1.000000e+000
    outer loop
      vertex -2.445139e+001 -2.616145e+001  5.750000e+001
      vertex -2.952664e+001 -2.629748e+001  5.750000e+001
      vertex -2.333452e+001 -2.733452e+001  5.750000e+001
    endloop
  endfacet
  facet normal  0.000000e+000  0.000000e+000  1.000000e+000
    outer loop
      vertex -2.333452e+001 -2.733452e+001  5.750000e+001
      vertex -2.952664e+001 -2.629748e+001  5.750000e+001
      vertex -2.846536e+001 -2.763733e+001  5.750000e+001
    endloop
  endfacet
  facet normal  -0.000000e+000  0.000000e+000  1.000000e+000
    outer loop
      vertex -2.333452e+001 -2.733452e+001  5.750000e+001
      vertex -2.846536e+001 -2.763733e+001  5.750000e+001
      vertex -2.216145e+001 -2.845139e+001  5.750000e+001
    endloop
  endfacet
  facet normal  0.000000e+000  0.000000e+000  1.000000e+000
    outer loop
      vertex -2.216145e+001 -2.845139e+001  5.750000e+001
      vertex -2.846536e+001 -2.763733e+001  5.750000e+001
      vertex -2.734333e+001 -2.892674e+001  5.750000e+001
    endloop
  endfacet
  facet normal  -0.000000e+000  0.000000e+000  1.000000e+000
    outer loop
      vertex -2.216145e+001 -2.845139e+001  5.750000e+001
      vertex -2.734333e+001 -2.892674e+001  5.750000e+001
      vertex -2.093498e+001 -2.950934e+001  5.750000e+001
    endloop
  endfacet
  facet normal  0.000000e+000  0.000000e+000  1.000000e+000
    outer loop
      vertex -2.093498e+001 -2.950934e+001  5.750000e+001
      vertex -2.734333e+001 -2.892674e+001  5.750000e+001
      vertex -2.616295e+001 -3.016295e+001  5.750000e+001
    endloop
  endfacet
  facet normal  -0.000000e+000  0.000000e+000  1.000000e+000
    outer loop
      vertex -2.093498e+001 -2.950934e+001  5.750000e+001
      vertex -2.616295e+001 -3.016295e+001  5.750000e+001
      vertex -1.965808e+001 -3.050585e+001  5.750000e+001
    endloop
  endfacet
  facet normal  0.000000e+000  0.000000e+000  9.999999e-001
    outer loop
      vertex -1.965808e+001 -3.050585e+001  5.750000e+001
      vertex -2.616295e+001 -3.016295e+001  5.750000e+001
      vertex -1.833382e+001 -3.143850e+001  5.750000e+001
    endloop
  endfacet
  facet normal  0.000000e+000  0.000000e+000  9.999999e-001
    outer loop
      vertex -1.833382e+001 -3.143850e+001  5.750000e+001
      vertex -2.616295e+001 -3.016295e+001  5.750000e+001
      vertex -2.492674e+001 -3.134333e+001  5.750000e+001
    endloop
  endfacet
  facet normal  0.000000e+000  0.000000e+000  1.000000e+000
    outer loop
      vertex -1.833382e+001 -3.143850e+001  5.750000e+001
      vertex -2.492674e+001 -3.134333e+001  5.750000e+001
      vertex -1.696539e+001 -3.230504e+001  5.750000e+001
    endloop
  endfacet
  facet normal  0.000000e+000  0.000000e+000  9.999999e-001
    outer loop
      vertex -1.696539e+001 -3.230504e+001  5.750000e+001
      vertex -2.492674e+001 -3.134333e+001  5.750000e+001
      vertex -2.363733e+001 -3.246536e+001  5.750000e+001
    endloop
  endfacet
  facet normal  -0.000000e+000  0.000000e+000  1.000000e+000
    outer loop
      vertex -1.696539e+001 -3.230504e+001  5.750000e+001
      vertex -2.363733e+001 -3.246536e+001  5.750000e+001
      vertex -1.555609e+001 -3.310340e+001  5.750000e+001
    endloop
  endfacet
  facet normal  0.000000e+000  0.000000e+000  1.000000e+000
    outer loop
      vertex -1.555609e+001 -3.310340e+001  5.750000e+001
      vertex -2.363733e+001 -3.246536e+001  5.750000e+001
      vertex -2.229748e+001 -3.352664e+001  5.750000e+001
    endloop
  endfacet
  facet normal  -0.000000e+000  0.000000e+000  1.000000e+000
    outer loop
      vertex -1.555609e+001 -3.310340e+001  5.750000e+001
      vertex -2.229748e+001 -3.352664e+001  5.750000e+001
      vertex -1.410932e+001 -3.383165e+001  5.750000e+001
    endloop
  endfacet
  facet normal  0.000000e+000  0.000000e+000  1.000000e+000
    outer loop
      vertex -1.410932e+001 -3.383165e+001  5.750000e+001
      vertex -2.229748e+001 -3.352664e+001  5.750000e+001
      vertex -1.262855e+001 -3.448803e+001  5.750000e+001
    endloop
  endfacet
  facet normal  0.000000e+000  0.000000e+000  1.000000e+000
    outer loop
      vertex -1.262855e+001 -3.448803e+001  5.750000e+001
      vertex -2.229748e+001 -3.352664e+001  5.750000e+001
      vertex -2.091005e+001 -3.452491e+001  5.750000e+001
    endloop
  endfacet
  facet normal  -0.000000e+000  0.000000e+000  9.999999e-001
    outer loop
      vertex -1.262855e+001 -3.448803e+001  5.750000e+001
      vertex -2.091005e+001 -3.452491e+001  5.750000e+001
      vertex -1.111736e+001 -3.507095e+001  5.750000e+001
    endloop
  endfacet
  facet normal  0.000000e+000  0.000000e+000  1.000000e+000
    outer loop
      vertex -1.111736e+001 -3.507095e+001  5.750000e+001
      vertex -2.091005e+001 -3.452491e+001  5.750000e+001
      vertex -1.947799e+001 -3.545803e+001  5.750000e+001
    endloop
  endfacet
  facet normal  -0.000000e+000  0.000000e+000  1.000000e+000
    outer loop
      vertex -1.111736e+001 -3.507095e+001  5.750000e+001
      vertex -1.947799e+001 -3.545803e+001  5.750000e+001
      vertex -9.579394e+000 -3.557903e+001  5.750000e+001
    endloop
  endfacet
  facet normal  0.000000e+000  0.000000e+000  1.000000e+000
    outer loop
      vertex -9.579394e+000 -3.557903e+001  5.750000e+001
      vertex -1.947799e+001 -3.545803e+001  5.750000e+001
      vertex -8.018346e+000 -3.601103e+001  5.750000e+001
    endloop
  endfacet
  facet normal  0.000000e+000  0.000000e+000  1.000000e+000
    outer loop
      vertex -8.018346e+000 -3.601103e+001  5.750000e+001
      vertex -1.947799e+001 -3.545803e+001  5.750000e+001
      vertex -1.800437e+001 -3.632403e+001  5.750000e+001
    endloop
  endfacet
  facet normal  -0.000000e+000  0.000000e+000  1.000000e+000
    outer loop
      vertex -8.018346e+000 -3.601103e+001  5.750000e+001
      vertex -1.800437e+001 -3.632403e+001  5.750000e+001
      vertex -6.437981e+000 -3.636591e+001  5.750000e+001
    endloop
  endfacet
  facet normal  0.000000e+000  0.000000e+000  1.000000e+000
    outer loop
      vertex  1.111736e+001  2.707095e+001  5.750000e+001
      vertex  2.091005e+001  2.652491e+001  5.750000e+001
      vertex  9.579394e+000  2.757903e+001  5.750000e+001
    endloop
  endfacet
  facet normal  0.000000e+000  0.000000e+000  1.000000e+000
    outer loop
      vertex  9.579394e+000  2.757903e+001  5.750000e+001
      vertex  2.091005e+001  2.652491e+001  5.750000e+001
      vertex  1.947799e+001  2.745803e+001  5.750000e+001
    endloop
  endfacet
  facet normal  0.000000e+000  0.000000e+000  1.000000e+000
    outer loop
      vertex  9.579394e+000  2.757903e+001  5.750000e+001
      vertex  1.947799e+001  2.745803e+001  5.750000e+001
      vertex  8.018346e+000  2.801103e+001  5.750000e+001
    endloop
  endfacet
  facet normal  -0.000000e+000  0.000000e+000  1.000000e+000
    outer loop
      vertex  2.091005e+001  2.652491e+001  5.750000e+001
      vertex  1.262855e+001  2.648802e+001  5.750000e+001
      vertex  2.229748e+001  2.552664e+001  5.750000e+001
    endloop
  endfacet
  facet normal  0.000000e+000  0.000000e+000  1.000000e+000
    outer loop
      vertex  2.229748e+001  2.552664e+001  5.750000e+001
      vertex  1.262855e+001  2.648802e+001  5.750000e+001
      vertex  1.410932e+001  2.583165e+001  5.750000e+001
    endloop
  endfacet
  facet normal  0.000000e+000  0.000000e+000  1.000000e+000
    outer loop
      vertex  2.229748e+001  2.552664e+001  5.750000e+001
      vertex  1.410932e+001  2.583165e+001  5.750000e+001
      vertex  2.363733e+001  2.446536e+001  5.750000e+001
    endloop
  endfacet
  facet normal  0.000000e+000  0.000000e+000  1.000000e+000
    outer loop
      vertex  2.363733e+001  2.446536e+001  5.750000e+001
      vertex  1.410932e+001  2.583165e+001  5.750000e+001
      vertex  1.555609e+001  2.510340e+001  5.750000e+001
    endloop
  endfacet
  facet normal  0.000000e+000  0.000000e+000  1.000000e+000
    outer loop
      vertex  2.363733e+001  2.446536e+001  5.750000e+001
      vertex  1.555609e+001  2.510340e+001  5.750000e+001
      vertex  1.696539e+001  2.430504e+001  5.750000e+001
    endloop
  endfacet
  facet normal  -0.000000e+000  0.000000e+000  9.999999e-001
    outer loop
      vertex  2.363733e+001  2.446536e+001  5.750000e+001
      vertex  1.696539e+001  2.430504e+001  5.750000e+001
      vertex  2.492674e+001  2.334333e+001  5.750000e+001
    endloop
  endfacet
  facet normal  0.000000e+000  0.000000e+000  1.000000e+000
    outer loop
      vertex  2.492674e+001  2.334333e+001  5.750000e+001
      vertex  1.696539e+001  2.430504e+001  5.750000e+001
      vertex  1.833382e+001  2.343850e+001  5.750000e+001
    endloop
  endfacet
  facet normal  0.000000e+000  0.000000e+000  9.999999e-001
    outer loop
      vertex  2.492674e+001  2.334333e+001  5.750000e+001
      vertex  1.833382e+001  2.343850e+001  5.750000e+001
      vertex  2.616295e+001  2.216295e+001  5.750000e+001
    endloop
  endfacet
  facet normal  0.000000e+000  0.000000e+000  9.999999e-001
    outer loop
      vertex  2.616295e+001  2.216295e+001  5.750000e+001
      vertex  1.833382e+001  2.343850e+001  5.750000e+001
      vertex  1.965808e+001  2.250585e+001  5.750000e+001
    endloop
  endfacet
  facet normal  0.000000e+000  0.000000e+000  1.000000e+000
    outer loop
      vertex  2.616295e+001  2.216295e+001  5.750000e+001
      vertex  1.965808e+001  2.250585e+001  5.750000e+001
      vertex  2.734333e+001  2.092674e+001  5.750000e+001
    endloop
  endfacet
  facet normal  0.000000e+000  0.000000e+000  1.000000e+000
    outer loop
      vertex  2.734333e+001  2.092674e+001  5.750000e+001
      vertex  1.965808e+001  2.250585e+001  5.750000e+001
      vertex  2.093498e+001  2.150934e+001  5.750000e+001
    endloop
  endfacet
  facet normal  0.000000e+000  0.000000e+000  1.000000e+000
    outer loop
      vertex  2.734333e+001  2.092674e+001  5.750000e+001
      vertex  2.093498e+001  2.150934e+001  5.750000e+001
      vertex  2.216145e+001  2.045139e+001  5.750000e+001
    endloop
  endfacet
  facet normal  -0.000000e+000  0.000000e+000  1.000000e+000
    outer loop
      vertex  2.734333e+001  2.092674e+001  5.750000e+001
      vertex  2.216145e+001  2.045139e+001  5.750000e+001
      vertex  2.846536e+001  1.963733e+001  5.750000e+001
    endloop
  endfacet
  facet normal  0.000000e+000  0.000000e+000  1.000000e+000
    outer loop
      vertex  2.846536e+001  1.963733e+001  5.750000e+001
      vertex  2.216145e+001  2.045139e+001  5.750000e+001
      vertex  2.333452e+001  1.933452e+001  5.750000e+001
    endloop
  endfacet
  facet normal  -0.000000e+000  0.000000e+000  1.000000e+000
    outer loop
      vertex  2.846536e+001  1.963733e+001  5.750000e+001
      vertex  2.333452e+001  1.933452e+001  5.750000e+001
      vertex  2.952664e+001  1.829748e+001  5.750000e+001
    endloop
  endfacet
  facet normal  0.000000e+000  0.000000e+000  1.000000e+000
    outer loop
      vertex  2.952664e+001  1.829748e+001  5.750000e+001
      vertex  2.333452e+001  1.933452e+001  5.750000e+001
      vertex  2.445139e+001  1.816145e+001  5.750000e+001
    endloop
  endfacet
  facet normal  -0.000000e+000  0.000000e+000  1.000000e+000
    outer loop
      vertex  2.952664e+001  1.829748e+001  5.750000e+001
      vertex  2.445139e+001  1.816145e+001  5.750000e+001
      vertex  3.052491e+001  1.691005e+001  5.750000e+001
    endloop
  endfacet
  facet normal  0.000000e+000  0.000000e+000  9.999999e-001
    outer loop
      vertex  3.052491e+001  1.691005e+001  5.750000e+001
      vertex  2.445139e+001  1.816145e+001  5.750000e+001
      vertex  2.550934e+001  1.693498e+001  5.750000e+001
    endloop
  endfacet
  facet normal  0.000000e+000  0.000000e+000  1.000000e+000
    outer loop
      vertex  3.052491e+001  1.691005e+001  5.750000e+001
      vertex  2.550934e+001  1.693498e+001  5.750000e+001
      vertex  3.145803e+001  1.547799e+001  5.750000e+001
    endloop
  endfacet
  facet normal  0.000000e+000  0.000000e+000  1.000000e+000
    outer loop
      vertex  3.145803e+001  1.547799e+001  5.750000e+001
      vertex  2.550934e+001  1.693498e+001  5.750000e+001
      vertex  2.650585e+001  1.565808e+001  5.750000e+001
    endloop
  endfacet
  facet normal  0.000000e+000  0.000000e+000  1.000000e+000
    outer loop
      vertex  3.145803e+001  1.547799e+001  5.750000e+001
      vertex  2.650585e+001  1.565808e+001  5.750000e+001
      vertex  3.232403e+001  1.400437e+001  5.750000e+001
    endloop
  endfacet
  facet normal  0.000000e+000  0.000000e+000  1.000000e+000
    outer loop
      vertex  3.232403e+001  1.400437e+001  5.750000e+001
      vertex  2.650585e+001  1.565808e+001  5.750000e+001
      vertex  2.743850e+001  1.433382e+001  5.750000e+001
    endloop
  endfacet
  facet normal  0.000000e+000  0.000000e+000  9.999999e-001
    outer loop
      vertex  3.232403e+001  1.400437e+001  5.750000e+001
      vertex  2.743850e+001  1.433382e+001  5.750000e+001
      vertex  3.312104e+001  1.249232e+001  5.750000e+001
    endloop
  endfacet
  facet normal  0.000000e+000  0.000000e+000  1.000000e+000
    outer loop
      vertex  3.312104e+001  1.249232e+001  5.750000e+001
      vertex  2.743850e+001  1.433382e+001  5.750000e+001
      vertex  2.830504e+001  1.296539e+001  5.750000e+001
    endloop
  endfacet
  facet normal  0.000000e+000  0.000000e+000  1.000000e+000
    outer loop
      vertex  3.312104e+001  1.249232e+001  5.750000e+001
      vertex  2.830504e+001  1.296539e+001  5.750000e+001
      vertex  3.384737e+001  1.094508e+001  5.750000e+001
    endloop
  endfacet
  facet normal  0.000000e+000  0.000000e+000  1.000000e+000
    outer loop
      vertex  3.384737e+001  1.094508e+001  5.750000e+001
      vertex  2.830504e+001  1.296539e+001  5.750000e+001
      vertex  2.910340e+001  1.155609e+001  5.750000e+001
    endloop
  endfacet
  facet normal  0.000000e+000  0.000000e+000  1.000000e+000
    outer loop
      vertex  3.384737e+001  1.094508e+001  5.750000e+001
      vertex  2.910340e+001  1.155609e+001  5.750000e+001
      vertex  3.450147e+001  9.365942e+000  5.750000e+001
    endloop
  endfacet
  facet normal  0.000000e+000  0.000000e+000  1.000000e+000
    outer loop
      vertex  3.450147e+001  9.365942e+000  5.750000e+001
      vertex  2.910340e+001  1.155609e+001  5.750000e+001
      vertex  2.983165e+001  1.010932e+001  5.750000e+001
    endloop
  endfacet
  facet normal  0.000000e+000  0.000000e+000  9.999999e-001
    outer loop
      vertex  3.450147e+001  9.365942e+000  5.750000e+001
      vertex  2.983165e+001  1.010932e+001  5.750000e+001
      vertex  3.048802e+001  8.628553e+000  5.750000e+001
    endloop
  endfacet
  facet normal  -0.000000e+000  0.000000e+000  1.000000e+000
    outer loop
      vertex  3.450147e+001  9.365942e+000  5.750000e+001
      vertex  3.048802e+001  8.628553e+000  5.750000e+001
      vertex  3.508194e+001  7.758283e+000  5.750000e+001
    endloop
  endfacet
  facet normal  0.000000e+000  0.000000e+000  1.000000e+000
    outer loop
      vertex  3.508194e+001  7.758283e+000  5.750000e+001
      vertex  3.048802e+001  8.628553e+000  5.750000e+001
      vertex  3.107095e+001  7.117365e+000  5.750000e+001
    endloop
  endfacet
  facet normal  -0.000000e+000  0.000000e+000  1.000000e+000
    outer loop
      vertex  3.508194e+001  7.758283e+000  5.750000e+001
      vertex  3.107095e+001  7.117365e+000  5.750000e+001
      vertex  3.558755e+001  6.125531e+000  5.750000e+001
    endloop
  endfacet
  facet normal  0.000000e+000  0.000000e+000  1.000000e+000
    outer loop
      vertex  3.558755e+001  6.125531e+000  5.750000e+001
      vertex  3.107095e+001  7.117365e+000  5.750000e+001
      vertex  3.157903e+001  5.579394e+000  5.750000e+001
    endloop
  endfacet
  facet normal  -0.000000e+000  0.000000e+000  1.000000e+000
    outer loop
      vertex  3.558755e+001  6.125531e+000  5.750000e+001
      vertex  3.157903e+001  5.579394e+000  5.750000e+001
      vertex  3.601721e+001  4.471170e+000  5.750000e+001
    endloop
  endfacet
  facet normal  0.000000e+000  0.000000e+000  1.000000e+000
    outer loop
      vertex  3.601721e+001  4.471170e+000  5.750000e+001
      vertex  3.157903e+001  5.579394e+000  5.750000e+001
      vertex  3.201103e+001  4.018346e+000  5.750000e+001
    endloop
  endfacet
  facet normal  -0.000000e+000  0.000000e+000  1.000000e+000
    outer loop
      vertex  3.601721e+001  4.471170e+000  5.750000e+001
      vertex  3.201103e+001  4.018346e+000  5.750000e+001
      vertex  3.637001e+001  2.798732e+000  5.750000e+001
    endloop
  endfacet
  facet normal  0.000000e+000  0.000000e+000  1.000000e+000
    outer loop
      vertex  3.637001e+001  2.798732e+000  5.750000e+001
      vertex  3.201103e+001  4.018346e+000  5.750000e+001
      vertex  3.236591e+001  2.437981e+000  5.750000e+001
    endloop
  endfacet
  facet normal  -0.000000e+000  0.000000e+000  1.000000e+000
    outer loop
      vertex  3.637001e+001  2.798732e+000  5.750000e+001
      vertex  3.236591e+001  2.437981e+000  5.750000e+001
      vertex  3.664519e+001  1.111785e+000  5.750000e+001
    endloop
  endfacet
  facet normal  0.000000e+000  0.000000e+000  1.000000e+000
    outer loop
      vertex  3.664519e+001  1.111785e+000  5.750000e+001
      vertex  3.236591e+001  2.437981e+000  5.750000e+001
      vertex  3.264283e+001  8.421057e-001  5.750000e+001
    endloop
  endfacet
  facet normal  -0.000000e+000  0.000000e+000  1.000000e+000
    outer loop
      vertex  3.664519e+001  1.111785e+000  5.750000e+001
      vertex  3.264283e+001  8.421057e-001  5.750000e+001
      vertex  3.684216e+001 -5.860707e-001  5.750000e+001
    endloop
  endfacet
  facet normal  0.000000e+000  0.000000e+000  1.000000e+000
    outer loop
      vertex  3.684216e+001 -5.860707e-001  5.750000e+001
      vertex  3.264283e+001  8.421057e-001  5.750000e+001
      vertex  3.284109e+001 -7.654344e-001  5.750000e+001
    endloop
  endfacet
  facet normal  -0.000000e+000  0.000000e+000  9.999999e-001
    outer loop
      vertex  3.684216e+001 -5.860707e-001  5.750000e+001
      vertex  3.284109e+001 -7.654344e-001  5.750000e+001
      vertex  3.696052e+001 -2.291212e+000  5.750000e+001
    endloop
  endfacet
  facet normal  0.000000e+000  0.000000e+000  1.000000e+000
    outer loop
      vertex  3.696052e+001 -2.291212e+000  5.750000e+001
      vertex  3.284109e+001 -7.654344e-001  5.750000e+001
      vertex  3.296025e+001 -2.380767e+000  5.750000e+001
    endloop
  endfacet
  facet normal  -0.000000e+000  0.000000e+000  1.000000e+000
    outer loop
      vertex  3.696052e+001 -2.291212e+000  5.750000e+001
      vertex  3.296025e+001 -2.380767e+000  5.750000e+001
      vertex  3.700000e+001 -4.000000e+000  5.750000e+001
    endloop
  endfacet
  facet normal  0.000000e+000  0.000000e+000  9.999999e-001
    outer loop
      vertex  3.700000e+001 -4.000000e+000  5.750000e+001
      vertex  3.296025e+001 -2.380767e+000  5.750000e+001
      vertex  3.300000e+001 -4.000000e+000  5.750000e+001
    endloop
  endfacet
  facet normal  -0.000000e+000  0.000000e+000  1.000000e+000
    outer loop
      vertex  3.700000e+001 -4.000000e+000  5.750000e+001
      vertex  3.300000e+001 -4.000000e+000  5.750000e+001
      vertex  3.696052e+001 -5.708788e+000  5.750000e+001
    endloop
  endfacet
  facet normal  0.000000e+000  0.000000e+000  1.000000e+000
    outer loop
      vertex  3.696052e+001 -5.708788e+000  5.750000e+001
      vertex  3.300000e+001 -4.000000e+000  5.750000e+001
      vertex  3.296025e+001 -5.619233e+000  5.750000e+001
    endloop
  endfacet
  facet normal  0.000000e+000  0.000000e+000  1.000000e+000
    outer loop
      vertex  3.696052e+001 -5.708788e+000  5.750000e+001
      vertex  3.296025e+001 -5.619233e+000  5.750000e+001
      vertex  3.684216e+001 -7.413929e+000  5.750000e+001
    endloop
  endfacet
  facet normal  0.000000e+000  0.000000e+000  9.999999e-001
    outer loop
      vertex  3.684216e+001 -7.413929e+000  5.750000e+001
      vertex  3.296025e+001 -5.619233e+000  5.750000e+001
      vertex  3.284109e+001 -7.234566e+000  5.750000e+001
    endloop
  endfacet
  facet normal  0.000000e+000  0.000000e+000  9.999999e-001
    outer loop
      vertex  3.684216e+001 -7.413929e+000  5.750000e+001
      vertex  3.284109e+001 -7.234566e+000  5.750000e+001
      vertex  3.664519e+001 -9.111785e+000  5.750000e+001
    endloop
  endfacet
  facet normal  0.000000e+000  0.000000e+000  1.000000e+000
    outer loop
      vertex  3.664519e+001 -9.111785e+000  5.750000e+001
      vertex  3.284109e+001 -7.234566e+000  5.750000e+001
      vertex  3.264283e+001 -8.842106e+000  5.750000e+001
    endloop
  endfacet
  facet normal  0.000000e+000  0.000000e+000  1.000000e+000
    outer loop
      vertex  3.664519e+001 -9.111785e+000  5.750000e+001
      vertex  3.264283e+001 -8.842106e+000  5.750000e+001
      vertex  3.637001e+001 -1.079873e+001  5.750000e+001
    endloop
  endfacet
  facet normal  0.000000e+000  0.000000e+000  1.000000e+000
    outer loop
      vertex  3.637001e+001 -1.079873e+001  5.750000e+001
      vertex  3.264283e+001 -8.842106e+000  5.750000e+001
      vertex  3.236591e+001 -1.043798e+001  5.750000e+001
    endloop
  endfacet
  facet normal  0.000000e+000  0.000000e+000  1.000000e+000
    outer loop
      vertex  3.637001e+001 -1.079873e+001  5.750000e+001
      vertex  3.236591e+001 -1.043798e+001  5.750000e+001
      vertex  3.601721e+001 -1.247117e+001  5.750000e+001
    endloop
  endfacet
  facet normal  0.000000e+000  0.000000e+000  1.000000e+000
    outer loop
      vertex  3.601721e+001 -1.247117e+001  5.750000e+001
      vertex  3.236591e+001 -1.043798e+001  5.750000e+001
      vertex  3.201103e+001 -1.201835e+001  5.750000e+001
    endloop
  endfacet
  facet normal  0.000000e+000  0.000000e+000  1.000000e+000
    outer loop
      vertex  3.601721e+001 -1.247117e+001  5.750000e+001
      vertex  3.201103e+001 -1.201835e+001  5.750000e+001
      vertex  3.558755e+001 -1.412553e+001  5.750000e+001
    endloop
  endfacet
  facet normal  0.000000e+000  0.000000e+000  1.000000e+000
    outer loop
      vertex  3.558755e+001 -1.412553e+001  5.750000e+001
      vertex  3.201103e+001 -1.201835e+001  5.750000e+001
      vertex  3.157903e+001 -1.357939e+001  5.750000e+001
    endloop
  endfacet
  facet normal  0.000000e+000  0.000000e+000  1.000000e+000
    outer loop
      vertex  3.558755e+001 -1.412553e+001  5.750000e+001
      vertex  3.157903e+001 -1.357939e+001  5.750000e+001
      vertex  3.508194e+001 -1.575828e+001  5.750000e+001
    endloop
  endfacet
  facet normal  0.000000e+000  0.000000e+000  1.000000e+000
    outer loop
      vertex  3.508194e+001 -1.575828e+001  5.750000e+001
      vertex  3.157903e+001 -1.357939e+001  5.750000e+001
      vertex  3.107095e+001 -1.511736e+001  5.750000e+001
    endloop
  endfacet
  facet normal  0.000000e+000  0.000000e+000  1.000000e+000
    outer loop
      vertex  3.508194e+001 -1.575828e+001  5.750000e+001
      vertex  3.107095e+001 -1.511736e+001  5.750000e+001
      vertex  3.450147e+001 -1.736594e+001  5.750000e+001
    endloop
  endfacet
  facet normal  0.000000e+000  0.000000e+000  1.000000e+000
    outer loop
      vertex  3.450147e+001 -1.736594e+001  5.750000e+001
      vertex  3.107095e+001 -1.511736e+001  5.750000e+001
      vertex  3.048802e+001 -1.662855e+001  5.750000e+001
    endloop
  endfacet
  facet normal  0.000000e+000  0.000000e+000  1.000000e+000
    outer loop
      vertex  3.450147e+001 -1.736594e+001  5.750000e+001
      vertex  3.048802e+001 -1.662855e+001  5.750000e+001
      vertex  3.384737e+001 -1.894508e+001  5.750000e+001
    endloop
  endfacet
  facet normal  0.000000e+000  0.000000e+000  1.000000e+000
    outer loop
      vertex  3.384737e+001 -1.894508e+001  5.750000e+001
      vertex  3.048802e+001 -1.662855e+001  5.750000e+001
      vertex  2.983165e+001 -1.810932e+001  5.750000e+001
    endloop
  endfacet
  facet normal  0.000000e+000  0.000000e+000  1.000000e+000
    outer loop
      vertex  3.384737e+001 -1.894508e+001  5.750000e+001
      vertex  2.983165e+001 -1.810932e+001  5.750000e+001
      vertex  2.910340e+001 -1.955609e+001  5.750000e+001
    endloop
  endfacet
  facet normal  -0.000000e+000  0.000000e+000  1.000000e+000
    outer loop
      vertex  3.384737e+001 -1.894508e+001  5.750000e+001
      vertex  2.910340e+001 -1.955609e+001  5.750000e+001
      vertex  3.312104e+001 -2.049232e+001  5.750000e+001
    endloop
  endfacet
  facet normal  0.000000e+000  0.000000e+000  1.000000e+000
    outer loop
      vertex  3.312104e+001 -2.049232e+001  5.750000e+001
      vertex  2.910340e+001 -1.955609e+001  5.750000e+001
      vertex  2.830504e+001 -2.096539e+001  5.750000e+001
    endloop
  endfacet
  facet normal  -0.000000e+000  0.000000e+000  1.000000e+000
    outer loop
      vertex  3.312104e+001 -2.049232e+001  5.750000e+001
      vertex  2.830504e+001 -2.096539e+001  5.750000e+001
      vertex  3.232403e+001 -2.200437e+001  5.750000e+001
    endloop
  endfacet
  facet normal  0.000000e+000  0.000000e+000  1.000000e+000
    outer loop
      vertex  3.232403e+001 -2.200437e+001  5.750000e+001
      vertex  2.830504e+001 -2.096539e+001  5.750000e+001
      vertex  2.743850e+001 -2.233382e+001  5.750000e+001
    endloop
  endfacet
  facet normal  -0.000000e+000  0.000000e+000  1.000000e+000
    outer loop
      vertex  3.232403e+001 -2.200437e+001  5.750000e+001
      vertex  2.743850e+001 -2.233382e+001  5.750000e+001
      vertex  3.145803e+001 -2.347799e+001  5.750000e+001
    endloop
  endfacet
  facet normal  0.000000e+000  0.000000e+000  1.000000e+000
    outer loop
      vertex  3.145803e+001 -2.347799e+001  5.750000e+001
      vertex  2.743850e+001 -2.233382e+001  5.750000e+001
      vertex  2.650585e+001 -2.365808e+001  5.750000e+001
    endloop
  endfacet
  facet normal  -0.000000e+000  0.000000e+000  1.000000e+000
    outer loop
      vertex  3.145803e+001 -2.347799e+001  5.750000e+001
      vertex  2.650585e+001 -2.365808e+001  5.750000e+001
      vertex  3.052491e+001 -2.491005e+001  5.750000e+001
    endloop
  endfacet
  facet normal  0.000000e+000  0.000000e+000  9.999999e-001
    outer loop
      vertex  3.052491e+001 -2.491005e+001  5.750000e+001
      vertex  2.650585e+001 -2.365808e+001  5.750000e+001
      vertex  2.550934e+001 -2.493498e+001  5.750000e+001
    endloop
  endfacet
  facet normal  -0.000000e+000  0.000000e+000  1.000000e+000
    outer loop
      vertex  3.052491e+001 -2.491005e+001  5.750000e+001
      vertex  2.550934e+001 -2.493498e+001  5.750000e+001
      vertex  2.952664e+001 -2.629748e+001  5.750000e+001
    endloop
  endfacet
  facet normal  0.000000e+000  0.000000e+000  1.000000e+000
    outer loop
      vertex  2.952664e+001 -2.629748e+001  5.750000e+001
      vertex  2.550934e+001 -2.493498e+001  5.750000e+001
      vertex  2.445139e+001 -2.616145e+001  5.750000e+001
    endloop
  endfacet
  facet normal  0.000000e+000  0.000000e+000  1.000000e+000
    outer loop
      vertex  2.952664e+001 -2.629748e+001  5.750000e+001
      vertex  2.445139e+001 -2.616145e+001  5.750000e+001
      vertex  2.846536e+001 -2.763733e+001  5.750000e+001
    endloop
  endfacet
  facet normal  0.000000e+000  0.000000e+000  1.000000e+000
    outer loop
      vertex  2.846536e+001 -2.763733e+001  5.750000e+001
      vertex  2.445139e+001 -2.616145e+001  5.750000e+001
      vertex  2.333452e+001 -2.733452e+001  5.750000e+001
    endloop
  endfacet
  facet normal  0.000000e+000  0.000000e+000  1.000000e+000
    outer loop
      vertex  2.846536e+001 -2.763733e+001  5.750000e+001
      vertex  2.333452e+001 -2.733452e+001  5.750000e+001
      vertex  2.734333e+001 -2.892674e+001  5.750000e+001
    endloop
  endfacet
  facet normal  0.000000e+000  0.000000e+000  1.000000e+000
    outer loop
      vertex  2.734333e+001 -2.892674e+001  5.750000e+001
      vertex  2.333452e+001 -2.733452e+001  5.750000e+001
      vertex  2.216145e+001 -2.845139e+001  5.750000e+001
    endloop
  endfacet
  facet normal  0.000000e+000  0.000000e+000  1.000000e+000
    outer loop
      vertex  2.734333e+001 -2.892674e+001  5.750000e+001
      vertex  2.216145e+001 -2.845139e+001  5.750000e+001
      vertex  2.616295e+001 -3.016295e+001  5.750000e+001
    endloop
  endfacet
  facet normal  0.000000e+000  0.000000e+000  1.000000e+000
    outer loop
      vertex  2.616295e+001 -3.016295e+001  5.750000e+001
      vertex  2.216145e+001 -2.845139e+001  5.750000e+001
      vertex  2.093498e+001 -2.950934e+001  5.750000e+001
    endloop
  endfacet
  facet normal  0.000000e+000  0.000000e+000  1.000000e+000
    outer loop
      vertex  2.616295e+001 -3.016295e+001  5.750000e+001
      vertex  2.093498e+001 -2.950934e+001  5.750000e+001
      vertex  1.965808e+001 -3.050585e+001  5.750000e+001
    endloop
  endfacet
  facet normal  -0.000000e+000  0.000000e+000  1.000000e+000
    outer loop
      vertex  2.616295e+001 -3.016295e+001  5.750000e+001
      vertex  1.965808e+001 -3.050585e+001  5.750000e+001
      vertex  2.492674e+001 -3.134333e+001  5.750000e+001
    endloop
  endfacet
  facet normal  0.000000e+000  0.000000e+000  1.000000e+000
    outer loop
      vertex  2.492674e+001 -3.134333e+001  5.750000e+001
      vertex  1.965808e+001 -3.050585e+001  5.750000e+001
      vertex  1.833382e+001 -3.143850e+001  5.750000e+001
    endloop
  endfacet
  facet normal  -0.000000e+000  0.000000e+000  9.999999e-001
    outer loop
      vertex  2.492674e+001 -3.134333e+001  5.750000e+001
      vertex  1.833382e+001 -3.143850e+001  5.750000e+001
      vertex  2.363733e+001 -3.246536e+001  5.750000e+001
    endloop
  endfacet
  facet normal  0.000000e+000  0.000000e+000  1.000000e+000
    outer loop
      vertex  2.363733e+001 -3.246536e+001  5.750000e+001
      vertex  1.833382e+001 -3.143850e+001  5.750000e+001
      vertex  1.696539e+001 -3.230504e+001  5.750000e+001
    endloop
  endfacet
  facet normal  0.000000e+000  0.000000e+000  9.999999e-001
    outer loop
      vertex  2.363733e+001 -3.246536e+001  5.750000e+001
      vertex  1.696539e+001 -3.230504e+001  5.750000e+001
      vertex  2.229748e+001 -3.352664e+001  5.750000e+001
    endloop
  endfacet
  facet normal  0.000000e+000  0.000000e+000  9.999999e-001
    outer loop
      vertex  2.229748e+001 -3.352664e+001  5.750000e+001
      vertex  1.696539e+001 -3.230504e+001  5.750000e+001
      vertex  1.555609e+001 -3.310340e+001  5.750000e+001
    endloop
  endfacet
  facet normal  0.000000e+000  0.000000e+000  1.000000e+000
    outer loop
      vertex  2.229748e+001 -3.352664e+001  5.750000e+001
      vertex  1.555609e+001 -3.310340e+001  5.750000e+001
      vertex  1.410932e+001 -3.383165e+001  5.750000e+001
    endloop
  endfacet
  facet normal  -0.000000e+000  0.000000e+000  1.000000e+000
    outer loop
      vertex  2.229748e+001 -3.352664e+001  5.750000e+001
      vertex  1.410932e+001 -3.383165e+001  5.750000e+001
      vertex  2.091005e+001 -3.452491e+001  5.750000e+001
    endloop
  endfacet
  facet normal  0.000000e+000  0.000000e+000  1.000000e+000
    outer loop
      vertex  2.091005e+001 -3.452491e+001  5.750000e+001
      vertex  1.410932e+001 -3.383165e+001  5.750000e+001
      vertex  1.262855e+001 -3.448803e+001  5.750000e+001
    endloop
  endfacet
  facet normal  0.000000e+000  0.000000e+000  1.000000e+000
    outer loop
      vertex  2.091005e+001 -3.452491e+001  5.750000e+001
      vertex  1.262855e+001 -3.448803e+001  5.750000e+001
      vertex  1.947799e+001 -3.545803e+001  5.750000e+001
    endloop
  endfacet
  facet normal  0.000000e+000  0.000000e+000  1.000000e+000
    outer loop
      vertex  1.947799e+001 -3.545803e+001  5.750000e+001
      vertex  1.262855e+001 -3.448803e+001  5.750000e+001
      vertex  1.111736e+001 -3.507095e+001  5.750000e+001
    endloop
  endfacet
  facet normal  0.000000e+000  0.000000e+000  1.000000e+000
    outer loop
      vertex  1.947799e+001 -3.545803e+001  5.750000e+001
      vertex  1.111736e+001 -3.507095e+001  5.750000e+001
      vertex  9.579394e+000 -3.557903e+001  5.750000e+001
    endloop
  endfacet
  facet normal  -0.000000e+000  0.000000e+000  1.000000e+000
    outer loop
      vertex  1.947799e+001 -3.545803e+001  5.750000e+001
      vertex  9.579394e+000 -3.557903e+001  5.750000e+001
      vertex  1.800437e+001 -3.632403e+001  5.750000e+001
    endloop
  endfacet
  facet normal  0.000000e+000  0.000000e+000  9.999999e-001
    outer loop
      vertex  1.800437e+001 -3.632403e+001  5.750000e+001
      vertex  9.579394e+000 -3.557903e+001  5.750000e+001
      vertex  8.018346e+000 -3.601103e+001  5.750000e+001
    endloop
  endfacet
  facet normal  0.000000e+000  0.000000e+000  1.000000e+000
    outer loop
      vertex  1.800437e+001 -3.632403e+001  5.750000e+001
      vertex  8.018346e+000 -3.601103e+001  5.750000e+001
      vertex  6.437981e+000 -3.636591e+001  5.750000e+001
    endloop
  endfacet
  facet normal  -0.000000e+000  0.000000e+000 -1.000000e+000
    outer loop
      vertex -8.018346e+000  2.801103e+001 -7.500000e+000
      vertex -9.579394e+000  2.757903e+001 -7.500000e+000
      vertex -1.947799e+001  2.745803e+001 -7.500000e+000
    endloop
  endfacet
  facet normal  0.000000e+000  0.000000e+000 -1.000000e+000
    outer loop
      vertex  2.091005e+001  2.652491e+001 -7.500000e+000
      vertex  1.262855e+001  2.648802e+001 -7.500000e+000
      vertex  1.111736e+001  2.707095e+001 -7.500000e+000
    endloop
  endfacet
  facet normal  0.000000e+000  0.000000e+000 -1.000000e+000
    outer loop
      vertex  2.020600e-015  2.900000e+001 -7.500000e+000
      vertex -1.619233e+000  2.896025e+001 -7.500000e+000
      vertex -1.649232e+001  2.912104e+001 -7.500000e+000
    endloop
  endfacet
  facet normal  0.000000e+000  0.000000e+000 -1.000000e+000
    outer loop
      vertex  2.020600e-015  2.900000e+001 -7.500000e+000
      vertex -1.649232e+001  2.912104e+001 -7.500000e+000
      vertex -1.494508e+001  2.984737e+001 -7.500000e+000
    endloop
  endfacet
  facet normal  0.000000e+000  0.000000e+000 -1.000000e+000
    outer loop
      vertex  2.020600e-015  2.900000e+001 -7.500000e+000
      vertex -1.494508e+001  2.984737e+001 -7.500000e+000
      vertex -1.336594e+001  3.050147e+001 -7.500000e+000
    endloop
  endfacet
  facet normal  0.000000e+000  0.000000e+000 -1.000000e+000
    outer loop
      vertex  2.020600e-015  2.900000e+001 -7.500000e+000
      vertex -1.336594e+001  3.050147e+001 -7.500000e+000
      vertex -1.175828e+001  3.108194e+001 -7.500000e+000
    endloop
  endfacet
  facet normal  0.000000e+000  0.000000e+000 -1.000000e+000
    outer loop
      vertex  2.020600e-015  2.900000e+001 -7.500000e+000
      vertex -1.175828e+001  3.108194e+001 -7.500000e+000
      vertex -1.012553e+001  3.158755e+001 -7.500000e+000
    endloop
  endfacet
  facet normal  0.000000e+000  0.000000e+000 -1.000000e+000
    outer loop
      vertex  2.020600e-015  2.900000e+001 -7.500000e+000
      vertex -1.012553e+001  3.158755e+001 -7.500000e+000
      vertex -8.471170e+000  3.201721e+001 -7.500000e+000
    endloop
  endfacet
  facet normal  0.000000e+000  0.000000e+000 -1.000000e+000
    outer loop
      vertex  2.020600e-015  2.900000e+001 -7.500000e+000
      vertex -8.471170e+000  3.201721e+001 -7.500000e+000
      vertex -6.798732e+000  3.237001e+001 -7.500000e+000
    endloop
  endfacet
  facet normal  0.000000e+000  0.000000e+000 -9.999999e-001
    outer loop
      vertex  2.020600e-015  2.900000e+001 -7.500000e+000
      vertex -6.798732e+000  3.237001e+001 -7.500000e+000
      vertex -5.111785e+000  3.264519e+001 -7.500000e+000
    endloop
  endfacet
  facet normal  0.000000e+000  0.000000e+000 -1.000000e+000
    outer loop
      vertex  2.020600e-015  2.900000e+001 -7.500000e+000
      vertex -5.111785e+000  3.264519e+001 -7.500000e+000
      vertex -3.413929e+000  3.284216e+001 -7.500000e+000
    endloop
  endfacet
  facet normal  0.000000e+000  0.000000e+000 -1.000000e+000
    outer loop
      vertex  2.020600e-015  2.900000e+001 -7.500000e+000
      vertex -3.413929e+000  3.284216e+001 -7.500000e+000
      vertex -1.708788e+000  3.296052e+001 -7.500000e+000
    endloop
  endfacet
  facet normal  0.000000e+000  0.000000e+000 -1.000000e+000
    outer loop
      vertex  2.020600e-015  2.900000e+001 -7.500000e+000
      vertex -1.708788e+000  3.296052e+001 -7.500000e+000
      vertex  2.265522e-015  3.300000e+001 -7.500000e+000
    endloop
  endfacet
  facet normal  0.000000e+000  -0.000000e+000 -1.000000e+000
    outer loop
      vertex  2.020600e-015  2.900000e+001 -7.500000e+000
      vertex  2.265522e-015  3.300000e+001 -7.500000e+000
      vertex  1.708788e+000  3.296052e+001 -7.500000e+000
    endloop
  endfacet
  facet normal  0.000000e+000  -0.000000e+000 -1.000000e+000
    outer loop
      vertex  2.020600e-015  2.900000e+001 -7.500000e+000
      vertex  1.708788e+000  3.296052e+001 -7.500000e+000
      vertex  3.413929e+000  3.284216e+001 -7.500000e+000
    endloop
  endfacet
  facet normal  0.000000e+000  -0.000000e+000 -1.000000e+000
    outer loop
      vertex  2.020600e-015  2.900000e+001 -7.500000e+000
      vertex  3.413929e+000  3.284216e+001 -7.500000e+000
      vertex  5.111785e+000  3.264519e+001 -7.500000e+000
    endloop
  endfacet
  facet normal  0.000000e+000  -0.000000e+000 -9.999999e-001
    outer loop
      vertex  2.020600e-015  2.900000e+001 -7.500000e+000
      vertex  5.111785e+000  3.264519e+001 -7.500000e+000
      vertex  6.798732e+000  3.237001e+001 -7.500000e+000
    endloop
  endfacet
  facet normal  0.000000e+000  -0.000000e+000 -1.000000e+000
    outer loop
      vertex  2.020600e-015  2.900000e+001 -7.500000e+000
      vertex  6.798732e+000  3.237001e+001 -7.500000e+000
      vertex  8.471170e+000  3.201721e+001 -7.500000e+000
    endloop
  endfacet
  facet normal  0.000000e+000  -0.000000e+000 -1.000000e+000
    outer loop
      vertex  2.020600e-015  2.900000e+001 -7.500000e+000
      vertex  8.471170e+000  3.201721e+001 -7.500000e+000
      vertex  1.012553e+001  3.158755e+001 -7.500000e+000
    endloop
  endfacet
  facet normal  0.000000e+000  -0.000000e+000 -1.000000e+000
    outer loop
      vertex  2.020600e-015  2.900000e+001 -7.500000e+000
      vertex  1.012553e+001  3.158755e+001 -7.500000e+000
      vertex  1.175828e+001  3.108194e+001 -7.500000e+000
    endloop
  endfacet
  facet normal  0.000000e+000  -0.000000e+000 -1.000000e+000
    outer loop
      vertex  2.020600e-015  2.900000e+001 -7.500000e+000
      vertex  1.175828e+001  3.108194e+001 -7.500000e+000
      vertex  1.336594e+001  3.050147e+001 -7.500000e+000
    endloop
  endfacet
  facet normal  0.000000e+000  -0.000000e+000 -1.000000e+000
    outer loop
      vertex  2.020600e-015  2.900000e+001 -7.500000e+000
      vertex  1.336594e+001  3.050147e+001 -7.500000e+000
      vertex  1.494508e+001  2.984737e+001 -7.500000e+000
    endloop
  endfacet
  facet normal  0.000000e+000  -0.000000e+000 -1.000000e+000
    outer loop
      vertex  2.020600e-015  2.900000e+001 -7.500000e+000
      vertex  1.494508e+001  2.984737e+001 -7.500000e+000
      vertex  1.649232e+001  2.912104e+001 -7.500000e+000
    endloop
  endfacet
  facet normal  0.000000e+000  0.000000e+000 -1.000000e+000
    outer loop
      vertex  2.020600e-015  2.900000e+001 -7.500000e+000
      vertex  1.649232e+001  2.912104e+001 -7.500000e+000
      vertex  1.619233e+000  2.896025e+001 -7.500000e+000
    endloop
  endfacet
  facet normal  0.000000e+000  -0.000000e+000 -1.000000e+000
    outer loop
      vertex -1.800437e+001  2.832403e+001 -7.500000e+000
      vertex -1.649232e+001  2.912104e+001 -7.500000e+000
      vertex -1.619233e+000  2.896025e+001 -7.500000e+000
    endloop
  endfacet
  facet normal  0.000000e+000  0.000000e+000 -1.000000e+000
    outer loop
      vertex -1.800437e+001  2.832403e+001 -7.500000e+000
      vertex -1.619233e+000  2.896025e+001 -7.500000e+000
      vertex -3.234566e+000  2.884110e+001 -7.500000e+000
    endloop
  endfacet
  facet normal  0.000000e+000  0.000000e+000 -1.000000e+000
    outer loop
      vertex -1.800437e+001  2.832403e+001 -7.500000e+000
      vertex -3.234566e+000  2.884110e+001 -7.500000e+000
      vertex -4.842106e+000  2.864282e+001 -7.500000e+000
    endloop
  endfacet
  facet normal  0.000000e+000  0.000000e+000 -1.000000e+000
    outer loop
      vertex -1.800437e+001  2.832403e+001 -7.500000e+000
      vertex -4.842106e+000  2.864282e+001 -7.500000e+000
      vertex -6.437981e+000  2.836591e+001 -7.500000e+000
    endloop
  endfacet
  facet normal  0.000000e+000  0.000000e+000 -1.000000e+000
    outer loop
      vertex -1.800437e+001  2.832403e+001 -7.500000e+000
      vertex -6.437981e+000  2.836591e+001 -7.500000e+000
      vertex -8.018346e+000  2.801103e+001 -7.500000e+000
    endloop
  endfacet
  facet normal  -0.000000e+000  0.000000e+000 -1.000000e+000
    outer loop
      vertex -1.800437e+001  2.832403e+001 -7.500000e+000
      vertex -8.018346e+000  2.801103e+001 -7.500000e+000
      vertex -1.947799e+001  2.745803e+001 -7.500000e+000
    endloop
  endfacet
  facet normal  0.000000e+000  0.000000e+000 -1.000000e+000
    outer loop
      vertex -1.649232e+001 -3.712104e+001 -7.500000e+000
      vertex -1.800437e+001 -3.632403e+001 -7.500000e+000
      vertex -6.437981e+000 -3.636591e+001 -7.500000e+000
    endloop
  endfacet
  facet normal  0.000000e+000  -0.000000e+000 -1.000000e+000
    outer loop
      vertex -1.649232e+001 -3.712104e+001 -7.500000e+000
      vertex -6.437981e+000 -3.636591e+001 -7.500000e+000
      vertex -4.842106e+000 -3.664283e+001 -7.500000e+000
    endloop
  endfacet
  facet normal  0.000000e+000  -0.000000e+000 -1.000000e+000
    outer loop
      vertex -1.649232e+001 -3.712104e+001 -7.500000e+000
      vertex -4.842106e+000 -3.664283e+001 -7.500000e+000
      vertex -3.234566e+000 -3.684109e+001 -7.500000e+000
    endloop
  endfacet
  facet normal  0.000000e+000  -0.000000e+000 -1.000000e+000
    outer loop
      vertex -1.649232e+001 -3.712104e+001 -7.500000e+000
      vertex -3.234566e+000 -3.684109e+001 -7.500000e+000
      vertex -1.619233e+000 -3.696025e+001 -7.500000e+000
    endloop
  endfacet
  facet normal  0.000000e+000  -0.000000e+000 -1.000000e+000
    outer loop
      vertex -1.649232e+001 -3.712104e+001 -7.500000e+000
      vertex -1.619233e+000 -3.696025e+001 -7.500000e+000
      vertex -6.061801e-015 -3.700000e+001 -7.500000e+000
    endloop
  endfacet
  facet normal  0.000000e+000  0.000000e+000 -1.000000e+000
    outer loop
      vertex -1.649232e+001 -3.712104e+001 -7.500000e+000
      vertex -6.061801e-015 -3.700000e+001 -7.500000e+000
      vertex -3.965917e-014 -4.100000e+001 -7.500000e+000
    endloop
  endfacet
  facet normal  0.000000e+000  0.000000e+000 -1.000000e+000
    outer loop
      vertex -3.965917e-014 -4.100000e+001 -7.500000e+000
      vertex -1.708788e+000 -4.096052e+001 -7.500000e+000
      vertex -3.413929e+000 -4.084216e+001 -7.500000e+000
    endloop
  endfacet
  facet normal  0.000000e+000  0.000000e+000 -1.000000e+000
    outer loop
      vertex -3.965917e-014 -4.100000e+001 -7.500000e+000
      vertex -3.413929e+000 -4.084216e+001 -7.500000e+000
      vertex -5.111785e+000 -4.064519e+001 -7.500000e+000
    endloop
  endfacet
  facet normal  0.000000e+000  0.000000e+000 -1.000000e+000
    outer loop
      vertex -3.965917e-014 -4.100000e+001 -7.500000e+000
      vertex -5.111785e+000 -4.064519e+001 -7.500000e+000
      vertex -6.798732e+000 -4.037001e+001 -7.500000e+000
    endloop
  endfacet
  facet normal  0.000000e+000  0.000000e+000 -1.000000e+000
    outer loop
      vertex -3.965917e-014 -4.100000e+001 -7.500000e+000
      vertex -6.798732e+000 -4.037001e+001 -7.500000e+000
      vertex -8.471170e+000 -4.001721e+001 -7.500000e+000
    endloop
  endfacet
  facet normal  0.000000e+000  0.000000e+000 -1.000000e+000
    outer loop
      vertex -3.965917e-014 -4.100000e+001 -7.500000e+000
      vertex -8.471170e+000 -4.001721e+001 -7.500000e+000
      vertex -1.012553e+001 -3.958755e+001 -7.500000e+000
    endloop
  endfacet
  facet normal  0.000000e+000  0.000000e+000 -1.000000e+000
    outer loop
      vertex -3.965917e-014 -4.100000e+001 -7.500000e+000
      vertex -1.012553e+001 -3.958755e+001 -7.500000e+000
      vertex -1.175828e+001 -3.908194e+001 -7.500000e+000
    endloop
  endfacet
  facet normal  0.000000e+000  0.000000e+000 -9.999999e-001
    outer loop
      vertex -3.965917e-014 -4.100000e+001 -7.500000e+000
      vertex -1.175828e+001 -3.908194e+001 -7.500000e+000
      vertex -1.336594e+001 -3.850147e+001 -7.500000e+000
    endloop
  endfacet
  facet normal  0.000000e+000  0.000000e+000 -1.000000e+000
    outer loop
      vertex -3.965917e-014 -4.100000e+001 -7.500000e+000
      vertex -1.336594e+001 -3.850147e+001 -7.500000e+000
      vertex -1.494508e+001 -3.784737e+001 -7.500000e+000
    endloop
  endfacet
  facet normal  0.000000e+000  0.000000e+000 -1.000000e+000
    outer loop
      vertex -3.965917e-014 -4.100000e+001 -7.500000e+000
      vertex -1.494508e+001 -3.784737e+001 -7.500000e+000
      vertex -1.649232e+001 -3.712104e+001 -7.500000e+000
    endloop
  endfacet
  facet normal  0.000000e+000  0.000000e+000 -1.000000e+000
    outer loop
      vertex  1.800437e+001  2.832403e+001 -7.500000e+000
      vertex  1.947799e+001  2.745803e+001 -7.500000e+000
      vertex  8.018346e+000  2.801103e+001 -7.500000e+000
    endloop
  endfacet
  facet normal  0.000000e+000  0.000000e+000 -1.000000e+000
    outer loop
      vertex  1.800437e+001  2.832403e+001 -7.500000e+000
      vertex  8.018346e+000  2.801103e+001 -7.500000e+000
      vertex  6.437981e+000  2.836591e+001 -7.500000e+000
    endloop
  endfacet
  facet normal  0.000000e+000  0.000000e+000 -1.000000e+000
    outer loop
      vertex  1.800437e+001  2.832403e+001 -7.500000e+000
      vertex  6.437981e+000  2.836591e+001 -7.500000e+000
      vertex  4.842106e+000  2.864282e+001 -7.500000e+000
    endloop
  endfacet
  facet normal  0.000000e+000  0.000000e+000 -1.000000e+000
    outer loop
      vertex  1.800437e+001  2.832403e+001 -7.500000e+000
      vertex  4.842106e+000  2.864282e+001 -7.500000e+000
      vertex  3.234566e+000  2.884110e+001 -7.500000e+000
    endloop
  endfacet
  facet normal  0.000000e+000  0.000000e+000 -1.000000e+000
    outer loop
      vertex  1.800437e+001  2.832403e+001 -7.500000e+000
      vertex  3.234566e+000  2.884110e+001 -7.500000e+000
      vertex  1.619233e+000  2.896025e+001 -7.500000e+000
    endloop
  endfacet
  facet normal  0.000000e+000  0.000000e+000 -1.000000e+000
    outer loop
      vertex  1.800437e+001  2.832403e+001 -7.500000e+000
      vertex  1.619233e+000  2.896025e+001 -7.500000e+000
      vertex  1.649232e+001  2.912104e+001 -7.500000e+000
    endloop
  endfacet
  facet normal  0.000000e+000  0.000000e+000 -1.000000e+000
    outer loop
      vertex  1.649232e+001 -3.712104e+001 -7.500000e+000
      vertex -6.061801e-015 -3.700000e+001 -7.500000e+000
      vertex  1.619233e+000 -3.696025e+001 -7.500000e+000
    endloop
  endfacet
  facet normal  0.000000e+000  0.000000e+000 -1.000000e+000
    outer loop
      vertex  1.649232e+001 -3.712104e+001 -7.500000e+000
      vertex  1.619233e+000 -3.696025e+001 -7.500000e+000
      vertex  3.234566e+000 -3.684109e+001 -7.500000e+000
    endloop
  endfacet
  facet normal  0.000000e+000  0.000000e+000 -1.000000e+000
    outer loop
      vertex  1.649232e+001 -3.712104e+001 -7.500000e+000
      vertex  3.234566e+000 -3.684109e+001 -7.500000e+000
      vertex  4.842106e+000 -3.664283e+001 -7.500000e+000
    endloop
  endfacet
  facet normal  0.000000e+000  0.000000e+000 -1.000000e+000
    outer loop
      vertex  1.649232e+001 -3.712104e+001 -7.500000e+000
      vertex  4.842106e+000 -3.664283e+001 -7.500000e+000
      vertex  6.437981e+000 -3.636591e+001 -7.500000e+000
    endloop
  endfacet
  facet normal  0.000000e+000  0.000000e+000 -1.000000e+000
    outer loop
      vertex  1.649232e+001 -3.712104e+001 -7.500000e+000
      vertex  6.437981e+000 -3.636591e+001 -7.500000e+000
      vertex  1.800437e+001 -3.632403e+001 -7.500000e+000
    endloop
  endfacet
  facet normal  0.000000e+000  -0.000000e+000 -1.000000e+000
    outer loop
      vertex -3.965917e-014 -4.100000e+001 -7.500000e+000
      vertex -6.061801e-015 -3.700000e+001 -7.500000e+000
      vertex  1.649232e+001 -3.712104e+001 -7.500000e+000
    endloop
  endfacet
  facet normal  0.000000e+000  0.000000e+000 -1.000000e+000
    outer loop
      vertex -3.965917e-014 -4.100000e+001 -7.500000e+000
      vertex  1.649232e+001 -3.712104e+001 -7.500000e+000
      vertex  1.494508e+001 -3.784737e+001 -7.500000e+000
    endloop
  endfacet
  facet normal  0.000000e+000  0.000000e+000 -1.000000e+000
    outer loop
      vertex -3.965917e-014 -4.100000e+001 -7.500000e+000
      vertex  1.494508e+001 -3.784737e+001 -7.500000e+000
      vertex  1.336594e+001 -3.850147e+001 -7.500000e+000
    endloop
  endfacet
  facet normal  0.000000e+000  0.000000e+000 -9.999999e-001
    outer loop
      vertex -3.965917e-014 -4.100000e+001 -7.500000e+000
      vertex  1.336594e+001 -3.850147e+001 -7.500000e+000
      vertex  1.175828e+001 -3.908194e+001 -7.500000e+000
    endloop
  endfacet
  facet normal  0.000000e+000  0.000000e+000 -1.000000e+000
    outer loop
      vertex -3.965917e-014 -4.100000e+001 -7.500000e+000
      vertex  1.175828e+001 -3.908194e+001 -7.500000e+000
      vertex  1.012553e+001 -3.958755e+001 -7.500000e+000
    endloop
  endfacet
  facet normal  0.000000e+000  0.000000e+000 -1.000000e+000
    outer loop
      vertex -3.965917e-014 -4.100000e+001 -7.500000e+000
      vertex  1.012553e+001 -3.958755e+001 -7.500000e+000
      vertex  8.471170e+000 -4.001721e+001 -7.500000e+000
    endloop
  endfacet
  facet normal  0.000000e+000  0.000000e+000 -1.000000e+000
    outer loop
      vertex -3.965917e-014 -4.100000e+001 -7.500000e+000
      vertex  8.471170e+000 -4.001721e+001 -7.500000e+000
      vertex  6.798732e+000 -4.037001e+001 -7.500000e+000
    endloop
  endfacet
  facet normal  0.000000e+000  0.000000e+000 -1.000000e+000
    outer loop
      vertex -3.965917e-014 -4.100000e+001 -7.500000e+000
      vertex  6.798732e+000 -4.037001e+001 -7.500000e+000
      vertex  5.111785e+000 -4.064519e+001 -7.500000e+000
    endloop
  endfacet
  facet normal  0.000000e+000  0.000000e+000 -1.000000e+000
    outer loop
      vertex -3.965917e-014 -4.100000e+001 -7.500000e+000
      vertex  5.111785e+000 -4.064519e+001 -7.500000e+000
      vertex  3.413929e+000 -4.084216e+001 -7.500000e+000
    endloop
  endfacet
  facet normal  0.000000e+000  0.000000e+000 -1.000000e+000
    outer loop
      vertex -3.965917e-014 -4.100000e+001 -7.500000e+000
      vertex  3.413929e+000 -4.084216e+001 -7.500000e+000
      vertex  1.708788e+000 -4.096052e+001 -7.500000e+000
    endloop
  endfacet
  facet normal  0.000000e+000  0.000000e+000 -1.000000e+000
    outer loop
      vertex -1.262855e+001  2.648802e+001 -7.500000e+000
      vertex -2.091005e+001  2.652491e+001 -7.500000e+000
      vertex -1.111736e+001  2.707095e+001 -7.500000e+000
    endloop
  endfacet
  facet normal  -0.000000e+000  0.000000e+000 -1.000000e+000
    outer loop
      vertex -1.111736e+001  2.707095e+001 -7.500000e+000
      vertex -2.091005e+001  2.652491e+001 -7.500000e+000
      vertex -1.947799e+001  2.745803e+001 -7.500000e+000
    endloop
  endfacet
  facet normal  0.000000e+000  0.000000e+000 -1.000000e+000
    outer loop
      vertex -1.111736e+001  2.707095e+001 -7.500000e+000
      vertex -1.947799e+001  2.745803e+001 -7.500000e+000
      vertex -9.579394e+000  2.757903e+001 -7.500000e+000
    endloop
  endfacet
  facet normal  0.000000e+000  0.000000e+000 -1.000000e+000
    outer loop
      vertex -1.696539e+001  2.430504e+001 -7.500000e+000
      vertex -2.363733e+001  2.446536e+001 -7.500000e+000
      vertex -1.555609e+001  2.510340e+001 -7.500000e+000
    endloop
  endfacet
  facet normal  -0.000000e+000  0.000000e+000 -9.999999e-001
    outer loop
      vertex -1.555609e+001  2.510340e+001 -7.500000e+000
      vertex -2.363733e+001  2.446536e+001 -7.500000e+000
      vertex -2.229748e+001  2.552664e+001 -7.500000e+000
    endloop
  endfacet
  facet normal  0.000000e+000  0.000000e+000 -1.000000e+000
    outer loop
      vertex -1.555609e+001  2.510340e+001 -7.500000e+000
      vertex -2.229748e+001  2.552664e+001 -7.500000e+000
      vertex -1.410932e+001  2.583165e+001 -7.500000e+000
    endloop
  endfacet
  facet normal  -0.000000e+000  0.000000e+000 -1.000000e+000
    outer loop
      vertex -1.410932e+001  2.583165e+001 -7.500000e+000
      vertex -2.229748e+001  2.552664e+001 -7.500000e+000
      vertex -2.091005e+001  2.652491e+001 -7.500000e+000
    endloop
  endfacet
  facet normal  0.000000e+000  0.000000e+000 -1.000000e+000
    outer loop
      vertex -1.410932e+001  2.583165e+001 -7.500000e+000
      vertex -2.091005e+001  2.652491e+001 -7.500000e+000
      vertex -1.262855e+001  2.648802e+001 -7.500000e+000
    endloop
  endfacet
  facet normal  0.000000e+000  0.000000e+000 -1.000000e+000
    outer loop
      vertex -2.216145e+001  2.045139e+001 -7.500000e+000
      vertex -2.734333e+001  2.092674e+001 -7.500000e+000
      vertex -2.093498e+001  2.150934e+001 -7.500000e+000
    endloop
  endfacet
  facet normal  -0.000000e+000  0.000000e+000 -1.000000e+000
    outer loop
      vertex -2.093498e+001  2.150934e+001 -7.500000e+000
      vertex -2.734333e+001  2.092674e+001 -7.500000e+000
      vertex -2.616295e+001  2.216295e+001 -7.500000e+000
    endloop
  endfacet
  facet normal  0.000000e+000  0.000000e+000 -1.000000e+000
    outer loop
      vertex -2.093498e+001  2.150934e+001 -7.500000e+000
      vertex -2.616295e+001  2.216295e+001 -7.500000e+000
      vertex -1.965808e+001  2.250585e+001 -7.500000e+000
    endloop
  endfacet
  facet normal  -0.000000e+000  0.000000e+000 -1.000000e+000
    outer loop
      vertex -1.965808e+001  2.250585e+001 -7.500000e+000
      vertex -2.616295e+001  2.216295e+001 -7.500000e+000
      vertex -2.492674e+001  2.334333e+001 -7.500000e+000
    endloop
  endfacet
  facet normal  0.000000e+000  0.000000e+000 -1.000000e+000
    outer loop
      vertex -1.965808e+001  2.250585e+001 -7.500000e+000
      vertex -2.492674e+001  2.334333e+001 -7.500000e+000
      vertex -1.833382e+001  2.343850e+001 -7.500000e+000
    endloop
  endfacet
  facet normal  -0.000000e+000  0.000000e+000 -1.000000e+000
    outer loop
      vertex -1.833382e+001  2.343850e+001 -7.500000e+000
      vertex -2.492674e+001  2.334333e+001 -7.500000e+000
      vertex -2.363733e+001  2.446536e+001 -7.500000e+000
    endloop
  endfacet
  facet normal  0.000000e+000  0.000000e+000 -1.000000e+000
    outer loop
      vertex -1.833382e+001  2.343850e+001 -7.500000e+000
      vertex -2.363733e+001  2.446536e+001 -7.500000e+000
      vertex -1.696539e+001  2.430504e+001 -7.500000e+000
    endloop
  endfacet
  facet normal  0.000000e+000  0.000000e+000 -9.999999e-001
    outer loop
      vertex -3.048802e+001  8.628553e+000 -7.500000e+000
      vertex -3.450147e+001  9.365942e+000 -7.500000e+000
      vertex -2.983165e+001  1.010932e+001 -7.500000e+000
    endloop
  endfacet
  facet normal  -0.000000e+000  0.000000e+000 -9.999999e-001
    outer loop
      vertex -2.983165e+001  1.010932e+001 -7.500000e+000
      vertex -3.450147e+001  9.365942e+000 -7.500000e+000
      vertex -3.384737e+001  1.094508e+001 -7.500000e+000
    endloop
  endfacet
  facet normal  0.000000e+000  0.000000e+000 -9.999999e-001
    outer loop
      vertex -2.983165e+001  1.010932e+001 -7.500000e+000
      vertex -3.384737e+001  1.094508e+001 -7.500000e+000
      vertex -2.910340e+001  1.155609e+001 -7.500000e+000
    endloop
  endfacet
  facet normal  -0.000000e+000  0.000000e+000 -1.000000e+000
    outer loop
      vertex -2.910340e+001  1.155609e+001 -7.500000e+000
      vertex -3.384737e+001  1.094508e+001 -7.500000e+000
      vertex -3.312104e+001  1.249232e+001 -7.500000e+000
    endloop
  endfacet
  facet normal  0.000000e+000  0.000000e+000 -1.000000e+000
    outer loop
      vertex -2.910340e+001  1.155609e+001 -7.500000e+000
      vertex -3.312104e+001  1.249232e+001 -7.500000e+000
      vertex -2.830504e+001  1.296539e+001 -7.500000e+000
    endloop
  endfacet
  facet normal  -0.000000e+000  0.000000e+000 -9.999999e-001
    outer loop
      vertex -2.830504e+001  1.296539e+001 -7.500000e+000
      vertex -3.312104e+001  1.249232e+001 -7.500000e+000
      vertex -3.232403e+001  1.400437e+001 -7.500000e+000
    endloop
  endfacet
  facet normal  0.000000e+000  0.000000e+000 -1.000000e+000
    outer loop
      vertex -2.830504e+001  1.296539e+001 -7.500000e+000
      vertex -3.232403e+001  1.400437e+001 -7.500000e+000
      vertex -2.743850e+001  1.433382e+001 -7.500000e+000
    endloop
  endfacet
  facet normal  -0.000000e+000  0.000000e+000 -1.000000e+000
    outer loop
      vertex -2.743850e+001  1.433382e+001 -7.500000e+000
      vertex -3.232403e+001  1.400437e+001 -7.500000e+000
      vertex -3.145803e+001  1.547799e+001 -7.500000e+000
    endloop
  endfacet
  facet normal  0.000000e+000  0.000000e+000 -9.999999e-001
    outer loop
      vertex -2.743850e+001  1.433382e+001 -7.500000e+000
      vertex -3.145803e+001  1.547799e+001 -7.500000e+000
      vertex -2.650585e+001  1.565808e+001 -7.500000e+000
    endloop
  endfacet
  facet normal  -0.000000e+000  0.000000e+000 -1.000000e+000
    outer loop
      vertex -2.650585e+001  1.565808e+001 -7.500000e+000
      vertex -3.145803e+001  1.547799e+001 -7.500000e+000
      vertex -3.052491e+001  1.691005e+001 -7.500000e+000
    endloop
  endfacet
  facet normal  0.000000e+000  0.000000e+000 -9.999999e-001
    outer loop
      vertex -2.650585e+001  1.565808e+001 -7.500000e+000
      vertex -3.052491e+001  1.691005e+001 -7.500000e+000
      vertex -2.550934e+001  1.693498e+001 -7.500000e+000
    endloop
  endfacet
  facet normal  -0.000000e+000  0.000000e+000 -1.000000e+000
    outer loop
      vertex -2.550934e+001  1.693498e+001 -7.500000e+000
      vertex -3.052491e+001  1.691005e+001 -7.500000e+000
      vertex -2.952664e+001  1.829748e+001 -7.500000e+000
    endloop
  endfacet
  facet normal  0.000000e+000  0.000000e+000 -1.000000e+000
    outer loop
      vertex -2.550934e+001  1.693498e+001 -7.500000e+000
      vertex -2.952664e+001  1.829748e+001 -7.500000e+000
      vertex -2.445139e+001  1.816145e+001 -7.500000e+000
    endloop
  endfacet
  facet normal  0.000000e+000  0.000000e+000 -1.000000e+000
    outer loop
      vertex -2.445139e+001  1.816145e+001 -7.500000e+000
      vertex -2.952664e+001  1.829748e+001 -7.500000e+000
      vertex -2.846536e+001  1.963733e+001 -7.500000e+000
    endloop
  endfacet
  facet normal  0.000000e+000  0.000000e+000 -1.000000e+000
    outer loop
      vertex -2.445139e+001  1.816145e+001 -7.500000e+000
      vertex -2.846536e+001  1.963733e+001 -7.500000e+000
      vertex -2.333452e+001  1.933452e+001 -7.500000e+000
    endloop
  endfacet
  facet normal  0.000000e+000  0.000000e+000 -1.000000e+000
    outer loop
      vertex -2.333452e+001  1.933452e+001 -7.500000e+000
      vertex -2.846536e+001  1.963733e+001 -7.500000e+000
      vertex -2.734333e+001  2.092674e+001 -7.500000e+000
    endloop
  endfacet
  facet normal  0.000000e+000  0.000000e+000 -1.000000e+000
    outer loop
      vertex -2.333452e+001  1.933452e+001 -7.500000e+000
      vertex -2.734333e+001  2.092674e+001 -7.500000e+000
      vertex -2.216145e+001  2.045139e+001 -7.500000e+000
    endloop
  endfacet
  facet normal  0.000000e+000  0.000000e+000 -1.000000e+000
    outer loop
      vertex -2.910340e+001 -1.955609e+001 -7.500000e+000
      vertex -3.384737e+001 -1.894508e+001 -7.500000e+000
      vertex -2.983165e+001 -1.810932e+001 -7.500000e+000
    endloop
  endfacet
  facet normal  -0.000000e+000  0.000000e+000 -1.000000e+000
    outer loop
      vertex -2.983165e+001 -1.810932e+001 -7.500000e+000
      vertex -3.384737e+001 -1.894508e+001 -7.500000e+000
      vertex -3.450147e+001 -1.736594e+001 -7.500000e+000
    endloop
  endfacet
  facet normal  0.000000e+000  0.000000e+000 -9.999999e-001
    outer loop
      vertex -2.983165e+001 -1.810932e+001 -7.500000e+000
      vertex -3.450147e+001 -1.736594e+001 -7.500000e+000
      vertex -3.048802e+001 -1.662855e+001 -7.500000e+000
    endloop
  endfacet
  facet normal  -0.000000e+000  0.000000e+000 -1.000000e+000
    outer loop
      vertex -3.048802e+001 -1.662855e+001 -7.500000e+000
      vertex -3.450147e+001 -1.736594e+001 -7.500000e+000
      vertex -3.508194e+001 -1.575828e+001 -7.500000e+000
    endloop
  endfacet
  facet normal  0.000000e+000  0.000000e+000 -1.000000e+000
    outer loop
      vertex -3.048802e+001 -1.662855e+001 -7.500000e+000
      vertex -3.508194e+001 -1.575828e+001 -7.500000e+000
      vertex -3.107095e+001 -1.511736e+001 -7.500000e+000
    endloop
  endfacet
  facet normal  -0.000000e+000  0.000000e+000 -9.999999e-001
    outer loop
      vertex -3.107095e+001 -1.511736e+001 -7.500000e+000
      vertex -3.508194e+001 -1.575828e+001 -7.500000e+000
      vertex -3.558755e+001 -1.412553e+001 -7.500000e+000
    endloop
  endfacet
  facet normal  0.000000e+000  0.000000e+000 -1.000000e+000
    outer loop
      vertex -3.107095e+001 -1.511736e+001 -7.500000e+000
      vertex -3.558755e+001 -1.412553e+001 -7.500000e+000
      vertex -3.157903e+001 -1.357939e+001 -7.500000e+000
    endloop
  endfacet
  facet normal  -0.000000e+000  0.000000e+000 -1.000000e+000
    outer loop
      vertex -3.157903e+001 -1.357939e+001 -7.500000e+000
      vertex -3.558755e+001 -1.412553e+001 -7.500000e+000
      vertex -3.601721e+001 -1.247117e+001 -7.500000e+000
    endloop
  endfacet
  facet normal  0.000000e+000  0.000000e+000 -1.000000e+000
    outer loop
      vertex -3.157903e+001 -1.357939e+001 -7.500000e+000
      vertex -3.601721e+001 -1.247117e+001 -7.500000e+000
      vertex -3.201103e+001 -1.201835e+001 -7.500000e+000
    endloop
  endfacet
  facet normal  -0.000000e+000  0.000000e+000 -1.000000e+000
    outer loop
      vertex -3.201103e+001 -1.201835e+001 -7.500000e+000
      vertex -3.601721e+001 -1.247117e+001 -7.500000e+000
      vertex -3.637001e+001 -1.079873e+001 -7.500000e+000
    endloop
  endfacet
  facet normal  0.000000e+000  0.000000e+000 -1.000000e+000
    outer loop
      vertex -3.201103e+001 -1.201835e+001 -7.500000e+000
      vertex -3.637001e+001 -1.079873e+001 -7.500000e+000
      vertex -3.236591e+001 -1.043798e+001 -7.500000e+000
    endloop
  endfacet
  facet normal  -0.000000e+000  0.000000e+000 -1.000000e+000
    outer loop
      vertex -3.236591e+001 -1.043798e+001 -7.500000e+000
      vertex -3.637001e+001 -1.079873e+001 -7.500000e+000
      vertex -3.664519e+001 -9.111785e+000 -7.500000e+000
    endloop
  endfacet
  facet normal  0.000000e+000  0.000000e+000 -1.000000e+000
    outer loop
      vertex -3.236591e+001 -1.043798e+001 -7.500000e+000
      vertex -3.664519e+001 -9.111785e+000 -7.500000e+000
      vertex -3.264283e+001 -8.842106e+000 -7.500000e+000
    endloop
  endfacet
  facet normal  -0.000000e+000  0.000000e+000 -1.000000e+000
    outer loop
      vertex -3.264283e+001 -8.842106e+000 -7.500000e+000
      vertex -3.664519e+001 -9.111785e+000 -7.500000e+000
      vertex -3.684216e+001 -7.413929e+000 -7.500000e+000
    endloop
  endfacet
  facet normal  0.000000e+000  0.000000e+000 -1.000000e+000
    outer loop
      vertex -3.264283e+001 -8.842106e+000 -7.500000e+000
      vertex -3.684216e+001 -7.413929e+000 -7.500000e+000
      vertex -3.284109e+001 -7.234566e+000 -7.500000e+000
    endloop
  endfacet
  facet normal  -0.000000e+000  0.000000e+000 -1.000000e+000
    outer loop
      vertex -3.284109e+001 -7.234566e+000 -7.500000e+000
      vertex -3.684216e+001 -7.413929e+000 -7.500000e+000
      vertex -3.696052e+001 -5.708788e+000 -7.500000e+000
    endloop
  endfacet
  facet normal  0.000000e+000  0.000000e+000 -1.000000e+000
    outer loop
      vertex -3.284109e+001 -7.234566e+000 -7.500000e+000
      vertex -3.696052e+001 -5.708788e+000 -7.500000e+000
      vertex -3.296025e+001 -5.619233e+000 -7.500000e+000
    endloop
  endfacet
  facet normal  -0.000000e+000  0.000000e+000 -1.000000e+000
    outer loop
      vertex -3.296025e+001 -5.619233e+000 -7.500000e+000
      vertex -3.696052e+001 -5.708788e+000 -7.500000e+000
      vertex -3.700000e+001 -4.000000e+000 -7.500000e+000
    endloop
  endfacet
  facet normal  0.000000e+000  0.000000e+000 -1.000000e+000
    outer loop
      vertex -3.296025e+001 -5.619233e+000 -7.500000e+000
      vertex -3.700000e+001 -4.000000e+000 -7.500000e+000
      vertex -3.300000e+001 -4.000000e+000 -7.500000e+000
    endloop
  endfacet
  facet normal  0.000000e+000  0.000000e+000 -1.000000e+000
    outer loop
      vertex -3.300000e+001 -4.000000e+000 -7.500000e+000
      vertex -3.700000e+001 -4.000000e+000 -7.500000e+000
      vertex -3.696052e+001 -2.291212e+000 -7.500000e+000
    endloop
  endfacet
  facet normal  0.000000e+000  0.000000e+000 -1.000000e+000
    outer loop
      vertex -3.300000e+001 -4.000000e+000 -7.500000e+000
      vertex -3.696052e+001 -2.291212e+000 -7.500000e+000
      vertex -3.296025e+001 -2.380767e+000 -7.500000e+000
    endloop
  endfacet
  facet normal  0.000000e+000  0.000000e+000 -1.000000e+000
    outer loop
      vertex -3.296025e+001 -2.380767e+000 -7.500000e+000
      vertex -3.696052e+001 -2.291212e+000 -7.500000e+000
      vertex -3.684216e+001 -5.860707e-001 -7.500000e+000
    endloop
  endfacet
  facet normal  0.000000e+000  0.000000e+000 -1.000000e+000
    outer loop
      vertex -3.296025e+001 -2.380767e+000 -7.500000e+000
      vertex -3.684216e+001 -5.860707e-001 -7.500000e+000
      vertex -3.284109e+001 -7.654344e-001 -7.500000e+000
    endloop
  endfacet
  facet normal  0.000000e+000  0.000000e+000 -1.000000e+000
    outer loop
      vertex -3.284109e+001 -7.654344e-001 -7.500000e+000
      vertex -3.684216e+001 -5.860707e-001 -7.500000e+000
      vertex -3.664519e+001  1.111785e+000 -7.500000e+000
    endloop
  endfacet
  facet normal  0.000000e+000  0.000000e+000 -1.000000e+000
    outer loop
      vertex -3.284109e+001 -7.654344e-001 -7.500000e+000
      vertex -3.664519e+001  1.111785e+000 -7.500000e+000
      vertex -3.264283e+001  8.421057e-001 -7.500000e+000
    endloop
  endfacet
  facet normal  0.000000e+000  0.000000e+000 -1.000000e+000
    outer loop
      vertex -3.264283e+001  8.421057e-001 -7.500000e+000
      vertex -3.664519e+001  1.111785e+000 -7.500000e+000
      vertex -3.637001e+001  2.798732e+000 -7.500000e+000
    endloop
  endfacet
  facet normal  0.000000e+000  0.000000e+000 -9.999999e-001
    outer loop
      vertex -3.264283e+001  8.421057e-001 -7.500000e+000
      vertex -3.637001e+001  2.798732e+000 -7.500000e+000
      vertex -3.236591e+001  2.437981e+000 -7.500000e+000
    endloop
  endfacet
  facet normal  0.000000e+000  0.000000e+000 -1.000000e+000
    outer loop
      vertex -3.236591e+001  2.437981e+000 -7.500000e+000
      vertex -3.637001e+001  2.798732e+000 -7.500000e+000
      vertex -3.601721e+001  4.471170e+000 -7.500000e+000
    endloop
  endfacet
  facet normal  0.000000e+000  0.000000e+000 -1.000000e+000
    outer loop
      vertex -3.236591e+001  2.437981e+000 -7.500000e+000
      vertex -3.601721e+001  4.471170e+000 -7.500000e+000
      vertex -3.201103e+001  4.018346e+000 -7.500000e+000
    endloop
  endfacet
  facet normal  0.000000e+000  0.000000e+000 -1.000000e+000
    outer loop
      vertex -3.201103e+001  4.018346e+000 -7.500000e+000
      vertex -3.601721e+001  4.471170e+000 -7.500000e+000
      vertex -3.558755e+001  6.125531e+000 -7.500000e+000
    endloop
  endfacet
  facet normal  0.000000e+000  0.000000e+000 -1.000000e+000
    outer loop
      vertex -3.201103e+001  4.018346e+000 -7.500000e+000
      vertex -3.558755e+001  6.125531e+000 -7.500000e+000
      vertex -3.157903e+001  5.579394e+000 -7.500000e+000
    endloop
  endfacet
  facet normal  0.000000e+000  0.000000e+000 -1.000000e+000
    outer loop
      vertex -3.157903e+001  5.579394e+000 -7.500000e+000
      vertex -3.558755e+001  6.125531e+000 -7.500000e+000
      vertex -3.508194e+001  7.758283e+000 -7.500000e+000
    endloop
  endfacet
  facet normal  0.000000e+000  0.000000e+000 -9.999999e-001
    outer loop
      vertex -3.157903e+001  5.579394e+000 -7.500000e+000
      vertex -3.508194e+001  7.758283e+000 -7.500000e+000
      vertex -3.107095e+001  7.117365e+000 -7.500000e+000
    endloop
  endfacet
  facet normal  0.000000e+000  0.000000e+000 -9.999999e-001
    outer loop
      vertex -3.107095e+001  7.117365e+000 -7.500000e+000
      vertex -3.508194e+001  7.758283e+000 -7.500000e+000
      vertex -3.450147e+001  9.365942e+000 -7.500000e+000
    endloop
  endfacet
  facet normal  0.000000e+000  0.000000e+000 -1.000000e+000
    outer loop
      vertex -3.107095e+001  7.117365e+000 -7.500000e+000
      vertex -3.450147e+001  9.365942e+000 -7.500000e+000
      vertex -3.048802e+001  8.628553e+000 -7.500000e+000
    endloop
  endfacet
  facet normal  0.000000e+000  0.000000e+000 -1.000000e+000
    outer loop
      vertex -1.965808e+001 -3.050585e+001 -7.500000e+000
      vertex -2.616295e+001 -3.016295e+001 -7.500000e+000
      vertex -2.093498e+001 -2.950934e+001 -7.500000e+000
    endloop
  endfacet
  facet normal  -0.000000e+000  0.000000e+000 -1.000000e+000
    outer loop
      vertex -2.093498e+001 -2.950934e+001 -7.500000e+000
      vertex -2.616295e+001 -3.016295e+001 -7.500000e+000
      vertex -2.734333e+001 -2.892674e+001 -7.500000e+000
    endloop
  endfacet
  facet normal  0.000000e+000  0.000000e+000 -1.000000e+000
    outer loop
      vertex -2.093498e+001 -2.950934e+001 -7.500000e+000
      vertex -2.734333e+001 -2.892674e+001 -7.500000e+000
      vertex -2.216145e+001 -2.845139e+001 -7.500000e+000
    endloop
  endfacet
  facet normal  -0.000000e+000  0.000000e+000 -1.000000e+000
    outer loop
      vertex -2.216145e+001 -2.845139e+001 -7.500000e+000
      vertex -2.734333e+001 -2.892674e+001 -7.500000e+000
      vertex -2.846536e+001 -2.763733e+001 -7.500000e+000
    endloop
  endfacet
  facet normal  0.000000e+000  0.000000e+000 -1.000000e+000
    outer loop
      vertex -2.216145e+001 -2.845139e+001 -7.500000e+000
      vertex -2.846536e+001 -2.763733e+001 -7.500000e+000
      vertex -2.333452e+001 -2.733452e+001 -7.500000e+000
    endloop
  endfacet
  facet normal  -0.000000e+000  0.000000e+000 -1.000000e+000
    outer loop
      vertex -2.333452e+001 -2.733452e+001 -7.500000e+000
      vertex -2.846536e+001 -2.763733e+001 -7.500000e+000
      vertex -2.952664e+001 -2.629748e+001 -7.500000e+000
    endloop
  endfacet
  facet normal  0.000000e+000  0.000000e+000 -1.000000e+000
    outer loop
      vertex -2.333452e+001 -2.733452e+001 -7.500000e+000
      vertex -2.952664e+001 -2.629748e+001 -7.500000e+000
      vertex -2.445139e+001 -2.616145e+001 -7.500000e+000
    endloop
  endfacet
  facet normal  -0.000000e+000  0.000000e+000 -1.000000e+000
    outer loop
      vertex -2.445139e+001 -2.616145e+001 -7.500000e+000
      vertex -2.952664e+001 -2.629748e+001 -7.500000e+000
      vertex -3.052491e+001 -2.491005e+001 -7.500000e+000
    endloop
  endfacet
  facet normal  0.000000e+000  0.000000e+000 -9.999999e-001
    outer loop
      vertex -2.445139e+001 -2.616145e+001 -7.500000e+000
      vertex -3.052491e+001 -2.491005e+001 -7.500000e+000
      vertex -2.550934e+001 -2.493498e+001 -7.500000e+000
    endloop
  endfacet
  facet normal  0.000000e+000  0.000000e+000 -1.000000e+000
    outer loop
      vertex -2.550934e+001 -2.493498e+001 -7.500000e+000
      vertex -3.052491e+001 -2.491005e+001 -7.500000e+000
      vertex -3.145803e+001 -2.347799e+001 -7.500000e+000
    endloop
  endfacet
  facet normal  0.000000e+000  0.000000e+000 -1.000000e+000
    outer loop
      vertex -2.550934e+001 -2.493498e+001 -7.500000e+000
      vertex -3.145803e+001 -2.347799e+001 -7.500000e+000
      vertex -2.650585e+001 -2.365808e+001 -7.500000e+000
    endloop
  endfacet
  facet normal  0.000000e+000  0.000000e+000 -9.999999e-001
    outer loop
      vertex -2.650585e+001 -2.365808e+001 -7.500000e+000
      vertex -3.145803e+001 -2.347799e+001 -7.500000e+000
      vertex -3.232403e+001 -2.200437e+001 -7.500000e+000
    endloop
  endfacet
  facet normal  0.000000e+000  0.000000e+000 -1.000000e+000
    outer loop
      vertex -2.650585e+001 -2.365808e+001 -7.500000e+000
      vertex -3.232403e+001 -2.200437e+001 -7.500000e+000
      vertex -2.743850e+001 -2.233382e+001 -7.500000e+000
    endloop
  endfacet
  facet normal  0.000000e+000  0.000000e+000 -1.000000e+000
    outer loop
      vertex -2.743850e+001 -2.233382e+001 -7.500000e+000
      vertex -3.232403e+001 -2.200437e+001 -7.500000e+000
      vertex -3.312104e+001 -2.049232e+001 -7.500000e+000
    endloop
  endfacet
  facet normal  0.000000e+000  0.000000e+000 -9.999999e-001
    outer loop
      vertex -2.743850e+001 -2.233382e+001 -7.500000e+000
      vertex -3.312104e+001 -2.049232e+001 -7.500000e+000
      vertex -2.830504e+001 -2.096539e+001 -7.500000e+000
    endloop
  endfacet
  facet normal  0.000000e+000  0.000000e+000 -1.000000e+000
    outer loop
      vertex -2.830504e+001 -2.096539e+001 -7.500000e+000
      vertex -3.312104e+001 -2.049232e+001 -7.500000e+000
      vertex -3.384737e+001 -1.894508e+001 -7.500000e+000
    endloop
  endfacet
  facet normal  0.000000e+000  0.000000e+000 -1.000000e+000
    outer loop
      vertex -2.830504e+001 -2.096539e+001 -7.500000e+000
      vertex -3.384737e+001 -1.894508e+001 -7.500000e+000
      vertex -2.910340e+001 -1.955609e+001 -7.500000e+000
    endloop
  endfacet
  facet normal  0.000000e+000  0.000000e+000 -1.000000e+000
    outer loop
      vertex -1.410932e+001 -3.383165e+001 -7.500000e+000
      vertex -2.229748e+001 -3.352664e+001 -7.500000e+000
      vertex -1.555609e+001 -3.310340e+001 -7.500000e+000
    endloop
  endfacet
  facet normal  -0.000000e+000  0.000000e+000 -1.000000e+000
    outer loop
      vertex -1.555609e+001 -3.310340e+001 -7.500000e+000
      vertex -2.229748e+001 -3.352664e+001 -7.500000e+000
      vertex -2.363733e+001 -3.246536e+001 -7.500000e+000
    endloop
  endfacet
  facet normal  0.000000e+000  0.000000e+000 -1.000000e+000
    outer loop
      vertex -1.555609e+001 -3.310340e+001 -7.500000e+000
      vertex -2.363733e+001 -3.246536e+001 -7.500000e+000
      vertex -1.696539e+001 -3.230504e+001 -7.500000e+000
    endloop
  endfacet
  facet normal  -0.000000e+000  0.000000e+000 -9.999999e-001
    outer loop
      vertex -1.696539e+001 -3.230504e+001 -7.500000e+000
      vertex -2.363733e+001 -3.246536e+001 -7.500000e+000
      vertex -2.492674e+001 -3.134333e+001 -7.500000e+000
    endloop
  endfacet
  facet normal  0.000000e+000  0.000000e+000 -1.000000e+000
    outer loop
      vertex -1.696539e+001 -3.230504e+001 -7.500000e+000
      vertex -2.492674e+001 -3.134333e+001 -7.500000e+000
      vertex -1.833382e+001 -3.143850e+001 -7.500000e+000
    endloop
  endfacet
  facet normal  0.000000e+000  0.000000e+000 -9.999999e-001
    outer loop
      vertex -1.833382e+001 -3.143850e+001 -7.500000e+000
      vertex -2.492674e+001 -3.134333e+001 -7.500000e+000
      vertex -2.616295e+001 -3.016295e+001 -7.500000e+000
    endloop
  endfacet
  facet normal  0.000000e+000  0.000000e+000 -9.999999e-001
    outer loop
      vertex -1.833382e+001 -3.143850e+001 -7.500000e+000
      vertex -2.616295e+001 -3.016295e+001 -7.500000e+000
      vertex -1.965808e+001 -3.050585e+001 -7.500000e+000
    endloop
  endfacet
  facet normal  0.000000e+000  0.000000e+000 -1.000000e+000
    outer loop
      vertex -9.579394e+000 -3.557903e+001 -7.500000e+000
      vertex -1.947799e+001 -3.545803e+001 -7.500000e+000
      vertex -1.111736e+001 -3.507095e+001 -7.500000e+000
    endloop
  endfacet
  facet normal  -0.000000e+000  0.000000e+000 -1.000000e+000
    outer loop
      vertex -1.111736e+001 -3.507095e+001 -7.500000e+000
      vertex -1.947799e+001 -3.545803e+001 -7.500000e+000
      vertex -2.091005e+001 -3.452491e+001 -7.500000e+000
    endloop
  endfacet
  facet normal  0.000000e+000  0.000000e+000 -9.999999e-001
    outer loop
      vertex -1.111736e+001 -3.507095e+001 -7.500000e+000
      vertex -2.091005e+001 -3.452491e+001 -7.500000e+000
      vertex -1.262855e+001 -3.448803e+001 -7.500000e+000
    endloop
  endfacet
  facet normal  -0.000000e+000  0.000000e+000 -1.000000e+000
    outer loop
      vertex -1.262855e+001 -3.448803e+001 -7.500000e+000
      vertex -2.091005e+001 -3.452491e+001 -7.500000e+000
      vertex -2.229748e+001 -3.352664e+001 -7.500000e+000
    endloop
  endfacet
  facet normal  0.000000e+000  0.000000e+000 -1.000000e+000
    outer loop
      vertex -1.262855e+001 -3.448803e+001 -7.500000e+000
      vertex -2.229748e+001 -3.352664e+001 -7.500000e+000
      vertex -1.410932e+001 -3.383165e+001 -7.500000e+000
    endloop
  endfacet
  facet normal  0.000000e+000  0.000000e+000 -1.000000e+000
    outer loop
      vertex -6.437981e+000 -3.636591e+001 -7.500000e+000
      vertex -1.800437e+001 -3.632403e+001 -7.500000e+000
      vertex -8.018346e+000 -3.601103e+001 -7.500000e+000
    endloop
  endfacet
  facet normal  -0.000000e+000  0.000000e+000 -1.000000e+000
    outer loop
      vertex -8.018346e+000 -3.601103e+001 -7.500000e+000
      vertex -1.800437e+001 -3.632403e+001 -7.500000e+000
      vertex -1.947799e+001 -3.545803e+001 -7.500000e+000
    endloop
  endfacet
  facet normal  0.000000e+000  0.000000e+000 -1.000000e+000
    outer loop
      vertex -8.018346e+000 -3.601103e+001 -7.500000e+000
      vertex -1.947799e+001 -3.545803e+001 -7.500000e+000
      vertex -9.579394e+000 -3.557903e+001 -7.500000e+000
    endloop
  endfacet
  facet normal  0.000000e+000  0.000000e+000 -1.000000e+000
    outer loop
      vertex  8.018346e+000  2.801103e+001 -7.500000e+000
      vertex  1.947799e+001  2.745803e+001 -7.500000e+000
      vertex  9.579394e+000  2.757903e+001 -7.500000e+000
    endloop
  endfacet
  facet normal  0.000000e+000  0.000000e+000 -1.000000e+000
    outer loop
      vertex  9.579394e+000  2.757903e+001 -7.500000e+000
      vertex  1.947799e+001  2.745803e+001 -7.500000e+000
      vertex  2.091005e+001  2.652491e+001 -7.500000e+000
    endloop
  endfacet
  facet normal  0.000000e+000  0.000000e+000 -1.000000e+000
    outer loop
      vertex  9.579394e+000  2.757903e+001 -7.500000e+000
      vertex  2.091005e+001  2.652491e+001 -7.500000e+000
      vertex  1.111736e+001  2.707095e+001 -7.500000e+000
    endloop
  endfacet
  facet normal  0.000000e+000  0.000000e+000 -1.000000e+000
    outer loop
      vertex  1.696539e+001  2.430504e+001 -7.500000e+000
      vertex  1.555609e+001  2.510340e+001 -7.500000e+000
      vertex  2.363733e+001  2.446536e+001 -7.500000e+000
    endloop
  endfacet
  facet normal  0.000000e+000  0.000000e+000 -1.000000e+000
    outer loop
      vertex  2.363733e+001  2.446536e+001 -7.500000e+000
      vertex  1.555609e+001  2.510340e+001 -7.500000e+000
      vertex  1.410932e+001  2.583165e+001 -7.500000e+000
    endloop
  endfacet
  facet normal  0.000000e+000  0.000000e+000 -1.000000e+000
    outer loop
      vertex  2.363733e+001  2.446536e+001 -7.500000e+000
      vertex  1.410932e+001  2.583165e+001 -7.500000e+000
      vertex  2.229748e+001  2.552664e+001 -7.500000e+000
    endloop
  endfacet
  facet normal  0.000000e+000  0.000000e+000 -1.000000e+000
    outer loop
      vertex  2.229748e+001  2.552664e+001 -7.500000e+000
      vertex  1.410932e+001  2.583165e+001 -7.500000e+000
      vertex  1.262855e+001  2.648802e+001 -7.500000e+000
    endloop
  endfacet
  facet normal  0.000000e+000  0.000000e+000 -1.000000e+000
    outer loop
      vertex  2.229748e+001  2.552664e+001 -7.500000e+000
      vertex  1.262855e+001  2.648802e+001 -7.500000e+000
      vertex  2.091005e+001  2.652491e+001 -7.500000e+000
    endloop
  endfacet
  facet normal  0.000000e+000  0.000000e+000 -1.000000e+000
    outer loop
      vertex  2.216145e+001  2.045139e+001 -7.500000e+000
      vertex  2.093498e+001  2.150934e+001 -7.500000e+000
      vertex  2.734333e+001  2.092674e+001 -7.500000e+000
    endloop
  endfacet
  facet normal  0.000000e+000  0.000000e+000 -1.000000e+000
    outer loop
      vertex  2.734333e+001  2.092674e+001 -7.500000e+000
      vertex  2.093498e+001  2.150934e+001 -7.500000e+000
      vertex  1.965808e+001  2.250585e+001 -7.500000e+000
    endloop
  endfacet
  facet normal  0.000000e+000  0.000000e+000 -1.000000e+000
    outer loop
      vertex  2.734333e+001  2.092674e+001 -7.500000e+000
      vertex  1.965808e+001  2.250585e+001 -7.500000e+000
      vertex  2.616295e+001  2.216295e+001 -7.500000e+000
    endloop
  endfacet
  facet normal  0.000000e+000  0.000000e+000 -9.999999e-001
    outer loop
      vertex  2.616295e+001  2.216295e+001 -7.500000e+000
      vertex  1.965808e+001  2.250585e+001 -7.500000e+000
      vertex  1.833382e+001  2.343850e+001 -7.500000e+000
    endloop
  endfacet
  facet normal  0.000000e+000  0.000000e+000 -9.999999e-001
    outer loop
      vertex  2.616295e+001  2.216295e+001 -7.500000e+000
      vertex  1.833382e+001  2.343850e+001 -7.500000e+000
      vertex  2.492674e+001  2.334333e+001 -7.500000e+000
    endloop
  endfacet
  facet normal  0.000000e+000  0.000000e+000 -1.000000e+000
    outer loop
      vertex  2.492674e+001  2.334333e+001 -7.500000e+000
      vertex  1.833382e+001  2.343850e+001 -7.500000e+000
      vertex  1.696539e+001  2.430504e+001 -7.500000e+000
    endloop
  endfacet
  facet normal  0.000000e+000  0.000000e+000 -9.999999e-001
    outer loop
      vertex  2.492674e+001  2.334333e+001 -7.500000e+000
      vertex  1.696539e+001  2.430504e+001 -7.500000e+000
      vertex  2.363733e+001  2.446536e+001 -7.500000e+000
    endloop
  endfacet
  facet normal  0.000000e+000  0.000000e+000 -9.999999e-001
    outer loop
      vertex  3.048802e+001  8.628553e+000 -7.500000e+000
      vertex  2.983165e+001  1.010932e+001 -7.500000e+000
      vertex  3.450147e+001  9.365942e+000 -7.500000e+000
    endloop
  endfacet
  facet normal  0.000000e+000  0.000000e+000 -1.000000e+000
    outer loop
      vertex  3.450147e+001  9.365942e+000 -7.500000e+000
      vertex  2.983165e+001  1.010932e+001 -7.500000e+000
      vertex  2.910340e+001  1.155609e+001 -7.500000e+000
    endloop
  endfacet
  facet normal  0.000000e+000  0.000000e+000 -1.000000e+000
    outer loop
      vertex  3.450147e+001  9.365942e+000 -7.500000e+000
      vertex  2.910340e+001  1.155609e+001 -7.500000e+000
      vertex  3.384737e+001  1.094508e+001 -7.500000e+000
    endloop
  endfacet
  facet normal  0.000000e+000  0.000000e+000 -1.000000e+000
    outer loop
      vertex  3.384737e+001  1.094508e+001 -7.500000e+000
      vertex  2.910340e+001  1.155609e+001 -7.500000e+000
      vertex  2.830504e+001  1.296539e+001 -7.500000e+000
    endloop
  endfacet
  facet normal  0.000000e+000  0.000000e+000 -1.000000e+000
    outer loop
      vertex  3.384737e+001  1.094508e+001 -7.500000e+000
      vertex  2.830504e+001  1.296539e+001 -7.500000e+000
      vertex  3.312104e+001  1.249232e+001 -7.500000e+000
    endloop
  endfacet
  facet normal  0.000000e+000  0.000000e+000 -1.000000e+000
    outer loop
      vertex  3.312104e+001  1.249232e+001 -7.500000e+000
      vertex  2.830504e+001  1.296539e+001 -7.500000e+000
      vertex  2.743850e+001  1.433382e+001 -7.500000e+000
    endloop
  endfacet
  facet normal  0.000000e+000  0.000000e+000 -9.999999e-001
    outer loop
      vertex  3.312104e+001  1.249232e+001 -7.500000e+000
      vertex  2.743850e+001  1.433382e+001 -7.500000e+000
      vertex  3.232403e+001  1.400437e+001 -7.500000e+000
    endloop
  endfacet
  facet normal  0.000000e+000  0.000000e+000 -1.000000e+000
    outer loop
      vertex  3.232403e+001  1.400437e+001 -7.500000e+000
      vertex  2.743850e+001  1.433382e+001 -7.500000e+000
      vertex  2.650585e+001  1.565808e+001 -7.500000e+000
    endloop
  endfacet
  facet normal  0.000000e+000  0.000000e+000 -1.000000e+000
    outer loop
      vertex  3.232403e+001  1.400437e+001 -7.500000e+000
      vertex  2.650585e+001  1.565808e+001 -7.500000e+000
      vertex  3.145803e+001  1.547799e+001 -7.500000e+000
    endloop
  endfacet
  facet normal  0.000000e+000  0.000000e+000 -1.000000e+000
    outer loop
      vertex  3.145803e+001  1.547799e+001 -7.500000e+000
      vertex  2.650585e+001  1.565808e+001 -7.500000e+000
      vertex  2.550934e+001  1.693498e+001 -7.500000e+000
    endloop
  endfacet
  facet normal  0.000000e+000  0.000000e+000 -1.000000e+000
    outer loop
      vertex  3.145803e+001  1.547799e+001 -7.500000e+000
      vertex  2.550934e+001  1.693498e+001 -7.500000e+000
      vertex  3.052491e+001  1.691005e+001 -7.500000e+000
    endloop
  endfacet
  facet normal  0.000000e+000  0.000000e+000 -9.999999e-001
    outer loop
      vertex  3.052491e+001  1.691005e+001 -7.500000e+000
      vertex  2.550934e+001  1.693498e+001 -7.500000e+000
      vertex  2.445139e+001  1.816145e+001 -7.500000e+000
    endloop
  endfacet
  facet normal  0.000000e+000  0.000000e+000 -1.000000e+000
    outer loop
      vertex  3.052491e+001  1.691005e+001 -7.500000e+000
      vertex  2.445139e+001  1.816145e+001 -7.500000e+000
      vertex  2.952664e+001  1.829748e+001 -7.500000e+000
    endloop
  endfacet
  facet normal  -0.000000e+000  0.000000e+000 -1.000000e+000
    outer loop
      vertex  2.952664e+001  1.829748e+001 -7.500000e+000
      vertex  2.445139e+001  1.816145e+001 -7.500000e+000
      vertex  2.333452e+001  1.933452e+001 -7.500000e+000
    endloop
  endfacet
  facet normal  0.000000e+000  0.000000e+000 -1.000000e+000
    outer loop
      vertex  2.952664e+001  1.829748e+001 -7.500000e+000
      vertex  2.333452e+001  1.933452e+001 -7.500000e+000
      vertex  2.846536e+001  1.963733e+001 -7.500000e+000
    endloop
  endfacet
  facet normal  -0.000000e+000  0.000000e+000 -1.000000e+000
    outer loop
      vertex  2.846536e+001  1.963733e+001 -7.500000e+000
      vertex  2.333452e+001  1.933452e+001 -7.500000e+000
      vertex  2.216145e+001  2.045139e+001 -7.500000e+000
    endloop
  endfacet
  facet normal  0.000000e+000  0.000000e+000 -1.000000e+000
    outer loop
      vertex  2.846536e+001  1.963733e+001 -7.500000e+000
      vertex  2.216145e+001  2.045139e+001 -7.500000e+000
      vertex  2.734333e+001  2.092674e+001 -7.500000e+000
    endloop
  endfacet
  facet normal  0.000000e+000  -0.000000e+000 -1.000000e+000
    outer loop
      vertex  2.910340e+001 -1.955609e+001 -7.500000e+000
      vertex  2.983165e+001 -1.810932e+001 -7.500000e+000
      vertex  3.384737e+001 -1.894508e+001 -7.500000e+000
    endloop
  endfacet
  facet normal  0.000000e+000  0.000000e+000 -1.000000e+000
    outer loop
      vertex  3.384737e+001 -1.894508e+001 -7.500000e+000
      vertex  2.983165e+001 -1.810932e+001 -7.500000e+000
      vertex  3.048802e+001 -1.662855e+001 -7.500000e+000
    endloop
  endfacet
  facet normal  0.000000e+000  0.000000e+000 -1.000000e+000
    outer loop
      vertex  3.384737e+001 -1.894508e+001 -7.500000e+000
      vertex  3.048802e+001 -1.662855e+001 -7.500000e+000
      vertex  3.450147e+001 -1.736594e+001 -7.500000e+000
    endloop
  endfacet
  facet normal  0.000000e+000  0.000000e+000 -1.000000e+000
    outer loop
      vertex  3.450147e+001 -1.736594e+001 -7.500000e+000
      vertex  3.048802e+001 -1.662855e+001 -7.500000e+000
      vertex  3.107095e+001 -1.511736e+001 -7.500000e+000
    endloop
  endfacet
  facet normal  0.000000e+000  0.000000e+000 -1.000000e+000
    outer loop
      vertex  3.450147e+001 -1.736594e+001 -7.500000e+000
      vertex  3.107095e+001 -1.511736e+001 -7.500000e+000
      vertex  3.508194e+001 -1.575828e+001 -7.500000e+000
    endloop
  endfacet
  facet normal  0.000000e+000  0.000000e+000 -1.000000e+000
    outer loop
      vertex  3.508194e+001 -1.575828e+001 -7.500000e+000
      vertex  3.107095e+001 -1.511736e+001 -7.500000e+000
      vertex  3.157903e+001 -1.357939e+001 -7.500000e+000
    endloop
  endfacet
  facet normal  0.000000e+000  0.000000e+000 -1.000000e+000
    outer loop
      vertex  3.508194e+001 -1.575828e+001 -7.500000e+000
      vertex  3.157903e+001 -1.357939e+001 -7.500000e+000
      vertex  3.558755e+001 -1.412553e+001 -7.500000e+000
    endloop
  endfacet
  facet normal  0.000000e+000  0.000000e+000 -1.000000e+000
    outer loop
      vertex  3.558755e+001 -1.412553e+001 -7.500000e+000
      vertex  3.157903e+001 -1.357939e+001 -7.500000e+000
      vertex  3.201103e+001 -1.201835e+001 -7.500000e+000
    endloop
  endfacet
  facet normal  0.000000e+000  0.000000e+000 -1.000000e+000
    outer loop
      vertex  3.558755e+001 -1.412553e+001 -7.500000e+000
      vertex  3.201103e+001 -1.201835e+001 -7.500000e+000
      vertex  3.601721e+001 -1.247117e+001 -7.500000e+000
    endloop
  endfacet
  facet normal  0.000000e+000  0.000000e+000 -1.000000e+000
    outer loop
      vertex  3.601721e+001 -1.247117e+001 -7.500000e+000
      vertex  3.201103e+001 -1.201835e+001 -7.500000e+000
      vertex  3.236591e+001 -1.043798e+001 -7.500000e+000
    endloop
  endfacet
  facet normal  0.000000e+000  0.000000e+000 -1.000000e+000
    outer loop
      vertex  3.601721e+001 -1.247117e+001 -7.500000e+000
      vertex  3.236591e+001 -1.043798e+001 -7.500000e+000
      vertex  3.637001e+001 -1.079873e+001 -7.500000e+000
    endloop
  endfacet
  facet normal  0.000000e+000  0.000000e+000 -1.000000e+000
    outer loop
      vertex  3.637001e+001 -1.079873e+001 -7.500000e+000
      vertex  3.236591e+001 -1.043798e+001 -7.500000e+000
      vertex  3.264283e+001 -8.842106e+000 -7.500000e+000
    endloop
  endfacet
  facet normal  0.000000e+000  0.000000e+000 -1.000000e+000
    outer loop
      vertex  3.637001e+001 -1.079873e+001 -7.500000e+000
      vertex  3.264283e+001 -8.842106e+000 -7.500000e+000
      vertex  3.664519e+001 -9.111785e+000 -7.500000e+000
    endloop
  endfacet
  facet normal  0.000000e+000  0.000000e+000 -1.000000e+000
    outer loop
      vertex  3.664519e+001 -9.111785e+000 -7.500000e+000
      vertex  3.264283e+001 -8.842106e+000 -7.500000e+000
      vertex  3.284109e+001 -7.234566e+000 -7.500000e+000
    endloop
  endfacet
  facet normal  0.000000e+000  0.000000e+000 -9.999999e-001
    outer loop
      vertex  3.664519e+001 -9.111785e+000 -7.500000e+000
      vertex  3.284109e+001 -7.234566e+000 -7.500000e+000
      vertex  3.684216e+001 -7.413929e+000 -7.500000e+000
    endloop
  endfacet
  facet normal  0.000000e+000  0.000000e+000 -9.999999e-001
    outer loop
      vertex  3.684216e+001 -7.413929e+000 -7.500000e+000
      vertex  3.284109e+001 -7.234566e+000 -7.500000e+000
      vertex  3.296025e+001 -5.619233e+000 -7.500000e+000
    endloop
  endfacet
  facet normal  0.000000e+000  0.000000e+000 -1.000000e+000
    outer loop
      vertex  3.684216e+001 -7.413929e+000 -7.500000e+000
      vertex  3.296025e+001 -5.619233e+000 -7.500000e+000
      vertex  3.696052e+001 -5.708788e+000 -7.500000e+000
    endloop
  endfacet
  facet normal  0.000000e+000  0.000000e+000 -1.000000e+000
    outer loop
      vertex  3.696052e+001 -5.708788e+000 -7.500000e+000
      vertex  3.296025e+001 -5.619233e+000 -7.500000e+000
      vertex  3.300000e+001 -4.000000e+000 -7.500000e+000
    endloop
  endfacet
  facet normal  0.000000e+000  0.000000e+000 -1.000000e+000
    outer loop
      vertex  3.696052e+001 -5.708788e+000 -7.500000e+000
      vertex  3.300000e+001 -4.000000e+000 -7.500000e+000
      vertex  3.700000e+001 -4.000000e+000 -7.500000e+000
    endloop
  endfacet
  facet normal  0.000000e+000  0.000000e+000 -9.999999e-001
    outer loop
      vertex  3.700000e+001 -4.000000e+000 -7.500000e+000
      vertex  3.300000e+001 -4.000000e+000 -7.500000e+000
      vertex  3.296025e+001 -2.380767e+000 -7.500000e+000
    endloop
  endfacet
  facet normal  0.000000e+000  0.000000e+000 -1.000000e+000
    outer loop
      vertex  3.700000e+001 -4.000000e+000 -7.500000e+000
      vertex  3.296025e+001 -2.380767e+000 -7.500000e+000
      vertex  3.696052e+001 -2.291212e+000 -7.500000e+000
    endloop
  endfacet
  facet normal  -0.000000e+000  0.000000e+000 -1.000000e+000
    outer loop
      vertex  3.696052e+001 -2.291212e+000 -7.500000e+000
      vertex  3.296025e+001 -2.380767e+000 -7.500000e+000
      vertex  3.284109e+001 -7.654344e-001 -7.500000e+000
    endloop
  endfacet
  facet normal  0.000000e+000  0.000000e+000 -9.999999e-001
    outer loop
      vertex  3.696052e+001 -2.291212e+000 -7.500000e+000
      vertex  3.284109e+001 -7.654344e-001 -7.500000e+000
      vertex  3.684216e+001 -5.860707e-001 -7.500000e+000
    endloop
  endfacet
  facet normal  -0.000000e+000  0.000000e+000 -1.000000e+000
    outer loop
      vertex  3.684216e+001 -5.860707e-001 -7.500000e+000
      vertex  3.284109e+001 -7.654344e-001 -7.500000e+000
      vertex  3.264283e+001  8.421057e-001 -7.500000e+000
    endloop
  endfacet
  facet normal  0.000000e+000  0.000000e+000 -1.000000e+000
    outer loop
      vertex  3.684216e+001 -5.860707e-001 -7.500000e+000
      vertex  3.264283e+001  8.421057e-001 -7.500000e+000
      vertex  3.664519e+001  1.111785e+000 -7.500000e+000
    endloop
  endfacet
  facet normal  -0.000000e+000  0.000000e+000 -1.000000e+000
    outer loop
      vertex  3.664519e+001  1.111785e+000 -7.500000e+000
      vertex  3.264283e+001  8.421057e-001 -7.500000e+000
      vertex  3.236591e+001  2.437981e+000 -7.500000e+000
    endloop
  endfacet
  facet normal  0.000000e+000  0.000000e+000 -1.000000e+000
    outer loop
      vertex  3.664519e+001  1.111785e+000 -7.500000e+000
      vertex  3.236591e+001  2.437981e+000 -7.500000e+000
      vertex  3.637001e+001  2.798732e+000 -7.500000e+000
    endloop
  endfacet
  facet normal  -0.000000e+000  0.000000e+000 -1.000000e+000
    outer loop
      vertex  3.637001e+001  2.798732e+000 -7.500000e+000
      vertex  3.236591e+001  2.437981e+000 -7.500000e+000
      vertex  3.201103e+001  4.018346e+000 -7.500000e+000
    endloop
  endfacet
  facet normal  0.000000e+000  0.000000e+000 -1.000000e+000
    outer loop
      vertex  3.637001e+001  2.798732e+000 -7.500000e+000
      vertex  3.201103e+001  4.018346e+000 -7.500000e+000
      vertex  3.601721e+001  4.471170e+000 -7.500000e+000
    endloop
  endfacet
  facet normal  -0.000000e+000  0.000000e+000 -1.000000e+000
    outer loop
      vertex  3.601721e+001  4.471170e+000 -7.500000e+000
      vertex  3.201103e+001  4.018346e+000 -7.500000e+000
      vertex  3.157903e+001  5.579394e+000 -7.500000e+000
    endloop
  endfacet
  facet normal  0.000000e+000  0.000000e+000 -1.000000e+000
    outer loop
      vertex  3.601721e+001  4.471170e+000 -7.500000e+000
      vertex  3.157903e+001  5.579394e+000 -7.500000e+000
      vertex  3.558755e+001  6.125531e+000 -7.500000e+000
    endloop
  endfacet
  facet normal  -0.000000e+000  0.000000e+000 -1.000000e+000
    outer loop
      vertex  3.558755e+001  6.125531e+000 -7.500000e+000
      vertex  3.157903e+001  5.579394e+000 -7.500000e+000
      vertex  3.107095e+001  7.117365e+000 -7.500000e+000
    endloop
  endfacet
  facet normal  0.000000e+000  0.000000e+000 -1.000000e+000
    outer loop
      vertex  3.558755e+001  6.125531e+000 -7.500000e+000
      vertex  3.107095e+001  7.117365e+000 -7.500000e+000
      vertex  3.508194e+001  7.758283e+000 -7.500000e+000
    endloop
  endfacet
  facet normal  -0.000000e+000  0.000000e+000 -1.000000e+000
    outer loop
      vertex  3.508194e+001  7.758283e+000 -7.500000e+000
      vertex  3.107095e+001  7.117365e+000 -7.500000e+000
      vertex  3.048802e+001  8.628553e+000 -7.500000e+000
    endloop
  endfacet
  facet normal  0.000000e+000  0.000000e+000 -1.000000e+000
    outer loop
      vertex  3.508194e+001  7.758283e+000 -7.500000e+000
      vertex  3.048802e+001  8.628553e+000 -7.500000e+000
      vertex  3.450147e+001  9.365942e+000 -7.500000e+000
    endloop
  endfacet
  facet normal  0.000000e+000  -0.000000e+000 -1.000000e+000
    outer loop
      vertex  1.965808e+001 -3.050585e+001 -7.500000e+000
      vertex  2.093498e+001 -2.950934e+001 -7.500000e+000
      vertex  2.616295e+001 -3.016295e+001 -7.500000e+000
    endloop
  endfacet
  facet normal  0.000000e+000  0.000000e+000 -1.000000e+000
    outer loop
      vertex  2.616295e+001 -3.016295e+001 -7.500000e+000
      vertex  2.093498e+001 -2.950934e+001 -7.500000e+000
      vertex  2.216145e+001 -2.845139e+001 -7.500000e+000
    endloop
  endfacet
  facet normal  0.000000e+000  0.000000e+000 -1.000000e+000
    outer loop
      vertex  2.616295e+001 -3.016295e+001 -7.500000e+000
      vertex  2.216145e+001 -2.845139e+001 -7.500000e+000
      vertex  2.734333e+001 -2.892674e+001 -7.500000e+000
    endloop
  endfacet
  facet normal  0.000000e+000  0.000000e+000 -1.000000e+000
    outer loop
      vertex  2.734333e+001 -2.892674e+001 -7.500000e+000
      vertex  2.216145e+001 -2.845139e+001 -7.500000e+000
      vertex  2.333452e+001 -2.733452e+001 -7.500000e+000
    endloop
  endfacet
  facet normal  0.000000e+000  0.000000e+000 -1.000000e+000
    outer loop
      vertex  2.734333e+001 -2.892674e+001 -7.500000e+000
      vertex  2.333452e+001 -2.733452e+001 -7.500000e+000
      vertex  2.846536e+001 -2.763733e+001 -7.500000e+000
    endloop
  endfacet
  facet normal  0.000000e+000  0.000000e+000 -1.000000e+000
    outer loop
      vertex  2.846536e+001 -2.763733e+001 -7.500000e+000
      vertex  2.333452e+001 -2.733452e+001 -7.500000e+000
      vertex  2.445139e+001 -2.616145e+001 -7.500000e+000
    endloop
  endfacet
  facet normal  0.000000e+000  0.000000e+000 -1.000000e+000
    outer loop
      vertex  2.846536e+001 -2.763733e+001 -7.500000e+000
      vertex  2.445139e+001 -2.616145e+001 -7.500000e+000
      vertex  2.952664e+001 -2.629748e+001 -7.500000e+000
    endloop
  endfacet
  facet normal  0.000000e+000  0.000000e+000 -1.000000e+000
    outer loop
      vertex  2.952664e+001 -2.629748e+001 -7.500000e+000
      vertex  2.445139e+001 -2.616145e+001 -7.500000e+000
      vertex  2.550934e+001 -2.493498e+001 -7.500000e+000
    endloop
  endfacet
  facet normal  0.000000e+000  0.000000e+000 -1.000000e+000
    outer loop
      vertex  2.952664e+001 -2.629748e+001 -7.500000e+000
      vertex  2.550934e+001 -2.493498e+001 -7.500000e+000
      vertex  3.052491e+001 -2.491005e+001 -7.500000e+000
    endloop
  endfacet
  facet normal  -0.000000e+000  0.000000e+000 -9.999999e-001
    outer loop
      vertex  3.052491e+001 -2.491005e+001 -7.500000e+000
      vertex  2.550934e+001 -2.493498e+001 -7.500000e+000
      vertex  2.650585e+001 -2.365808e+001 -7.500000e+000
    endloop
  endfacet
  facet normal  0.000000e+000  0.000000e+000 -1.000000e+000
    outer loop
      vertex  3.052491e+001 -2.491005e+001 -7.500000e+000
      vertex  2.650585e+001 -2.365808e+001 -7.500000e+000
      vertex  3.145803e+001 -2.347799e+001 -7.500000e+000
    endloop
  endfacet
  facet normal  -0.000000e+000  0.000000e+000 -1.000000e+000
    outer loop
      vertex  3.145803e+001 -2.347799e+001 -7.500000e+000
      vertex  2.650585e+001 -2.365808e+001 -7.500000e+000
      vertex  2.743850e+001 -2.233382e+001 -7.500000e+000
    endloop
  endfacet
  facet normal  0.000000e+000  0.000000e+000 -1.000000e+000
    outer loop
      vertex  3.145803e+001 -2.347799e+001 -7.500000e+000
      vertex  2.743850e+001 -2.233382e+001 -7.500000e+000
      vertex  3.232403e+001 -2.200437e+001 -7.500000e+000
    endloop
  endfacet
  facet normal  -0.000000e+000  0.000000e+000 -1.000000e+000
    outer loop
      vertex  3.232403e+001 -2.200437e+001 -7.500000e+000
      vertex  2.743850e+001 -2.233382e+001 -7.500000e+000
      vertex  2.830504e+001 -2.096539e+001 -7.500000e+000
    endloop
  endfacet
  facet normal  0.000000e+000  0.000000e+000 -1.000000e+000
    outer loop
      vertex  3.232403e+001 -2.200437e+001 -7.500000e+000
      vertex  2.830504e+001 -2.096539e+001 -7.500000e+000
      vertex  3.312104e+001 -2.049232e+001 -7.500000e+000
    endloop
  endfacet
  facet normal  -0.000000e+000  0.000000e+000 -1.000000e+000
    outer loop
      vertex  3.312104e+001 -2.049232e+001 -7.500000e+000
      vertex  2.830504e+001 -2.096539e+001 -7.500000e+000
      vertex  2.910340e+001 -1.955609e+001 -7.500000e+000
    endloop
  endfacet
  facet normal  0.000000e+000  0.000000e+000 -1.000000e+000
    outer loop
      vertex  3.312104e+001 -2.049232e+001 -7.500000e+000
      vertex  2.910340e+001 -1.955609e+001 -7.500000e+000
      vertex  3.384737e+001 -1.894508e+001 -7.500000e+000
    endloop
  endfacet
  facet normal  0.000000e+000  -0.000000e+000 -1.000000e+000
    outer loop
      vertex  1.410932e+001 -3.383165e+001 -7.500000e+000
      vertex  1.555609e+001 -3.310340e+001 -7.500000e+000
      vertex  2.229748e+001 -3.352664e+001 -7.500000e+000
    endloop
  endfacet
  facet normal  0.000000e+000  0.000000e+000 -9.999999e-001
    outer loop
      vertex  2.229748e+001 -3.352664e+001 -7.500000e+000
      vertex  1.555609e+001 -3.310340e+001 -7.500000e+000
      vertex  1.696539e+001 -3.230504e+001 -7.500000e+000
    endloop
  endfacet
  facet normal  0.000000e+000  0.000000e+000 -9.999999e-001
    outer loop
      vertex  2.229748e+001 -3.352664e+001 -7.500000e+000
      vertex  1.696539e+001 -3.230504e+001 -7.500000e+000
      vertex  2.363733e+001 -3.246536e+001 -7.500000e+000
    endloop
  endfacet
  facet normal  0.000000e+000  0.000000e+000 -1.000000e+000
    outer loop
      vertex  2.363733e+001 -3.246536e+001 -7.500000e+000
      vertex  1.696539e+001 -3.230504e+001 -7.500000e+000
      vertex  1.833382e+001 -3.143850e+001 -7.500000e+000
    endloop
  endfacet
  facet normal  0.000000e+000  0.000000e+000 -9.999999e-001
    outer loop
      vertex  2.363733e+001 -3.246536e+001 -7.500000e+000
      vertex  1.833382e+001 -3.143850e+001 -7.500000e+000
      vertex  2.492674e+001 -3.134333e+001 -7.500000e+000
    endloop
  endfacet
  facet normal  -0.000000e+000  0.000000e+000 -1.000000e+000
    outer loop
      vertex  2.492674e+001 -3.134333e+001 -7.500000e+000
      vertex  1.833382e+001 -3.143850e+001 -7.500000e+000
      vertex  1.965808e+001 -3.050585e+001 -7.500000e+000
    endloop
  endfacet
  facet normal  0.000000e+000  0.000000e+000 -1.000000e+000
    outer loop
      vertex  2.492674e+001 -3.134333e+001 -7.500000e+000
      vertex  1.965808e+001 -3.050585e+001 -7.500000e+000
      vertex  2.616295e+001 -3.016295e+001 -7.500000e+000
    endloop
  endfacet
  facet normal  0.000000e+000  -0.000000e+000 -1.000000e+000
    outer loop
      vertex  9.579394e+000 -3.557903e+001 -7.500000e+000
      vertex  1.111736e+001 -3.507095e+001 -7.500000e+000
      vertex  1.947799e+001 -3.545803e+001 -7.500000e+000
    endloop
  endfacet
  facet normal  0.000000e+000  0.000000e+000 -1.000000e+000
    outer loop
      vertex  1.947799e+001 -3.545803e+001 -7.500000e+000
      vertex  1.111736e+001 -3.507095e+001 -7.500000e+000
      vertex  1.262855e+001 -3.448803e+001 -7.500000e+000
    endloop
  endfacet
  facet normal  0.000000e+000  0.000000e+000 -1.000000e+000
    outer loop
      vertex  1.947799e+001 -3.545803e+001 -7.500000e+000
      vertex  1.262855e+001 -3.448803e+001 -7.500000e+000
      vertex  2.091005e+001 -3.452491e+001 -7.500000e+000
    endloop
  endfacet
  facet normal  0.000000e+000  0.000000e+000 -1.000000e+000
    outer loop
      vertex  2.091005e+001 -3.452491e+001 -7.500000e+000
      vertex  1.262855e+001 -3.448803e+001 -7.500000e+000
      vertex  1.410932e+001 -3.383165e+001 -7.500000e+000
    endloop
  endfacet
  facet normal  0.000000e+000  0.000000e+000 -1.000000e+000
    outer loop
      vertex  2.091005e+001 -3.452491e+001 -7.500000e+000
      vertex  1.410932e+001 -3.383165e+001 -7.500000e+000
      vertex  2.229748e+001 -3.352664e+001 -7.500000e+000
    endloop
  endfacet
  facet normal  0.000000e+000  -0.000000e+000 -1.000000e+000
    outer loop
      vertex  6.437981e+000 -3.636591e+001 -7.500000e+000
      vertex  8.018346e+000 -3.601103e+001 -7.500000e+000
      vertex  1.800437e+001 -3.632403e+001 -7.500000e+000
    endloop
  endfacet
  facet normal  0.000000e+000  0.000000e+000 -9.999999e-001
    outer loop
      vertex  1.800437e+001 -3.632403e+001 -7.500000e+000
      vertex  8.018346e+000 -3.601103e+001 -7.500000e+000
      vertex  9.579394e+000 -3.557903e+001 -7.500000e+000
    endloop
  endfacet
  facet normal  0.000000e+000  0.000000e+000 -1.000000e+000
    outer loop
      vertex  1.800437e+001 -3.632403e+001 -7.500000e+000
      vertex  9.579394e+000 -3.557903e+001 -7.500000e+000
      vertex  1.947799e+001 -3.545803e+001 -7.500000e+000
    endloop
  endfacet
  facet normal  2.454074e-002 -9.996989e-001  0.000000e+000
    outer loop
      vertex  2.020600e-015  2.900000e+001 -7.500000e+000
      vertex -1.619233e+000  2.896025e+001  5.750000e+001
      vertex -1.619233e+000  2.896025e+001 -7.500000e+000
    endloop
  endfacet
  facet normal  7.356450e-002 -9.972905e-001  0.000000e+000
    outer loop
      vertex -1.619233e+000  2.896025e+001 -7.500000e+000
      vertex -1.619233e+000  2.896025e+001  5.750000e+001
      vertex -3.234566e+000  2.884110e+001  5.750000e+001
    endloop
  endfacet
  facet normal  7.356450e-002 -9.972905e-001  0.000000e+000
    outer loop
      vertex -1.619233e+000  2.896025e+001 -7.500000e+000
      vertex -3.234566e+000  2.884110e+001  5.750000e+001
      vertex -3.234566e+000  2.884110e+001 -7.500000e+000
    endloop
  endfacet
  facet normal  1.224116e-001 -9.924794e-001  0.000000e+000
    outer loop
      vertex -3.234566e+000  2.884110e+001 -7.500000e+000
      vertex -3.234566e+000  2.884110e+001  5.750000e+001
      vertex -4.842106e+000  2.864282e+001  5.750000e+001
    endloop
  endfacet
  facet normal  1.224116e-001 -9.924794e-001  0.000000e+000
    outer loop
      vertex -3.234566e+000  2.884110e+001 -7.500000e+000
      vertex -4.842106e+000  2.864282e+001  5.750000e+001
      vertex -4.842106e+000  2.864282e+001 -7.500000e+000
    endloop
  endfacet
  facet normal  1.709620e-001 -9.852775e-001  0.000000e+000
    outer loop
      vertex -4.842106e+000  2.864282e+001 -7.500000e+000
      vertex -4.842106e+000  2.864282e+001  5.750000e+001
      vertex -6.437981e+000  2.836591e+001  5.750000e+001
    endloop
  endfacet
  facet normal  1.709620e-001 -9.852775e-001  0.000000e+000
    outer loop
      vertex -4.842106e+000  2.864282e+001 -7.500000e+000
      vertex -6.437981e+000  2.836591e+001  5.750000e+001
      vertex -6.437981e+000  2.836591e+001 -7.500000e+000
    endloop
  endfacet
  facet normal  2.191003e-001 -9.757023e-001  0.000000e+000
    outer loop
      vertex -6.437981e+000  2.836591e+001 -7.500000e+000
      vertex -6.437981e+000  2.836591e+001  5.750000e+001
      vertex -8.018346e+000  2.801103e+001  5.750000e+001
    endloop
  endfacet
  facet normal  2.191003e-001 -9.757023e-001  0.000000e+000
    outer loop
      vertex -6.437981e+000  2.836591e+001 -7.500000e+000
      vertex -8.018346e+000  2.801103e+001  5.750000e+001
      vertex -8.018346e+000  2.801103e+001 -7.500000e+000
    endloop
  endfacet
  facet normal  2.667132e-001 -9.637759e-001  0.000000e+000
    outer loop
      vertex -8.018346e+000  2.801103e+001 -7.500000e+000
      vertex -8.018346e+000  2.801103e+001  5.750000e+001
      vertex -9.579394e+000  2.757903e+001  5.750000e+001
    endloop
  endfacet
  facet normal  2.667132e-001 -9.637759e-001  0.000000e+000
    outer loop
      vertex -8.018346e+000  2.801103e+001 -7.500000e+000
      vertex -9.579394e+000  2.757903e+001  5.750000e+001
      vertex -9.579394e+000  2.757903e+001 -7.500000e+000
    endloop
  endfacet
  facet normal  3.136822e-001 -9.495281e-001  0.000000e+000
    outer loop
      vertex -9.579394e+000  2.757903e+001 -7.500000e+000
      vertex -9.579394e+000  2.757903e+001  5.750000e+001
      vertex -1.111736e+001  2.707095e+001  5.750000e+001
    endloop
  endfacet
  facet normal  3.136822e-001 -9.495281e-001  0.000000e+000
    outer loop
      vertex -9.579394e+000  2.757903e+001 -7.500000e+000
      vertex -1.111736e+001  2.707095e+001  5.750000e+001
      vertex -1.111736e+001  2.707095e+001 -7.500000e+000
    endloop
  endfacet
  facet normal  3.598950e-001 -9.329928e-001  0.000000e+000
    outer loop
      vertex -1.111736e+001  2.707095e+001 -7.500000e+000
      vertex -1.111736e+001  2.707095e+001  5.750000e+001
      vertex -1.262855e+001  2.648802e+001  5.750000e+001
    endloop
  endfacet
  facet normal  3.598950e-001 -9.329928e-001  0.000000e+000
    outer loop
      vertex -1.111736e+001  2.707095e+001 -7.500000e+000
      vertex -1.262855e+001  2.648802e+001  5.750000e+001
      vertex -1.262855e+001  2.648802e+001 -7.500000e+000
    endloop
  endfacet
  facet normal  4.052414e-001 -9.142097e-001  0.000000e+000
    outer loop
      vertex -1.262855e+001  2.648802e+001 -7.500000e+000
      vertex -1.262855e+001  2.648802e+001  5.750000e+001
      vertex -1.410932e+001  2.583165e+001  5.750000e+001
    endloop
  endfacet
  facet normal  4.052414e-001 -9.142097e-001  0.000000e+000
    outer loop
      vertex -1.262855e+001  2.648802e+001 -7.500000e+000
      vertex -1.410932e+001  2.583165e+001  5.750000e+001
      vertex -1.410932e+001  2.583165e+001 -7.500000e+000
    endloop
  endfacet
  facet normal  4.496112e-001 -8.932244e-001  0.000000e+000
    outer loop
      vertex -1.410932e+001  2.583165e+001 -7.500000e+000
      vertex -1.410932e+001  2.583165e+001  5.750000e+001
      vertex -1.555609e+001  2.510340e+001  5.750000e+001
    endloop
  endfacet
  facet normal  4.496112e-001 -8.932244e-001  0.000000e+000
    outer loop
      vertex -1.410932e+001  2.583165e+001 -7.500000e+000
      vertex -1.555609e+001  2.510340e+001  5.750000e+001
      vertex -1.555609e+001  2.510340e+001 -7.500000e+000
    endloop
  endfacet
  facet normal  4.928977e-001 -8.700872e-001  0.000000e+000
    outer loop
      vertex -1.555609e+001  2.510340e+001 -7.500000e+000
      vertex -1.555609e+001  2.510340e+001  5.750000e+001
      vertex -1.696539e+001  2.430504e+001  5.750000e+001
    endloop
  endfacet
  facet normal  4.928977e-001 -8.700872e-001  0.000000e+000
    outer loop
      vertex -1.555609e+001  2.510340e+001 -7.500000e+000
      vertex -1.696539e+001  2.430504e+001  5.750000e+001
      vertex -1.696539e+001  2.430504e+001 -7.500000e+000
    endloop
  endfacet
  facet normal  5.349975e-001 -8.448537e-001  0.000000e+000
    outer loop
      vertex -1.696539e+001  2.430504e+001 -7.500000e+000
      vertex -1.696539e+001  2.430504e+001  5.750000e+001
      vertex -1.833382e+001  2.343850e+001  5.750000e+001
    endloop
  endfacet
  facet normal  5.349975e-001 -8.448537e-001  0.000000e+000
    outer loop
      vertex -1.696539e+001  2.430504e+001 -7.500000e+000
      vertex -1.833382e+001  2.343850e+001  5.750000e+001
      vertex -1.833382e+001  2.343850e+001 -7.500000e+000
    endloop
  endfacet
  facet normal  5.758088e-001 -8.175845e-001  0.000000e+000
    outer loop
      vertex -1.833382e+001  2.343850e+001 -7.500000e+000
      vertex -1.833382e+001  2.343850e+001  5.750000e+001
      vertex -1.965808e+001  2.250585e+001  5.750000e+001
    endloop
  endfacet
  facet normal  5.758088e-001 -8.175845e-001  0.000000e+000
    outer loop
      vertex -1.833382e+001  2.343850e+001 -7.500000e+000
      vertex -1.965808e+001  2.250585e+001  5.750000e+001
      vertex -1.965808e+001  2.250585e+001 -7.500000e+000
    endloop
  endfacet
  facet normal  6.152318e-001 -7.883464e-001  0.000000e+000
    outer loop
      vertex -1.965808e+001  2.250585e+001 -7.500000e+000
      vertex -1.965808e+001  2.250585e+001  5.750000e+001
      vertex -2.093498e+001  2.150934e+001  5.750000e+001
    endloop
  endfacet
  facet normal  6.152318e-001 -7.883464e-001  0.000000e+000
    outer loop
      vertex -1.965808e+001  2.250585e+001 -7.500000e+000
      vertex -2.093498e+001  2.150934e+001  5.750000e+001
      vertex -2.093498e+001  2.150934e+001 -7.500000e+000
    endloop
  endfacet
  facet normal  6.531724e-001 -7.572092e-001  0.000000e+000
    outer loop
      vertex -2.093498e+001  2.150934e+001 -7.500000e+000
      vertex -2.093498e+001  2.150934e+001  5.750000e+001
      vertex -2.216145e+001  2.045139e+001  5.750000e+001
    endloop
  endfacet
  facet normal  6.531724e-001 -7.572092e-001  0.000000e+000
    outer loop
      vertex -2.093498e+001  2.150934e+001 -7.500000e+000
      vertex -2.216145e+001  2.045139e+001  5.750000e+001
      vertex -2.216145e+001  2.045139e+001 -7.500000e+000
    endloop
  endfacet
  facet normal  6.895404e-001 -7.242472e-001  0.000000e+000
    outer loop
      vertex -2.216145e+001  2.045139e+001 -7.500000e+000
      vertex -2.216145e+001  2.045139e+001  5.750000e+001
      vertex -2.333452e+001  1.933452e+001  5.750000e+001
    endloop
  endfacet
  facet normal  6.895404e-001 -7.242472e-001  0.000000e+000
    outer loop
      vertex -2.216145e+001  2.045139e+001 -7.500000e+000
      vertex -2.333452e+001  1.933452e+001  5.750000e+001
      vertex -2.333452e+001  1.933452e+001 -7.500000e+000
    endloop
  endfacet
  facet normal  7.242472e-001 -6.895404e-001  0.000000e+000
    outer loop
      vertex -2.333452e+001  1.933452e+001 -7.500000e+000
      vertex -2.333452e+001  1.933452e+001  5.750000e+001
      vertex -2.445139e+001  1.816145e+001  5.750000e+001
    endloop
  endfacet
  facet normal  7.242472e-001 -6.895404e-001  0.000000e+000
    outer loop
      vertex -2.333452e+001  1.933452e+001 -7.500000e+000
      vertex -2.445139e+001  1.816145e+001  5.750000e+001
      vertex -2.445139e+001  1.816145e+001 -7.500000e+000
    endloop
  endfacet
  facet normal  7.572092e-001 -6.531724e-001  0.000000e+000
    outer loop
      vertex -2.445139e+001  1.816145e+001 -7.500000e+000
      vertex -2.445139e+001  1.816145e+001  5.750000e+001
      vertex -2.550934e+001  1.693498e+001  5.750000e+001
    endloop
  endfacet
  facet normal  7.572092e-001 -6.531724e-001  0.000000e+000
    outer loop
      vertex -2.445139e+001  1.816145e+001 -7.500000e+000
      vertex -2.550934e+001  1.693498e+001  5.750000e+001
      vertex -2.550934e+001  1.693498e+001 -7.500000e+000
    endloop
  endfacet
  facet normal  7.883464e-001 -6.152318e-001  0.000000e+000
    outer loop
      vertex -2.550934e+001  1.693498e+001 -7.500000e+000
      vertex -2.550934e+001  1.693498e+001  5.750000e+001
      vertex -2.650585e+001  1.565808e+001  5.750000e+001
    endloop
  endfacet
  facet normal  7.883464e-001 -6.152318e-001  0.000000e+000
    outer loop
      vertex -2.550934e+001  1.693498e+001 -7.500000e+000
      vertex -2.650585e+001  1.565808e+001  5.750000e+001
      vertex -2.650585e+001  1.565808e+001 -7.500000e+000
    endloop
  endfacet
  facet normal  8.175846e-001 -5.758085e-001  0.000000e+000
    outer loop
      vertex -2.650585e+001  1.565808e+001 -7.500000e+000
      vertex -2.650585e+001  1.565808e+001  5.750000e+001
      vertex -2.743850e+001  1.433382e+001  5.750000e+001
    endloop
  endfacet
  facet normal  8.175846e-001 -5.758085e-001  0.000000e+000
    outer loop
      vertex -2.650585e+001  1.565808e+001 -7.500000e+000
      vertex -2.743850e+001  1.433382e+001  5.750000e+001
      vertex -2.743850e+001  1.433382e+001 -7.500000e+000
    endloop
  endfacet
  facet normal  8.448537e-001 -5.349975e-001  0.000000e+000
    outer loop
      vertex -2.743850e+001  1.433382e+001 -7.500000e+000
      vertex -2.743850e+001  1.433382e+001  5.750000e+001
      vertex -2.830504e+001  1.296539e+001  5.750000e+001
    endloop
  endfacet
  facet normal  8.448537e-001 -5.349975e-001  0.000000e+000
    outer loop
      vertex -2.743850e+001  1.433382e+001 -7.500000e+000
      vertex -2.830504e+001  1.296539e+001  5.750000e+001
      vertex -2.830504e+001  1.296539e+001 -7.500000e+000
    endloop
  endfacet
  facet normal  8.700871e-001 -4.928980e-001  0.000000e+000
    outer loop
      vertex -2.830504e+001  1.296539e+001 -7.500000e+000
      vertex -2.830504e+001  1.296539e+001  5.750000e+001
      vertex -2.910340e+001  1.155609e+001  5.750000e+001
    endloop
  endfacet
  facet normal  8.700871e-001 -4.928980e-001  0.000000e+000
    outer loop
      vertex -2.830504e+001  1.296539e+001 -7.500000e+000
      vertex -2.910340e+001  1.155609e+001  5.750000e+001
      vertex -2.910340e+001  1.155609e+001 -7.500000e+000
    endloop
  endfacet
  facet normal  8.932244e-001 -4.496112e-001  0.000000e+000
    outer loop
      vertex -2.910340e+001  1.155609e+001 -7.500000e+000
      vertex -2.910340e+001  1.155609e+001  5.750000e+001
      vertex -2.983165e+001  1.010932e+001  5.750000e+001
    endloop
  endfacet
  facet normal  8.932244e-001 -4.496112e-001  0.000000e+000
    outer loop
      vertex -2.910340e+001  1.155609e+001 -7.500000e+000
      vertex -2.983165e+001  1.010932e+001  5.750000e+001
      vertex -2.983165e+001  1.010932e+001 -7.500000e+000
    endloop
  endfacet
  facet normal  9.142097e-001 -4.052414e-001  0.000000e+000
    outer loop
      vertex -2.983165e+001  1.010932e+001 -7.500000e+000
      vertex -2.983165e+001  1.010932e+001  5.750000e+001
      vertex -3.048802e+001  8.628553e+000  5.750000e+001
    endloop
  endfacet
  facet normal  9.142097e-001 -4.052414e-001  0.000000e+000
    outer loop
      vertex -2.983165e+001  1.010932e+001 -7.500000e+000
      vertex -3.048802e+001  8.628553e+000  5.750000e+001
      vertex -3.048802e+001  8.628553e+000 -7.500000e+000
    endloop
  endfacet
  facet normal  9.329928e-001 -3.598951e-001  0.000000e+000
    outer loop
      vertex -3.048802e+001  8.628553e+000 -7.500000e+000
      vertex -3.048802e+001  8.628553e+000  5.750000e+001
      vertex -3.107095e+001  7.117365e+000  5.750000e+001
    endloop
  endfacet
  facet normal  9.329928e-001 -3.598951e-001  0.000000e+000
    outer loop
      vertex -3.048802e+001  8.628553e+000 -7.500000e+000
      vertex -3.107095e+001  7.117365e+000  5.750000e+001
      vertex -3.107095e+001  7.117365e+000 -7.500000e+000
    endloop
  endfacet
  facet normal  9.495281e-001 -3.136821e-001  0.000000e+000
    outer loop
      vertex -3.107095e+001  7.117365e+000 -7.500000e+000
      vertex -3.107095e+001  7.117365e+000  5.750000e+001
      vertex -3.157903e+001  5.579394e+000  5.750000e+001
    endloop
  endfacet
  facet normal  9.495281e-001 -3.136821e-001  0.000000e+000
    outer loop
      vertex -3.107095e+001  7.117365e+000 -7.500000e+000
      vertex -3.157903e+001  5.579394e+000  5.750000e+001
      vertex -3.157903e+001  5.579394e+000 -7.500000e+000
    endloop
  endfacet
  facet normal  9.637759e-001 -2.667132e-001  0.000000e+000
    outer loop
      vertex -3.157903e+001  5.579394e+000 -7.500000e+000
      vertex -3.157903e+001  5.579394e+000  5.750000e+001
      vertex -3.201103e+001  4.018346e+000  5.750000e+001
    endloop
  endfacet
  facet normal  9.637759e-001 -2.667132e-001  0.000000e+000
    outer loop
      vertex -3.157903e+001  5.579394e+000 -7.500000e+000
      vertex -3.201103e+001  4.018346e+000  5.750000e+001
      vertex -3.201103e+001  4.018346e+000 -7.500000e+000
    endloop
  endfacet
  facet normal  9.757023e-001 -2.191003e-001  0.000000e+000
    outer loop
      vertex -3.201103e+001  4.018346e+000 -7.500000e+000
      vertex -3.201103e+001  4.018346e+000  5.750000e+001
      vertex -3.236591e+001  2.437981e+000  5.750000e+001
    endloop
  endfacet
  facet normal  9.757023e-001 -2.191003e-001  0.000000e+000
    outer loop
      vertex -3.201103e+001  4.018346e+000 -7.500000e+000
      vertex -3.236591e+001  2.437981e+000  5.750000e+001
      vertex -3.236591e+001  2.437981e+000 -7.500000e+000
    endloop
  endfacet
  facet normal  9.852775e-001 -1.709632e-001  0.000000e+000
    outer loop
      vertex -3.236591e+001  2.437981e+000 -7.500000e+000
      vertex -3.236591e+001  2.437981e+000  5.750000e+001
      vertex -3.264283e+001  8.421057e-001  5.750000e+001
    endloop
  endfacet
  facet normal  9.852775e-001 -1.709632e-001  0.000000e+000
    outer loop
      vertex -3.236591e+001  2.437981e+000 -7.500000e+000
      vertex -3.264283e+001  8.421057e-001  5.750000e+001
      vertex -3.264283e+001  8.421057e-001 -7.500000e+000
    endloop
  endfacet
  facet normal  9.924797e-001 -1.224093e-001  0.000000e+000
    outer loop
      vertex -3.264283e+001  8.421057e-001 -7.500000e+000
      vertex -3.264283e+001  8.421057e-001  5.750000e+001
      vertex -3.284109e+001 -7.654344e-001  5.750000e+001
    endloop
  endfacet
  facet normal  9.924797e-001 -1.224093e-001  0.000000e+000
    outer loop
      vertex -3.264283e+001  8.421057e-001 -7.500000e+000
      vertex -3.284109e+001 -7.654344e-001  5.750000e+001
      vertex -3.284109e+001 -7.654344e-001 -7.500000e+000
    endloop
  endfacet
  facet normal  9.972904e-001 -7.356568e-002  0.000000e+000
    outer loop
      vertex -3.284109e+001 -7.654344e-001 -7.500000e+000
      vertex -3.284109e+001 -7.654344e-001  5.750000e+001
      vertex -3.296025e+001 -2.380767e+000  5.750000e+001
    endloop
  endfacet
  facet normal  9.972904e-001 -7.356568e-002  0.000000e+000
    outer loop
      vertex -3.284109e+001 -7.654344e-001 -7.500000e+000
      vertex -3.296025e+001 -2.380767e+000  5.750000e+001
      vertex -3.296025e+001 -2.380767e+000 -7.500000e+000
    endloop
  endfacet
  facet normal  9.996989e-001 -2.454073e-002  0.000000e+000
    outer loop
      vertex -3.296025e+001 -2.380767e+000 -7.500000e+000
      vertex -3.296025e+001 -2.380767e+000  5.750000e+001
      vertex -3.300000e+001 -4.000000e+000  5.750000e+001
    endloop
  endfacet
  facet normal  9.996989e-001 -2.454073e-002  0.000000e+000
    outer loop
      vertex -3.296025e+001 -2.380767e+000 -7.500000e+000
      vertex -3.300000e+001 -4.000000e+000  5.750000e+001
      vertex -3.300000e+001 -4.000000e+000 -7.500000e+000
    endloop
  endfacet
  facet normal  2.454074e-002 -9.996989e-001  0.000000e+000
    outer loop
      vertex -1.619233e+000  2.896025e+001  5.750000e+001
      vertex  2.020600e-015  2.900000e+001 -7.500000e+000
      vertex  2.020600e-015  2.900000e+001  5.750000e+001
    endloop
  endfacet
  facet normal -2.454074e-002 -9.996989e-001  -0.000000e+000
    outer loop
      vertex  2.020600e-015  2.900000e+001  5.750000e+001
      vertex  2.020600e-015  2.900000e+001 -7.500000e+000
      vertex  1.619233e+000  2.896025e+001 -7.500000e+000
    endloop
  endfacet
  facet normal -2.454074e-002 -9.996989e-001  0.000000e+000
    outer loop
      vertex  2.020600e-015  2.900000e+001  5.750000e+001
      vertex  1.619233e+000  2.896025e+001 -7.500000e+000
      vertex  1.619233e+000  2.896025e+001  5.750000e+001
    endloop
  endfacet
  facet normal -7.356450e-002 -9.972905e-001  -0.000000e+000
    outer loop
      vertex  1.619233e+000  2.896025e+001  5.750000e+001
      vertex  1.619233e+000  2.896025e+001 -7.500000e+000
      vertex  3.234566e+000  2.884110e+001 -7.500000e+000
    endloop
  endfacet
  facet normal -7.356450e-002 -9.972905e-001  0.000000e+000
    outer loop
      vertex  1.619233e+000  2.896025e+001  5.750000e+001
      vertex  3.234566e+000  2.884110e+001 -7.500000e+000
      vertex  3.234566e+000  2.884110e+001  5.750000e+001
    endloop
  endfacet
  facet normal -1.224116e-001 -9.924794e-001  -0.000000e+000
    outer loop
      vertex  3.234566e+000  2.884110e+001  5.750000e+001
      vertex  3.234566e+000  2.884110e+001 -7.500000e+000
      vertex  4.842106e+000  2.864282e+001 -7.500000e+000
    endloop
  endfacet
  facet normal -1.224116e-001 -9.924794e-001  0.000000e+000
    outer loop
      vertex  3.234566e+000  2.884110e+001  5.750000e+001
      vertex  4.842106e+000  2.864282e+001 -7.500000e+000
      vertex  4.842106e+000  2.864282e+001  5.750000e+001
    endloop
  endfacet
  facet normal -1.709620e-001 -9.852775e-001  -0.000000e+000
    outer loop
      vertex  4.842106e+000  2.864282e+001  5.750000e+001
      vertex  4.842106e+000  2.864282e+001 -7.500000e+000
      vertex  6.437981e+000  2.836591e+001 -7.500000e+000
    endloop
  endfacet
  facet normal -1.709620e-001 -9.852775e-001  0.000000e+000
    outer loop
      vertex  4.842106e+000  2.864282e+001  5.750000e+001
      vertex  6.437981e+000  2.836591e+001 -7.500000e+000
      vertex  6.437981e+000  2.836591e+001  5.750000e+001
    endloop
  endfacet
  facet normal -2.191003e-001 -9.757023e-001  -0.000000e+000
    outer loop
      vertex  6.437981e+000  2.836591e+001  5.750000e+001
      vertex  6.437981e+000  2.836591e+001 -7.500000e+000
      vertex  8.018346e+000  2.801103e+001 -7.500000e+000
    endloop
  endfacet
  facet normal -2.191003e-001 -9.757023e-001  0.000000e+000
    outer loop
      vertex  6.437981e+000  2.836591e+001  5.750000e+001
      vertex  8.018346e+000  2.801103e+001 -7.500000e+000
      vertex  8.018346e+000  2.801103e+001  5.750000e+001
    endloop
  endfacet
  facet normal -2.667132e-001 -9.637759e-001  -0.000000e+000
    outer loop
      vertex  8.018346e+000  2.801103e+001  5.750000e+001
      vertex  8.018346e+000  2.801103e+001 -7.500000e+000
      vertex  9.579394e+000  2.757903e+001 -7.500000e+000
    endloop
  endfacet
  facet normal -2.667132e-001 -9.637759e-001  0.000000e+000
    outer loop
      vertex  8.018346e+000  2.801103e+001  5.750000e+001
      vertex  9.579394e+000  2.757903e+001 -7.500000e+000
      vertex  9.579394e+000  2.757903e+001  5.750000e+001
    endloop
  endfacet
  facet normal -3.136822e-001 -9.495281e-001  -0.000000e+000
    outer loop
      vertex  9.579394e+000  2.757903e+001  5.750000e+001
      vertex  9.579394e+000  2.757903e+001 -7.500000e+000
      vertex  1.111736e+001  2.707095e+001 -7.500000e+000
    endloop
  endfacet
  facet normal -3.136822e-001 -9.495281e-001  0.000000e+000
    outer loop
      vertex  9.579394e+000  2.757903e+001  5.750000e+001
      vertex  1.111736e+001  2.707095e+001 -7.500000e+000
      vertex  1.111736e+001  2.707095e+001  5.750000e+001
    endloop
  endfacet
  facet normal -3.598950e-001 -9.329928e-001  -0.000000e+000
    outer loop
      vertex  1.111736e+001  2.707095e+001  5.750000e+001
      vertex  1.111736e+001  2.707095e+001 -7.500000e+000
      vertex  1.262855e+001  2.648802e+001 -7.500000e+000
    endloop
  endfacet
  facet normal -3.598950e-001 -9.329928e-001  0.000000e+000
    outer loop
      vertex  1.111736e+001  2.707095e+001  5.750000e+001
      vertex  1.262855e+001  2.648802e+001 -7.500000e+000
      vertex  1.262855e+001  2.648802e+001  5.750000e+001
    endloop
  endfacet
  facet normal -4.052414e-001 -9.142097e-001  -0.000000e+000
    outer loop
      vertex  1.262855e+001  2.648802e+001  5.750000e+001
      vertex  1.262855e+001  2.648802e+001 -7.500000e+000
      vertex  1.410932e+001  2.583165e+001 -7.500000e+000
    endloop
  endfacet
  facet normal -4.052414e-001 -9.142097e-001  0.000000e+000
    outer loop
      vertex  1.262855e+001  2.648802e+001  5.750000e+001
      vertex  1.410932e+001  2.583165e+001 -7.500000e+000
      vertex  1.410932e+001  2.583165e+001  5.750000e+001
    endloop
  endfacet
  facet normal -4.496112e-001 -8.932244e-001  -0.000000e+000
    outer loop
      vertex  1.410932e+001  2.583165e+001  5.750000e+001
      vertex  1.410932e+001  2.583165e+001 -7.500000e+000
      vertex  1.555609e+001  2.510340e+001 -7.500000e+000
    endloop
  endfacet
  facet normal -4.496112e-001 -8.932244e-001  0.000000e+000
    outer loop
      vertex  1.410932e+001  2.583165e+001  5.750000e+001
      vertex  1.555609e+001  2.510340e+001 -7.500000e+000
      vertex  1.555609e+001  2.510340e+001  5.750000e+001
    endloop
  endfacet
  facet normal -4.928977e-001 -8.700872e-001  -0.000000e+000
    outer loop
      vertex  1.555609e+001  2.510340e+001  5.750000e+001
      vertex  1.555609e+001  2.510340e+001 -7.500000e+000
      vertex  1.696539e+001  2.430504e+001 -7.500000e+000
    endloop
  endfacet
  facet normal -4.928977e-001 -8.700872e-001  0.000000e+000
    outer loop
      vertex  1.555609e+001  2.510340e+001  5.750000e+001
      vertex  1.696539e+001  2.430504e+001 -7.500000e+000
      vertex  1.696539e+001  2.430504e+001  5.750000e+001
    endloop
  endfacet
  facet normal -5.349975e-001 -8.448537e-001  -0.000000e+000
    outer loop
      vertex  1.696539e+001  2.430504e+001  5.750000e+001
      vertex  1.696539e+001  2.430504e+001 -7.500000e+000
      vertex  1.833382e+001  2.343850e+001 -7.500000e+000
    endloop
  endfacet
  facet normal -5.349975e-001 -8.448537e-001  0.000000e+000
    outer loop
      vertex  1.696539e+001  2.430504e+001  5.750000e+001
      vertex  1.833382e+001  2.343850e+001 -7.500000e+000
      vertex  1.833382e+001  2.343850e+001  5.750000e+001
    endloop
  endfacet
  facet normal -5.758088e-001 -8.175845e-001  -0.000000e+000
    outer loop
      vertex  1.833382e+001  2.343850e+001  5.750000e+001
      vertex  1.833382e+001  2.343850e+001 -7.500000e+000
      vertex  1.965808e+001  2.250585e+001 -7.500000e+000
    endloop
  endfacet
  facet normal -5.758088e-001 -8.175845e-001  0.000000e+000
    outer loop
      vertex  1.833382e+001  2.343850e+001  5.750000e+001
      vertex  1.965808e+001  2.250585e+001 -7.500000e+000
      vertex  1.965808e+001  2.250585e+001  5.750000e+001
    endloop
  endfacet
  facet normal -6.152318e-001 -7.883464e-001  -0.000000e+000
    outer loop
      vertex  1.965808e+001  2.250585e+001  5.750000e+001
      vertex  1.965808e+001  2.250585e+001 -7.500000e+000
      vertex  2.093498e+001  2.150934e+001 -7.500000e+000
    endloop
  endfacet
  facet normal -6.152318e-001 -7.883464e-001  0.000000e+000
    outer loop
      vertex  1.965808e+001  2.250585e+001  5.750000e+001
      vertex  2.093498e+001  2.150934e+001 -7.500000e+000
      vertex  2.093498e+001  2.150934e+001  5.750000e+001
    endloop
  endfacet
  facet normal -6.531724e-001 -7.572092e-001  -0.000000e+000
    outer loop
      vertex  2.093498e+001  2.150934e+001  5.750000e+001
      vertex  2.093498e+001  2.150934e+001 -7.500000e+000
      vertex  2.216145e+001  2.045139e+001 -7.500000e+000
    endloop
  endfacet
  facet normal -6.531724e-001 -7.572092e-001  0.000000e+000
    outer loop
      vertex  2.093498e+001  2.150934e+001  5.750000e+001
      vertex  2.216145e+001  2.045139e+001 -7.500000e+000
      vertex  2.216145e+001  2.045139e+001  5.750000e+001
    endloop
  endfacet
  facet normal -6.895404e-001 -7.242472e-001  -0.000000e+000
    outer loop
      vertex  2.216145e+001  2.045139e+001  5.750000e+001
      vertex  2.216145e+001  2.045139e+001 -7.500000e+000
      vertex  2.333452e+001  1.933452e+001 -7.500000e+000
    endloop
  endfacet
  facet normal -6.895404e-001 -7.242472e-001  0.000000e+000
    outer loop
      vertex  2.216145e+001  2.045139e+001  5.750000e+001
      vertex  2.333452e+001  1.933452e+001 -7.500000e+000
      vertex  2.333452e+001  1.933452e+001  5.750000e+001
    endloop
  endfacet
  facet normal -7.242472e-001 -6.895404e-001  -0.000000e+000
    outer loop
      vertex  2.333452e+001  1.933452e+001  5.750000e+001
      vertex  2.333452e+001  1.933452e+001 -7.500000e+000
      vertex  2.445139e+001  1.816145e+001 -7.500000e+000
    endloop
  endfacet
  facet normal -7.242472e-001 -6.895404e-001  0.000000e+000
    outer loop
      vertex  2.333452e+001  1.933452e+001  5.750000e+001
      vertex  2.445139e+001  1.816145e+001 -7.500000e+000
      vertex  2.445139e+001  1.816145e+001  5.750000e+001
    endloop
  endfacet
  facet normal -7.572092e-001 -6.531724e-001  -0.000000e+000
    outer loop
      vertex  2.445139e+001  1.816145e+001  5.750000e+001
      vertex  2.445139e+001  1.816145e+001 -7.500000e+000
      vertex  2.550934e+001  1.693498e+001 -7.500000e+000
    endloop
  endfacet
  facet normal -7.572092e-001 -6.531724e-001  0.000000e+000
    outer loop
      vertex  2.445139e+001  1.816145e+001  5.750000e+001
      vertex  2.550934e+001  1.693498e+001 -7.500000e+000
      vertex  2.550934e+001  1.693498e+001  5.750000e+001
    endloop
  endfacet
  facet normal -7.883464e-001 -6.152318e-001  -0.000000e+000
    outer loop
      vertex  2.550934e+001  1.693498e+001  5.750000e+001
      vertex  2.550934e+001  1.693498e+001 -7.500000e+000
      vertex  2.650585e+001  1.565808e+001 -7.500000e+000
    endloop
  endfacet
  facet normal -7.883464e-001 -6.152318e-001  0.000000e+000
    outer loop
      vertex  2.550934e+001  1.693498e+001  5.750000e+001
      vertex  2.650585e+001  1.565808e+001 -7.500000e+000
      vertex  2.650585e+001  1.565808e+001  5.750000e+001
    endloop
  endfacet
  facet normal -8.175846e-001 -5.758085e-001  -0.000000e+000
    outer loop
      vertex  2.650585e+001  1.565808e+001  5.750000e+001
      vertex  2.650585e+001  1.565808e+001 -7.500000e+000
      vertex  2.743850e+001  1.433382e+001 -7.500000e+000
    endloop
  endfacet
  facet normal -8.175846e-001 -5.758085e-001  0.000000e+000
    outer loop
      vertex  2.650585e+001  1.565808e+001  5.750000e+001
      vertex  2.743850e+001  1.433382e+001 -7.500000e+000
      vertex  2.743850e+001  1.433382e+001  5.750000e+001
    endloop
  endfacet
  facet normal -8.448537e-001 -5.349975e-001  -0.000000e+000
    outer loop
      vertex  2.743850e+001  1.433382e+001  5.750000e+001
      vertex  2.743850e+001  1.433382e+001 -7.500000e+000
      vertex  2.830504e+001  1.296539e+001 -7.500000e+000
    endloop
  endfacet
  facet normal -8.448537e-001 -5.349975e-001  0.000000e+000
    outer loop
      vertex  2.743850e+001  1.433382e+001  5.750000e+001
      vertex  2.830504e+001  1.296539e+001 -7.500000e+000
      vertex  2.830504e+001  1.296539e+001  5.750000e+001
    endloop
  endfacet
  facet normal -8.700871e-001 -4.928980e-001  -0.000000e+000
    outer loop
      vertex  2.830504e+001  1.296539e+001  5.750000e+001
      vertex  2.830504e+001  1.296539e+001 -7.500000e+000
      vertex  2.910340e+001  1.155609e+001 -7.500000e+000
    endloop
  endfacet
  facet normal -8.700871e-001 -4.928980e-001  0.000000e+000
    outer loop
      vertex  2.830504e+001  1.296539e+001  5.750000e+001
      vertex  2.910340e+001  1.155609e+001 -7.500000e+000
      vertex  2.910340e+001  1.155609e+001  5.750000e+001
    endloop
  endfacet
  facet normal -8.932244e-001 -4.496112e-001  -0.000000e+000
    outer loop
      vertex  2.910340e+001  1.155609e+001  5.750000e+001
      vertex  2.910340e+001  1.155609e+001 -7.500000e+000
      vertex  2.983165e+001  1.010932e+001 -7.500000e+000
    endloop
  endfacet
  facet normal -8.932244e-001 -4.496112e-001  0.000000e+000
    outer loop
      vertex  2.910340e+001  1.155609e+001  5.750000e+001
      vertex  2.983165e+001  1.010932e+001 -7.500000e+000
      vertex  2.983165e+001  1.010932e+001  5.750000e+001
    endloop
  endfacet
  facet normal -9.142097e-001 -4.052414e-001  -0.000000e+000
    outer loop
      vertex  2.983165e+001  1.010932e+001  5.750000e+001
      vertex  2.983165e+001  1.010932e+001 -7.500000e+000
      vertex  3.048802e+001  8.628553e+000 -7.500000e+000
    endloop
  endfacet
  facet normal -9.142097e-001 -4.052414e-001  0.000000e+000
    outer loop
      vertex  2.983165e+001  1.010932e+001  5.750000e+001
      vertex  3.048802e+001  8.628553e+000 -7.500000e+000
      vertex  3.048802e+001  8.628553e+000  5.750000e+001
    endloop
  endfacet
  facet normal -9.329928e-001 -3.598951e-001  -0.000000e+000
    outer loop
      vertex  3.048802e+001  8.628553e+000  5.750000e+001
      vertex  3.048802e+001  8.628553e+000 -7.500000e+000
      vertex  3.107095e+001  7.117365e+000 -7.500000e+000
    endloop
  endfacet
  facet normal -9.329928e-001 -3.598951e-001  0.000000e+000
    outer loop
      vertex  3.048802e+001  8.628553e+000  5.750000e+001
      vertex  3.107095e+001  7.117365e+000 -7.500000e+000
      vertex  3.107095e+001  7.117365e+000  5.750000e+001
    endloop
  endfacet
  facet normal -9.495281e-001 -3.136821e-001  -0.000000e+000
    outer loop
      vertex  3.107095e+001  7.117365e+000  5.750000e+001
      vertex  3.107095e+001  7.117365e+000 -7.500000e+000
      vertex  3.157903e+001  5.579394e+000 -7.500000e+000
    endloop
  endfacet
  facet normal -9.495281e-001 -3.136821e-001  0.000000e+000
    outer loop
      vertex  3.107095e+001  7.117365e+000  5.750000e+001
      vertex  3.157903e+001  5.579394e+000 -7.500000e+000
      vertex  3.157903e+001  5.579394e+000  5.750000e+001
    endloop
  endfacet
  facet normal -9.637759e-001 -2.667132e-001  -0.000000e+000
    outer loop
      vertex  3.157903e+001  5.579394e+000  5.750000e+001
      vertex  3.157903e+001  5.579394e+000 -7.500000e+000
      vertex  3.201103e+001  4.018346e+000 -7.500000e+000
    endloop
  endfacet
  facet normal -9.637759e-001 -2.667132e-001  0.000000e+000
    outer loop
      vertex  3.157903e+001  5.579394e+000  5.750000e+001
      vertex  3.201103e+001  4.018346e+000 -7.500000e+000
      vertex  3.201103e+001  4.018346e+000  5.750000e+001
    endloop
  endfacet
  facet normal -9.757023e-001 -2.191003e-001  -0.000000e+000
    outer loop
      vertex  3.201103e+001  4.018346e+000  5.750000e+001
      vertex  3.201103e+001  4.018346e+000 -7.500000e+000
      vertex  3.236591e+001  2.437981e+000 -7.500000e+000
    endloop
  endfacet
  facet normal -9.757023e-001 -2.191003e-001  0.000000e+000
    outer loop
      vertex  3.201103e+001  4.018346e+000  5.750000e+001
      vertex  3.236591e+001  2.437981e+000 -7.500000e+000
      vertex  3.236591e+001  2.437981e+000  5.750000e+001
    endloop
  endfacet
  facet normal -9.852775e-001 -1.709632e-001  -0.000000e+000
    outer loop
      vertex  3.236591e+001  2.437981e+000  5.750000e+001
      vertex  3.236591e+001  2.437981e+000 -7.500000e+000
      vertex  3.264283e+001  8.421057e-001 -7.500000e+000
    endloop
  endfacet
  facet normal -9.852775e-001 -1.709632e-001  0.000000e+000
    outer loop
      vertex  3.236591e+001  2.437981e+000  5.750000e+001
      vertex  3.264283e+001  8.421057e-001 -7.500000e+000
      vertex  3.264283e+001  8.421057e-001  5.750000e+001
    endloop
  endfacet
  facet normal -9.924797e-001 -1.224093e-001  -0.000000e+000
    outer loop
      vertex  3.264283e+001  8.421057e-001  5.750000e+001
      vertex  3.264283e+001  8.421057e-001 -7.500000e+000
      vertex  3.284109e+001 -7.654344e-001 -7.500000e+000
    endloop
  endfacet
  facet normal -9.924797e-001 -1.224093e-001  0.000000e+000
    outer loop
      vertex  3.264283e+001  8.421057e-001  5.750000e+001
      vertex  3.284109e+001 -7.654344e-001 -7.500000e+000
      vertex  3.284109e+001 -7.654344e-001  5.750000e+001
    endloop
  endfacet
  facet normal -9.972904e-001 -7.356568e-002  -0.000000e+000
    outer loop
      vertex  3.284109e+001 -7.654344e-001  5.750000e+001
      vertex  3.284109e+001 -7.654344e-001 -7.500000e+000
      vertex  3.296025e+001 -2.380767e+000 -7.500000e+000
    endloop
  endfacet
  facet normal -9.972904e-001 -7.356568e-002  0.000000e+000
    outer loop
      vertex  3.284109e+001 -7.654344e-001  5.750000e+001
      vertex  3.296025e+001 -2.380767e+000 -7.500000e+000
      vertex  3.296025e+001 -2.380767e+000  5.750000e+001
    endloop
  endfacet
  facet normal -9.996989e-001 -2.454073e-002  -0.000000e+000
    outer loop
      vertex  3.296025e+001 -2.380767e+000  5.750000e+001
      vertex  3.296025e+001 -2.380767e+000 -7.500000e+000
      vertex  3.300000e+001 -4.000000e+000 -7.500000e+000
    endloop
  endfacet
  facet normal -9.996989e-001 -2.454073e-002  0.000000e+000
    outer loop
      vertex  3.296025e+001 -2.380767e+000  5.750000e+001
      vertex  3.300000e+001 -4.000000e+000 -7.500000e+000
      vertex  3.300000e+001 -4.000000e+000  5.750000e+001
    endloop
  endfacet
  facet normal -2.454074e-002  9.996989e-001  0.000000e+000
    outer loop
      vertex -6.061801e-015 -3.700000e+001 -7.500000e+000
      vertex  1.619233e+000 -3.696025e+001  5.750000e+001
      vertex  1.619233e+000 -3.696025e+001 -7.500000e+000
    endloop
  endfacet
  facet normal -7.356567e-002  9.972904e-001  0.000000e+000
    outer loop
      vertex  1.619233e+000 -3.696025e+001 -7.500000e+000
      vertex  1.619233e+000 -3.696025e+001  5.750000e+001
      vertex  3.234566e+000 -3.684109e+001  5.750000e+001
    endloop
  endfacet
  facet normal -7.356567e-002  9.972904e-001  0.000000e+000
    outer loop
      vertex  1.619233e+000 -3.696025e+001 -7.500000e+000
      vertex  3.234566e+000 -3.684109e+001  5.750000e+001
      vertex  3.234566e+000 -3.684109e+001 -7.500000e+000
    endloop
  endfacet
  facet normal -1.224093e-001  9.924797e-001  0.000000e+000
    outer loop
      vertex  3.234566e+000 -3.684109e+001 -7.500000e+000
      vertex  3.234566e+000 -3.684109e+001  5.750000e+001
      vertex  4.842106e+000 -3.664283e+001  5.750000e+001
    endloop
  endfacet
  facet normal -1.224093e-001  9.924797e-001  0.000000e+000
    outer loop
      vertex  3.234566e+000 -3.684109e+001 -7.500000e+000
      vertex  4.842106e+000 -3.664283e+001  5.750000e+001
      vertex  4.842106e+000 -3.664283e+001 -7.500000e+000
    endloop
  endfacet
  facet normal -1.709632e-001  9.852775e-001  0.000000e+000
    outer loop
      vertex  4.842106e+000 -3.664283e+001 -7.500000e+000
      vertex  4.842106e+000 -3.664283e+001  5.750000e+001
      vertex  6.437981e+000 -3.636591e+001  5.750000e+001
    endloop
  endfacet
  facet normal -1.709632e-001  9.852775e-001  0.000000e+000
    outer loop
      vertex  4.842106e+000 -3.664283e+001 -7.500000e+000
      vertex  6.437981e+000 -3.636591e+001  5.750000e+001
      vertex  6.437981e+000 -3.636591e+001 -7.500000e+000
    endloop
  endfacet
  facet normal -2.191003e-001  9.757023e-001  0.000000e+000
    outer loop
      vertex  6.437981e+000 -3.636591e+001 -7.500000e+000
      vertex  6.437981e+000 -3.636591e+001  5.750000e+001
      vertex  8.018346e+000 -3.601103e+001  5.750000e+001
    endloop
  endfacet
  facet normal -2.191003e-001  9.757023e-001  0.000000e+000
    outer loop
      vertex  6.437981e+000 -3.636591e+001 -7.500000e+000
      vertex  8.018346e+000 -3.601103e+001  5.750000e+001
      vertex  8.018346e+000 -3.601103e+001 -7.500000e+000
    endloop
  endfacet
  facet normal -2.667121e-001  9.637762e-001  0.000000e+000
    outer loop
      vertex  8.018346e+000 -3.601103e+001 -7.500000e+000
      vertex  8.018346e+000 -3.601103e+001  5.750000e+001
      vertex  9.579394e+000 -3.557903e+001  5.750000e+001
    endloop
  endfacet
  facet normal -2.667121e-001  9.637762e-001  0.000000e+000
    outer loop
      vertex  8.018346e+000 -3.601103e+001 -7.500000e+000
      vertex  9.579394e+000 -3.557903e+001  5.750000e+001
      vertex  9.579394e+000 -3.557903e+001 -7.500000e+000
    endloop
  endfacet
  facet normal -3.136832e-001  9.495277e-001  0.000000e+000
    outer loop
      vertex  9.579394e+000 -3.557903e+001 -7.500000e+000
      vertex  9.579394e+000 -3.557903e+001  5.750000e+001
      vertex  1.111736e+001 -3.507095e+001  5.750000e+001
    endloop
  endfacet
  facet normal -3.136832e-001  9.495277e-001  0.000000e+000
    outer loop
      vertex  9.579394e+000 -3.557903e+001 -7.500000e+000
      vertex  1.111736e+001 -3.507095e+001  5.750000e+001
      vertex  1.111736e+001 -3.507095e+001 -7.500000e+000
    endloop
  endfacet
  facet normal -3.598940e-001  9.329932e-001  0.000000e+000
    outer loop
      vertex  1.111736e+001 -3.507095e+001 -7.500000e+000
      vertex  1.111736e+001 -3.507095e+001  5.750000e+001
      vertex  1.262855e+001 -3.448803e+001  5.750000e+001
    endloop
  endfacet
  facet normal -3.598940e-001  9.329932e-001  0.000000e+000
    outer loop
      vertex  1.111736e+001 -3.507095e+001 -7.500000e+000
      vertex  1.262855e+001 -3.448803e+001  5.750000e+001
      vertex  1.262855e+001 -3.448803e+001 -7.500000e+000
    endloop
  endfacet
  facet normal -4.052423e-001  9.142093e-001  0.000000e+000
    outer loop
      vertex  1.262855e+001 -3.448803e+001 -7.500000e+000
      vertex  1.262855e+001 -3.448803e+001  5.750000e+001
      vertex  1.410932e+001 -3.383165e+001  5.750000e+001
    endloop
  endfacet
  facet normal -4.052423e-001  9.142093e-001  0.000000e+000
    outer loop
      vertex  1.262855e+001 -3.448803e+001 -7.500000e+000
      vertex  1.410932e+001 -3.383165e+001  5.750000e+001
      vertex  1.410932e+001 -3.383165e+001 -7.500000e+000
    endloop
  endfacet
  facet normal -4.496112e-001  8.932244e-001  0.000000e+000
    outer loop
      vertex  1.410932e+001 -3.383165e+001 -7.500000e+000
      vertex  1.410932e+001 -3.383165e+001  5.750000e+001
      vertex  1.555609e+001 -3.310340e+001  5.750000e+001
    endloop
  endfacet
  facet normal -4.496112e-001  8.932244e-001  0.000000e+000
    outer loop
      vertex  1.410932e+001 -3.383165e+001 -7.500000e+000
      vertex  1.555609e+001 -3.310340e+001  5.750000e+001
      vertex  1.555609e+001 -3.310340e+001 -7.500000e+000
    endloop
  endfacet
  facet normal -4.928986e-001  8.700867e-001  0.000000e+000
    outer loop
      vertex  1.555609e+001 -3.310340e+001 -7.500000e+000
      vertex  1.555609e+001 -3.310340e+001  5.750000e+001
      vertex  1.696539e+001 -3.230504e+001  5.750000e+001
    endloop
  endfacet
  facet normal -4.928986e-001  8.700867e-001  0.000000e+000
    outer loop
      vertex  1.555609e+001 -3.310340e+001 -7.500000e+000
      vertex  1.696539e+001 -3.230504e+001  5.750000e+001
      vertex  1.696539e+001 -3.230504e+001 -7.500000e+000
    endloop
  endfacet
  facet normal -5.349966e-001  8.448542e-001  0.000000e+000
    outer loop
      vertex  1.696539e+001 -3.230504e+001 -7.500000e+000
      vertex  1.696539e+001 -3.230504e+001  5.750000e+001
      vertex  1.833382e+001 -3.143850e+001  5.750000e+001
    endloop
  endfacet
  facet normal -5.349966e-001  8.448542e-001  0.000000e+000
    outer loop
      vertex  1.696539e+001 -3.230504e+001 -7.500000e+000
      vertex  1.833382e+001 -3.143850e+001  5.750000e+001
      vertex  1.833382e+001 -3.143850e+001 -7.500000e+000
    endloop
  endfacet
  facet normal -5.758088e-001  8.175845e-001  0.000000e+000
    outer loop
      vertex  1.833382e+001 -3.143850e+001 -7.500000e+000
      vertex  1.833382e+001 -3.143850e+001  5.750000e+001
      vertex  1.965808e+001 -3.050585e+001  5.750000e+001
    endloop
  endfacet
  facet normal -5.758088e-001  8.175845e-001  0.000000e+000
    outer loop
      vertex  1.833382e+001 -3.143850e+001 -7.500000e+000
      vertex  1.965808e+001 -3.050585e+001  5.750000e+001
      vertex  1.965808e+001 -3.050585e+001 -7.500000e+000
    endloop
  endfacet
  facet normal -6.152318e-001  7.883464e-001  0.000000e+000
    outer loop
      vertex  1.965808e+001 -3.050585e+001 -7.500000e+000
      vertex  1.965808e+001 -3.050585e+001  5.750000e+001
      vertex  2.093498e+001 -2.950934e+001  5.750000e+001
    endloop
  endfacet
  facet normal -6.152318e-001  7.883464e-001  0.000000e+000
    outer loop
      vertex  1.965808e+001 -3.050585e+001 -7.500000e+000
      vertex  2.093498e+001 -2.950934e+001  5.750000e+001
      vertex  2.093498e+001 -2.950934e+001 -7.500000e+000
    endloop
  endfacet
  facet normal -6.531724e-001  7.572092e-001  0.000000e+000
    outer loop
      vertex  2.093498e+001 -2.950934e+001 -7.500000e+000
      vertex  2.093498e+001 -2.950934e+001  5.750000e+001
      vertex  2.216145e+001 -2.845139e+001  5.750000e+001
    endloop
  endfacet
  facet normal -6.531724e-001  7.572092e-001  0.000000e+000
    outer loop
      vertex  2.093498e+001 -2.950934e+001 -7.500000e+000
      vertex  2.216145e+001 -2.845139e+001  5.750000e+001
      vertex  2.216145e+001 -2.845139e+001 -7.500000e+000
    endloop
  endfacet
  facet normal -6.895404e-001  7.242472e-001  0.000000e+000
    outer loop
      vertex  2.216145e+001 -2.845139e+001 -7.500000e+000
      vertex  2.216145e+001 -2.845139e+001  5.750000e+001
      vertex  2.333452e+001 -2.733452e+001  5.750000e+001
    endloop
  endfacet
  facet normal -6.895404e-001  7.242472e-001  0.000000e+000
    outer loop
      vertex  2.216145e+001 -2.845139e+001 -7.500000e+000
      vertex  2.333452e+001 -2.733452e+001  5.750000e+001
      vertex  2.333452e+001 -2.733452e+001 -7.500000e+000
    endloop
  endfacet
  facet normal -7.242472e-001  6.895404e-001  0.000000e+000
    outer loop
      vertex  2.333452e+001 -2.733452e+001 -7.500000e+000
      vertex  2.333452e+001 -2.733452e+001  5.750000e+001
      vertex  2.445139e+001 -2.616145e+001  5.750000e+001
    endloop
  endfacet
  facet normal -7.242472e-001  6.895404e-001  0.000000e+000
    outer loop
      vertex  2.333452e+001 -2.733452e+001 -7.500000e+000
      vertex  2.445139e+001 -2.616145e+001  5.750000e+001
      vertex  2.445139e+001 -2.616145e+001 -7.500000e+000
    endloop
  endfacet
  facet normal -7.572092e-001  6.531724e-001  0.000000e+000
    outer loop
      vertex  2.445139e+001 -2.616145e+001 -7.500000e+000
      vertex  2.445139e+001 -2.616145e+001  5.750000e+001
      vertex  2.550934e+001 -2.493498e+001  5.750000e+001
    endloop
  endfacet
  facet normal -7.572092e-001  6.531724e-001  0.000000e+000
    outer loop
      vertex  2.445139e+001 -2.616145e+001 -7.500000e+000
      vertex  2.550934e+001 -2.493498e+001  5.750000e+001
      vertex  2.550934e+001 -2.493498e+001 -7.500000e+000
    endloop
  endfacet
  facet normal -7.883464e-001  6.152318e-001  0.000000e+000
    outer loop
      vertex  2.550934e+001 -2.493498e+001 -7.500000e+000
      vertex  2.550934e+001 -2.493498e+001  5.750000e+001
      vertex  2.650585e+001 -2.365808e+001  5.750000e+001
    endloop
  endfacet
  facet normal -7.883464e-001  6.152318e-001  0.000000e+000
    outer loop
      vertex  2.550934e+001 -2.493498e+001 -7.500000e+000
      vertex  2.650585e+001 -2.365808e+001  5.750000e+001
      vertex  2.650585e+001 -2.365808e+001 -7.500000e+000
    endloop
  endfacet
  facet normal -8.175845e-001  5.758088e-001  0.000000e+000
    outer loop
      vertex  2.650585e+001 -2.365808e+001 -7.500000e+000
      vertex  2.650585e+001 -2.365808e+001  5.750000e+001
      vertex  2.743850e+001 -2.233382e+001  5.750000e+001
    endloop
  endfacet
  facet normal -8.175845e-001  5.758088e-001  0.000000e+000
    outer loop
      vertex  2.650585e+001 -2.365808e+001 -7.500000e+000
      vertex  2.743850e+001 -2.233382e+001  5.750000e+001
      vertex  2.743850e+001 -2.233382e+001 -7.500000e+000
    endloop
  endfacet
  facet normal -8.448537e-001  5.349975e-001  0.000000e+000
    outer loop
      vertex  2.743850e+001 -2.233382e+001 -7.500000e+000
      vertex  2.743850e+001 -2.233382e+001  5.750000e+001
      vertex  2.830504e+001 -2.096539e+001  5.750000e+001
    endloop
  endfacet
  facet normal -8.448537e-001  5.349975e-001  0.000000e+000
    outer loop
      vertex  2.743850e+001 -2.233382e+001 -7.500000e+000
      vertex  2.830504e+001 -2.096539e+001  5.750000e+001
      vertex  2.830504e+001 -2.096539e+001 -7.500000e+000
    endloop
  endfacet
  facet normal -8.700871e-001  4.928980e-001  0.000000e+000
    outer loop
      vertex  2.830504e+001 -2.096539e+001 -7.500000e+000
      vertex  2.830504e+001 -2.096539e+001  5.750000e+001
      vertex  2.910340e+001 -1.955609e+001  5.750000e+001
    endloop
  endfacet
  facet normal -8.700871e-001  4.928980e-001  0.000000e+000
    outer loop
      vertex  2.830504e+001 -2.096539e+001 -7.500000e+000
      vertex  2.910340e+001 -1.955609e+001  5.750000e+001
      vertex  2.910340e+001 -1.955609e+001 -7.500000e+000
    endloop
  endfacet
  facet normal -8.932245e-001  4.496109e-001  0.000000e+000
    outer loop
      vertex  2.910340e+001 -1.955609e+001 -7.500000e+000
      vertex  2.910340e+001 -1.955609e+001  5.750000e+001
      vertex  2.983165e+001 -1.810932e+001  5.750000e+001
    endloop
  endfacet
  facet normal -8.932245e-001  4.496109e-001  0.000000e+000
    outer loop
      vertex  2.910340e+001 -1.955609e+001 -7.500000e+000
      vertex  2.983165e+001 -1.810932e+001  5.750000e+001
      vertex  2.983165e+001 -1.810932e+001 -7.500000e+000
    endloop
  endfacet
  facet normal -9.142097e-001  4.052414e-001  0.000000e+000
    outer loop
      vertex  2.983165e+001 -1.810932e+001 -7.500000e+000
      vertex  2.983165e+001 -1.810932e+001  5.750000e+001
      vertex  3.048802e+001 -1.662855e+001  5.750000e+001
    endloop
  endfacet
  facet normal -9.142097e-001  4.052414e-001  0.000000e+000
    outer loop
      vertex  2.983165e+001 -1.810932e+001 -7.500000e+000
      vertex  3.048802e+001 -1.662855e+001  5.750000e+001
      vertex  3.048802e+001 -1.662855e+001 -7.500000e+000
    endloop
  endfacet
  facet normal -9.329928e-001  3.598950e-001  0.000000e+000
    outer loop
      vertex  3.048802e+001 -1.662855e+001 -7.500000e+000
      vertex  3.048802e+001 -1.662855e+001  5.750000e+001
      vertex  3.107095e+001 -1.511736e+001  5.750000e+001
    endloop
  endfacet
  facet normal -9.329928e-001  3.598950e-001  0.000000e+000
    outer loop
      vertex  3.048802e+001 -1.662855e+001 -7.500000e+000
      vertex  3.107095e+001 -1.511736e+001  5.750000e+001
      vertex  3.107095e+001 -1.511736e+001 -7.500000e+000
    endloop
  endfacet
  facet normal -9.495281e-001  3.136822e-001  0.000000e+000
    outer loop
      vertex  3.107095e+001 -1.511736e+001 -7.500000e+000
      vertex  3.107095e+001 -1.511736e+001  5.750000e+001
      vertex  3.157903e+001 -1.357939e+001  5.750000e+001
    endloop
  endfacet
  facet normal -9.495281e-001  3.136822e-001  0.000000e+000
    outer loop
      vertex  3.107095e+001 -1.511736e+001 -7.500000e+000
      vertex  3.157903e+001 -1.357939e+001  5.750000e+001
      vertex  3.157903e+001 -1.357939e+001 -7.500000e+000
    endloop
  endfacet
  facet normal -9.637759e-001  2.667132e-001  0.000000e+000
    outer loop
      vertex  3.157903e+001 -1.357939e+001 -7.500000e+000
      vertex  3.157903e+001 -1.357939e+001  5.750000e+001
      vertex  3.201103e+001 -1.201835e+001  5.750000e+001
    endloop
  endfacet
  facet normal -9.637759e-001  2.667132e-001  0.000000e+000
    outer loop
      vertex  3.157903e+001 -1.357939e+001 -7.500000e+000
      vertex  3.201103e+001 -1.201835e+001  5.750000e+001
      vertex  3.201103e+001 -1.201835e+001 -7.500000e+000
    endloop
  endfacet
  facet normal -9.757023e-001  2.191003e-001  0.000000e+000
    outer loop
      vertex  3.201103e+001 -1.201835e+001 -7.500000e+000
      vertex  3.201103e+001 -1.201835e+001  5.750000e+001
      vertex  3.236591e+001 -1.043798e+001  5.750000e+001
    endloop
  endfacet
  facet normal -9.757023e-001  2.191003e-001  0.000000e+000
    outer loop
      vertex  3.201103e+001 -1.201835e+001 -7.500000e+000
      vertex  3.236591e+001 -1.043798e+001  5.750000e+001
      vertex  3.236591e+001 -1.043798e+001 -7.500000e+000
    endloop
  endfacet
  facet normal -9.852775e-001  1.709632e-001  0.000000e+000
    outer loop
      vertex  3.236591e+001 -1.043798e+001 -7.500000e+000
      vertex  3.236591e+001 -1.043798e+001  5.750000e+001
      vertex  3.264283e+001 -8.842106e+000  5.750000e+001
    endloop
  endfacet
  facet normal -9.852775e-001  1.709632e-001  0.000000e+000
    outer loop
      vertex  3.236591e+001 -1.043798e+001 -7.500000e+000
      vertex  3.264283e+001 -8.842106e+000  5.750000e+001
      vertex  3.264283e+001 -8.842106e+000 -7.500000e+000
    endloop
  endfacet
  facet normal -9.924797e-001  1.224093e-001  0.000000e+000
    outer loop
      vertex  3.264283e+001 -8.842106e+000 -7.500000e+000
      vertex  3.264283e+001 -8.842106e+000  5.750000e+001
      vertex  3.284109e+001 -7.234566e+000  5.750000e+001
    endloop
  endfacet
  facet normal -9.924797e-001  1.224093e-001  0.000000e+000
    outer loop
      vertex  3.264283e+001 -8.842106e+000 -7.500000e+000
      vertex  3.284109e+001 -7.234566e+000  5.750000e+001
      vertex  3.284109e+001 -7.234566e+000 -7.500000e+000
    endloop
  endfacet
  facet normal -9.972904e-001  7.356566e-002  0.000000e+000
    outer loop
      vertex  3.284109e+001 -7.234566e+000 -7.500000e+000
      vertex  3.284109e+001 -7.234566e+000  5.750000e+001
      vertex  3.296025e+001 -5.619233e+000  5.750000e+001
    endloop
  endfacet
  facet normal -9.972904e-001  7.356566e-002  0.000000e+000
    outer loop
      vertex  3.284109e+001 -7.234566e+000 -7.500000e+000
      vertex  3.296025e+001 -5.619233e+000  5.750000e+001
      vertex  3.296025e+001 -5.619233e+000 -7.500000e+000
    endloop
  endfacet
  facet normal -9.996988e-001  2.454074e-002  0.000000e+000
    outer loop
      vertex  3.296025e+001 -5.619233e+000 -7.500000e+000
      vertex  3.296025e+001 -5.619233e+000  5.750000e+001
      vertex  3.300000e+001 -4.000000e+000  5.750000e+001
    endloop
  endfacet
  facet normal -9.996988e-001  2.454074e-002  0.000000e+000
    outer loop
      vertex  3.296025e+001 -5.619233e+000 -7.500000e+000
      vertex  3.300000e+001 -4.000000e+000  5.750000e+001
      vertex  3.300000e+001 -4.000000e+000 -7.500000e+000
    endloop
  endfacet
  facet normal -2.454074e-002  9.996989e-001  0.000000e+000
    outer loop
      vertex  1.619233e+000 -3.696025e+001  5.750000e+001
      vertex -6.061801e-015 -3.700000e+001 -7.500000e+000
      vertex -6.061801e-015 -3.700000e+001  5.750000e+001
    endloop
  endfacet
  facet normal  2.454074e-002  9.996989e-001  0.000000e+000
    outer loop
      vertex -6.061801e-015 -3.700000e+001  5.750000e+001
      vertex -6.061801e-015 -3.700000e+001 -7.500000e+000
      vertex -1.619233e+000 -3.696025e+001 -7.500000e+000
    endloop
  endfacet
  facet normal  2.454074e-002  9.996989e-001  -0.000000e+000
    outer loop
      vertex -6.061801e-015 -3.700000e+001  5.750000e+001
      vertex -1.619233e+000 -3.696025e+001 -7.500000e+000
      vertex -1.619233e+000 -3.696025e+001  5.750000e+001
    endloop
  endfacet
  facet normal  7.356567e-002  9.972904e-001  0.000000e+000
    outer loop
      vertex -1.619233e+000 -3.696025e+001  5.750000e+001
      vertex -1.619233e+000 -3.696025e+001 -7.500000e+000
      vertex -3.234566e+000 -3.684109e+001 -7.500000e+000
    endloop
  endfacet
  facet normal  7.356567e-002  9.972904e-001  -0.000000e+000
    outer loop
      vertex -1.619233e+000 -3.696025e+001  5.750000e+001
      vertex -3.234566e+000 -3.684109e+001 -7.500000e+000
      vertex -3.234566e+000 -3.684109e+001  5.750000e+001
    endloop
  endfacet
  facet normal  1.224093e-001  9.924797e-001  0.000000e+000
    outer loop
      vertex -3.234566e+000 -3.684109e+001  5.750000e+001
      vertex -3.234566e+000 -3.684109e+001 -7.500000e+000
      vertex -4.842106e+000 -3.664283e+001 -7.500000e+000
    endloop
  endfacet
  facet normal  1.224093e-001  9.924797e-001  -0.000000e+000
    outer loop
      vertex -3.234566e+000 -3.684109e+001  5.750000e+001
      vertex -4.842106e+000 -3.664283e+001 -7.500000e+000
      vertex -4.842106e+000 -3.664283e+001  5.750000e+001
    endloop
  endfacet
  facet normal  1.709632e-001  9.852775e-001  0.000000e+000
    outer loop
      vertex -4.842106e+000 -3.664283e+001  5.750000e+001
      vertex -4.842106e+000 -3.664283e+001 -7.500000e+000
      vertex -6.437981e+000 -3.636591e+001 -7.500000e+000
    endloop
  endfacet
  facet normal  1.709632e-001  9.852775e-001  -0.000000e+000
    outer loop
      vertex -4.842106e+000 -3.664283e+001  5.750000e+001
      vertex -6.437981e+000 -3.636591e+001 -7.500000e+000
      vertex -6.437981e+000 -3.636591e+001  5.750000e+001
    endloop
  endfacet
  facet normal  2.191003e-001  9.757023e-001  0.000000e+000
    outer loop
      vertex -6.437981e+000 -3.636591e+001  5.750000e+001
      vertex -6.437981e+000 -3.636591e+001 -7.500000e+000
      vertex -8.018346e+000 -3.601103e+001 -7.500000e+000
    endloop
  endfacet
  facet normal  2.191003e-001  9.757023e-001  -0.000000e+000
    outer loop
      vertex -6.437981e+000 -3.636591e+001  5.750000e+001
      vertex -8.018346e+000 -3.601103e+001 -7.500000e+000
      vertex -8.018346e+000 -3.601103e+001  5.750000e+001
    endloop
  endfacet
  facet normal  2.667121e-001  9.637762e-001  0.000000e+000
    outer loop
      vertex -8.018346e+000 -3.601103e+001  5.750000e+001
      vertex -8.018346e+000 -3.601103e+001 -7.500000e+000
      vertex -9.579394e+000 -3.557903e+001 -7.500000e+000
    endloop
  endfacet
  facet normal  2.667121e-001  9.637762e-001  -0.000000e+000
    outer loop
      vertex -8.018346e+000 -3.601103e+001  5.750000e+001
      vertex -9.579394e+000 -3.557903e+001 -7.500000e+000
      vertex -9.579394e+000 -3.557903e+001  5.750000e+001
    endloop
  endfacet
  facet normal  3.136832e-001  9.495277e-001  0.000000e+000
    outer loop
      vertex -9.579394e+000 -3.557903e+001  5.750000e+001
      vertex -9.579394e+000 -3.557903e+001 -7.500000e+000
      vertex -1.111736e+001 -3.507095e+001 -7.500000e+000
    endloop
  endfacet
  facet normal  3.136832e-001  9.495277e-001  -0.000000e+000
    outer loop
      vertex -9.579394e+000 -3.557903e+001  5.750000e+001
      vertex -1.111736e+001 -3.507095e+001 -7.500000e+000
      vertex -1.111736e+001 -3.507095e+001  5.750000e+001
    endloop
  endfacet
  facet normal  3.598940e-001  9.329932e-001  0.000000e+000
    outer loop
      vertex -1.111736e+001 -3.507095e+001  5.750000e+001
      vertex -1.111736e+001 -3.507095e+001 -7.500000e+000
      vertex -1.262855e+001 -3.448803e+001 -7.500000e+000
    endloop
  endfacet
  facet normal  3.598940e-001  9.329932e-001  -0.000000e+000
    outer loop
      vertex -1.111736e+001 -3.507095e+001  5.750000e+001
      vertex -1.262855e+001 -3.448803e+001 -7.500000e+000
      vertex -1.262855e+001 -3.448803e+001  5.750000e+001
    endloop
  endfacet
  facet normal  4.052423e-001  9.142093e-001  0.000000e+000
    outer loop
      vertex -1.262855e+001 -3.448803e+001  5.750000e+001
      vertex -1.262855e+001 -3.448803e+001 -7.500000e+000
      vertex -1.410932e+001 -3.383165e+001 -7.500000e+000
    endloop
  endfacet
  facet normal  4.052423e-001  9.142093e-001  -0.000000e+000
    outer loop
      vertex -1.262855e+001 -3.448803e+001  5.750000e+001
      vertex -1.410932e+001 -3.383165e+001 -7.500000e+000
      vertex -1.410932e+001 -3.383165e+001  5.750000e+001
    endloop
  endfacet
  facet normal  4.496112e-001  8.932244e-001  0.000000e+000
    outer loop
      vertex -1.410932e+001 -3.383165e+001  5.750000e+001
      vertex -1.410932e+001 -3.383165e+001 -7.500000e+000
      vertex -1.555609e+001 -3.310340e+001 -7.500000e+000
    endloop
  endfacet
  facet normal  4.496112e-001  8.932244e-001  -0.000000e+000
    outer loop
      vertex -1.410932e+001 -3.383165e+001  5.750000e+001
      vertex -1.555609e+001 -3.310340e+001 -7.500000e+000
      vertex -1.555609e+001 -3.310340e+001  5.750000e+001
    endloop
  endfacet
  facet normal  4.928986e-001  8.700867e-001  0.000000e+000
    outer loop
      vertex -1.555609e+001 -3.310340e+001  5.750000e+001
      vertex -1.555609e+001 -3.310340e+001 -7.500000e+000
      vertex -1.696539e+001 -3.230504e+001 -7.500000e+000
    endloop
  endfacet
  facet normal  4.928986e-001  8.700867e-001  -0.000000e+000
    outer loop
      vertex -1.555609e+001 -3.310340e+001  5.750000e+001
      vertex -1.696539e+001 -3.230504e+001 -7.500000e+000
      vertex -1.696539e+001 -3.230504e+001  5.750000e+001
    endloop
  endfacet
  facet normal  5.349966e-001  8.448542e-001  0.000000e+000
    outer loop
      vertex -1.696539e+001 -3.230504e+001  5.750000e+001
      vertex -1.696539e+001 -3.230504e+001 -7.500000e+000
      vertex -1.833382e+001 -3.143850e+001 -7.500000e+000
    endloop
  endfacet
  facet normal  5.349966e-001  8.448542e-001  -0.000000e+000
    outer loop
      vertex -1.696539e+001 -3.230504e+001  5.750000e+001
      vertex -1.833382e+001 -3.143850e+001 -7.500000e+000
      vertex -1.833382e+001 -3.143850e+001  5.750000e+001
    endloop
  endfacet
  facet normal  5.758088e-001  8.175845e-001  0.000000e+000
    outer loop
      vertex -1.833382e+001 -3.143850e+001  5.750000e+001
      vertex -1.833382e+001 -3.143850e+001 -7.500000e+000
      vertex -1.965808e+001 -3.050585e+001 -7.500000e+000
    endloop
  endfacet
  facet normal  5.758088e-001  8.175845e-001  -0.000000e+000
    outer loop
      vertex -1.833382e+001 -3.143850e+001  5.750000e+001
      vertex -1.965808e+001 -3.050585e+001 -7.500000e+000
      vertex -1.965808e+001 -3.050585e+001  5.750000e+001
    endloop
  endfacet
  facet normal  6.152318e-001  7.883464e-001  0.000000e+000
    outer loop
      vertex -1.965808e+001 -3.050585e+001  5.750000e+001
      vertex -1.965808e+001 -3.050585e+001 -7.500000e+000
      vertex -2.093498e+001 -2.950934e+001 -7.500000e+000
    endloop
  endfacet
  facet normal  6.152318e-001  7.883464e-001  -0.000000e+000
    outer loop
      vertex -1.965808e+001 -3.050585e+001  5.750000e+001
      vertex -2.093498e+001 -2.950934e+001 -7.500000e+000
      vertex -2.093498e+001 -2.950934e+001  5.750000e+001
    endloop
  endfacet
  facet normal  6.531724e-001  7.572092e-001  0.000000e+000
    outer loop
      vertex -2.093498e+001 -2.950934e+001  5.750000e+001
      vertex -2.093498e+001 -2.950934e+001 -7.500000e+000
      vertex -2.216145e+001 -2.845139e+001 -7.500000e+000
    endloop
  endfacet
  facet normal  6.531724e-001  7.572092e-001  -0.000000e+000
    outer loop
      vertex -2.093498e+001 -2.950934e+001  5.750000e+001
      vertex -2.216145e+001 -2.845139e+001 -7.500000e+000
      vertex -2.216145e+001 -2.845139e+001  5.750000e+001
    endloop
  endfacet
  facet normal  6.895404e-001  7.242472e-001  0.000000e+000
    outer loop
      vertex -2.216145e+001 -2.845139e+001  5.750000e+001
      vertex -2.216145e+001 -2.845139e+001 -7.500000e+000
      vertex -2.333452e+001 -2.733452e+001 -7.500000e+000
    endloop
  endfacet
  facet normal  6.895404e-001  7.242472e-001  -0.000000e+000
    outer loop
      vertex -2.216145e+001 -2.845139e+001  5.750000e+001
      vertex -2.333452e+001 -2.733452e+001 -7.500000e+000
      vertex -2.333452e+001 -2.733452e+001  5.750000e+001
    endloop
  endfacet
  facet normal  7.242472e-001  6.895404e-001  0.000000e+000
    outer loop
      vertex -2.333452e+001 -2.733452e+001  5.750000e+001
      vertex -2.333452e+001 -2.733452e+001 -7.500000e+000
      vertex -2.445139e+001 -2.616145e+001 -7.500000e+000
    endloop
  endfacet
  facet normal  7.242472e-001  6.895404e-001  -0.000000e+000
    outer loop
      vertex -2.333452e+001 -2.733452e+001  5.750000e+001
      vertex -2.445139e+001 -2.616145e+001 -7.500000e+000
      vertex -2.445139e+001 -2.616145e+001  5.750000e+001
    endloop
  endfacet
  facet normal  7.572092e-001  6.531724e-001  0.000000e+000
    outer loop
      vertex -2.445139e+001 -2.616145e+001  5.750000e+001
      vertex -2.445139e+001 -2.616145e+001 -7.500000e+000
      vertex -2.550934e+001 -2.493498e+001 -7.500000e+000
    endloop
  endfacet
  facet normal  7.572092e-001  6.531724e-001  -0.000000e+000
    outer loop
      vertex -2.445139e+001 -2.616145e+001  5.750000e+001
      vertex -2.550934e+001 -2.493498e+001 -7.500000e+000
      vertex -2.550934e+001 -2.493498e+001  5.750000e+001
    endloop
  endfacet
  facet normal  7.883464e-001  6.152318e-001  0.000000e+000
    outer loop
      vertex -2.550934e+001 -2.493498e+001  5.750000e+001
      vertex -2.550934e+001 -2.493498e+001 -7.500000e+000
      vertex -2.650585e+001 -2.365808e+001 -7.500000e+000
    endloop
  endfacet
  facet normal  7.883464e-001  6.152318e-001  -0.000000e+000
    outer loop
      vertex -2.550934e+001 -2.493498e+001  5.750000e+001
      vertex -2.650585e+001 -2.365808e+001 -7.500000e+000
      vertex -2.650585e+001 -2.365808e+001  5.750000e+001
    endloop
  endfacet
  facet normal  8.175845e-001  5.758088e-001  0.000000e+000
    outer loop
      vertex -2.650585e+001 -2.365808e+001  5.750000e+001
      vertex -2.650585e+001 -2.365808e+001 -7.500000e+000
      vertex -2.743850e+001 -2.233382e+001 -7.500000e+000
    endloop
  endfacet
  facet normal  8.175845e-001  5.758088e-001  -0.000000e+000
    outer loop
      vertex -2.650585e+001 -2.365808e+001  5.750000e+001
      vertex -2.743850e+001 -2.233382e+001 -7.500000e+000
      vertex -2.743850e+001 -2.233382e+001  5.750000e+001
    endloop
  endfacet
  facet normal  8.448537e-001  5.349975e-001  0.000000e+000
    outer loop
      vertex -2.743850e+001 -2.233382e+001  5.750000e+001
      vertex -2.743850e+001 -2.233382e+001 -7.500000e+000
      vertex -2.830504e+001 -2.096539e+001 -7.500000e+000
    endloop
  endfacet
  facet normal  8.448537e-001  5.349975e-001  -0.000000e+000
    outer loop
      vertex -2.743850e+001 -2.233382e+001  5.750000e+001
      vertex -2.830504e+001 -2.096539e+001 -7.500000e+000
      vertex -2.830504e+001 -2.096539e+001  5.750000e+001
    endloop
  endfacet
  facet normal  8.700871e-001  4.928980e-001  0.000000e+000
    outer loop
      vertex -2.830504e+001 -2.096539e+001  5.750000e+001
      vertex -2.830504e+001 -2.096539e+001 -7.500000e+000
      vertex -2.910340e+001 -1.955609e+001 -7.500000e+000
    endloop
  endfacet
  facet normal  8.700871e-001  4.928980e-001  -0.000000e+000
    outer loop
      vertex -2.830504e+001 -2.096539e+001  5.750000e+001
      vertex -2.910340e+001 -1.955609e+001 -7.500000e+000
      vertex -2.910340e+001 -1.955609e+001  5.750000e+001
    endloop
  endfacet
  facet normal  8.932245e-001  4.496109e-001  0.000000e+000
    outer loop
      vertex -2.910340e+001 -1.955609e+001  5.750000e+001
      vertex -2.910340e+001 -1.955609e+001 -7.500000e+000
      vertex -2.983165e+001 -1.810932e+001 -7.500000e+000
    endloop
  endfacet
  facet normal  8.932245e-001  4.496109e-001  -0.000000e+000
    outer loop
      vertex -2.910340e+001 -1.955609e+001  5.750000e+001
      vertex -2.983165e+001 -1.810932e+001 -7.500000e+000
      vertex -2.983165e+001 -1.810932e+001  5.750000e+001
    endloop
  endfacet
  facet normal  9.142097e-001  4.052414e-001  0.000000e+000
    outer loop
      vertex -2.983165e+001 -1.810932e+001  5.750000e+001
      vertex -2.983165e+001 -1.810932e+001 -7.500000e+000
      vertex -3.048802e+001 -1.662855e+001 -7.500000e+000
    endloop
  endfacet
  facet normal  9.142097e-001  4.052414e-001  -0.000000e+000
    outer loop
      vertex -2.983165e+001 -1.810932e+001  5.750000e+001
      vertex -3.048802e+001 -1.662855e+001 -7.500000e+000
      vertex -3.048802e+001 -1.662855e+001  5.750000e+001
    endloop
  endfacet
  facet normal  9.329928e-001  3.598950e-001  0.000000e+000
    outer loop
      vertex -3.048802e+001 -1.662855e+001  5.750000e+001
      vertex -3.048802e+001 -1.662855e+001 -7.500000e+000
      vertex -3.107095e+001 -1.511736e+001 -7.500000e+000
    endloop
  endfacet
  facet normal  9.329928e-001  3.598950e-001  -0.000000e+000
    outer loop
      vertex -3.048802e+001 -1.662855e+001  5.750000e+001
      vertex -3.107095e+001 -1.511736e+001 -7.500000e+000
      vertex -3.107095e+001 -1.511736e+001  5.750000e+001
    endloop
  endfacet
  facet normal  9.495281e-001  3.136822e-001  0.000000e+000
    outer loop
      vertex -3.107095e+001 -1.511736e+001  5.750000e+001
      vertex -3.107095e+001 -1.511736e+001 -7.500000e+000
      vertex -3.157903e+001 -1.357939e+001 -7.500000e+000
    endloop
  endfacet
  facet normal  9.495281e-001  3.136822e-001  -0.000000e+000
    outer loop
      vertex -3.107095e+001 -1.511736e+001  5.750000e+001
      vertex -3.157903e+001 -1.357939e+001 -7.500000e+000
      vertex -3.157903e+001 -1.357939e+001  5.750000e+001
    endloop
  endfacet
  facet normal  9.637759e-001  2.667132e-001  0.000000e+000
    outer loop
      vertex -3.157903e+001 -1.357939e+001  5.750000e+001
      vertex -3.157903e+001 -1.357939e+001 -7.500000e+000
      vertex -3.201103e+001 -1.201835e+001 -7.500000e+000
    endloop
  endfacet
  facet normal  9.637759e-001  2.667132e-001  -0.000000e+000
    outer loop
      vertex -3.157903e+001 -1.357939e+001  5.750000e+001
      vertex -3.201103e+001 -1.201835e+001 -7.500000e+000
      vertex -3.201103e+001 -1.201835e+001  5.750000e+001
    endloop
  endfacet
  facet normal  9.757023e-001  2.191003e-001  0.000000e+000
    outer loop
      vertex -3.201103e+001 -1.201835e+001  5.750000e+001
      vertex -3.201103e+001 -1.201835e+001 -7.500000e+000
      vertex -3.236591e+001 -1.043798e+001 -7.500000e+000
    endloop
  endfacet
  facet normal  9.757023e-001  2.191003e-001  -0.000000e+000
    outer loop
      vertex -3.201103e+001 -1.201835e+001  5.750000e+001
      vertex -3.236591e+001 -1.043798e+001 -7.500000e+000
      vertex -3.236591e+001 -1.043798e+001  5.750000e+001
    endloop
  endfacet
  facet normal  9.852775e-001  1.709632e-001  0.000000e+000
    outer loop
      vertex -3.236591e+001 -1.043798e+001  5.750000e+001
      vertex -3.236591e+001 -1.043798e+001 -7.500000e+000
      vertex -3.264283e+001 -8.842106e+000 -7.500000e+000
    endloop
  endfacet
  facet normal  9.852775e-001  1.709632e-001  -0.000000e+000
    outer loop
      vertex -3.236591e+001 -1.043798e+001  5.750000e+001
      vertex -3.264283e+001 -8.842106e+000 -7.500000e+000
      vertex -3.264283e+001 -8.842106e+000  5.750000e+001
    endloop
  endfacet
  facet normal  9.924797e-001  1.224093e-001  0.000000e+000
    outer loop
      vertex -3.264283e+001 -8.842106e+000  5.750000e+001
      vertex -3.264283e+001 -8.842106e+000 -7.500000e+000
      vertex -3.284109e+001 -7.234566e+000 -7.500000e+000
    endloop
  endfacet
  facet normal  9.924797e-001  1.224093e-001  -0.000000e+000
    outer loop
      vertex -3.264283e+001 -8.842106e+000  5.750000e+001
      vertex -3.284109e+001 -7.234566e+000 -7.500000e+000
      vertex -3.284109e+001 -7.234566e+000  5.750000e+001
    endloop
  endfacet
  facet normal  9.972904e-001  7.356566e-002  0.000000e+000
    outer loop
      vertex -3.284109e+001 -7.234566e+000  5.750000e+001
      vertex -3.284109e+001 -7.234566e+000 -7.500000e+000
      vertex -3.296025e+001 -5.619233e+000 -7.500000e+000
    endloop
  endfacet
  facet normal  9.972904e-001  7.356566e-002  -0.000000e+000
    outer loop
      vertex -3.284109e+001 -7.234566e+000  5.750000e+001
      vertex -3.296025e+001 -5.619233e+000 -7.500000e+000
      vertex -3.296025e+001 -5.619233e+000  5.750000e+001
    endloop
  endfacet
  facet normal  9.996988e-001  2.454074e-002  0.000000e+000
    outer loop
      vertex -3.296025e+001 -5.619233e+000  5.750000e+001
      vertex -3.296025e+001 -5.619233e+000 -7.500000e+000
      vertex -3.300000e+001 -4.000000e+000 -7.500000e+000
    endloop
  endfacet
  facet normal  9.996988e-001  2.454074e-002  -0.000000e+000
    outer loop
      vertex -3.296025e+001 -5.619233e+000  5.750000e+001
      vertex -3.300000e+001 -4.000000e+000 -7.500000e+000
      vertex -3.300000e+001 -4.000000e+000  5.750000e+001
    endloop
  endfacet
  facet normal  1.119614e-001 -9.937125e-001  0.000000e+000
    outer loop
      vertex -2.793072e+001  2.943100e+001  2.610000e+001
      vertex -2.826450e+001  2.939339e+001  2.700000e+001
      vertex -2.826450e+001  2.939339e+001  2.610000e+001
    endloop
  endfacet
  facet normal  3.302811e-001 -9.438826e-001  0.000000e+000
    outer loop
      vertex -2.826450e+001  2.939339e+001  2.610000e+001
      vertex -2.826450e+001  2.939339e+001  2.700000e+001
      vertex -2.858154e+001  2.928245e+001  2.700000e+001
    endloop
  endfacet
  facet normal  3.302811e-001 -9.438826e-001  0.000000e+000
    outer loop
      vertex -2.826450e+001  2.939339e+001  2.610000e+001
      vertex -2.858154e+001  2.928245e+001  2.700000e+001
      vertex -2.858154e+001  2.928245e+001  2.610000e+001
    endloop
  endfacet
  facet normal  5.320324e-001 -8.467239e-001  0.000000e+000
    outer loop
      vertex -2.858154e+001  2.928245e+001  2.610000e+001
      vertex -2.858154e+001  2.928245e+001  2.700000e+001
      vertex -2.886595e+001  2.910375e+001  2.700000e+001
    endloop
  endfacet
  facet normal  5.320324e-001 -8.467239e-001  0.000000e+000
    outer loop
      vertex -2.858154e+001  2.928245e+001  2.610000e+001
      vertex -2.886595e+001  2.910375e+001  2.700000e+001
      vertex -2.886595e+001  2.910375e+001  2.610000e+001
    endloop
  endfacet
  facet normal  7.071068e-001 -7.071068e-001  0.000000e+000
    outer loop
      vertex -2.886595e+001  2.910375e+001  2.610000e+001
      vertex -2.886595e+001  2.910375e+001  2.700000e+001
      vertex -2.910347e+001  2.886623e+001  2.700000e+001
    endloop
  endfacet
  facet normal  7.071068e-001 -7.071068e-001  0.000000e+000
    outer loop
      vertex -2.886595e+001  2.910375e+001  2.610000e+001
      vertex -2.910347e+001  2.886623e+001  2.700000e+001
      vertex -2.910347e+001  2.886623e+001  2.610000e+001
    endloop
  endfacet
  facet normal  8.467249e-001 -5.320309e-001  0.000000e+000
    outer loop
      vertex -2.910347e+001  2.886623e+001  2.610000e+001
      vertex -2.910347e+001  2.886623e+001  2.700000e+001
      vertex -2.928217e+001  2.858183e+001  2.700000e+001
    endloop
  endfacet
  facet normal  8.467249e-001 -5.320309e-001  0.000000e+000
    outer loop
      vertex -2.910347e+001  2.886623e+001  2.610000e+001
      vertex -2.928217e+001  2.858183e+001  2.700000e+001
      vertex -2.928217e+001  2.858183e+001  2.610000e+001
    endloop
  endfacet
  facet normal  9.438826e-001 -3.302811e-001  0.000000e+000
    outer loop
      vertex -2.928217e+001  2.858183e+001  2.610000e+001
      vertex -2.928217e+001  2.858183e+001  2.700000e+001
      vertex -2.939311e+001  2.826478e+001  2.700000e+001
    endloop
  endfacet
  facet normal  9.438826e-001 -3.302811e-001  0.000000e+000
    outer loop
      vertex -2.928217e+001  2.858183e+001  2.610000e+001
      vertex -2.939311e+001  2.826478e+001  2.700000e+001
      vertex -2.939311e+001  2.826478e+001  2.610000e+001
    endloop
  endfacet
  facet normal  9.937125e-001 -1.119614e-001  0.000000e+000
    outer loop
      vertex -2.939311e+001  2.826478e+001  2.610000e+001
      vertex -2.939311e+001  2.826478e+001  2.700000e+001
      vertex -2.943072e+001  2.793100e+001  2.700000e+001
    endloop
  endfacet
  facet normal  9.937125e-001 -1.119614e-001  0.000000e+000
    outer loop
      vertex -2.939311e+001  2.826478e+001  2.610000e+001
      vertex -2.943072e+001  2.793100e+001  2.700000e+001
      vertex -2.943072e+001  2.793100e+001  2.610000e+001
    endloop
  endfacet
  facet normal  1.119614e-001 -9.937125e-001  0.000000e+000
    outer loop
      vertex -2.826450e+001  2.939339e+001  2.700000e+001
      vertex -2.793072e+001  2.943100e+001  2.610000e+001
      vertex -2.793072e+001  2.943100e+001  2.700000e+001
    endloop
  endfacet
  facet normal -1.119621e-001 -9.937124e-001  -0.000000e+000
    outer loop
      vertex -2.793072e+001  2.943100e+001  2.700000e+001
      vertex -2.793072e+001  2.943100e+001  2.610000e+001
      vertex -2.759694e+001  2.939339e+001  2.610000e+001
    endloop
  endfacet
  facet normal -1.119621e-001 -9.937124e-001  0.000000e+000
    outer loop
      vertex -2.793072e+001  2.943100e+001  2.700000e+001
      vertex -2.759694e+001  2.939339e+001  2.610000e+001
      vertex -2.759694e+001  2.939339e+001  2.700000e+001
    endloop
  endfacet
  facet normal -3.302794e-001 -9.438832e-001  -0.000000e+000
    outer loop
      vertex -2.759694e+001  2.939339e+001  2.700000e+001
      vertex -2.759694e+001  2.939339e+001  2.610000e+001
      vertex -2.727989e+001  2.928245e+001  2.610000e+001
    endloop
  endfacet
  facet normal -3.302794e-001 -9.438832e-001  0.000000e+000
    outer loop
      vertex -2.759694e+001  2.939339e+001  2.700000e+001
      vertex -2.727989e+001  2.928245e+001  2.610000e+001
      vertex -2.727989e+001  2.928245e+001  2.700000e+001
    endloop
  endfacet
  facet normal -5.320350e-001 -8.467224e-001  -0.000000e+000
    outer loop
      vertex -2.727989e+001  2.928245e+001  2.700000e+001
      vertex -2.727989e+001  2.928245e+001  2.610000e+001
      vertex -2.699548e+001  2.910375e+001  2.610000e+001
    endloop
  endfacet
  facet normal -5.320350e-001 -8.467224e-001  0.000000e+000
    outer loop
      vertex -2.727989e+001  2.928245e+001  2.700000e+001
      vertex -2.699548e+001  2.910375e+001  2.610000e+001
      vertex -2.699548e+001  2.910375e+001  2.700000e+001
    endloop
  endfacet
  facet normal -7.071068e-001 -7.071068e-001  -0.000000e+000
    outer loop
      vertex -2.699548e+001  2.910375e+001  2.700000e+001
      vertex -2.699548e+001  2.910375e+001  2.610000e+001
      vertex -2.675797e+001  2.886623e+001  2.610000e+001
    endloop
  endfacet
  facet normal -7.071068e-001 -7.071068e-001  0.000000e+000
    outer loop
      vertex -2.699548e+001  2.910375e+001  2.700000e+001
      vertex -2.675797e+001  2.886623e+001  2.610000e+001
      vertex -2.675797e+001  2.886623e+001  2.700000e+001
    endloop
  endfacet
  facet normal -8.467224e-001 -5.320350e-001  -0.000000e+000
    outer loop
      vertex -2.675797e+001  2.886623e+001  2.700000e+001
      vertex -2.675797e+001  2.886623e+001  2.610000e+001
      vertex -2.657926e+001  2.858183e+001  2.610000e+001
    endloop
  endfacet
  facet normal -8.467224e-001 -5.320350e-001  0.000000e+000
    outer loop
      vertex -2.675797e+001  2.886623e+001  2.700000e+001
      vertex -2.657926e+001  2.858183e+001  2.610000e+001
      vertex -2.657926e+001  2.858183e+001  2.700000e+001
    endloop
  endfacet
  facet normal -9.438844e-001 -3.302761e-001  -0.000000e+000
    outer loop
      vertex -2.657926e+001  2.858183e+001  2.700000e+001
      vertex -2.657926e+001  2.858183e+001  2.610000e+001
      vertex -2.646833e+001  2.826478e+001  2.610000e+001
    endloop
  endfacet
  facet normal -9.438844e-001 -3.302761e-001  0.000000e+000
    outer loop
      vertex -2.657926e+001  2.858183e+001  2.700000e+001
      vertex -2.646833e+001  2.826478e+001  2.610000e+001
      vertex -2.646833e+001  2.826478e+001  2.700000e+001
    endloop
  endfacet
  facet normal -9.937119e-001 -1.119671e-001  -0.000000e+000
    outer loop
      vertex -2.646833e+001  2.826478e+001  2.700000e+001
      vertex -2.646833e+001  2.826478e+001  2.610000e+001
      vertex -2.643072e+001  2.793100e+001  2.610000e+001
    endloop
  endfacet
  facet normal -9.937119e-001 -1.119671e-001  0.000000e+000
    outer loop
      vertex -2.646833e+001  2.826478e+001  2.700000e+001
      vertex -2.643072e+001  2.793100e+001  2.610000e+001
      vertex -2.643072e+001  2.793100e+001  2.700000e+001
    endloop
  endfacet
  facet normal -1.119677e-001  9.937118e-001  0.000000e+000
    outer loop
      vertex -2.793072e+001  2.643100e+001  2.610000e+001
      vertex -2.759694e+001  2.646861e+001  2.700000e+001
      vertex -2.759694e+001  2.646861e+001  2.610000e+001
    endloop
  endfacet
  facet normal -3.302743e-001  9.438850e-001  0.000000e+000
    outer loop
      vertex -2.759694e+001  2.646861e+001  2.610000e+001
      vertex -2.759694e+001  2.646861e+001  2.700000e+001
      vertex -2.727989e+001  2.657955e+001  2.700000e+001
    endloop
  endfacet
  facet normal -3.302743e-001  9.438850e-001  0.000000e+000
    outer loop
      vertex -2.759694e+001  2.646861e+001  2.610000e+001
      vertex -2.727989e+001  2.657955e+001  2.700000e+001
      vertex -2.727989e+001  2.657955e+001  2.610000e+001
    endloop
  endfacet
  facet normal -5.320350e-001  8.467224e-001  0.000000e+000
    outer loop
      vertex -2.727989e+001  2.657955e+001  2.610000e+001
      vertex -2.727989e+001  2.657955e+001  2.700000e+001
      vertex -2.699548e+001  2.675825e+001  2.700000e+001
    endloop
  endfacet
  facet normal -5.320350e-001  8.467224e-001  0.000000e+000
    outer loop
      vertex -2.727989e+001  2.657955e+001  2.610000e+001
      vertex -2.699548e+001  2.675825e+001  2.700000e+001
      vertex -2.699548e+001  2.675825e+001  2.610000e+001
    endloop
  endfacet
  facet normal -7.071068e-001  7.071068e-001  0.000000e+000
    outer loop
      vertex -2.699548e+001  2.675825e+001  2.610000e+001
      vertex -2.699548e+001  2.675825e+001  2.700000e+001
      vertex -2.675797e+001  2.699577e+001  2.700000e+001
    endloop
  endfacet
  facet normal -7.071068e-001  7.071068e-001  0.000000e+000
    outer loop
      vertex -2.699548e+001  2.675825e+001  2.610000e+001
      vertex -2.675797e+001  2.699577e+001  2.700000e+001
      vertex -2.675797e+001  2.699577e+001  2.610000e+001
    endloop
  endfacet
  facet normal -8.467224e-001  5.320350e-001  0.000000e+000
    outer loop
      vertex -2.675797e+001  2.699577e+001  2.610000e+001
      vertex -2.675797e+001  2.699577e+001  2.700000e+001
      vertex -2.657926e+001  2.728017e+001  2.700000e+001
    endloop
  endfacet
  facet normal -8.467224e-001  5.320350e-001  0.000000e+000
    outer loop
      vertex -2.675797e+001  2.699577e+001  2.610000e+001
      vertex -2.657926e+001  2.728017e+001  2.700000e+001
      vertex -2.657926e+001  2.728017e+001  2.610000e+001
    endloop
  endfacet
  facet normal -9.438850e-001  3.302743e-001  0.000000e+000
    outer loop
      vertex -2.657926e+001  2.728017e+001  2.610000e+001
      vertex -2.657926e+001  2.728017e+001  2.700000e+001
      vertex -2.646833e+001  2.759722e+001  2.700000e+001
    endloop
  endfacet
  facet normal -9.438850e-001  3.302743e-001  0.000000e+000
    outer loop
      vertex -2.657926e+001  2.728017e+001  2.610000e+001
      vertex -2.646833e+001  2.759722e+001  2.700000e+001
      vertex -2.646833e+001  2.759722e+001  2.610000e+001
    endloop
  endfacet
  facet normal -9.937118e-001  1.119677e-001  0.000000e+000
    outer loop
      vertex -2.646833e+001  2.759722e+001  2.610000e+001
      vertex -2.646833e+001  2.759722e+001  2.700000e+001
      vertex -2.643072e+001  2.793100e+001  2.700000e+001
    endloop
  endfacet
  facet normal -9.937118e-001  1.119677e-001  0.000000e+000
    outer loop
      vertex -2.646833e+001  2.759722e+001  2.610000e+001
      vertex -2.643072e+001  2.793100e+001  2.700000e+001
      vertex -2.643072e+001  2.793100e+001  2.610000e+001
    endloop
  endfacet
  facet normal -1.119677e-001  9.937118e-001  0.000000e+000
    outer loop
      vertex -2.759694e+001  2.646861e+001  2.700000e+001
      vertex -2.793072e+001  2.643100e+001  2.610000e+001
      vertex -2.793072e+001  2.643100e+001  2.700000e+001
    endloop
  endfacet
  facet normal  1.119671e-001  9.937119e-001  0.000000e+000
    outer loop
      vertex -2.793072e+001  2.643100e+001  2.700000e+001
      vertex -2.793072e+001  2.643100e+001  2.610000e+001
      vertex -2.826450e+001  2.646861e+001  2.610000e+001
    endloop
  endfacet
  facet normal  1.119671e-001  9.937119e-001  -0.000000e+000
    outer loop
      vertex -2.793072e+001  2.643100e+001  2.700000e+001
      vertex -2.826450e+001  2.646861e+001  2.610000e+001
      vertex -2.826450e+001  2.646861e+001  2.700000e+001
    endloop
  endfacet
  facet normal  3.302761e-001  9.438844e-001  0.000000e+000
    outer loop
      vertex -2.826450e+001  2.646861e+001  2.700000e+001
      vertex -2.826450e+001  2.646861e+001  2.610000e+001
      vertex -2.858154e+001  2.657955e+001  2.610000e+001
    endloop
  endfacet
  facet normal  3.302761e-001  9.438844e-001  -0.000000e+000
    outer loop
      vertex -2.826450e+001  2.646861e+001  2.700000e+001
      vertex -2.858154e+001  2.657955e+001  2.610000e+001
      vertex -2.858154e+001  2.657955e+001  2.700000e+001
    endloop
  endfacet
  facet normal  5.320324e-001  8.467239e-001  0.000000e+000
    outer loop
      vertex -2.858154e+001  2.657955e+001  2.700000e+001
      vertex -2.858154e+001  2.657955e+001  2.610000e+001
      vertex -2.886595e+001  2.675825e+001  2.610000e+001
    endloop
  endfacet
  facet normal  5.320324e-001  8.467239e-001  -0.000000e+000
    outer loop
      vertex -2.858154e+001  2.657955e+001  2.700000e+001
      vertex -2.886595e+001  2.675825e+001  2.610000e+001
      vertex -2.886595e+001  2.675825e+001  2.700000e+001
    endloop
  endfacet
  facet normal  7.071068e-001  7.071068e-001  0.000000e+000
    outer loop
      vertex -2.886595e+001  2.675825e+001  2.700000e+001
      vertex -2.886595e+001  2.675825e+001  2.610000e+001
      vertex -2.910347e+001  2.699577e+001  2.610000e+001
    endloop
  endfacet
  facet normal  7.071068e-001  7.071068e-001  -0.000000e+000
    outer loop
      vertex -2.886595e+001  2.675825e+001  2.700000e+001
      vertex -2.910347e+001  2.699577e+001  2.610000e+001
      vertex -2.910347e+001  2.699577e+001  2.700000e+001
    endloop
  endfacet
  facet normal  8.467249e-001  5.320309e-001  0.000000e+000
    outer loop
      vertex -2.910347e+001  2.699577e+001  2.700000e+001
      vertex -2.910347e+001  2.699577e+001  2.610000e+001
      vertex -2.928217e+001  2.728017e+001  2.610000e+001
    endloop
  endfacet
  facet normal  8.467249e-001  5.320309e-001  -0.000000e+000
    outer loop
      vertex -2.910347e+001  2.699577e+001  2.700000e+001
      vertex -2.928217e+001  2.728017e+001  2.610000e+001
      vertex -2.928217e+001  2.728017e+001  2.700000e+001
    endloop
  endfacet
  facet normal  9.438832e-001  3.302794e-001  0.000000e+000
    outer loop
      vertex -2.928217e+001  2.728017e+001  2.700000e+001
      vertex -2.928217e+001  2.728017e+001  2.610000e+001
      vertex -2.939311e+001  2.759722e+001  2.610000e+001
    endloop
  endfacet
  facet normal  9.438832e-001  3.302794e-001  -0.000000e+000
    outer loop
      vertex -2.928217e+001  2.728017e+001  2.700000e+001
      vertex -2.939311e+001  2.759722e+001  2.610000e+001
      vertex -2.939311e+001  2.759722e+001  2.700000e+001
    endloop
  endfacet
  facet normal  9.937124e-001  1.119621e-001  0.000000e+000
    outer loop
      vertex -2.939311e+001  2.759722e+001  2.700000e+001
      vertex -2.939311e+001  2.759722e+001  2.610000e+001
      vertex -2.943072e+001  2.793100e+001  2.610000e+001
    endloop
  endfacet
  facet normal  9.937124e-001  1.119621e-001  -0.000000e+000
    outer loop
      vertex -2.939311e+001  2.759722e+001  2.700000e+001
      vertex -2.943072e+001  2.793100e+001  2.610000e+001
      vertex -2.943072e+001  2.793100e+001  2.700000e+001
    endloop
  endfacet
  facet normal  1.119621e-001 -9.937124e-001  0.000000e+000
    outer loop
      vertex  2.793072e+001  2.943100e+001  2.610000e+001
      vertex  2.759694e+001  2.939339e+001  2.700000e+001
      vertex  2.759694e+001  2.939339e+001  2.610000e+001
    endloop
  endfacet
  facet normal  3.302794e-001 -9.438832e-001  0.000000e+000
    outer loop
      vertex  2.759694e+001  2.939339e+001  2.610000e+001
      vertex  2.759694e+001  2.939339e+001  2.700000e+001
      vertex  2.727989e+001  2.928245e+001  2.700000e+001
    endloop
  endfacet
  facet normal  3.302794e-001 -9.438832e-001  0.000000e+000
    outer loop
      vertex  2.759694e+001  2.939339e+001  2.610000e+001
      vertex  2.727989e+001  2.928245e+001  2.700000e+001
      vertex  2.727989e+001  2.928245e+001  2.610000e+001
    endloop
  endfacet
  facet normal  5.320350e-001 -8.467224e-001  0.000000e+000
    outer loop
      vertex  2.727989e+001  2.928245e+001  2.610000e+001
      vertex  2.727989e+001  2.928245e+001  2.700000e+001
      vertex  2.699548e+001  2.910375e+001  2.700000e+001
    endloop
  endfacet
  facet normal  5.320350e-001 -8.467224e-001  0.000000e+000
    outer loop
      vertex  2.727989e+001  2.928245e+001  2.610000e+001
      vertex  2.699548e+001  2.910375e+001  2.700000e+001
      vertex  2.699548e+001  2.910375e+001  2.610000e+001
    endloop
  endfacet
  facet normal  7.071068e-001 -7.071068e-001  0.000000e+000
    outer loop
      vertex  2.699548e+001  2.910375e+001  2.610000e+001
      vertex  2.699548e+001  2.910375e+001  2.700000e+001
      vertex  2.675797e+001  2.886623e+001  2.700000e+001
    endloop
  endfacet
  facet normal  7.071068e-001 -7.071068e-001  0.000000e+000
    outer loop
      vertex  2.699548e+001  2.910375e+001  2.610000e+001
      vertex  2.675797e+001  2.886623e+001  2.700000e+001
      vertex  2.675797e+001  2.886623e+001  2.610000e+001
    endloop
  endfacet
  facet normal  8.467224e-001 -5.320350e-001  0.000000e+000
    outer loop
      vertex  2.675797e+001  2.886623e+001  2.610000e+001
      vertex  2.675797e+001  2.886623e+001  2.700000e+001
      vertex  2.657926e+001  2.858183e+001  2.700000e+001
    endloop
  endfacet
  facet normal  8.467224e-001 -5.320350e-001  0.000000e+000
    outer loop
      vertex  2.675797e+001  2.886623e+001  2.610000e+001
      vertex  2.657926e+001  2.858183e+001  2.700000e+001
      vertex  2.657926e+001  2.858183e+001  2.610000e+001
    endloop
  endfacet
  facet normal  9.438844e-001 -3.302761e-001  0.000000e+000
    outer loop
      vertex  2.657926e+001  2.858183e+001  2.610000e+001
      vertex  2.657926e+001  2.858183e+001  2.700000e+001
      vertex  2.646833e+001  2.826478e+001  2.700000e+001
    endloop
  endfacet
  facet normal  9.438844e-001 -3.302761e-001  0.000000e+000
    outer loop
      vertex  2.657926e+001  2.858183e+001  2.610000e+001
      vertex  2.646833e+001  2.826478e+001  2.700000e+001
      vertex  2.646833e+001  2.826478e+001  2.610000e+001
    endloop
  endfacet
  facet normal  9.937119e-001 -1.119671e-001  0.000000e+000
    outer loop
      vertex  2.646833e+001  2.826478e+001  2.610000e+001
      vertex  2.646833e+001  2.826478e+001  2.700000e+001
      vertex  2.643072e+001  2.793100e+001  2.700000e+001
    endloop
  endfacet
  facet normal  9.937119e-001 -1.119671e-001  0.000000e+000
    outer loop
      vertex  2.646833e+001  2.826478e+001  2.610000e+001
      vertex  2.643072e+001  2.793100e+001  2.700000e+001
      vertex  2.643072e+001  2.793100e+001  2.610000e+001
    endloop
  endfacet
  facet normal  1.119621e-001 -9.937124e-001  0.000000e+000
    outer loop
      vertex  2.759694e+001  2.939339e+001  2.700000e+001
      vertex  2.793072e+001  2.943100e+001  2.610000e+001
      vertex  2.793072e+001  2.943100e+001  2.700000e+001
    endloop
  endfacet
  facet normal -1.119614e-001 -9.937125e-001  -0.000000e+000
    outer loop
      vertex  2.793072e+001  2.943100e+001  2.700000e+001
      vertex  2.793072e+001  2.943100e+001  2.610000e+001
      vertex  2.826450e+001  2.939339e+001  2.610000e+001
    endloop
  endfacet
  facet normal -1.119614e-001 -9.937125e-001  0.000000e+000
    outer loop
      vertex  2.793072e+001  2.943100e+001  2.700000e+001
      vertex  2.826450e+001  2.939339e+001  2.610000e+001
      vertex  2.826450e+001  2.939339e+001  2.700000e+001
    endloop
  endfacet
  facet normal -3.302811e-001 -9.438826e-001  -0.000000e+000
    outer loop
      vertex  2.826450e+001  2.939339e+001  2.700000e+001
      vertex  2.826450e+001  2.939339e+001  2.610000e+001
      vertex  2.858154e+001  2.928245e+001  2.610000e+001
    endloop
  endfacet
  facet normal -3.302811e-001 -9.438826e-001  0.000000e+000
    outer loop
      vertex  2.826450e+001  2.939339e+001  2.700000e+001
      vertex  2.858154e+001  2.928245e+001  2.610000e+001
      vertex  2.858154e+001  2.928245e+001  2.700000e+001
    endloop
  endfacet
  facet normal -5.320324e-001 -8.467239e-001  -0.000000e+000
    outer loop
      vertex  2.858154e+001  2.928245e+001  2.700000e+001
      vertex  2.858154e+001  2.928245e+001  2.610000e+001
      vertex  2.886595e+001  2.910375e+001  2.610000e+001
    endloop
  endfacet
  facet normal -5.320324e-001 -8.467239e-001  0.000000e+000
    outer loop
      vertex  2.858154e+001  2.928245e+001  2.700000e+001
      vertex  2.886595e+001  2.910375e+001  2.610000e+001
      vertex  2.886595e+001  2.910375e+001  2.700000e+001
    endloop
  endfacet
  facet normal -7.071068e-001 -7.071068e-001  -0.000000e+000
    outer loop
      vertex  2.886595e+001  2.910375e+001  2.700000e+001
      vertex  2.886595e+001  2.910375e+001  2.610000e+001
      vertex  2.910347e+001  2.886623e+001  2.610000e+001
    endloop
  endfacet
  facet normal -7.071068e-001 -7.071068e-001  0.000000e+000
    outer loop
      vertex  2.886595e+001  2.910375e+001  2.700000e+001
      vertex  2.910347e+001  2.886623e+001  2.610000e+001
      vertex  2.910347e+001  2.886623e+001  2.700000e+001
    endloop
  endfacet
  facet normal -8.467249e-001 -5.320309e-001  -0.000000e+000
    outer loop
      vertex  2.910347e+001  2.886623e+001  2.700000e+001
      vertex  2.910347e+001  2.886623e+001  2.610000e+001
      vertex  2.928217e+001  2.858183e+001  2.610000e+001
    endloop
  endfacet
  facet normal -8.467249e-001 -5.320309e-001  0.000000e+000
    outer loop
      vertex  2.910347e+001  2.886623e+001  2.700000e+001
      vertex  2.928217e+001  2.858183e+001  2.610000e+001
      vertex  2.928217e+001  2.858183e+001  2.700000e+001
    endloop
  endfacet
  facet normal -9.438826e-001 -3.302811e-001  -0.000000e+000
    outer loop
      vertex  2.928217e+001  2.858183e+001  2.700000e+001
      vertex  2.928217e+001  2.858183e+001  2.610000e+001
      vertex  2.939311e+001  2.826478e+001  2.610000e+001
    endloop
  endfacet
  facet normal -9.438826e-001 -3.302811e-001  0.000000e+000
    outer loop
      vertex  2.928217e+001  2.858183e+001  2.700000e+001
      vertex  2.939311e+001  2.826478e+001  2.610000e+001
      vertex  2.939311e+001  2.826478e+001  2.700000e+001
    endloop
  endfacet
  facet normal -9.937125e-001 -1.119614e-001  -0.000000e+000
    outer loop
      vertex  2.939311e+001  2.826478e+001  2.700000e+001
      vertex  2.939311e+001  2.826478e+001  2.610000e+001
      vertex  2.943072e+001  2.793100e+001  2.610000e+001
    endloop
  endfacet
  facet normal -9.937125e-001 -1.119614e-001  0.000000e+000
    outer loop
      vertex  2.939311e+001  2.826478e+001  2.700000e+001
      vertex  2.943072e+001  2.793100e+001  2.610000e+001
      vertex  2.943072e+001  2.793100e+001  2.700000e+001
    endloop
  endfacet
  facet normal -1.119671e-001  9.937119e-001  0.000000e+000
    outer loop
      vertex  2.793072e+001  2.643100e+001  2.610000e+001
      vertex  2.826450e+001  2.646861e+001  2.700000e+001
      vertex  2.826450e+001  2.646861e+001  2.610000e+001
    endloop
  endfacet
  facet normal -3.302761e-001  9.438844e-001  0.000000e+000
    outer loop
      vertex  2.826450e+001  2.646861e+001  2.610000e+001
      vertex  2.826450e+001  2.646861e+001  2.700000e+001
      vertex  2.858154e+001  2.657955e+001  2.700000e+001
    endloop
  endfacet
  facet normal -3.302761e-001  9.438844e-001  0.000000e+000
    outer loop
      vertex  2.826450e+001  2.646861e+001  2.610000e+001
      vertex  2.858154e+001  2.657955e+001  2.700000e+001
      vertex  2.858154e+001  2.657955e+001  2.610000e+001
    endloop
  endfacet
  facet normal -5.320324e-001  8.467239e-001  0.000000e+000
    outer loop
      vertex  2.858154e+001  2.657955e+001  2.610000e+001
      vertex  2.858154e+001  2.657955e+001  2.700000e+001
      vertex  2.886595e+001  2.675825e+001  2.700000e+001
    endloop
  endfacet
  facet normal -5.320324e-001  8.467239e-001  0.000000e+000
    outer loop
      vertex  2.858154e+001  2.657955e+001  2.610000e+001
      vertex  2.886595e+001  2.675825e+001  2.700000e+001
      vertex  2.886595e+001  2.675825e+001  2.610000e+001
    endloop
  endfacet
  facet normal -7.071068e-001  7.071068e-001  0.000000e+000
    outer loop
      vertex  2.886595e+001  2.675825e+001  2.610000e+001
      vertex  2.886595e+001  2.675825e+001  2.700000e+001
      vertex  2.910347e+001  2.699577e+001  2.700000e+001
    endloop
  endfacet
  facet normal -7.071068e-001  7.071068e-001  0.000000e+000
    outer loop
      vertex  2.886595e+001  2.675825e+001  2.610000e+001
      vertex  2.910347e+001  2.699577e+001  2.700000e+001
      vertex  2.910347e+001  2.699577e+001  2.610000e+001
    endloop
  endfacet
  facet normal -8.467249e-001  5.320309e-001  0.000000e+000
    outer loop
      vertex  2.910347e+001  2.699577e+001  2.610000e+001
      vertex  2.910347e+001  2.699577e+001  2.700000e+001
      vertex  2.928217e+001  2.728017e+001  2.700000e+001
    endloop
  endfacet
  facet normal -8.467249e-001  5.320309e-001  0.000000e+000
    outer loop
      vertex  2.910347e+001  2.699577e+001  2.610000e+001
      vertex  2.928217e+001  2.728017e+001  2.700000e+001
      vertex  2.928217e+001  2.728017e+001  2.610000e+001
    endloop
  endfacet
  facet normal -9.438832e-001  3.302794e-001  0.000000e+000
    outer loop
      vertex  2.928217e+001  2.728017e+001  2.610000e+001
      vertex  2.928217e+001  2.728017e+001  2.700000e+001
      vertex  2.939311e+001  2.759722e+001  2.700000e+001
    endloop
  endfacet
  facet normal -9.438832e-001  3.302794e-001  0.000000e+000
    outer loop
      vertex  2.928217e+001  2.728017e+001  2.610000e+001
      vertex  2.939311e+001  2.759722e+001  2.700000e+001
      vertex  2.939311e+001  2.759722e+001  2.610000e+001
    endloop
  endfacet
  facet normal -9.937124e-001  1.119621e-001  0.000000e+000
    outer loop
      vertex  2.939311e+001  2.759722e+001  2.610000e+001
      vertex  2.939311e+001  2.759722e+001  2.700000e+001
      vertex  2.943072e+001  2.793100e+001  2.700000e+001
    endloop
  endfacet
  facet normal -9.937124e-001  1.119621e-001  0.000000e+000
    outer loop
      vertex  2.939311e+001  2.759722e+001  2.610000e+001
      vertex  2.943072e+001  2.793100e+001  2.700000e+001
      vertex  2.943072e+001  2.793100e+001  2.610000e+001
    endloop
  endfacet
  facet normal -1.119671e-001  9.937119e-001  0.000000e+000
    outer loop
      vertex  2.826450e+001  2.646861e+001  2.700000e+001
      vertex  2.793072e+001  2.643100e+001  2.610000e+001
      vertex  2.793072e+001  2.643100e+001  2.700000e+001
    endloop
  endfacet
  facet normal  1.119677e-001  9.937118e-001  0.000000e+000
    outer loop
      vertex  2.793072e+001  2.643100e+001  2.700000e+001
      vertex  2.793072e+001  2.643100e+001  2.610000e+001
      vertex  2.759694e+001  2.646861e+001  2.610000e+001
    endloop
  endfacet
  facet normal  1.119677e-001  9.937118e-001  -0.000000e+000
    outer loop
      vertex  2.793072e+001  2.643100e+001  2.700000e+001
      vertex  2.759694e+001  2.646861e+001  2.610000e+001
      vertex  2.759694e+001  2.646861e+001  2.700000e+001
    endloop
  endfacet
  facet normal  3.302743e-001  9.438850e-001  0.000000e+000
    outer loop
      vertex  2.759694e+001  2.646861e+001  2.700000e+001
      vertex  2.759694e+001  2.646861e+001  2.610000e+001
      vertex  2.727989e+001  2.657955e+001  2.610000e+001
    endloop
  endfacet
  facet normal  3.302743e-001  9.438850e-001  -0.000000e+000
    outer loop
      vertex  2.759694e+001  2.646861e+001  2.700000e+001
      vertex  2.727989e+001  2.657955e+001  2.610000e+001
      vertex  2.727989e+001  2.657955e+001  2.700000e+001
    endloop
  endfacet
  facet normal  5.320350e-001  8.467224e-001  0.000000e+000
    outer loop
      vertex  2.727989e+001  2.657955e+001  2.700000e+001
      vertex  2.727989e+001  2.657955e+001  2.610000e+001
      vertex  2.699548e+001  2.675825e+001  2.610000e+001
    endloop
  endfacet
  facet normal  5.320350e-001  8.467224e-001  -0.000000e+000
    outer loop
      vertex  2.727989e+001  2.657955e+001  2.700000e+001
      vertex  2.699548e+001  2.675825e+001  2.610000e+001
      vertex  2.699548e+001  2.675825e+001  2.700000e+001
    endloop
  endfacet
  facet normal  7.071068e-001  7.071068e-001  0.000000e+000
    outer loop
      vertex  2.699548e+001  2.675825e+001  2.700000e+001
      vertex  2.699548e+001  2.675825e+001  2.610000e+001
      vertex  2.675797e+001  2.699577e+001  2.610000e+001
    endloop
  endfacet
  facet normal  7.071068e-001  7.071068e-001  -0.000000e+000
    outer loop
      vertex  2.699548e+001  2.675825e+001  2.700000e+001
      vertex  2.675797e+001  2.699577e+001  2.610000e+001
      vertex  2.675797e+001  2.699577e+001  2.700000e+001
    endloop
  endfacet
  facet normal  8.467224e-001  5.320350e-001  0.000000e+000
    outer loop
      vertex  2.675797e+001  2.699577e+001  2.700000e+001
      vertex  2.675797e+001  2.699577e+001  2.610000e+001
      vertex  2.657926e+001  2.728017e+001  2.610000e+001
    endloop
  endfacet
  facet normal  8.467224e-001  5.320350e-001  -0.000000e+000
    outer loop
      vertex  2.675797e+001  2.699577e+001  2.700000e+001
      vertex  2.657926e+001  2.728017e+001  2.610000e+001
      vertex  2.657926e+001  2.728017e+001  2.700000e+001
    endloop
  endfacet
  facet normal  9.438850e-001  3.302743e-001  0.000000e+000
    outer loop
      vertex  2.657926e+001  2.728017e+001  2.700000e+001
      vertex  2.657926e+001  2.728017e+001  2.610000e+001
      vertex  2.646833e+001  2.759722e+001  2.610000e+001
    endloop
  endfacet
  facet normal  9.438850e-001  3.302743e-001  -0.000000e+000
    outer loop
      vertex  2.657926e+001  2.728017e+001  2.700000e+001
      vertex  2.646833e+001  2.759722e+001  2.610000e+001
      vertex  2.646833e+001  2.759722e+001  2.700000e+001
    endloop
  endfacet
  facet normal  9.937118e-001  1.119677e-001  0.000000e+000
    outer loop
      vertex  2.646833e+001  2.759722e+001  2.700000e+001
      vertex  2.646833e+001  2.759722e+001  2.610000e+001
      vertex  2.643072e+001  2.793100e+001  2.610000e+001
    endloop
  endfacet
  facet normal  9.937118e-001  1.119677e-001  -0.000000e+000
    outer loop
      vertex  2.646833e+001  2.759722e+001  2.700000e+001
      vertex  2.643072e+001  2.793100e+001  2.610000e+001
      vertex  2.643072e+001  2.793100e+001  2.700000e+001
    endloop
  endfacet
  facet normal  1.119673e-001 -9.937119e-001  0.000000e+000
    outer loop
      vertex  0.000000e+000  4.100000e+001  2.610000e+001
      vertex -3.337814e-001  4.096239e+001  2.700000e+001
      vertex -3.337814e-001  4.096239e+001  2.610000e+001
    endloop
  endfacet
  facet normal  3.302802e-001 -9.438829e-001  0.000000e+000
    outer loop
      vertex -3.337814e-001  4.096239e+001  2.610000e+001
      vertex -3.337814e-001  4.096239e+001  2.700000e+001
      vertex -6.508256e-001  4.085145e+001  2.700000e+001
    endloop
  endfacet
  facet normal  3.302802e-001 -9.438829e-001  0.000000e+000
    outer loop
      vertex -3.337814e-001  4.096239e+001  2.610000e+001
      vertex -6.508256e-001  4.085145e+001  2.700000e+001
      vertex -6.508256e-001  4.085145e+001  2.610000e+001
    endloop
  endfacet
  facet normal  5.320261e-001 -8.467279e-001  0.000000e+000
    outer loop
      vertex -6.508256e-001  4.085145e+001  2.610000e+001
      vertex -6.508256e-001  4.085145e+001  2.700000e+001
      vertex -9.352347e-001  4.067275e+001  2.700000e+001
    endloop
  endfacet
  facet normal  5.320261e-001 -8.467279e-001  0.000000e+000
    outer loop
      vertex -6.508256e-001  4.085145e+001  2.610000e+001
      vertex -9.352347e-001  4.067275e+001  2.700000e+001
      vertex -9.352347e-001  4.067275e+001  2.610000e+001
    endloop
  endfacet
  facet normal  7.071097e-001 -7.071038e-001  0.000000e+000
    outer loop
      vertex -9.352347e-001  4.067275e+001  2.610000e+001
      vertex -9.352347e-001  4.067275e+001  2.700000e+001
      vertex -1.172747e+000  4.043523e+001  2.700000e+001
    endloop
  endfacet
  facet normal  7.071097e-001 -7.071038e-001  0.000000e+000
    outer loop
      vertex -9.352347e-001  4.067275e+001  2.610000e+001
      vertex -1.172747e+000  4.043523e+001  2.700000e+001
      vertex -1.172747e+000  4.043523e+001  2.610000e+001
    endloop
  endfacet
  facet normal  8.467238e-001 -5.320327e-001  0.000000e+000
    outer loop
      vertex -1.172747e+000  4.043523e+001  2.610000e+001
      vertex -1.172747e+000  4.043523e+001  2.700000e+001
      vertex -1.351453e+000  4.015083e+001  2.700000e+001
    endloop
  endfacet
  facet normal  8.467238e-001 -5.320327e-001  0.000000e+000
    outer loop
      vertex -1.172747e+000  4.043523e+001  2.610000e+001
      vertex -1.351453e+000  4.015083e+001  2.700000e+001
      vertex -1.351453e+000  4.015083e+001  2.610000e+001
    endloop
  endfacet
  facet normal  9.438831e-001 -3.302799e-001  0.000000e+000
    outer loop
      vertex -1.351453e+000  4.015083e+001  2.610000e+001
      vertex -1.351453e+000  4.015083e+001  2.700000e+001
      vertex -1.462392e+000  3.983378e+001  2.700000e+001
    endloop
  endfacet
  facet normal  9.438831e-001 -3.302799e-001  0.000000e+000
    outer loop
      vertex -1.351453e+000  4.015083e+001  2.610000e+001
      vertex -1.462392e+000  3.983378e+001  2.700000e+001
      vertex -1.462392e+000  3.983378e+001  2.610000e+001
    endloop
  endfacet
  facet normal  9.937122e-001 -1.119642e-001  0.000000e+000
    outer loop
      vertex -1.462392e+000  3.983378e+001  2.610000e+001
      vertex -1.462392e+000  3.983378e+001  2.700000e+001
      vertex -1.500000e+000  3.950000e+001  2.700000e+001
    endloop
  endfacet
  facet normal  9.937122e-001 -1.119642e-001  0.000000e+000
    outer loop
      vertex -1.462392e+000  3.983378e+001  2.610000e+001
      vertex -1.500000e+000  3.950000e+001  2.700000e+001
      vertex -1.500000e+000  3.950000e+001  2.610000e+001
    endloop
  endfacet
  facet normal  1.119673e-001 -9.937119e-001  0.000000e+000
    outer loop
      vertex -3.337814e-001  4.096239e+001  2.700000e+001
      vertex  0.000000e+000  4.100000e+001  2.610000e+001
      vertex  0.000000e+000  4.100000e+001  2.700000e+001
    endloop
  endfacet
  facet normal -1.119673e-001 -9.937119e-001  -0.000000e+000
    outer loop
      vertex  0.000000e+000  4.100000e+001  2.700000e+001
      vertex  0.000000e+000  4.100000e+001  2.610000e+001
      vertex  3.337814e-001  4.096239e+001  2.610000e+001
    endloop
  endfacet
  facet normal -1.119673e-001 -9.937119e-001  0.000000e+000
    outer loop
      vertex  0.000000e+000  4.100000e+001  2.700000e+001
      vertex  3.337814e-001  4.096239e+001  2.610000e+001
      vertex  3.337814e-001  4.096239e+001  2.700000e+001
    endloop
  endfacet
  facet normal -3.302802e-001 -9.438829e-001  -0.000000e+000
    outer loop
      vertex  3.337814e-001  4.096239e+001  2.700000e+001
      vertex  3.337814e-001  4.096239e+001  2.610000e+001
      vertex  6.508256e-001  4.085145e+001  2.610000e+001
    endloop
  endfacet
  facet normal -3.302802e-001 -9.438829e-001  0.000000e+000
    outer loop
      vertex  3.337814e-001  4.096239e+001  2.700000e+001
      vertex  6.508256e-001  4.085145e+001  2.610000e+001
      vertex  6.508256e-001  4.085145e+001  2.700000e+001
    endloop
  endfacet
  facet normal -5.320261e-001 -8.467279e-001  -0.000000e+000
    outer loop
      vertex  6.508256e-001  4.085145e+001  2.700000e+001
      vertex  6.508256e-001  4.085145e+001  2.610000e+001
      vertex  9.352347e-001  4.067275e+001  2.610000e+001
    endloop
  endfacet
  facet normal -5.320261e-001 -8.467279e-001  0.000000e+000
    outer loop
      vertex  6.508256e-001  4.085145e+001  2.700000e+001
      vertex  9.352347e-001  4.067275e+001  2.610000e+001
      vertex  9.352347e-001  4.067275e+001  2.700000e+001
    endloop
  endfacet
  facet normal -7.071097e-001 -7.071038e-001  -0.000000e+000
    outer loop
      vertex  9.352347e-001  4.067275e+001  2.700000e+001
      vertex  9.352347e-001  4.067275e+001  2.610000e+001
      vertex  1.172747e+000  4.043523e+001  2.610000e+001
    endloop
  endfacet
  facet normal -7.071097e-001 -7.071038e-001  0.000000e+000
    outer loop
      vertex  9.352347e-001  4.067275e+001  2.700000e+001
      vertex  1.172747e+000  4.043523e+001  2.610000e+001
      vertex  1.172747e+000  4.043523e+001  2.700000e+001
    endloop
  endfacet
  facet normal -8.467238e-001 -5.320327e-001  -0.000000e+000
    outer loop
      vertex  1.172747e+000  4.043523e+001  2.700000e+001
      vertex  1.172747e+000  4.043523e+001  2.610000e+001
      vertex  1.351453e+000  4.015083e+001  2.610000e+001
    endloop
  endfacet
  facet normal -8.467238e-001 -5.320327e-001  0.000000e+000
    outer loop
      vertex  1.172747e+000  4.043523e+001  2.700000e+001
      vertex  1.351453e+000  4.015083e+001  2.610000e+001
      vertex  1.351453e+000  4.015083e+001  2.700000e+001
    endloop
  endfacet
  facet normal -9.438831e-001 -3.302799e-001  -0.000000e+000
    outer loop
      vertex  1.351453e+000  4.015083e+001  2.700000e+001
      vertex  1.351453e+000  4.015083e+001  2.610000e+001
      vertex  1.462392e+000  3.983378e+001  2.610000e+001
    endloop
  endfacet
  facet normal -9.438831e-001 -3.302799e-001  0.000000e+000
    outer loop
      vertex  1.351453e+000  4.015083e+001  2.700000e+001
      vertex  1.462392e+000  3.983378e+001  2.610000e+001
      vertex  1.462392e+000  3.983378e+001  2.700000e+001
    endloop
  endfacet
  facet normal -9.937122e-001 -1.119642e-001  -0.000000e+000
    outer loop
      vertex  1.462392e+000  3.983378e+001  2.700000e+001
      vertex  1.462392e+000  3.983378e+001  2.610000e+001
      vertex  1.500000e+000  3.950000e+001  2.610000e+001
    endloop
  endfacet
  facet normal -9.937122e-001 -1.119642e-001  0.000000e+000
    outer loop
      vertex  1.462392e+000  3.983378e+001  2.700000e+001
      vertex  1.500000e+000  3.950000e+001  2.610000e+001
      vertex  1.500000e+000  3.950000e+001  2.700000e+001
    endloop
  endfacet
  facet normal -1.119673e-001  9.937119e-001  0.000000e+000
    outer loop
      vertex  0.000000e+000  3.800000e+001  2.610000e+001
      vertex  3.337814e-001  3.803761e+001  2.700000e+001
      vertex  3.337814e-001  3.803761e+001  2.610000e+001
    endloop
  endfacet
  facet normal -3.302802e-001  9.438829e-001  0.000000e+000
    outer loop
      vertex  3.337814e-001  3.803761e+001  2.610000e+001
      vertex  3.337814e-001  3.803761e+001  2.700000e+001
      vertex  6.508256e-001  3.814855e+001  2.700000e+001
    endloop
  endfacet
  facet normal -3.302802e-001  9.438829e-001  0.000000e+000
    outer loop
      vertex  3.337814e-001  3.803761e+001  2.610000e+001
      vertex  6.508256e-001  3.814855e+001  2.700000e+001
      vertex  6.508256e-001  3.814855e+001  2.610000e+001
    endloop
  endfacet
  facet normal -5.320261e-001  8.467279e-001  0.000000e+000
    outer loop
      vertex  6.508256e-001  3.814855e+001  2.610000e+001
      vertex  6.508256e-001  3.814855e+001  2.700000e+001
      vertex  9.352347e-001  3.832725e+001  2.700000e+001
    endloop
  endfacet
  facet normal -5.320261e-001  8.467279e-001  0.000000e+000
    outer loop
      vertex  6.508256e-001  3.814855e+001  2.610000e+001
      vertex  9.352347e-001  3.832725e+001  2.700000e+001
      vertex  9.352347e-001  3.832725e+001  2.610000e+001
    endloop
  endfacet
  facet normal -7.071097e-001  7.071038e-001  0.000000e+000
    outer loop
      vertex  9.352347e-001  3.832725e+001  2.610000e+001
      vertex  9.352347e-001  3.832725e+001  2.700000e+001
      vertex  1.172747e+000  3.856477e+001  2.700000e+001
    endloop
  endfacet
  facet normal -7.071097e-001  7.071038e-001  0.000000e+000
    outer loop
      vertex  9.352347e-001  3.832725e+001  2.610000e+001
      vertex  1.172747e+000  3.856477e+001  2.700000e+001
      vertex  1.172747e+000  3.856477e+001  2.610000e+001
    endloop
  endfacet
  facet normal -8.467238e-001  5.320327e-001  0.000000e+000
    outer loop
      vertex  1.172747e+000  3.856477e+001  2.610000e+001
      vertex  1.172747e+000  3.856477e+001  2.700000e+001
      vertex  1.351453e+000  3.884917e+001  2.700000e+001
    endloop
  endfacet
  facet normal -8.467238e-001  5.320327e-001  0.000000e+000
    outer loop
      vertex  1.172747e+000  3.856477e+001  2.610000e+001
      vertex  1.351453e+000  3.884917e+001  2.700000e+001
      vertex  1.351453e+000  3.884917e+001  2.610000e+001
    endloop
  endfacet
  facet normal -9.438831e-001  3.302799e-001  0.000000e+000
    outer loop
      vertex  1.351453e+000  3.884917e+001  2.610000e+001
      vertex  1.351453e+000  3.884917e+001  2.700000e+001
      vertex  1.462392e+000  3.916622e+001  2.700000e+001
    endloop
  endfacet
  facet normal -9.438831e-001  3.302799e-001  0.000000e+000
    outer loop
      vertex  1.351453e+000  3.884917e+001  2.610000e+001
      vertex  1.462392e+000  3.916622e+001  2.700000e+001
      vertex  1.462392e+000  3.916622e+001  2.610000e+001
    endloop
  endfacet
  facet normal -9.937122e-001  1.119642e-001  0.000000e+000
    outer loop
      vertex  1.462392e+000  3.916622e+001  2.610000e+001
      vertex  1.462392e+000  3.916622e+001  2.700000e+001
      vertex  1.500000e+000  3.950000e+001  2.700000e+001
    endloop
  endfacet
  facet normal -9.937122e-001  1.119642e-001  0.000000e+000
    outer loop
      vertex  1.462392e+000  3.916622e+001  2.610000e+001
      vertex  1.500000e+000  3.950000e+001  2.700000e+001
      vertex  1.500000e+000  3.950000e+001  2.610000e+001
    endloop
  endfacet
  facet normal -1.119673e-001  9.937119e-001  0.000000e+000
    outer loop
      vertex  3.337814e-001  3.803761e+001  2.700000e+001
      vertex  0.000000e+000  3.800000e+001  2.610000e+001
      vertex  0.000000e+000  3.800000e+001  2.700000e+001
    endloop
  endfacet
  facet normal  1.119673e-001  9.937119e-001  0.000000e+000
    outer loop
      vertex  0.000000e+000  3.800000e+001  2.700000e+001
      vertex  0.000000e+000  3.800000e+001  2.610000e+001
      vertex -3.337814e-001  3.803761e+001  2.610000e+001
    endloop
  endfacet
  facet normal  1.119673e-001  9.937119e-001  -0.000000e+000
    outer loop
      vertex  0.000000e+000  3.800000e+001  2.700000e+001
      vertex -3.337814e-001  3.803761e+001  2.610000e+001
      vertex -3.337814e-001  3.803761e+001  2.700000e+001
    endloop
  endfacet
  facet normal  3.302802e-001  9.438829e-001  0.000000e+000
    outer loop
      vertex -3.337814e-001  3.803761e+001  2.700000e+001
      vertex -3.337814e-001  3.803761e+001  2.610000e+001
      vertex -6.508256e-001  3.814855e+001  2.610000e+001
    endloop
  endfacet
  facet normal  3.302802e-001  9.438829e-001  -0.000000e+000
    outer loop
      vertex -3.337814e-001  3.803761e+001  2.700000e+001
      vertex -6.508256e-001  3.814855e+001  2.610000e+001
      vertex -6.508256e-001  3.814855e+001  2.700000e+001
    endloop
  endfacet
  facet normal  5.320261e-001  8.467279e-001  0.000000e+000
    outer loop
      vertex -6.508256e-001  3.814855e+001  2.700000e+001
      vertex -6.508256e-001  3.814855e+001  2.610000e+001
      vertex -9.352347e-001  3.832725e+001  2.610000e+001
    endloop
  endfacet
  facet normal  5.320261e-001  8.467279e-001  -0.000000e+000
    outer loop
      vertex -6.508256e-001  3.814855e+001  2.700000e+001
      vertex -9.352347e-001  3.832725e+001  2.610000e+001
      vertex -9.352347e-001  3.832725e+001  2.700000e+001
    endloop
  endfacet
  facet normal  7.071097e-001  7.071038e-001  0.000000e+000
    outer loop
      vertex -9.352347e-001  3.832725e+001  2.700000e+001
      vertex -9.352347e-001  3.832725e+001  2.610000e+001
      vertex -1.172747e+000  3.856477e+001  2.610000e+001
    endloop
  endfacet
  facet normal  7.071097e-001  7.071038e-001  -0.000000e+000
    outer loop
      vertex -9.352347e-001  3.832725e+001  2.700000e+001
      vertex -1.172747e+000  3.856477e+001  2.610000e+001
      vertex -1.172747e+000  3.856477e+001  2.700000e+001
    endloop
  endfacet
  facet normal  8.467238e-001  5.320327e-001  0.000000e+000
    outer loop
      vertex -1.172747e+000  3.856477e+001  2.700000e+001
      vertex -1.172747e+000  3.856477e+001  2.610000e+001
      vertex -1.351453e+000  3.884917e+001  2.610000e+001
    endloop
  endfacet
  facet normal  8.467238e-001  5.320327e-001  -0.000000e+000
    outer loop
      vertex -1.172747e+000  3.856477e+001  2.700000e+001
      vertex -1.351453e+000  3.884917e+001  2.610000e+001
      vertex -1.351453e+000  3.884917e+001  2.700000e+001
    endloop
  endfacet
  facet normal  9.438831e-001  3.302799e-001  0.000000e+000
    outer loop
      vertex -1.351453e+000  3.884917e+001  2.700000e+001
      vertex -1.351453e+000  3.884917e+001  2.610000e+001
      vertex -1.462392e+000  3.916622e+001  2.610000e+001
    endloop
  endfacet
  facet normal  9.438831e-001  3.302799e-001  -0.000000e+000
    outer loop
      vertex -1.351453e+000  3.884917e+001  2.700000e+001
      vertex -1.462392e+000  3.916622e+001  2.610000e+001
      vertex -1.462392e+000  3.916622e+001  2.700000e+001
    endloop
  endfacet
  facet normal  9.937122e-001  1.119642e-001  0.000000e+000
    outer loop
      vertex -1.462392e+000  3.916622e+001  2.700000e+001
      vertex -1.462392e+000  3.916622e+001  2.610000e+001
      vertex -1.500000e+000  3.950000e+001  2.610000e+001
    endloop
  endfacet
  facet normal  9.937122e-001  1.119642e-001  -0.000000e+000
    outer loop
      vertex -1.462392e+000  3.916622e+001  2.700000e+001
      vertex -1.500000e+000  3.950000e+001  2.610000e+001
      vertex -1.500000e+000  3.950000e+001  2.700000e+001
    endloop
  endfacet
  facet normal  0.000000e+000  0.000000e+000 -1.000000e+000
    outer loop
      vertex  2.646833e+001  2.759722e+001  2.300000e+001
      vertex  2.492674e+001  2.734333e+001  2.300000e+001
      vertex  2.643072e+001  2.793100e+001  2.300000e+001
    endloop
  endfacet
  facet normal  0.000000e+000  0.000000e+000 -1.000000e+000
    outer loop
      vertex  2.492674e+001  2.734333e+001  2.300000e+001
      vertex  2.646833e+001  2.826478e+001  2.300000e+001
      vertex  2.643072e+001  2.793100e+001  2.300000e+001
    endloop
  endfacet
  facet normal  0.000000e+000  0.000000e+000 -1.000000e+000
    outer loop
      vertex -2.646833e+001  2.826478e+001  2.300000e+001
      vertex -2.492674e+001  2.734333e+001  2.300000e+001
      vertex -2.643072e+001  2.793100e+001  2.300000e+001
    endloop
  endfacet
  facet normal  0.000000e+000  0.000000e+000 -1.000000e+000
    outer loop
      vertex -2.492674e+001  2.734333e+001  2.300000e+001
      vertex -2.646833e+001  2.759722e+001  2.300000e+001
      vertex -2.643072e+001  2.793100e+001  2.300000e+001
    endloop
  endfacet
  facet normal  0.000000e+000  0.000000e+000 -1.000000e+000
    outer loop
      vertex  1.947799e+001  3.145803e+001  2.300000e+001
      vertex  2.699708e+001  3.217387e+001  2.300000e+001
      vertex  2.091005e+001  3.052491e+001  2.300000e+001
    endloop
  endfacet
  facet normal  0.000000e+000  0.000000e+000 -1.000000e+000
    outer loop
      vertex -2.952664e+001  2.229748e+001  2.300000e+001
      vertex -3.542244e+001  2.256658e+001  2.300000e+001
      vertex -2.846536e+001  2.363733e+001  2.300000e+001
    endloop
  endfacet
  facet normal  0.000000e+000  0.000000e+000 -1.000000e+000
    outer loop
      vertex -9.352347e-001  3.832725e+001  2.300000e+001
      vertex -1.774997e+001  3.806493e+001  2.300000e+001
      vertex -1.172747e+000  3.856477e+001  2.300000e+001
    endloop
  endfacet
  facet normal  0.000000e+000  -0.000000e+000 -1.000000e+000
    outer loop
      vertex -1.774997e+001  3.806493e+001  2.300000e+001
      vertex -9.352347e-001  3.832725e+001  2.300000e+001
      vertex -6.508256e-001  3.814855e+001  2.300000e+001
    endloop
  endfacet
  facet normal  0.000000e+000  0.000000e+000 -9.999999e-001
    outer loop
      vertex -6.798732e+000  3.637001e+001  2.300000e+001
      vertex -2.100000e+001  3.637307e+001  2.300000e+001
      vertex -5.111785e+000  3.664519e+001  2.300000e+001
    endloop
  endfacet
  facet normal  -0.000000e+000  0.000000e+000 -1.000000e+000
    outer loop
      vertex -1.175828e+001  3.508194e+001  2.300000e+001
      vertex -1.336594e+001  3.450147e+001  2.300000e+001
      vertex -2.409021e+001  3.440438e+001  2.300000e+001
    endloop
  endfacet
  facet normal  0.000000e+000  0.000000e+000 -9.999999e-001
    outer loop
      vertex -2.759694e+001  2.939339e+001  2.300000e+001
      vertex -2.793072e+001  2.943100e+001  2.300000e+001
      vertex -2.229748e+001  2.952664e+001  2.300000e+001
    endloop
  endfacet
  facet normal  0.000000e+000  0.000000e+000 -1.000000e+000
    outer loop
      vertex -2.492674e+001  2.734333e+001  2.300000e+001
      vertex -2.657926e+001  2.728017e+001  2.300000e+001
      vertex -2.646833e+001  2.759722e+001  2.300000e+001
    endloop
  endfacet
  facet normal  0.000000e+000  -0.000000e+000 -1.000000e+000
    outer loop
      vertex  9.352347e-001  3.832725e+001  2.300000e+001
      vertex  1.172747e+000  3.856477e+001  2.300000e+001
      vertex  1.774997e+001  3.806493e+001  2.300000e+001
    endloop
  endfacet
  facet normal  0.000000e+000  -0.000000e+000 -1.000000e+000
    outer loop
      vertex  6.508256e-001  3.814855e+001  2.300000e+001
      vertex  9.352347e-001  3.832725e+001  2.300000e+001
      vertex  1.774997e+001  3.806493e+001  2.300000e+001
    endloop
  endfacet
  facet normal  0.000000e+000  0.000000e+000 -9.999999e-001
    outer loop
      vertex  2.100000e+001  3.637307e+001  2.300000e+001
      vertex  6.798732e+000  3.637001e+001  2.300000e+001
      vertex  5.111785e+000  3.664519e+001  2.300000e+001
    endloop
  endfacet
  facet normal  -0.000000e+000  0.000000e+000 -9.999999e-001
    outer loop
      vertex  2.229748e+001  2.952664e+001  2.300000e+001
      vertex  2.793072e+001  2.943100e+001  2.300000e+001
      vertex  2.759694e+001  2.939339e+001  2.300000e+001
    endloop
  endfacet
  facet normal  0.000000e+000  0.000000e+000 -1.000000e+000
    outer loop
      vertex  2.657926e+001  2.728017e+001  2.300000e+001
      vertex  2.492674e+001  2.734333e+001  2.300000e+001
      vertex  2.646833e+001  2.759722e+001  2.300000e+001
    endloop
  endfacet
  facet normal  -0.000000e+000  0.000000e+000 -1.000000e+000
    outer loop
      vertex  2.837479e+001  3.096565e+001  2.300000e+001
      vertex  2.969848e+001  2.969848e+001  2.300000e+001
      vertex  2.793072e+001  2.943100e+001  2.300000e+001
    endloop
  endfacet
  facet normal  0.000000e+000  0.000000e+000 -1.000000e+000
    outer loop
      vertex  2.826450e+001  2.939339e+001  2.300000e+001
      vertex  2.793072e+001  2.943100e+001  2.300000e+001
      vertex  2.969848e+001  2.969848e+001  2.300000e+001
    endloop
  endfacet
  facet normal  0.000000e+000  0.000000e+000 -1.000000e+000
    outer loop
      vertex  2.858154e+001  2.928245e+001  2.300000e+001
      vertex  2.826450e+001  2.939339e+001  2.300000e+001
      vertex  2.969848e+001  2.969848e+001  2.300000e+001
    endloop
  endfacet
  facet normal  0.000000e+000  0.000000e+000 -1.000000e+000
    outer loop
      vertex  3.542244e+001  2.256658e+001  2.300000e+001
      vertex  2.952664e+001  2.229748e+001  2.300000e+001
      vertex  2.846536e+001  2.363733e+001  2.300000e+001
    endloop
  endfacet
  facet normal  0.000000e+000  -0.000000e+000 -1.000000e+000
    outer loop
      vertex -2.699708e+001  3.217387e+001  2.300000e+001
      vertex -2.556798e+001  3.332084e+001  2.300000e+001
      vertex -1.649232e+001  3.312104e+001  2.300000e+001
    endloop
  endfacet
  facet normal  0.000000e+000  0.000000e+000 -1.000000e+000
    outer loop
      vertex -2.699708e+001  3.217387e+001  2.300000e+001
      vertex -1.649232e+001  3.312104e+001  2.300000e+001
      vertex -1.800437e+001  3.232403e+001  2.300000e+001
    endloop
  endfacet
  facet normal  0.000000e+000  0.000000e+000 -1.000000e+000
    outer loop
      vertex -2.699708e+001  3.217387e+001  2.300000e+001
      vertex -1.800437e+001  3.232403e+001  2.300000e+001
      vertex -1.947799e+001  3.145803e+001  2.300000e+001
    endloop
  endfacet
  facet normal  -0.000000e+000  0.000000e+000 -1.000000e+000
    outer loop
      vertex -2.699708e+001  3.217387e+001  2.300000e+001
      vertex -1.947799e+001  3.145803e+001  2.300000e+001
      vertex -2.091005e+001  3.052491e+001  2.300000e+001
    endloop
  endfacet
  facet normal  -0.000000e+000  0.000000e+000 -1.000000e+000
    outer loop
      vertex -2.699708e+001  3.217387e+001  2.300000e+001
      vertex -2.091005e+001  3.052491e+001  2.300000e+001
      vertex -2.229748e+001  2.952664e+001  2.300000e+001
    endloop
  endfacet
  facet normal  -0.000000e+000  0.000000e+000 -1.000000e+000
    outer loop
      vertex -2.699708e+001  3.217387e+001  2.300000e+001
      vertex -2.229748e+001  2.952664e+001  2.300000e+001
      vertex -2.793072e+001  2.943100e+001  2.300000e+001
    endloop
  endfacet
  facet normal  0.000000e+000  0.000000e+000 -9.999999e-001
    outer loop
      vertex -2.699708e+001  3.217387e+001  2.300000e+001
      vertex -2.793072e+001  2.943100e+001  2.300000e+001
      vertex -2.837479e+001  3.096565e+001  2.300000e+001
    endloop
  endfacet
  facet normal  0.000000e+000  0.000000e+000 -1.000000e+000
    outer loop
      vertex -3.096565e+001  2.837479e+001  2.300000e+001
      vertex -2.858154e+001  2.928245e+001  2.300000e+001
      vertex -2.886595e+001  2.910375e+001  2.300000e+001
    endloop
  endfacet
  facet normal  0.000000e+000  0.000000e+000 -1.000000e+000
    outer loop
      vertex -3.096565e+001  2.837479e+001  2.300000e+001
      vertex -2.886595e+001  2.910375e+001  2.300000e+001
      vertex -2.910347e+001  2.886623e+001  2.300000e+001
    endloop
  endfacet
  facet normal  0.000000e+000  0.000000e+000 -1.000000e+000
    outer loop
      vertex -3.096565e+001  2.837479e+001  2.300000e+001
      vertex -2.910347e+001  2.886623e+001  2.300000e+001
      vertex -2.928217e+001  2.858183e+001  2.300000e+001
    endloop
  endfacet
  facet normal  0.000000e+000  0.000000e+000 -1.000000e+000
    outer loop
      vertex -3.096565e+001  2.837479e+001  2.300000e+001
      vertex -2.928217e+001  2.858183e+001  2.300000e+001
      vertex -2.939311e+001  2.826478e+001  2.300000e+001
    endloop
  endfacet
  facet normal  0.000000e+000  -0.000000e+000 -1.000000e+000
    outer loop
      vertex -2.969848e+001  2.969848e+001  2.300000e+001
      vertex -2.837479e+001  3.096565e+001  2.300000e+001
      vertex -2.793072e+001  2.943100e+001  2.300000e+001
    endloop
  endfacet
  facet normal  -0.000000e+000  0.000000e+000 -1.000000e+000
    outer loop
      vertex -2.969848e+001  2.969848e+001  2.300000e+001
      vertex -2.793072e+001  2.943100e+001  2.300000e+001
      vertex -2.826450e+001  2.939339e+001  2.300000e+001
    endloop
  endfacet
  facet normal  -0.000000e+000  0.000000e+000 -1.000000e+000
    outer loop
      vertex -2.969848e+001  2.969848e+001  2.300000e+001
      vertex -2.826450e+001  2.939339e+001  2.300000e+001
      vertex -2.858154e+001  2.928245e+001  2.300000e+001
    endloop
  endfacet
  facet normal  -0.000000e+000  0.000000e+000 -1.000000e+000
    outer loop
      vertex -2.969848e+001  2.969848e+001  2.300000e+001
      vertex -2.858154e+001  2.928245e+001  2.300000e+001
      vertex -3.096565e+001  2.837479e+001  2.300000e+001
    endloop
  endfacet
  facet normal  0.000000e+000  -0.000000e+000 -1.000000e+000
    outer loop
      vertex -3.217387e+001  2.699708e+001  2.300000e+001
      vertex -3.096565e+001  2.837479e+001  2.300000e+001
      vertex -2.939311e+001  2.826478e+001  2.300000e+001
    endloop
  endfacet
  facet normal  0.000000e+000  0.000000e+000 -1.000000e+000
    outer loop
      vertex -3.217387e+001  2.699708e+001  2.300000e+001
      vertex -2.939311e+001  2.826478e+001  2.300000e+001
      vertex -2.943072e+001  2.793100e+001  2.300000e+001
    endloop
  endfacet
  facet normal  0.000000e+000  -0.000000e+000 -9.999999e-001
    outer loop
      vertex -3.217387e+001  2.699708e+001  2.300000e+001
      vertex -2.943072e+001  2.793100e+001  2.300000e+001
      vertex -2.939311e+001  2.759722e+001  2.300000e+001
    endloop
  endfacet
  facet normal  0.000000e+000  -0.000000e+000 -1.000000e+000
    outer loop
      vertex -3.217387e+001  2.699708e+001  2.300000e+001
      vertex -2.939311e+001  2.759722e+001  2.300000e+001
      vertex -2.928217e+001  2.728017e+001  2.300000e+001
    endloop
  endfacet
  facet normal  0.000000e+000  -0.000000e+000 -9.999999e-001
    outer loop
      vertex -3.217387e+001  2.699708e+001  2.300000e+001
      vertex -2.928217e+001  2.728017e+001  2.300000e+001
      vertex -2.910347e+001  2.699577e+001  2.300000e+001
    endloop
  endfacet
  facet normal  0.000000e+000  -0.000000e+000 -1.000000e+000
    outer loop
      vertex -3.332084e+001  2.556798e+001  2.300000e+001
      vertex -3.217387e+001  2.699708e+001  2.300000e+001
      vertex -2.910347e+001  2.699577e+001  2.300000e+001
    endloop
  endfacet
  facet normal  0.000000e+000  -0.000000e+000 -1.000000e+000
    outer loop
      vertex -3.332084e+001  2.556798e+001  2.300000e+001
      vertex -2.910347e+001  2.699577e+001  2.300000e+001
      vertex -2.886595e+001  2.675825e+001  2.300000e+001
    endloop
  endfacet
  facet normal  0.000000e+000  -0.000000e+000 -1.000000e+000
    outer loop
      vertex -3.332084e+001  2.556798e+001  2.300000e+001
      vertex -2.886595e+001  2.675825e+001  2.300000e+001
      vertex -2.858154e+001  2.657955e+001  2.300000e+001
    endloop
  endfacet
  facet normal  0.000000e+000  -0.000000e+000 -1.000000e+000
    outer loop
      vertex -3.332084e+001  2.556798e+001  2.300000e+001
      vertex -2.858154e+001  2.657955e+001  2.300000e+001
      vertex -2.826450e+001  2.646861e+001  2.300000e+001
    endloop
  endfacet
  facet normal  0.000000e+000  -0.000000e+000 -1.000000e+000
    outer loop
      vertex -3.332084e+001  2.556798e+001  2.300000e+001
      vertex -2.826450e+001  2.646861e+001  2.300000e+001
      vertex -2.793072e+001  2.643100e+001  2.300000e+001
    endloop
  endfacet
  facet normal  0.000000e+000  -0.000000e+000 -1.000000e+000
    outer loop
      vertex -3.332084e+001  2.556798e+001  2.300000e+001
      vertex -2.793072e+001  2.643100e+001  2.300000e+001
      vertex -2.734333e+001  2.492674e+001  2.300000e+001
    endloop
  endfacet
  facet normal  -0.000000e+000  0.000000e+000 -1.000000e+000
    outer loop
      vertex -3.332084e+001  2.556798e+001  2.300000e+001
      vertex -2.734333e+001  2.492674e+001  2.300000e+001
      vertex -2.846536e+001  2.363733e+001  2.300000e+001
    endloop
  endfacet
  facet normal  -0.000000e+000  0.000000e+000 -1.000000e+000
    outer loop
      vertex -3.332084e+001  2.556798e+001  2.300000e+001
      vertex -2.846536e+001  2.363733e+001  2.300000e+001
      vertex -3.542244e+001  2.256658e+001  2.300000e+001
    endloop
  endfacet
  facet normal  0.000000e+000  0.000000e+000 -1.000000e+000
    outer loop
      vertex -3.332084e+001  2.556798e+001  2.300000e+001
      vertex -3.542244e+001  2.256658e+001  2.300000e+001
      vertex -3.440438e+001  2.409021e+001  2.300000e+001
    endloop
  endfacet
  facet normal  0.000000e+000  0.000000e+000 -9.999999e-001
    outer loop
      vertex  0.000000e+000  4.100000e+001  2.300000e+001
      vertex -9.090464e+000  4.100443e+001  2.300000e+001
      vertex -7.293223e+000  4.136193e+001  2.300000e+001
    endloop
  endfacet
  facet normal  0.000000e+000  0.000000e+000 -1.000000e+000
    outer loop
      vertex  0.000000e+000  4.100000e+001  2.300000e+001
      vertex -7.293223e+000  4.136193e+001  2.300000e+001
      vertex -5.482100e+000  4.164069e+001  2.300000e+001
    endloop
  endfacet
  facet normal  0.000000e+000  0.000000e+000 -1.000000e+000
    outer loop
      vertex  0.000000e+000  4.100000e+001  2.300000e+001
      vertex -5.482100e+000  4.164069e+001  2.300000e+001
      vertex -3.660541e+000  4.184018e+001  2.300000e+001
    endloop
  endfacet
  facet normal  0.000000e+000  0.000000e+000 -1.000000e+000
    outer loop
      vertex  0.000000e+000  4.100000e+001  2.300000e+001
      vertex -3.660541e+000  4.184018e+001  2.300000e+001
      vertex -1.832014e+000  4.196003e+001  2.300000e+001
    endloop
  endfacet
  facet normal  0.000000e+000  0.000000e+000 -9.999999e-001
    outer loop
      vertex  0.000000e+000  4.100000e+001  2.300000e+001
      vertex -1.832014e+000  4.196003e+001  2.300000e+001
      vertex  2.571673e-015  4.200000e+001  2.300000e+001
    endloop
  endfacet
  facet normal  0.000000e+000  -0.000000e+000 -9.999999e-001
    outer loop
      vertex  0.000000e+000  4.100000e+001  2.300000e+001
      vertex  2.571673e-015  4.200000e+001  2.300000e+001
      vertex  1.832014e+000  4.196003e+001  2.300000e+001
    endloop
  endfacet
  facet normal  0.000000e+000  -0.000000e+000 -1.000000e+000
    outer loop
      vertex  0.000000e+000  4.100000e+001  2.300000e+001
      vertex  1.832014e+000  4.196003e+001  2.300000e+001
      vertex  3.660541e+000  4.184018e+001  2.300000e+001
    endloop
  endfacet
  facet normal  0.000000e+000  -0.000000e+000 -1.000000e+000
    outer loop
      vertex  0.000000e+000  4.100000e+001  2.300000e+001
      vertex  3.660541e+000  4.184018e+001  2.300000e+001
      vertex  5.482100e+000  4.164069e+001  2.300000e+001
    endloop
  endfacet
  facet normal  0.000000e+000  -0.000000e+000 -1.000000e+000
    outer loop
      vertex  0.000000e+000  4.100000e+001  2.300000e+001
      vertex  5.482100e+000  4.164069e+001  2.300000e+001
      vertex  7.293223e+000  4.136193e+001  2.300000e+001
    endloop
  endfacet
  facet normal  0.000000e+000  -0.000000e+000 -9.999999e-001
    outer loop
      vertex  0.000000e+000  4.100000e+001  2.300000e+001
      vertex  7.293223e+000  4.136193e+001  2.300000e+001
      vertex  9.090464e+000  4.100443e+001  2.300000e+001
    endloop
  endfacet
  facet normal  0.000000e+000  -0.000000e+000 -1.000000e+000
    outer loop
      vertex  0.000000e+000  4.100000e+001  2.300000e+001
      vertex  9.090464e+000  4.100443e+001  2.300000e+001
      vertex  1.087040e+001  4.056889e+001  2.300000e+001
    endloop
  endfacet
  facet normal  0.000000e+000  -0.000000e+000 -1.000000e+000
    outer loop
      vertex -1.087040e+001  4.056889e+001  2.300000e+001
      vertex -9.090464e+000  4.100443e+001  2.300000e+001
      vertex  0.000000e+000  4.100000e+001  2.300000e+001
    endloop
  endfacet
  facet normal  0.000000e+000  0.000000e+000 -1.000000e+000
    outer loop
      vertex -1.087040e+001  4.056889e+001  2.300000e+001
      vertex  0.000000e+000  4.100000e+001  2.300000e+001
      vertex -3.337814e-001  4.096239e+001  2.300000e+001
    endloop
  endfacet
  facet normal  0.000000e+000  0.000000e+000 -1.000000e+000
    outer loop
      vertex -1.087040e+001  4.056889e+001  2.300000e+001
      vertex -3.337814e-001  4.096239e+001  2.300000e+001
      vertex -6.508256e-001  4.085145e+001  2.300000e+001
    endloop
  endfacet
  facet normal  0.000000e+000  0.000000e+000 -1.000000e+000
    outer loop
      vertex -1.087040e+001  4.056889e+001  2.300000e+001
      vertex -6.508256e-001  4.085145e+001  2.300000e+001
      vertex -9.352347e-001  4.067275e+001  2.300000e+001
    endloop
  endfacet
  facet normal  0.000000e+000  0.000000e+000 -1.000000e+000
    outer loop
      vertex -1.087040e+001  4.056889e+001  2.300000e+001
      vertex -9.352347e-001  4.067275e+001  2.300000e+001
      vertex -1.172747e+000  4.043523e+001  2.300000e+001
    endloop
  endfacet
  facet normal  -0.000000e+000  0.000000e+000 -1.000000e+000
    outer loop
      vertex -1.087040e+001  4.056889e+001  2.300000e+001
      vertex -1.172747e+000  4.043523e+001  2.300000e+001
      vertex -1.262964e+001  4.005611e+001  2.300000e+001
    endloop
  endfacet
  facet normal  0.000000e+000  -0.000000e+000 -1.000000e+000
    outer loop
      vertex -2.256658e+001  3.542244e+001  2.300000e+001
      vertex -2.100000e+001  3.637307e+001  2.300000e+001
      vertex -6.798732e+000  3.637001e+001  2.300000e+001
    endloop
  endfacet
  facet normal  0.000000e+000  0.000000e+000 -1.000000e+000
    outer loop
      vertex -2.256658e+001  3.542244e+001  2.300000e+001
      vertex -6.798732e+000  3.637001e+001  2.300000e+001
      vertex -8.471170e+000  3.601721e+001  2.300000e+001
    endloop
  endfacet
  facet normal  0.000000e+000  0.000000e+000 -1.000000e+000
    outer loop
      vertex -2.256658e+001  3.542244e+001  2.300000e+001
      vertex -8.471170e+000  3.601721e+001  2.300000e+001
      vertex -1.012553e+001  3.558755e+001  2.300000e+001
    endloop
  endfacet
  facet normal  0.000000e+000  0.000000e+000 -1.000000e+000
    outer loop
      vertex -2.256658e+001  3.542244e+001  2.300000e+001
      vertex -1.012553e+001  3.558755e+001  2.300000e+001
      vertex -1.175828e+001  3.508194e+001  2.300000e+001
    endloop
  endfacet
  facet normal  -0.000000e+000  0.000000e+000 -1.000000e+000
    outer loop
      vertex -2.256658e+001  3.542244e+001  2.300000e+001
      vertex -1.175828e+001  3.508194e+001  2.300000e+001
      vertex -2.409021e+001  3.440438e+001  2.300000e+001
    endloop
  endfacet
  facet normal  0.000000e+000  0.000000e+000 -1.000000e+000
    outer loop
      vertex -2.363733e+001  2.846536e+001  2.300000e+001
      vertex -2.492674e+001  2.734333e+001  2.300000e+001
      vertex -2.646833e+001  2.826478e+001  2.300000e+001
    endloop
  endfacet
  facet normal  0.000000e+000  0.000000e+000 -1.000000e+000
    outer loop
      vertex -2.363733e+001  2.846536e+001  2.300000e+001
      vertex -2.646833e+001  2.826478e+001  2.300000e+001
      vertex -2.657926e+001  2.858183e+001  2.300000e+001
    endloop
  endfacet
  facet normal  0.000000e+000  0.000000e+000 -1.000000e+000
    outer loop
      vertex -2.363733e+001  2.846536e+001  2.300000e+001
      vertex -2.657926e+001  2.858183e+001  2.300000e+001
      vertex -2.675797e+001  2.886623e+001  2.300000e+001
    endloop
  endfacet
  facet normal  0.000000e+000  0.000000e+000 -1.000000e+000
    outer loop
      vertex -2.363733e+001  2.846536e+001  2.300000e+001
      vertex -2.675797e+001  2.886623e+001  2.300000e+001
      vertex -2.699548e+001  2.910375e+001  2.300000e+001
    endloop
  endfacet
  facet normal  0.000000e+000  0.000000e+000 -1.000000e+000
    outer loop
      vertex -2.363733e+001  2.846536e+001  2.300000e+001
      vertex -2.699548e+001  2.910375e+001  2.300000e+001
      vertex -2.727989e+001  2.928245e+001  2.300000e+001
    endloop
  endfacet
  facet normal  0.000000e+000  0.000000e+000 -1.000000e+000
    outer loop
      vertex -2.363733e+001  2.846536e+001  2.300000e+001
      vertex -2.727989e+001  2.928245e+001  2.300000e+001
      vertex -2.759694e+001  2.939339e+001  2.300000e+001
    endloop
  endfacet
  facet normal  0.000000e+000  0.000000e+000 -1.000000e+000
    outer loop
      vertex -2.363733e+001  2.846536e+001  2.300000e+001
      vertex -2.759694e+001  2.939339e+001  2.300000e+001
      vertex -2.229748e+001  2.952664e+001  2.300000e+001
    endloop
  endfacet
  facet normal  0.000000e+000  0.000000e+000 -1.000000e+000
    outer loop
      vertex -2.616295e+001  2.616295e+001  2.300000e+001
      vertex -2.734333e+001  2.492674e+001  2.300000e+001
      vertex -2.793072e+001  2.643100e+001  2.300000e+001
    endloop
  endfacet
  facet normal  0.000000e+000  0.000000e+000 -1.000000e+000
    outer loop
      vertex -2.616295e+001  2.616295e+001  2.300000e+001
      vertex -2.793072e+001  2.643100e+001  2.300000e+001
      vertex -2.759694e+001  2.646861e+001  2.300000e+001
    endloop
  endfacet
  facet normal  0.000000e+000  0.000000e+000 -1.000000e+000
    outer loop
      vertex -2.616295e+001  2.616295e+001  2.300000e+001
      vertex -2.759694e+001  2.646861e+001  2.300000e+001
      vertex -2.727989e+001  2.657955e+001  2.300000e+001
    endloop
  endfacet
  facet normal  0.000000e+000  0.000000e+000 -1.000000e+000
    outer loop
      vertex -2.616295e+001  2.616295e+001  2.300000e+001
      vertex -2.727989e+001  2.657955e+001  2.300000e+001
      vertex -2.699548e+001  2.675825e+001  2.300000e+001
    endloop
  endfacet
  facet normal  0.000000e+000  0.000000e+000 -1.000000e+000
    outer loop
      vertex -2.616295e+001  2.616295e+001  2.300000e+001
      vertex -2.699548e+001  2.675825e+001  2.300000e+001
      vertex -2.675797e+001  2.699577e+001  2.300000e+001
    endloop
  endfacet
  facet normal  0.000000e+000  0.000000e+000 -1.000000e+000
    outer loop
      vertex -2.616295e+001  2.616295e+001  2.300000e+001
      vertex -2.675797e+001  2.699577e+001  2.300000e+001
      vertex -2.657926e+001  2.728017e+001  2.300000e+001
    endloop
  endfacet
  facet normal  0.000000e+000  0.000000e+000 -1.000000e+000
    outer loop
      vertex -2.616295e+001  2.616295e+001  2.300000e+001
      vertex -2.657926e+001  2.728017e+001  2.300000e+001
      vertex -2.492674e+001  2.734333e+001  2.300000e+001
    endloop
  endfacet
  facet normal  0.000000e+000  0.000000e+000 -1.000000e+000
    outer loop
      vertex  1.087040e+001  4.056889e+001  2.300000e+001
      vertex  1.262964e+001  4.005611e+001  2.300000e+001
      vertex  1.172747e+000  4.043523e+001  2.300000e+001
    endloop
  endfacet
  facet normal  0.000000e+000  0.000000e+000 -1.000000e+000
    outer loop
      vertex  1.087040e+001  4.056889e+001  2.300000e+001
      vertex  1.172747e+000  4.043523e+001  2.300000e+001
      vertex  9.352347e-001  4.067275e+001  2.300000e+001
    endloop
  endfacet
  facet normal  0.000000e+000  0.000000e+000 -1.000000e+000
    outer loop
      vertex  1.087040e+001  4.056889e+001  2.300000e+001
      vertex  9.352347e-001  4.067275e+001  2.300000e+001
      vertex  6.508256e-001  4.085145e+001  2.300000e+001
    endloop
  endfacet
  facet normal  0.000000e+000  0.000000e+000 -1.000000e+000
    outer loop
      vertex  1.087040e+001  4.056889e+001  2.300000e+001
      vertex  6.508256e-001  4.085145e+001  2.300000e+001
      vertex  3.337814e-001  4.096239e+001  2.300000e+001
    endloop
  endfacet
  facet normal  0.000000e+000  0.000000e+000 -1.000000e+000
    outer loop
      vertex  1.087040e+001  4.056889e+001  2.300000e+001
      vertex  3.337814e-001  4.096239e+001  2.300000e+001
      vertex  0.000000e+000  4.100000e+001  2.300000e+001
    endloop
  endfacet
  facet normal  0.000000e+000  0.000000e+000 -1.000000e+000
    outer loop
      vertex  2.363733e+001  2.846536e+001  2.300000e+001
      vertex  2.229748e+001  2.952664e+001  2.300000e+001
      vertex  2.759694e+001  2.939339e+001  2.300000e+001
    endloop
  endfacet
  facet normal  0.000000e+000  0.000000e+000 -1.000000e+000
    outer loop
      vertex  2.363733e+001  2.846536e+001  2.300000e+001
      vertex  2.759694e+001  2.939339e+001  2.300000e+001
      vertex  2.727989e+001  2.928245e+001  2.300000e+001
    endloop
  endfacet
  facet normal  0.000000e+000  0.000000e+000 -1.000000e+000
    outer loop
      vertex  2.363733e+001  2.846536e+001  2.300000e+001
      vertex  2.727989e+001  2.928245e+001  2.300000e+001
      vertex  2.699548e+001  2.910375e+001  2.300000e+001
    endloop
  endfacet
  facet normal  0.000000e+000  0.000000e+000 -1.000000e+000
    outer loop
      vertex  2.363733e+001  2.846536e+001  2.300000e+001
      vertex  2.699548e+001  2.910375e+001  2.300000e+001
      vertex  2.675797e+001  2.886623e+001  2.300000e+001
    endloop
  endfacet
  facet normal  0.000000e+000  0.000000e+000 -1.000000e+000
    outer loop
      vertex  2.363733e+001  2.846536e+001  2.300000e+001
      vertex  2.675797e+001  2.886623e+001  2.300000e+001
      vertex  2.657926e+001  2.858183e+001  2.300000e+001
    endloop
  endfacet
  facet normal  0.000000e+000  0.000000e+000 -1.000000e+000
    outer loop
      vertex  2.363733e+001  2.846536e+001  2.300000e+001
      vertex  2.657926e+001  2.858183e+001  2.300000e+001
      vertex  2.646833e+001  2.826478e+001  2.300000e+001
    endloop
  endfacet
  facet normal  -0.000000e+000  0.000000e+000 -1.000000e+000
    outer loop
      vertex  2.363733e+001  2.846536e+001  2.300000e+001
      vertex  2.646833e+001  2.826478e+001  2.300000e+001
      vertex  2.492674e+001  2.734333e+001  2.300000e+001
    endloop
  endfacet
  facet normal  0.000000e+000  0.000000e+000 -1.000000e+000
    outer loop
      vertex  2.616295e+001  2.616295e+001  2.300000e+001
      vertex  2.492674e+001  2.734333e+001  2.300000e+001
      vertex  2.657926e+001  2.728017e+001  2.300000e+001
    endloop
  endfacet
  facet normal  0.000000e+000  -0.000000e+000 -1.000000e+000
    outer loop
      vertex  2.616295e+001  2.616295e+001  2.300000e+001
      vertex  2.657926e+001  2.728017e+001  2.300000e+001
      vertex  2.675797e+001  2.699577e+001  2.300000e+001
    endloop
  endfacet
  facet normal  0.000000e+000  -0.000000e+000 -1.000000e+000
    outer loop
      vertex  2.616295e+001  2.616295e+001  2.300000e+001
      vertex  2.675797e+001  2.699577e+001  2.300000e+001
      vertex  2.699548e+001  2.675825e+001  2.300000e+001
    endloop
  endfacet
  facet normal  0.000000e+000  -0.000000e+000 -1.000000e+000
    outer loop
      vertex  2.616295e+001  2.616295e+001  2.300000e+001
      vertex  2.699548e+001  2.675825e+001  2.300000e+001
      vertex  2.727989e+001  2.657955e+001  2.300000e+001
    endloop
  endfacet
  facet normal  0.000000e+000  -0.000000e+000 -1.000000e+000
    outer loop
      vertex  2.616295e+001  2.616295e+001  2.300000e+001
      vertex  2.727989e+001  2.657955e+001  2.300000e+001
      vertex  2.759694e+001  2.646861e+001  2.300000e+001
    endloop
  endfacet
  facet normal  0.000000e+000  -0.000000e+000 -1.000000e+000
    outer loop
      vertex  2.616295e+001  2.616295e+001  2.300000e+001
      vertex  2.759694e+001  2.646861e+001  2.300000e+001
      vertex  2.793072e+001  2.643100e+001  2.300000e+001
    endloop
  endfacet
  facet normal  0.000000e+000  0.000000e+000 -1.000000e+000
    outer loop
      vertex  2.616295e+001  2.616295e+001  2.300000e+001
      vertex  2.793072e+001  2.643100e+001  2.300000e+001
      vertex  2.734333e+001  2.492674e+001  2.300000e+001
    endloop
  endfacet
  facet normal  0.000000e+000  0.000000e+000 -1.000000e+000
    outer loop
      vertex  3.096565e+001  2.837479e+001  2.300000e+001
      vertex  3.217387e+001  2.699708e+001  2.300000e+001
      vertex  2.939311e+001  2.826478e+001  2.300000e+001
    endloop
  endfacet
  facet normal  0.000000e+000  0.000000e+000 -1.000000e+000
    outer loop
      vertex  3.096565e+001  2.837479e+001  2.300000e+001
      vertex  2.939311e+001  2.826478e+001  2.300000e+001
      vertex  2.928217e+001  2.858183e+001  2.300000e+001
    endloop
  endfacet
  facet normal  0.000000e+000  0.000000e+000 -1.000000e+000
    outer loop
      vertex  3.096565e+001  2.837479e+001  2.300000e+001
      vertex  2.928217e+001  2.858183e+001  2.300000e+001
      vertex  2.910347e+001  2.886623e+001  2.300000e+001
    endloop
  endfacet
  facet normal  0.000000e+000  0.000000e+000 -1.000000e+000
    outer loop
      vertex  3.096565e+001  2.837479e+001  2.300000e+001
      vertex  2.910347e+001  2.886623e+001  2.300000e+001
      vertex  2.886595e+001  2.910375e+001  2.300000e+001
    endloop
  endfacet
  facet normal  0.000000e+000  0.000000e+000 -1.000000e+000
    outer loop
      vertex  3.096565e+001  2.837479e+001  2.300000e+001
      vertex  2.886595e+001  2.910375e+001  2.300000e+001
      vertex  2.858154e+001  2.928245e+001  2.300000e+001
    endloop
  endfacet
  facet normal  0.000000e+000  0.000000e+000 -1.000000e+000
    outer loop
      vertex  3.096565e+001  2.837479e+001  2.300000e+001
      vertex  2.858154e+001  2.928245e+001  2.300000e+001
      vertex  2.969848e+001  2.969848e+001  2.300000e+001
    endloop
  endfacet
  facet normal  0.000000e+000  0.000000e+000 -1.000000e+000
    outer loop
      vertex  3.217387e+001  2.699708e+001  2.300000e+001
      vertex  3.332084e+001  2.556798e+001  2.300000e+001
      vertex  2.910347e+001  2.699577e+001  2.300000e+001
    endloop
  endfacet
  facet normal  0.000000e+000  0.000000e+000 -9.999999e-001
    outer loop
      vertex  3.217387e+001  2.699708e+001  2.300000e+001
      vertex  2.910347e+001  2.699577e+001  2.300000e+001
      vertex  2.928217e+001  2.728017e+001  2.300000e+001
    endloop
  endfacet
  facet normal  0.000000e+000  0.000000e+000 -1.000000e+000
    outer loop
      vertex  3.217387e+001  2.699708e+001  2.300000e+001
      vertex  2.928217e+001  2.728017e+001  2.300000e+001
      vertex  2.939311e+001  2.759722e+001  2.300000e+001
    endloop
  endfacet
  facet normal  0.000000e+000  0.000000e+000 -9.999999e-001
    outer loop
      vertex  3.217387e+001  2.699708e+001  2.300000e+001
      vertex  2.939311e+001  2.759722e+001  2.300000e+001
      vertex  2.943072e+001  2.793100e+001  2.300000e+001
    endloop
  endfacet
  facet normal  0.000000e+000  0.000000e+000 -1.000000e+000
    outer loop
      vertex  3.217387e+001  2.699708e+001  2.300000e+001
      vertex  2.943072e+001  2.793100e+001  2.300000e+001
      vertex  2.939311e+001  2.826478e+001  2.300000e+001
    endloop
  endfacet
  facet normal  0.000000e+000  0.000000e+000 -1.000000e+000
    outer loop
      vertex  3.332084e+001  2.556798e+001  2.300000e+001
      vertex  2.793072e+001  2.643100e+001  2.300000e+001
      vertex  2.826450e+001  2.646861e+001  2.300000e+001
    endloop
  endfacet
  facet normal  0.000000e+000  0.000000e+000 -1.000000e+000
    outer loop
      vertex  3.332084e+001  2.556798e+001  2.300000e+001
      vertex  2.826450e+001  2.646861e+001  2.300000e+001
      vertex  2.858154e+001  2.657955e+001  2.300000e+001
    endloop
  endfacet
  facet normal  0.000000e+000  0.000000e+000 -1.000000e+000
    outer loop
      vertex  3.332084e+001  2.556798e+001  2.300000e+001
      vertex  2.858154e+001  2.657955e+001  2.300000e+001
      vertex  2.886595e+001  2.675825e+001  2.300000e+001
    endloop
  endfacet
  facet normal  0.000000e+000  0.000000e+000 -1.000000e+000
    outer loop
      vertex  3.332084e+001  2.556798e+001  2.300000e+001
      vertex  2.886595e+001  2.675825e+001  2.300000e+001
      vertex  2.910347e+001  2.699577e+001  2.300000e+001
    endloop
  endfacet
  facet normal  0.000000e+000  0.000000e+000 -1.000000e+000
    outer loop
      vertex  3.542244e+001  2.256658e+001  2.300000e+001
      vertex  2.846536e+001  2.363733e+001  2.300000e+001
      vertex  3.440438e+001  2.409021e+001  2.300000e+001
    endloop
  endfacet
  facet normal  -0.000000e+000  0.000000e+000 -9.999999e-001
    outer loop
      vertex  3.440438e+001  2.409021e+001  2.300000e+001
      vertex  2.846536e+001  2.363733e+001  2.300000e+001
      vertex  3.332084e+001  2.556798e+001  2.300000e+001
    endloop
  endfacet
  facet normal  0.000000e+000  0.000000e+000 -1.000000e+000
    outer loop
      vertex  2.846536e+001  2.363733e+001  2.300000e+001
      vertex  2.734333e+001  2.492674e+001  2.300000e+001
      vertex  3.332084e+001  2.556798e+001  2.300000e+001
    endloop
  endfacet
  facet normal  -0.000000e+000  0.000000e+000 -1.000000e+000
    outer loop
      vertex  3.332084e+001  2.556798e+001  2.300000e+001
      vertex  2.734333e+001  2.492674e+001  2.300000e+001
      vertex  2.793072e+001  2.643100e+001  2.300000e+001
    endloop
  endfacet
  facet normal  0.000000e+000  0.000000e+000 -1.000000e+000
    outer loop
      vertex  2.229748e+001  2.952664e+001  2.300000e+001
      vertex  2.091005e+001  3.052491e+001  2.300000e+001
      vertex  2.793072e+001  2.943100e+001  2.300000e+001
    endloop
  endfacet
  facet normal  0.000000e+000  0.000000e+000 -1.000000e+000
    outer loop
      vertex  2.793072e+001  2.943100e+001  2.300000e+001
      vertex  2.091005e+001  3.052491e+001  2.300000e+001
      vertex  2.699708e+001  3.217387e+001  2.300000e+001
    endloop
  endfacet
  facet normal  0.000000e+000  0.000000e+000 -9.999999e-001
    outer loop
      vertex  2.793072e+001  2.943100e+001  2.300000e+001
      vertex  2.699708e+001  3.217387e+001  2.300000e+001
      vertex  2.837479e+001  3.096565e+001  2.300000e+001
    endloop
  endfacet
  facet normal  0.000000e+000  0.000000e+000 -1.000000e+000
    outer loop
      vertex -3.558755e+001  1.012553e+001  2.300000e+001
      vertex -4.056889e+001  1.087040e+001  2.300000e+001
      vertex -3.508194e+001  1.175828e+001  2.300000e+001
    endloop
  endfacet
  facet normal  -0.000000e+000  0.000000e+000 -1.000000e+000
    outer loop
      vertex -3.508194e+001  1.175828e+001  2.300000e+001
      vertex -4.056889e+001  1.087040e+001  2.300000e+001
      vertex -4.005611e+001  1.262964e+001  2.300000e+001
    endloop
  endfacet
  facet normal  0.000000e+000  0.000000e+000 -1.000000e+000
    outer loop
      vertex -3.508194e+001  1.175828e+001  2.300000e+001
      vertex -4.005611e+001  1.262964e+001  2.300000e+001
      vertex -3.450147e+001  1.336594e+001  2.300000e+001
    endloop
  endfacet
  facet normal  -0.000000e+000  0.000000e+000 -1.000000e+000
    outer loop
      vertex -3.450147e+001  1.336594e+001  2.300000e+001
      vertex -4.005611e+001  1.262964e+001  2.300000e+001
      vertex -3.946709e+001  1.436485e+001  2.300000e+001
    endloop
  endfacet
  facet normal  0.000000e+000  0.000000e+000 -1.000000e+000
    outer loop
      vertex -3.450147e+001  1.336594e+001  2.300000e+001
      vertex -3.946709e+001  1.436485e+001  2.300000e+001
      vertex -3.384737e+001  1.494508e+001  2.300000e+001
    endloop
  endfacet
  facet normal  -0.000000e+000  0.000000e+000 -1.000000e+000
    outer loop
      vertex -3.384737e+001  1.494508e+001  2.300000e+001
      vertex -3.946709e+001  1.436485e+001  2.300000e+001
      vertex -3.880294e+001  1.607270e+001  2.300000e+001
    endloop
  endfacet
  facet normal  0.000000e+000  0.000000e+000 -1.000000e+000
    outer loop
      vertex -3.384737e+001  1.494508e+001  2.300000e+001
      vertex -3.880294e+001  1.607270e+001  2.300000e+001
      vertex -3.312104e+001  1.649232e+001  2.300000e+001
    endloop
  endfacet
  facet normal  -0.000000e+000  0.000000e+000 -1.000000e+000
    outer loop
      vertex -3.312104e+001  1.649232e+001  2.300000e+001
      vertex -3.880294e+001  1.607270e+001  2.300000e+001
      vertex -3.806493e+001  1.774997e+001  2.300000e+001
    endloop
  endfacet
  facet normal  0.000000e+000  0.000000e+000 -1.000000e+000
    outer loop
      vertex -3.312104e+001  1.649232e+001  2.300000e+001
      vertex -3.806493e+001  1.774997e+001  2.300000e+001
      vertex -3.232403e+001  1.800437e+001  2.300000e+001
    endloop
  endfacet
  facet normal  -0.000000e+000  0.000000e+000 -1.000000e+000
    outer loop
      vertex -3.232403e+001  1.800437e+001  2.300000e+001
      vertex -3.806493e+001  1.774997e+001  2.300000e+001
      vertex -3.725446e+001  1.939344e+001  2.300000e+001
    endloop
  endfacet
  facet normal  0.000000e+000  0.000000e+000 -1.000000e+000
    outer loop
      vertex -3.232403e+001  1.800437e+001  2.300000e+001
      vertex -3.725446e+001  1.939344e+001  2.300000e+001
      vertex -3.145803e+001  1.947799e+001  2.300000e+001
    endloop
  endfacet
  facet normal  -0.000000e+000  0.000000e+000 -1.000000e+000
    outer loop
      vertex -3.145803e+001  1.947799e+001  2.300000e+001
      vertex -3.725446e+001  1.939344e+001  2.300000e+001
      vertex -3.637307e+001  2.100000e+001  2.300000e+001
    endloop
  endfacet
  facet normal  0.000000e+000  0.000000e+000 -1.000000e+000
    outer loop
      vertex -3.145803e+001  1.947799e+001  2.300000e+001
      vertex -3.637307e+001  2.100000e+001  2.300000e+001
      vertex -3.052491e+001  2.091005e+001  2.300000e+001
    endloop
  endfacet
  facet normal  0.000000e+000  0.000000e+000 -1.000000e+000
    outer loop
      vertex -3.052491e+001  2.091005e+001  2.300000e+001
      vertex -3.637307e+001  2.100000e+001  2.300000e+001
      vertex -3.542244e+001  2.256658e+001  2.300000e+001
    endloop
  endfacet
  facet normal  0.000000e+000  0.000000e+000 -1.000000e+000
    outer loop
      vertex -3.052491e+001  2.091005e+001  2.300000e+001
      vertex -3.542244e+001  2.256658e+001  2.300000e+001
      vertex -2.952664e+001  2.229748e+001  2.300000e+001
    endloop
  endfacet
  facet normal  0.000000e+000  0.000000e+000 -1.000000e+000
    outer loop
      vertex -3.664519e+001  5.111785e+000  2.300000e+001
      vertex -4.136193e+001  7.293223e+000  2.300000e+001
      vertex -3.637001e+001  6.798732e+000  2.300000e+001
    endloop
  endfacet
  facet normal  0.000000e+000  0.000000e+000 -1.000000e+000
    outer loop
      vertex -3.637001e+001  6.798732e+000  2.300000e+001
      vertex -4.136193e+001  7.293223e+000  2.300000e+001
      vertex -4.100443e+001  9.090464e+000  2.300000e+001
    endloop
  endfacet
  facet normal  0.000000e+000  0.000000e+000 -1.000000e+000
    outer loop
      vertex -3.637001e+001  6.798732e+000  2.300000e+001
      vertex -4.100443e+001  9.090464e+000  2.300000e+001
      vertex -3.601721e+001  8.471170e+000  2.300000e+001
    endloop
  endfacet
  facet normal  0.000000e+000  0.000000e+000 -1.000000e+000
    outer loop
      vertex -3.601721e+001  8.471170e+000  2.300000e+001
      vertex -4.100443e+001  9.090464e+000  2.300000e+001
      vertex -4.056889e+001  1.087040e+001  2.300000e+001
    endloop
  endfacet
  facet normal  0.000000e+000  0.000000e+000 -1.000000e+000
    outer loop
      vertex -3.601721e+001  8.471170e+000  2.300000e+001
      vertex -4.056889e+001  1.087040e+001  2.300000e+001
      vertex -3.558755e+001  1.012553e+001  2.300000e+001
    endloop
  endfacet
  facet normal  0.000000e+000  0.000000e+000 -1.000000e+000
    outer loop
      vertex -4.136193e+001  7.293223e+000  2.300000e+001
      vertex -3.664519e+001  5.111785e+000  2.300000e+001
      vertex -4.164069e+001  5.482100e+000  2.300000e+001
    endloop
  endfacet
  facet normal  0.000000e+000  0.000000e+000 -1.000000e+000
    outer loop
      vertex -4.164069e+001  5.482100e+000  2.300000e+001
      vertex -3.664519e+001  5.111785e+000  2.300000e+001
      vertex -3.684216e+001  3.413929e+000  2.300000e+001
    endloop
  endfacet
  facet normal  0.000000e+000  0.000000e+000 -1.000000e+000
    outer loop
      vertex -4.164069e+001  5.482100e+000  2.300000e+001
      vertex -3.684216e+001  3.413929e+000  2.300000e+001
      vertex -4.184018e+001  3.660541e+000  2.300000e+001
    endloop
  endfacet
  facet normal  0.000000e+000  0.000000e+000 -1.000000e+000
    outer loop
      vertex -4.184018e+001  3.660541e+000  2.300000e+001
      vertex -3.684216e+001  3.413929e+000  2.300000e+001
      vertex -3.696052e+001  1.708788e+000  2.300000e+001
    endloop
  endfacet
  facet normal  0.000000e+000  0.000000e+000 -1.000000e+000
    outer loop
      vertex -4.184018e+001  3.660541e+000  2.300000e+001
      vertex -3.696052e+001  1.708788e+000  2.300000e+001
      vertex -4.196003e+001  1.832014e+000  2.300000e+001
    endloop
  endfacet
  facet normal  0.000000e+000  0.000000e+000 -1.000000e+000
    outer loop
      vertex -4.196003e+001  1.832014e+000  2.300000e+001
      vertex -3.696052e+001  1.708788e+000  2.300000e+001
      vertex -3.700000e+001  0.000000e+000  2.300000e+001
    endloop
  endfacet
  facet normal  0.000000e+000  0.000000e+000 -1.000000e+000
    outer loop
      vertex -4.196003e+001  1.832014e+000  2.300000e+001
      vertex -3.700000e+001  0.000000e+000  2.300000e+001
      vertex -4.200000e+001  0.000000e+000  2.300000e+001
    endloop
  endfacet
  facet normal  -0.000000e+000  0.000000e+000 -1.000000e+000
    outer loop
      vertex -1.172747e+000  4.043523e+001  2.300000e+001
      vertex -1.351453e+000  4.015083e+001  2.300000e+001
      vertex -1.262964e+001  4.005611e+001  2.300000e+001
    endloop
  endfacet
  facet normal  0.000000e+000  0.000000e+000 -1.000000e+000
    outer loop
      vertex -1.262964e+001  4.005611e+001  2.300000e+001
      vertex -1.351453e+000  4.015083e+001  2.300000e+001
      vertex -1.462392e+000  3.983378e+001  2.300000e+001
    endloop
  endfacet
  facet normal  -0.000000e+000  0.000000e+000 -1.000000e+000
    outer loop
      vertex -1.262964e+001  4.005611e+001  2.300000e+001
      vertex -1.462392e+000  3.983378e+001  2.300000e+001
      vertex -1.436485e+001  3.946709e+001  2.300000e+001
    endloop
  endfacet
  facet normal  -0.000000e+000  0.000000e+000 -1.000000e+000
    outer loop
      vertex -1.462392e+000  3.983378e+001  2.300000e+001
      vertex -1.500000e+000  3.950000e+001  2.300000e+001
      vertex -1.436485e+001  3.946709e+001  2.300000e+001
    endloop
  endfacet
  facet normal  0.000000e+000  0.000000e+000 -1.000000e+000
    outer loop
      vertex -1.436485e+001  3.946709e+001  2.300000e+001
      vertex -1.500000e+000  3.950000e+001  2.300000e+001
      vertex -1.462392e+000  3.916622e+001  2.300000e+001
    endloop
  endfacet
  facet normal  -0.000000e+000  0.000000e+000 -1.000000e+000
    outer loop
      vertex -1.436485e+001  3.946709e+001  2.300000e+001
      vertex -1.462392e+000  3.916622e+001  2.300000e+001
      vertex -1.607270e+001  3.880294e+001  2.300000e+001
    endloop
  endfacet
  facet normal  -0.000000e+000  0.000000e+000 -1.000000e+000
    outer loop
      vertex -1.462392e+000  3.916622e+001  2.300000e+001
      vertex -1.351453e+000  3.884917e+001  2.300000e+001
      vertex -1.607270e+001  3.880294e+001  2.300000e+001
    endloop
  endfacet
  facet normal  0.000000e+000  0.000000e+000 -1.000000e+000
    outer loop
      vertex -1.607270e+001  3.880294e+001  2.300000e+001
      vertex -1.351453e+000  3.884917e+001  2.300000e+001
      vertex -1.172747e+000  3.856477e+001  2.300000e+001
    endloop
  endfacet
  facet normal  -0.000000e+000  0.000000e+000 -9.999999e-001
    outer loop
      vertex -1.607270e+001  3.880294e+001  2.300000e+001
      vertex -1.172747e+000  3.856477e+001  2.300000e+001
      vertex -1.774997e+001  3.806493e+001  2.300000e+001
    endloop
  endfacet
  facet normal  0.000000e+000  0.000000e+000 -1.000000e+000
    outer loop
      vertex -6.508256e-001  3.814855e+001  2.300000e+001
      vertex -3.337814e-001  3.803761e+001  2.300000e+001
      vertex -1.774997e+001  3.806493e+001  2.300000e+001
    endloop
  endfacet
  facet normal  0.000000e+000  0.000000e+000 -1.000000e+000
    outer loop
      vertex -1.774997e+001  3.806493e+001  2.300000e+001
      vertex -3.337814e-001  3.803761e+001  2.300000e+001
      vertex  0.000000e+000  3.800000e+001  2.300000e+001
    endloop
  endfacet
  facet normal  -0.000000e+000  0.000000e+000 -1.000000e+000
    outer loop
      vertex -1.774997e+001  3.806493e+001  2.300000e+001
      vertex  0.000000e+000  3.800000e+001  2.300000e+001
      vertex -1.939344e+001  3.725446e+001  2.300000e+001
    endloop
  endfacet
  facet normal  0.000000e+000  0.000000e+000 -1.000000e+000
    outer loop
      vertex -1.939344e+001  3.725446e+001  2.300000e+001
      vertex  0.000000e+000  3.800000e+001  2.300000e+001
      vertex  2.265522e-015  3.700000e+001  2.300000e+001
    endloop
  endfacet
  facet normal  -0.000000e+000  0.000000e+000 -1.000000e+000
    outer loop
      vertex -1.939344e+001  3.725446e+001  2.300000e+001
      vertex  2.265522e-015  3.700000e+001  2.300000e+001
      vertex -1.708788e+000  3.696052e+001  2.300000e+001
    endloop
  endfacet
  facet normal  0.000000e+000  0.000000e+000 -1.000000e+000
    outer loop
      vertex -5.111785e+000  3.664519e+001  2.300000e+001
      vertex -2.100000e+001  3.637307e+001  2.300000e+001
      vertex -3.413929e+000  3.684216e+001  2.300000e+001
    endloop
  endfacet
  facet normal  -0.000000e+000  0.000000e+000 -1.000000e+000
    outer loop
      vertex -3.413929e+000  3.684216e+001  2.300000e+001
      vertex -2.100000e+001  3.637307e+001  2.300000e+001
      vertex -1.939344e+001  3.725446e+001  2.300000e+001
    endloop
  endfacet
  facet normal  0.000000e+000  0.000000e+000 -1.000000e+000
    outer loop
      vertex -3.413929e+000  3.684216e+001  2.300000e+001
      vertex -1.939344e+001  3.725446e+001  2.300000e+001
      vertex -1.708788e+000  3.696052e+001  2.300000e+001
    endloop
  endfacet
  facet normal  0.000000e+000  0.000000e+000 -1.000000e+000
    outer loop
      vertex -1.649232e+001  3.312104e+001  2.300000e+001
      vertex -2.556798e+001  3.332084e+001  2.300000e+001
      vertex -1.494508e+001  3.384737e+001  2.300000e+001
    endloop
  endfacet
  facet normal  -0.000000e+000  0.000000e+000 -1.000000e+000
    outer loop
      vertex -1.494508e+001  3.384737e+001  2.300000e+001
      vertex -2.556798e+001  3.332084e+001  2.300000e+001
      vertex -2.409021e+001  3.440438e+001  2.300000e+001
    endloop
  endfacet
  facet normal  0.000000e+000  0.000000e+000 -1.000000e+000
    outer loop
      vertex -1.494508e+001  3.384737e+001  2.300000e+001
      vertex -2.409021e+001  3.440438e+001  2.300000e+001
      vertex -1.336594e+001  3.450147e+001  2.300000e+001
    endloop
  endfacet
  facet normal  0.000000e+000  0.000000e+000 -1.000000e+000
    outer loop
      vertex  1.172747e+000  4.043523e+001  2.300000e+001
      vertex  1.262964e+001  4.005611e+001  2.300000e+001
      vertex  1.351453e+000  4.015083e+001  2.300000e+001
    endloop
  endfacet
  facet normal  0.000000e+000  0.000000e+000 -1.000000e+000
    outer loop
      vertex  1.351453e+000  4.015083e+001  2.300000e+001
      vertex  1.262964e+001  4.005611e+001  2.300000e+001
      vertex  1.436485e+001  3.946709e+001  2.300000e+001
    endloop
  endfacet
  facet normal  0.000000e+000  0.000000e+000 -1.000000e+000
    outer loop
      vertex  1.351453e+000  4.015083e+001  2.300000e+001
      vertex  1.436485e+001  3.946709e+001  2.300000e+001
      vertex  1.462392e+000  3.983378e+001  2.300000e+001
    endloop
  endfacet
  facet normal  0.000000e+000  0.000000e+000 -1.000000e+000
    outer loop
      vertex  1.462392e+000  3.983378e+001  2.300000e+001
      vertex  1.436485e+001  3.946709e+001  2.300000e+001
      vertex  1.500000e+000  3.950000e+001  2.300000e+001
    endloop
  endfacet
  facet normal  0.000000e+000  0.000000e+000 -1.000000e+000
    outer loop
      vertex  1.500000e+000  3.950000e+001  2.300000e+001
      vertex  1.436485e+001  3.946709e+001  2.300000e+001
      vertex  1.607270e+001  3.880294e+001  2.300000e+001
    endloop
  endfacet
  facet normal  0.000000e+000  0.000000e+000 -1.000000e+000
    outer loop
      vertex  1.500000e+000  3.950000e+001  2.300000e+001
      vertex  1.607270e+001  3.880294e+001  2.300000e+001
      vertex  1.462392e+000  3.916622e+001  2.300000e+001
    endloop
  endfacet
  facet normal  0.000000e+000  0.000000e+000 -1.000000e+000
    outer loop
      vertex  1.462392e+000  3.916622e+001  2.300000e+001
      vertex  1.607270e+001  3.880294e+001  2.300000e+001
      vertex  1.351453e+000  3.884917e+001  2.300000e+001
    endloop
  endfacet
  facet normal  0.000000e+000  0.000000e+000 -1.000000e+000
    outer loop
      vertex  1.351453e+000  3.884917e+001  2.300000e+001
      vertex  1.607270e+001  3.880294e+001  2.300000e+001
      vertex  1.774997e+001  3.806493e+001  2.300000e+001
    endloop
  endfacet
  facet normal  0.000000e+000  0.000000e+000 -1.000000e+000
    outer loop
      vertex  1.351453e+000  3.884917e+001  2.300000e+001
      vertex  1.774997e+001  3.806493e+001  2.300000e+001
      vertex  1.172747e+000  3.856477e+001  2.300000e+001
    endloop
  endfacet
  facet normal  -0.000000e+000  0.000000e+000 -1.000000e+000
    outer loop
      vertex  6.508256e-001  3.814855e+001  2.300000e+001
      vertex  1.774997e+001  3.806493e+001  2.300000e+001
      vertex  3.337814e-001  3.803761e+001  2.300000e+001
    endloop
  endfacet
  facet normal  0.000000e+000  0.000000e+000 -1.000000e+000
    outer loop
      vertex  3.337814e-001  3.803761e+001  2.300000e+001
      vertex  1.774997e+001  3.806493e+001  2.300000e+001
      vertex  1.939344e+001  3.725446e+001  2.300000e+001
    endloop
  endfacet
  facet normal  0.000000e+000  0.000000e+000 -1.000000e+000
    outer loop
      vertex  3.337814e-001  3.803761e+001  2.300000e+001
      vertex  1.939344e+001  3.725446e+001  2.300000e+001
      vertex  0.000000e+000  3.800000e+001  2.300000e+001
    endloop
  endfacet
  facet normal  0.000000e+000  0.000000e+000 -1.000000e+000
    outer loop
      vertex  5.111785e+000  3.664519e+001  2.300000e+001
      vertex  3.413929e+000  3.684216e+001  2.300000e+001
      vertex  2.100000e+001  3.637307e+001  2.300000e+001
    endloop
  endfacet
  facet normal  0.000000e+000  0.000000e+000 -1.000000e+000
    outer loop
      vertex  2.100000e+001  3.637307e+001  2.300000e+001
      vertex  3.413929e+000  3.684216e+001  2.300000e+001
      vertex  1.708788e+000  3.696052e+001  2.300000e+001
    endloop
  endfacet
  facet normal  0.000000e+000  0.000000e+000 -1.000000e+000
    outer loop
      vertex  2.100000e+001  3.637307e+001  2.300000e+001
      vertex  1.708788e+000  3.696052e+001  2.300000e+001
      vertex  1.939344e+001  3.725446e+001  2.300000e+001
    endloop
  endfacet
  facet normal  0.000000e+000  0.000000e+000 -1.000000e+000
    outer loop
      vertex  1.939344e+001  3.725446e+001  2.300000e+001
      vertex  1.708788e+000  3.696052e+001  2.300000e+001
      vertex  2.265522e-015  3.700000e+001  2.300000e+001
    endloop
  endfacet
  facet normal  0.000000e+000  0.000000e+000 -1.000000e+000
    outer loop
      vertex  1.939344e+001  3.725446e+001  2.300000e+001
      vertex  2.265522e-015  3.700000e+001  2.300000e+001
      vertex  0.000000e+000  3.800000e+001  2.300000e+001
    endloop
  endfacet
  facet normal  0.000000e+000  0.000000e+000 -1.000000e+000
    outer loop
      vertex  1.012553e+001  3.558755e+001  2.300000e+001
      vertex  8.471170e+000  3.601721e+001  2.300000e+001
      vertex  2.256658e+001  3.542244e+001  2.300000e+001
    endloop
  endfacet
  facet normal  0.000000e+000  0.000000e+000 -1.000000e+000
    outer loop
      vertex  2.256658e+001  3.542244e+001  2.300000e+001
      vertex  8.471170e+000  3.601721e+001  2.300000e+001
      vertex  6.798732e+000  3.637001e+001  2.300000e+001
    endloop
  endfacet
  facet normal  0.000000e+000  0.000000e+000 -1.000000e+000
    outer loop
      vertex  2.256658e+001  3.542244e+001  2.300000e+001
      vertex  6.798732e+000  3.637001e+001  2.300000e+001
      vertex  2.100000e+001  3.637307e+001  2.300000e+001
    endloop
  endfacet
  facet normal  0.000000e+000  0.000000e+000 -1.000000e+000
    outer loop
      vertex  1.336594e+001  3.450147e+001  2.300000e+001
      vertex  1.175828e+001  3.508194e+001  2.300000e+001
      vertex  2.409021e+001  3.440438e+001  2.300000e+001
    endloop
  endfacet
  facet normal  0.000000e+000  0.000000e+000 -9.999999e-001
    outer loop
      vertex  2.409021e+001  3.440438e+001  2.300000e+001
      vertex  1.175828e+001  3.508194e+001  2.300000e+001
      vertex  1.012553e+001  3.558755e+001  2.300000e+001
    endloop
  endfacet
  facet normal  0.000000e+000  0.000000e+000 -1.000000e+000
    outer loop
      vertex  2.409021e+001  3.440438e+001  2.300000e+001
      vertex  1.012553e+001  3.558755e+001  2.300000e+001
      vertex  2.256658e+001  3.542244e+001  2.300000e+001
    endloop
  endfacet
  facet normal  0.000000e+000  0.000000e+000 -1.000000e+000
    outer loop
      vertex  1.649232e+001  3.312104e+001  2.300000e+001
      vertex  1.494508e+001  3.384737e+001  2.300000e+001
      vertex  2.556798e+001  3.332084e+001  2.300000e+001
    endloop
  endfacet
  facet normal  0.000000e+000  0.000000e+000 -1.000000e+000
    outer loop
      vertex  2.556798e+001  3.332084e+001  2.300000e+001
      vertex  1.494508e+001  3.384737e+001  2.300000e+001
      vertex  1.336594e+001  3.450147e+001  2.300000e+001
    endloop
  endfacet
  facet normal  0.000000e+000  0.000000e+000 -9.999999e-001
    outer loop
      vertex  2.556798e+001  3.332084e+001  2.300000e+001
      vertex  1.336594e+001  3.450147e+001  2.300000e+001
      vertex  2.409021e+001  3.440438e+001  2.300000e+001
    endloop
  endfacet
  facet normal  0.000000e+000  0.000000e+000 -1.000000e+000
    outer loop
      vertex  1.947799e+001  3.145803e+001  2.300000e+001
      vertex  1.800437e+001  3.232403e+001  2.300000e+001
      vertex  2.699708e+001  3.217387e+001  2.300000e+001
    endloop
  endfacet
  facet normal  0.000000e+000  0.000000e+000 -1.000000e+000
    outer loop
      vertex  2.699708e+001  3.217387e+001  2.300000e+001
      vertex  1.800437e+001  3.232403e+001  2.300000e+001
      vertex  1.649232e+001  3.312104e+001  2.300000e+001
    endloop
  endfacet
  facet normal  0.000000e+000  0.000000e+000 -1.000000e+000
    outer loop
      vertex  2.699708e+001  3.217387e+001  2.300000e+001
      vertex  1.649232e+001  3.312104e+001  2.300000e+001
      vertex  2.556798e+001  3.332084e+001  2.300000e+001
    endloop
  endfacet
  facet normal  0.000000e+000  0.000000e+000 -1.000000e+000
    outer loop
      vertex  3.558755e+001  1.012553e+001  2.300000e+001
      vertex  3.508194e+001  1.175828e+001  2.300000e+001
      vertex  4.056889e+001  1.087040e+001  2.300000e+001
    endloop
  endfacet
  facet normal  0.000000e+000  0.000000e+000 -1.000000e+000
    outer loop
      vertex  4.056889e+001  1.087040e+001  2.300000e+001
      vertex  3.508194e+001  1.175828e+001  2.300000e+001
      vertex  3.450147e+001  1.336594e+001  2.300000e+001
    endloop
  endfacet
  facet normal  0.000000e+000  0.000000e+000 -1.000000e+000
    outer loop
      vertex  4.056889e+001  1.087040e+001  2.300000e+001
      vertex  3.450147e+001  1.336594e+001  2.300000e+001
      vertex  4.005611e+001  1.262964e+001  2.300000e+001
    endloop
  endfacet
  facet normal  0.000000e+000  0.000000e+000 -1.000000e+000
    outer loop
      vertex  4.005611e+001  1.262964e+001  2.300000e+001
      vertex  3.450147e+001  1.336594e+001  2.300000e+001
      vertex  3.384737e+001  1.494508e+001  2.300000e+001
    endloop
  endfacet
  facet normal  0.000000e+000  0.000000e+000 -1.000000e+000
    outer loop
      vertex  4.005611e+001  1.262964e+001  2.300000e+001
      vertex  3.384737e+001  1.494508e+001  2.300000e+001
      vertex  3.946709e+001  1.436485e+001  2.300000e+001
    endloop
  endfacet
  facet normal  0.000000e+000  0.000000e+000 -1.000000e+000
    outer loop
      vertex  3.946709e+001  1.436485e+001  2.300000e+001
      vertex  3.384737e+001  1.494508e+001  2.300000e+001
      vertex  3.312104e+001  1.649232e+001  2.300000e+001
    endloop
  endfacet
  facet normal  0.000000e+000  0.000000e+000 -1.000000e+000
    outer loop
      vertex  3.946709e+001  1.436485e+001  2.300000e+001
      vertex  3.312104e+001  1.649232e+001  2.300000e+001
      vertex  3.880294e+001  1.607270e+001  2.300000e+001
    endloop
  endfacet
  facet normal  0.000000e+000  0.000000e+000 -1.000000e+000
    outer loop
      vertex  3.880294e+001  1.607270e+001  2.300000e+001
      vertex  3.312104e+001  1.649232e+001  2.300000e+001
      vertex  3.232403e+001  1.800437e+001  2.300000e+001
    endloop
  endfacet
  facet normal  0.000000e+000  0.000000e+000 -1.000000e+000
    outer loop
      vertex  3.880294e+001  1.607270e+001  2.300000e+001
      vertex  3.232403e+001  1.800437e+001  2.300000e+001
      vertex  3.806493e+001  1.774997e+001  2.300000e+001
    endloop
  endfacet
  facet normal  0.000000e+000  0.000000e+000 -1.000000e+000
    outer loop
      vertex  3.806493e+001  1.774997e+001  2.300000e+001
      vertex  3.232403e+001  1.800437e+001  2.300000e+001
      vertex  3.145803e+001  1.947799e+001  2.300000e+001
    endloop
  endfacet
  facet normal  0.000000e+000  0.000000e+000 -1.000000e+000
    outer loop
      vertex  3.806493e+001  1.774997e+001  2.300000e+001
      vertex  3.145803e+001  1.947799e+001  2.300000e+001
      vertex  3.725446e+001  1.939344e+001  2.300000e+001
    endloop
  endfacet
  facet normal  0.000000e+000  0.000000e+000 -1.000000e+000
    outer loop
      vertex  3.725446e+001  1.939344e+001  2.300000e+001
      vertex  3.145803e+001  1.947799e+001  2.300000e+001
      vertex  3.052491e+001  2.091005e+001  2.300000e+001
    endloop
  endfacet
  facet normal  0.000000e+000  0.000000e+000 -1.000000e+000
    outer loop
      vertex  3.725446e+001  1.939344e+001  2.300000e+001
      vertex  3.052491e+001  2.091005e+001  2.300000e+001
      vertex  3.637307e+001  2.100000e+001  2.300000e+001
    endloop
  endfacet
  facet normal  -0.000000e+000  0.000000e+000 -1.000000e+000
    outer loop
      vertex  3.637307e+001  2.100000e+001  2.300000e+001
      vertex  3.052491e+001  2.091005e+001  2.300000e+001
      vertex  2.952664e+001  2.229748e+001  2.300000e+001
    endloop
  endfacet
  facet normal  0.000000e+000  0.000000e+000 -1.000000e+000
    outer loop
      vertex  3.637307e+001  2.100000e+001  2.300000e+001
      vertex  2.952664e+001  2.229748e+001  2.300000e+001
      vertex  3.542244e+001  2.256658e+001  2.300000e+001
    endloop
  endfacet
  facet normal  0.000000e+000  0.000000e+000 -1.000000e+000
    outer loop
      vertex  4.164069e+001  5.482100e+000  2.300000e+001
      vertex  3.637001e+001  6.798732e+000  2.300000e+001
      vertex  4.136193e+001  7.293223e+000  2.300000e+001
    endloop
  endfacet
  facet normal  -0.000000e+000  0.000000e+000 -9.999999e-001
    outer loop
      vertex  4.136193e+001  7.293223e+000  2.300000e+001
      vertex  3.637001e+001  6.798732e+000  2.300000e+001
      vertex  3.601721e+001  8.471170e+000  2.300000e+001
    endloop
  endfacet
  facet normal  0.000000e+000  0.000000e+000 -1.000000e+000
    outer loop
      vertex  4.136193e+001  7.293223e+000  2.300000e+001
      vertex  3.601721e+001  8.471170e+000  2.300000e+001
      vertex  4.100443e+001  9.090464e+000  2.300000e+001
    endloop
  endfacet
  facet normal  -0.000000e+000  0.000000e+000 -1.000000e+000
    outer loop
      vertex  4.100443e+001  9.090464e+000  2.300000e+001
      vertex  3.601721e+001  8.471170e+000  2.300000e+001
      vertex  3.558755e+001  1.012553e+001  2.300000e+001
    endloop
  endfacet
  facet normal  0.000000e+000  0.000000e+000 -9.999999e-001
    outer loop
      vertex  4.100443e+001  9.090464e+000  2.300000e+001
      vertex  3.558755e+001  1.012553e+001  2.300000e+001
      vertex  4.056889e+001  1.087040e+001  2.300000e+001
    endloop
  endfacet
  facet normal  -0.000000e+000  0.000000e+000 -1.000000e+000
    outer loop
      vertex  3.637001e+001  6.798732e+000  2.300000e+001
      vertex  4.164069e+001  5.482100e+000  2.300000e+001
      vertex  3.664519e+001  5.111785e+000  2.300000e+001
    endloop
  endfacet
  facet normal  0.000000e+000  0.000000e+000 -1.000000e+000
    outer loop
      vertex  3.664519e+001  5.111785e+000  2.300000e+001
      vertex  4.164069e+001  5.482100e+000  2.300000e+001
      vertex  4.184018e+001  3.660541e+000  2.300000e+001
    endloop
  endfacet
  facet normal  -0.000000e+000  0.000000e+000 -1.000000e+000
    outer loop
      vertex  3.664519e+001  5.111785e+000  2.300000e+001
      vertex  4.184018e+001  3.660541e+000  2.300000e+001
      vertex  3.684216e+001  3.413929e+000  2.300000e+001
    endloop
  endfacet
  facet normal  0.000000e+000  0.000000e+000 -1.000000e+000
    outer loop
      vertex  3.684216e+001  3.413929e+000  2.300000e+001
      vertex  4.184018e+001  3.660541e+000  2.300000e+001
      vertex  4.196003e+001  1.832014e+000  2.300000e+001
    endloop
  endfacet
  facet normal  -0.000000e+000  0.000000e+000 -1.000000e+000
    outer loop
      vertex  3.684216e+001  3.413929e+000  2.300000e+001
      vertex  4.196003e+001  1.832014e+000  2.300000e+001
      vertex  3.696052e+001  1.708788e+000  2.300000e+001
    endloop
  endfacet
  facet normal  0.000000e+000  0.000000e+000 -1.000000e+000
    outer loop
      vertex  3.696052e+001  1.708788e+000  2.300000e+001
      vertex  4.196003e+001  1.832014e+000  2.300000e+001
      vertex  4.200000e+001  0.000000e+000  2.300000e+001
    endloop
  endfacet
  facet normal  0.000000e+000  0.000000e+000 -1.000000e+000
    outer loop
      vertex  3.696052e+001  1.708788e+000  2.300000e+001
      vertex  4.200000e+001  0.000000e+000  2.300000e+001
      vertex  3.700000e+001  0.000000e+000  2.300000e+001
    endloop
  endfacet
  facet normal  0.000000e+000  0.000000e+000  1.000000e+000
    outer loop
      vertex  2.643072e+001  2.793100e+001  2.700000e+001
      vertex  2.492674e+001  2.734333e+001  2.700000e+001
      vertex  2.646833e+001  2.759722e+001  2.700000e+001
    endloop
  endfacet
  facet normal  0.000000e+000  0.000000e+000  1.000000e+000
    outer loop
      vertex  2.643072e+001  2.793100e+001  2.700000e+001
      vertex  2.646833e+001  2.826478e+001  2.700000e+001
      vertex  2.492674e+001  2.734333e+001  2.700000e+001
    endloop
  endfacet
  facet normal  0.000000e+000  0.000000e+000  1.000000e+000
    outer loop
      vertex -2.643072e+001  2.793100e+001  2.700000e+001
      vertex -2.492674e+001  2.734333e+001  2.700000e+001
      vertex -2.646833e+001  2.826478e+001  2.700000e+001
    endloop
  endfacet
  facet normal  -0.000000e+000  0.000000e+000  1.000000e+000
    outer loop
      vertex -2.643072e+001  2.793100e+001  2.700000e+001
      vertex -2.646833e+001  2.759722e+001  2.700000e+001
      vertex -2.492674e+001  2.734333e+001  2.700000e+001
    endloop
  endfacet
  facet normal  0.000000e+000  0.000000e+000  1.000000e+000
    outer loop
      vertex  2.091005e+001  3.052491e+001  2.700000e+001
      vertex  2.699708e+001  3.217387e+001  2.700000e+001
      vertex  1.947799e+001  3.145803e+001  2.700000e+001
    endloop
  endfacet
  facet normal  -0.000000e+000  0.000000e+000  1.000000e+000
    outer loop
      vertex -2.846536e+001  2.363733e+001  2.700000e+001
      vertex -3.542244e+001  2.256658e+001  2.700000e+001
      vertex -2.952664e+001  2.229748e+001  2.700000e+001
    endloop
  endfacet
  facet normal  0.000000e+000  0.000000e+000  1.000000e+000
    outer loop
      vertex -1.172747e+000  3.856477e+001  2.700000e+001
      vertex -1.774997e+001  3.806493e+001  2.700000e+001
      vertex -9.352347e-001  3.832725e+001  2.700000e+001
    endloop
  endfacet
  facet normal  0.000000e+000  0.000000e+000  1.000000e+000
    outer loop
      vertex -6.508256e-001  3.814855e+001  2.700000e+001
      vertex -9.352347e-001  3.832725e+001  2.700000e+001
      vertex -1.774997e+001  3.806493e+001  2.700000e+001
    endloop
  endfacet
  facet normal  -0.000000e+000  0.000000e+000  9.999999e-001
    outer loop
      vertex -5.111785e+000  3.664519e+001  2.700000e+001
      vertex -2.100000e+001  3.637307e+001  2.700000e+001
      vertex -6.798732e+000  3.637001e+001  2.700000e+001
    endloop
  endfacet
  facet normal  0.000000e+000  -0.000000e+000  1.000000e+000
    outer loop
      vertex -2.409021e+001  3.440438e+001  2.700000e+001
      vertex -1.336594e+001  3.450147e+001  2.700000e+001
      vertex -1.175828e+001  3.508194e+001  2.700000e+001
    endloop
  endfacet
  facet normal  -0.000000e+000  0.000000e+000  9.999999e-001
    outer loop
      vertex -2.229748e+001  2.952664e+001  2.700000e+001
      vertex -2.793072e+001  2.943100e+001  2.700000e+001
      vertex -2.759694e+001  2.939339e+001  2.700000e+001
    endloop
  endfacet
  facet normal  0.000000e+000  0.000000e+000  1.000000e+000
    outer loop
      vertex -2.646833e+001  2.759722e+001  2.700000e+001
      vertex -2.657926e+001  2.728017e+001  2.700000e+001
      vertex -2.492674e+001  2.734333e+001  2.700000e+001
    endloop
  endfacet
  facet normal  0.000000e+000  0.000000e+000  1.000000e+000
    outer loop
      vertex  1.774997e+001  3.806493e+001  2.700000e+001
      vertex  1.172747e+000  3.856477e+001  2.700000e+001
      vertex  9.352347e-001  3.832725e+001  2.700000e+001
    endloop
  endfacet
  facet normal  0.000000e+000  0.000000e+000  1.000000e+000
    outer loop
      vertex  1.774997e+001  3.806493e+001  2.700000e+001
      vertex  9.352347e-001  3.832725e+001  2.700000e+001
      vertex  6.508256e-001  3.814855e+001  2.700000e+001
    endloop
  endfacet
  facet normal  0.000000e+000  -0.000000e+000  9.999999e-001
    outer loop
      vertex  5.111785e+000  3.664519e+001  2.700000e+001
      vertex  6.798732e+000  3.637001e+001  2.700000e+001
      vertex  2.100000e+001  3.637307e+001  2.700000e+001
    endloop
  endfacet
  facet normal  0.000000e+000  0.000000e+000  9.999999e-001
    outer loop
      vertex  2.759694e+001  2.939339e+001  2.700000e+001
      vertex  2.793072e+001  2.943100e+001  2.700000e+001
      vertex  2.229748e+001  2.952664e+001  2.700000e+001
    endloop
  endfacet
  facet normal  -0.000000e+000  0.000000e+000  1.000000e+000
    outer loop
      vertex  2.646833e+001  2.759722e+001  2.700000e+001
      vertex  2.492674e+001  2.734333e+001  2.700000e+001
      vertex  2.657926e+001  2.728017e+001  2.700000e+001
    endloop
  endfacet
  facet normal  0.000000e+000  0.000000e+000  1.000000e+000
    outer loop
      vertex  2.793072e+001  2.943100e+001  2.700000e+001
      vertex  2.969848e+001  2.969848e+001  2.700000e+001
      vertex  2.837479e+001  3.096565e+001  2.700000e+001
    endloop
  endfacet
  facet normal  -0.000000e+000  0.000000e+000  1.000000e+000
    outer loop
      vertex  2.969848e+001  2.969848e+001  2.700000e+001
      vertex  2.793072e+001  2.943100e+001  2.700000e+001
      vertex  2.826450e+001  2.939339e+001  2.700000e+001
    endloop
  endfacet
  facet normal  -0.000000e+000  0.000000e+000  1.000000e+000
    outer loop
      vertex  2.969848e+001  2.969848e+001  2.700000e+001
      vertex  2.826450e+001  2.939339e+001  2.700000e+001
      vertex  2.858154e+001  2.928245e+001  2.700000e+001
    endloop
  endfacet
  facet normal  0.000000e+000  -0.000000e+000  1.000000e+000
    outer loop
      vertex  2.846536e+001  2.363733e+001  2.700000e+001
      vertex  2.952664e+001  2.229748e+001  2.700000e+001
      vertex  3.542244e+001  2.256658e+001  2.700000e+001
    endloop
  endfacet
  facet normal  -0.000000e+000  0.000000e+000  9.999999e-001
    outer loop
      vertex -2.699708e+001  3.217387e+001  2.700000e+001
      vertex -2.837479e+001  3.096565e+001  2.700000e+001
      vertex -2.793072e+001  2.943100e+001  2.700000e+001
    endloop
  endfacet
  facet normal  0.000000e+000  0.000000e+000  1.000000e+000
    outer loop
      vertex -2.699708e+001  3.217387e+001  2.700000e+001
      vertex -2.793072e+001  2.943100e+001  2.700000e+001
      vertex -2.229748e+001  2.952664e+001  2.700000e+001
    endloop
  endfacet
  facet normal  0.000000e+000  -0.000000e+000  1.000000e+000
    outer loop
      vertex -2.699708e+001  3.217387e+001  2.700000e+001
      vertex -2.229748e+001  2.952664e+001  2.700000e+001
      vertex -2.091005e+001  3.052491e+001  2.700000e+001
    endloop
  endfacet
  facet normal  0.000000e+000  -0.000000e+000  1.000000e+000
    outer loop
      vertex -2.699708e+001  3.217387e+001  2.700000e+001
      vertex -2.091005e+001  3.052491e+001  2.700000e+001
      vertex -1.947799e+001  3.145803e+001  2.700000e+001
    endloop
  endfacet
  facet normal  0.000000e+000  -0.000000e+000  1.000000e+000
    outer loop
      vertex -2.699708e+001  3.217387e+001  2.700000e+001
      vertex -1.947799e+001  3.145803e+001  2.700000e+001
      vertex -1.800437e+001  3.232403e+001  2.700000e+001
    endloop
  endfacet
  facet normal  0.000000e+000  -0.000000e+000  1.000000e+000
    outer loop
      vertex -2.699708e+001  3.217387e+001  2.700000e+001
      vertex -1.800437e+001  3.232403e+001  2.700000e+001
      vertex -1.649232e+001  3.312104e+001  2.700000e+001
    endloop
  endfacet
  facet normal  0.000000e+000  0.000000e+000  1.000000e+000
    outer loop
      vertex -2.699708e+001  3.217387e+001  2.700000e+001
      vertex -1.649232e+001  3.312104e+001  2.700000e+001
      vertex -2.556798e+001  3.332084e+001  2.700000e+001
    endloop
  endfacet
  facet normal  0.000000e+000  -0.000000e+000  1.000000e+000
    outer loop
      vertex -3.096565e+001  2.837479e+001  2.700000e+001
      vertex -2.939311e+001  2.826478e+001  2.700000e+001
      vertex -2.928217e+001  2.858183e+001  2.700000e+001
    endloop
  endfacet
  facet normal  0.000000e+000  -0.000000e+000  1.000000e+000
    outer loop
      vertex -3.096565e+001  2.837479e+001  2.700000e+001
      vertex -2.928217e+001  2.858183e+001  2.700000e+001
      vertex -2.910347e+001  2.886623e+001  2.700000e+001
    endloop
  endfacet
  facet normal  0.000000e+000  -0.000000e+000  1.000000e+000
    outer loop
      vertex -3.096565e+001  2.837479e+001  2.700000e+001
      vertex -2.910347e+001  2.886623e+001  2.700000e+001
      vertex -2.886595e+001  2.910375e+001  2.700000e+001
    endloop
  endfacet
  facet normal  0.000000e+000  -0.000000e+000  1.000000e+000
    outer loop
      vertex -3.096565e+001  2.837479e+001  2.700000e+001
      vertex -2.886595e+001  2.910375e+001  2.700000e+001
      vertex -2.858154e+001  2.928245e+001  2.700000e+001
    endloop
  endfacet
  facet normal  0.000000e+000  0.000000e+000  1.000000e+000
    outer loop
      vertex -2.969848e+001  2.969848e+001  2.700000e+001
      vertex -3.096565e+001  2.837479e+001  2.700000e+001
      vertex -2.858154e+001  2.928245e+001  2.700000e+001
    endloop
  endfacet
  facet normal  0.000000e+000  -0.000000e+000  1.000000e+000
    outer loop
      vertex -2.969848e+001  2.969848e+001  2.700000e+001
      vertex -2.858154e+001  2.928245e+001  2.700000e+001
      vertex -2.826450e+001  2.939339e+001  2.700000e+001
    endloop
  endfacet
  facet normal  0.000000e+000  -0.000000e+000  1.000000e+000
    outer loop
      vertex -2.969848e+001  2.969848e+001  2.700000e+001
      vertex -2.826450e+001  2.939339e+001  2.700000e+001
      vertex -2.793072e+001  2.943100e+001  2.700000e+001
    endloop
  endfacet
  facet normal  0.000000e+000  0.000000e+000  1.000000e+000
    outer loop
      vertex -2.969848e+001  2.969848e+001  2.700000e+001
      vertex -2.793072e+001  2.943100e+001  2.700000e+001
      vertex -2.837479e+001  3.096565e+001  2.700000e+001
    endloop
  endfacet
  facet normal  0.000000e+000  0.000000e+000  9.999999e-001
    outer loop
      vertex -3.217387e+001  2.699708e+001  2.700000e+001
      vertex -2.910347e+001  2.699577e+001  2.700000e+001
      vertex -2.928217e+001  2.728017e+001  2.700000e+001
    endloop
  endfacet
  facet normal  0.000000e+000  0.000000e+000  1.000000e+000
    outer loop
      vertex -3.217387e+001  2.699708e+001  2.700000e+001
      vertex -2.928217e+001  2.728017e+001  2.700000e+001
      vertex -2.939311e+001  2.759722e+001  2.700000e+001
    endloop
  endfacet
  facet normal  0.000000e+000  0.000000e+000  9.999999e-001
    outer loop
      vertex -3.217387e+001  2.699708e+001  2.700000e+001
      vertex -2.939311e+001  2.759722e+001  2.700000e+001
      vertex -2.943072e+001  2.793100e+001  2.700000e+001
    endloop
  endfacet
  facet normal  0.000000e+000  -0.000000e+000  1.000000e+000
    outer loop
      vertex -3.217387e+001  2.699708e+001  2.700000e+001
      vertex -2.943072e+001  2.793100e+001  2.700000e+001
      vertex -2.939311e+001  2.826478e+001  2.700000e+001
    endloop
  endfacet
  facet normal  0.000000e+000  0.000000e+000  1.000000e+000
    outer loop
      vertex -3.217387e+001  2.699708e+001  2.700000e+001
      vertex -2.939311e+001  2.826478e+001  2.700000e+001
      vertex -3.096565e+001  2.837479e+001  2.700000e+001
    endloop
  endfacet
  facet normal  -0.000000e+000  0.000000e+000  1.000000e+000
    outer loop
      vertex -3.332084e+001  2.556798e+001  2.700000e+001
      vertex -3.440438e+001  2.409021e+001  2.700000e+001
      vertex -3.542244e+001  2.256658e+001  2.700000e+001
    endloop
  endfacet
  facet normal  0.000000e+000  0.000000e+000  1.000000e+000
    outer loop
      vertex -3.332084e+001  2.556798e+001  2.700000e+001
      vertex -3.542244e+001  2.256658e+001  2.700000e+001
      vertex -2.846536e+001  2.363733e+001  2.700000e+001
    endloop
  endfacet
  facet normal  0.000000e+000  -0.000000e+000  1.000000e+000
    outer loop
      vertex -3.332084e+001  2.556798e+001  2.700000e+001
      vertex -2.846536e+001  2.363733e+001  2.700000e+001
      vertex -2.734333e+001  2.492674e+001  2.700000e+001
    endloop
  endfacet
  facet normal  0.000000e+000  0.000000e+000  1.000000e+000
    outer loop
      vertex -3.332084e+001  2.556798e+001  2.700000e+001
      vertex -2.734333e+001  2.492674e+001  2.700000e+001
      vertex -2.793072e+001  2.643100e+001  2.700000e+001
    endloop
  endfacet
  facet normal  0.000000e+000  0.000000e+000  1.000000e+000
    outer loop
      vertex -3.332084e+001  2.556798e+001  2.700000e+001
      vertex -2.793072e+001  2.643100e+001  2.700000e+001
      vertex -2.826450e+001  2.646861e+001  2.700000e+001
    endloop
  endfacet
  facet normal  0.000000e+000  0.000000e+000  1.000000e+000
    outer loop
      vertex -3.332084e+001  2.556798e+001  2.700000e+001
      vertex -2.826450e+001  2.646861e+001  2.700000e+001
      vertex -2.858154e+001  2.657955e+001  2.700000e+001
    endloop
  endfacet
  facet normal  0.000000e+000  0.000000e+000  1.000000e+000
    outer loop
      vertex -3.332084e+001  2.556798e+001  2.700000e+001
      vertex -2.858154e+001  2.657955e+001  2.700000e+001
      vertex -2.886595e+001  2.675825e+001  2.700000e+001
    endloop
  endfacet
  facet normal  0.000000e+000  0.000000e+000  1.000000e+000
    outer loop
      vertex -3.332084e+001  2.556798e+001  2.700000e+001
      vertex -2.886595e+001  2.675825e+001  2.700000e+001
      vertex -2.910347e+001  2.699577e+001  2.700000e+001
    endloop
  endfacet
  facet normal  0.000000e+000  0.000000e+000  1.000000e+000
    outer loop
      vertex -3.332084e+001  2.556798e+001  2.700000e+001
      vertex -2.910347e+001  2.699577e+001  2.700000e+001
      vertex -3.217387e+001  2.699708e+001  2.700000e+001
    endloop
  endfacet
  facet normal  0.000000e+000  0.000000e+000  1.000000e+000
    outer loop
      vertex  0.000000e+000  4.100000e+001  2.700000e+001
      vertex  1.087040e+001  4.056889e+001  2.700000e+001
      vertex  9.090464e+000  4.100443e+001  2.700000e+001
    endloop
  endfacet
  facet normal  0.000000e+000  0.000000e+000  9.999999e-001
    outer loop
      vertex  0.000000e+000  4.100000e+001  2.700000e+001
      vertex  9.090464e+000  4.100443e+001  2.700000e+001
      vertex  7.293223e+000  4.136193e+001  2.700000e+001
    endloop
  endfacet
  facet normal  0.000000e+000  0.000000e+000  1.000000e+000
    outer loop
      vertex  0.000000e+000  4.100000e+001  2.700000e+001
      vertex  7.293223e+000  4.136193e+001  2.700000e+001
      vertex  5.482100e+000  4.164069e+001  2.700000e+001
    endloop
  endfacet
  facet normal  0.000000e+000  0.000000e+000  1.000000e+000
    outer loop
      vertex  0.000000e+000  4.100000e+001  2.700000e+001
      vertex  5.482100e+000  4.164069e+001  2.700000e+001
      vertex  3.660541e+000  4.184018e+001  2.700000e+001
    endloop
  endfacet
  facet normal  0.000000e+000  0.000000e+000  1.000000e+000
    outer loop
      vertex  0.000000e+000  4.100000e+001  2.700000e+001
      vertex  3.660541e+000  4.184018e+001  2.700000e+001
      vertex  1.832014e+000  4.196003e+001  2.700000e+001
    endloop
  endfacet
  facet normal  0.000000e+000  0.000000e+000  9.999999e-001
    outer loop
      vertex  0.000000e+000  4.100000e+001  2.700000e+001
      vertex  1.832014e+000  4.196003e+001  2.700000e+001
      vertex  2.571673e-015  4.200000e+001  2.700000e+001
    endloop
  endfacet
  facet normal  0.000000e+000  0.000000e+000  9.999999e-001
    outer loop
      vertex  0.000000e+000  4.100000e+001  2.700000e+001
      vertex  2.571673e-015  4.200000e+001  2.700000e+001
      vertex -1.832014e+000  4.196003e+001  2.700000e+001
    endloop
  endfacet
  facet normal  0.000000e+000  0.000000e+000  1.000000e+000
    outer loop
      vertex  0.000000e+000  4.100000e+001  2.700000e+001
      vertex -1.832014e+000  4.196003e+001  2.700000e+001
      vertex -3.660541e+000  4.184018e+001  2.700000e+001
    endloop
  endfacet
  facet normal  0.000000e+000  0.000000e+000  1.000000e+000
    outer loop
      vertex  0.000000e+000  4.100000e+001  2.700000e+001
      vertex -3.660541e+000  4.184018e+001  2.700000e+001
      vertex -5.482100e+000  4.164069e+001  2.700000e+001
    endloop
  endfacet
  facet normal  0.000000e+000  0.000000e+000  1.000000e+000
    outer loop
      vertex  0.000000e+000  4.100000e+001  2.700000e+001
      vertex -5.482100e+000  4.164069e+001  2.700000e+001
      vertex -7.293223e+000  4.136193e+001  2.700000e+001
    endloop
  endfacet
  facet normal  0.000000e+000  0.000000e+000  9.999999e-001
    outer loop
      vertex  0.000000e+000  4.100000e+001  2.700000e+001
      vertex -7.293223e+000  4.136193e+001  2.700000e+001
      vertex -9.090464e+000  4.100443e+001  2.700000e+001
    endloop
  endfacet
  facet normal  0.000000e+000  0.000000e+000  1.000000e+000
    outer loop
      vertex -1.087040e+001  4.056889e+001  2.700000e+001
      vertex -1.262964e+001  4.005611e+001  2.700000e+001
      vertex -1.172747e+000  4.043523e+001  2.700000e+001
    endloop
  endfacet
  facet normal  0.000000e+000  -0.000000e+000  1.000000e+000
    outer loop
      vertex -1.087040e+001  4.056889e+001  2.700000e+001
      vertex -1.172747e+000  4.043523e+001  2.700000e+001
      vertex -9.352347e-001  4.067275e+001  2.700000e+001
    endloop
  endfacet
  facet normal  0.000000e+000  -0.000000e+000  1.000000e+000
    outer loop
      vertex -1.087040e+001  4.056889e+001  2.700000e+001
      vertex -9.352347e-001  4.067275e+001  2.700000e+001
      vertex -6.508256e-001  4.085145e+001  2.700000e+001
    endloop
  endfacet
  facet normal  0.000000e+000  -0.000000e+000  1.000000e+000
    outer loop
      vertex -1.087040e+001  4.056889e+001  2.700000e+001
      vertex -6.508256e-001  4.085145e+001  2.700000e+001
      vertex -3.337814e-001  4.096239e+001  2.700000e+001
    endloop
  endfacet
  facet normal  0.000000e+000  -0.000000e+000  1.000000e+000
    outer loop
      vertex -1.087040e+001  4.056889e+001  2.700000e+001
      vertex -3.337814e-001  4.096239e+001  2.700000e+001
      vertex  0.000000e+000  4.100000e+001  2.700000e+001
    endloop
  endfacet
  facet normal  0.000000e+000  0.000000e+000  1.000000e+000
    outer loop
      vertex -1.087040e+001  4.056889e+001  2.700000e+001
      vertex  0.000000e+000  4.100000e+001  2.700000e+001
      vertex -9.090464e+000  4.100443e+001  2.700000e+001
    endloop
  endfacet
  facet normal  0.000000e+000  0.000000e+000  1.000000e+000
    outer loop
      vertex -2.256658e+001  3.542244e+001  2.700000e+001
      vertex -2.409021e+001  3.440438e+001  2.700000e+001
      vertex -1.175828e+001  3.508194e+001  2.700000e+001
    endloop
  endfacet
  facet normal  0.000000e+000  -0.000000e+000  1.000000e+000
    outer loop
      vertex -2.256658e+001  3.542244e+001  2.700000e+001
      vertex -1.175828e+001  3.508194e+001  2.700000e+001
      vertex -1.012553e+001  3.558755e+001  2.700000e+001
    endloop
  endfacet
  facet normal  0.000000e+000  -0.000000e+000  1.000000e+000
    outer loop
      vertex -2.256658e+001  3.542244e+001  2.700000e+001
      vertex -1.012553e+001  3.558755e+001  2.700000e+001
      vertex -8.471170e+000  3.601721e+001  2.700000e+001
    endloop
  endfacet
  facet normal  0.000000e+000  -0.000000e+000  1.000000e+000
    outer loop
      vertex -2.256658e+001  3.542244e+001  2.700000e+001
      vertex -8.471170e+000  3.601721e+001  2.700000e+001
      vertex -6.798732e+000  3.637001e+001  2.700000e+001
    endloop
  endfacet
  facet normal  0.000000e+000  0.000000e+000  1.000000e+000
    outer loop
      vertex -2.256658e+001  3.542244e+001  2.700000e+001
      vertex -6.798732e+000  3.637001e+001  2.700000e+001
      vertex -2.100000e+001  3.637307e+001  2.700000e+001
    endloop
  endfacet
  facet normal  0.000000e+000  0.000000e+000  1.000000e+000
    outer loop
      vertex -2.363733e+001  2.846536e+001  2.700000e+001
      vertex -2.229748e+001  2.952664e+001  2.700000e+001
      vertex -2.759694e+001  2.939339e+001  2.700000e+001
    endloop
  endfacet
  facet normal  0.000000e+000  0.000000e+000  1.000000e+000
    outer loop
      vertex -2.363733e+001  2.846536e+001  2.700000e+001
      vertex -2.759694e+001  2.939339e+001  2.700000e+001
      vertex -2.727989e+001  2.928245e+001  2.700000e+001
    endloop
  endfacet
  facet normal  0.000000e+000  0.000000e+000  1.000000e+000
    outer loop
      vertex -2.363733e+001  2.846536e+001  2.700000e+001
      vertex -2.727989e+001  2.928245e+001  2.700000e+001
      vertex -2.699548e+001  2.910375e+001  2.700000e+001
    endloop
  endfacet
  facet normal  0.000000e+000  0.000000e+000  1.000000e+000
    outer loop
      vertex -2.363733e+001  2.846536e+001  2.700000e+001
      vertex -2.699548e+001  2.910375e+001  2.700000e+001
      vertex -2.675797e+001  2.886623e+001  2.700000e+001
    endloop
  endfacet
  facet normal  0.000000e+000  0.000000e+000  1.000000e+000
    outer loop
      vertex -2.363733e+001  2.846536e+001  2.700000e+001
      vertex -2.675797e+001  2.886623e+001  2.700000e+001
      vertex -2.657926e+001  2.858183e+001  2.700000e+001
    endloop
  endfacet
  facet normal  0.000000e+000  0.000000e+000  1.000000e+000
    outer loop
      vertex -2.363733e+001  2.846536e+001  2.700000e+001
      vertex -2.657926e+001  2.858183e+001  2.700000e+001
      vertex -2.646833e+001  2.826478e+001  2.700000e+001
    endloop
  endfacet
  facet normal  -0.000000e+000  0.000000e+000  1.000000e+000
    outer loop
      vertex -2.363733e+001  2.846536e+001  2.700000e+001
      vertex -2.646833e+001  2.826478e+001  2.700000e+001
      vertex -2.492674e+001  2.734333e+001  2.700000e+001
    endloop
  endfacet
  facet normal  0.000000e+000  0.000000e+000  1.000000e+000
    outer loop
      vertex -2.616295e+001  2.616295e+001  2.700000e+001
      vertex -2.492674e+001  2.734333e+001  2.700000e+001
      vertex -2.657926e+001  2.728017e+001  2.700000e+001
    endloop
  endfacet
  facet normal  0.000000e+000  0.000000e+000  1.000000e+000
    outer loop
      vertex -2.616295e+001  2.616295e+001  2.700000e+001
      vertex -2.657926e+001  2.728017e+001  2.700000e+001
      vertex -2.675797e+001  2.699577e+001  2.700000e+001
    endloop
  endfacet
  facet normal  0.000000e+000  0.000000e+000  1.000000e+000
    outer loop
      vertex -2.616295e+001  2.616295e+001  2.700000e+001
      vertex -2.675797e+001  2.699577e+001  2.700000e+001
      vertex -2.699548e+001  2.675825e+001  2.700000e+001
    endloop
  endfacet
  facet normal  0.000000e+000  0.000000e+000  1.000000e+000
    outer loop
      vertex -2.616295e+001  2.616295e+001  2.700000e+001
      vertex -2.699548e+001  2.675825e+001  2.700000e+001
      vertex -2.727989e+001  2.657955e+001  2.700000e+001
    endloop
  endfacet
  facet normal  0.000000e+000  0.000000e+000  1.000000e+000
    outer loop
      vertex -2.616295e+001  2.616295e+001  2.700000e+001
      vertex -2.727989e+001  2.657955e+001  2.700000e+001
      vertex -2.759694e+001  2.646861e+001  2.700000e+001
    endloop
  endfacet
  facet normal  0.000000e+000  0.000000e+000  1.000000e+000
    outer loop
      vertex -2.616295e+001  2.616295e+001  2.700000e+001
      vertex -2.759694e+001  2.646861e+001  2.700000e+001
      vertex -2.793072e+001  2.643100e+001  2.700000e+001
    endloop
  endfacet
  facet normal  0.000000e+000  0.000000e+000  1.000000e+000
    outer loop
      vertex -2.616295e+001  2.616295e+001  2.700000e+001
      vertex -2.793072e+001  2.643100e+001  2.700000e+001
      vertex -2.734333e+001  2.492674e+001  2.700000e+001
    endloop
  endfacet
  facet normal  0.000000e+000  0.000000e+000  1.000000e+000
    outer loop
      vertex  1.087040e+001  4.056889e+001  2.700000e+001
      vertex  0.000000e+000  4.100000e+001  2.700000e+001
      vertex  3.337814e-001  4.096239e+001  2.700000e+001
    endloop
  endfacet
  facet normal  0.000000e+000  0.000000e+000  1.000000e+000
    outer loop
      vertex  1.087040e+001  4.056889e+001  2.700000e+001
      vertex  3.337814e-001  4.096239e+001  2.700000e+001
      vertex  6.508256e-001  4.085145e+001  2.700000e+001
    endloop
  endfacet
  facet normal  0.000000e+000  0.000000e+000  1.000000e+000
    outer loop
      vertex  1.087040e+001  4.056889e+001  2.700000e+001
      vertex  6.508256e-001  4.085145e+001  2.700000e+001
      vertex  9.352347e-001  4.067275e+001  2.700000e+001
    endloop
  endfacet
  facet normal  0.000000e+000  0.000000e+000  1.000000e+000
    outer loop
      vertex  1.087040e+001  4.056889e+001  2.700000e+001
      vertex  9.352347e-001  4.067275e+001  2.700000e+001
      vertex  1.172747e+000  4.043523e+001  2.700000e+001
    endloop
  endfacet
  facet normal  -0.000000e+000  0.000000e+000  1.000000e+000
    outer loop
      vertex  1.087040e+001  4.056889e+001  2.700000e+001
      vertex  1.172747e+000  4.043523e+001  2.700000e+001
      vertex  1.262964e+001  4.005611e+001  2.700000e+001
    endloop
  endfacet
  facet normal  0.000000e+000  -0.000000e+000  1.000000e+000
    outer loop
      vertex  2.363733e+001  2.846536e+001  2.700000e+001
      vertex  2.492674e+001  2.734333e+001  2.700000e+001
      vertex  2.646833e+001  2.826478e+001  2.700000e+001
    endloop
  endfacet
  facet normal  0.000000e+000  -0.000000e+000  1.000000e+000
    outer loop
      vertex  2.363733e+001  2.846536e+001  2.700000e+001
      vertex  2.646833e+001  2.826478e+001  2.700000e+001
      vertex  2.657926e+001  2.858183e+001  2.700000e+001
    endloop
  endfacet
  facet normal  0.000000e+000  -0.000000e+000  1.000000e+000
    outer loop
      vertex  2.363733e+001  2.846536e+001  2.700000e+001
      vertex  2.657926e+001  2.858183e+001  2.700000e+001
      vertex  2.675797e+001  2.886623e+001  2.700000e+001
    endloop
  endfacet
  facet normal  0.000000e+000  -0.000000e+000  1.000000e+000
    outer loop
      vertex  2.363733e+001  2.846536e+001  2.700000e+001
      vertex  2.675797e+001  2.886623e+001  2.700000e+001
      vertex  2.699548e+001  2.910375e+001  2.700000e+001
    endloop
  endfacet
  facet normal  0.000000e+000  -0.000000e+000  1.000000e+000
    outer loop
      vertex  2.363733e+001  2.846536e+001  2.700000e+001
      vertex  2.699548e+001  2.910375e+001  2.700000e+001
      vertex  2.727989e+001  2.928245e+001  2.700000e+001
    endloop
  endfacet
  facet normal  0.000000e+000  -0.000000e+000  1.000000e+000
    outer loop
      vertex  2.363733e+001  2.846536e+001  2.700000e+001
      vertex  2.727989e+001  2.928245e+001  2.700000e+001
      vertex  2.759694e+001  2.939339e+001  2.700000e+001
    endloop
  endfacet
  facet normal  0.000000e+000  0.000000e+000  1.000000e+000
    outer loop
      vertex  2.363733e+001  2.846536e+001  2.700000e+001
      vertex  2.759694e+001  2.939339e+001  2.700000e+001
      vertex  2.229748e+001  2.952664e+001  2.700000e+001
    endloop
  endfacet
  facet normal  0.000000e+000  -0.000000e+000  1.000000e+000
    outer loop
      vertex  2.616295e+001  2.616295e+001  2.700000e+001
      vertex  2.734333e+001  2.492674e+001  2.700000e+001
      vertex  2.793072e+001  2.643100e+001  2.700000e+001
    endloop
  endfacet
  facet normal  0.000000e+000  0.000000e+000  1.000000e+000
    outer loop
      vertex  2.616295e+001  2.616295e+001  2.700000e+001
      vertex  2.793072e+001  2.643100e+001  2.700000e+001
      vertex  2.759694e+001  2.646861e+001  2.700000e+001
    endloop
  endfacet
  facet normal  0.000000e+000  0.000000e+000  1.000000e+000
    outer loop
      vertex  2.616295e+001  2.616295e+001  2.700000e+001
      vertex  2.759694e+001  2.646861e+001  2.700000e+001
      vertex  2.727989e+001  2.657955e+001  2.700000e+001
    endloop
  endfacet
  facet normal  0.000000e+000  0.000000e+000  1.000000e+000
    outer loop
      vertex  2.616295e+001  2.616295e+001  2.700000e+001
      vertex  2.727989e+001  2.657955e+001  2.700000e+001
      vertex  2.699548e+001  2.675825e+001  2.700000e+001
    endloop
  endfacet
  facet normal  0.000000e+000  0.000000e+000  1.000000e+000
    outer loop
      vertex  2.616295e+001  2.616295e+001  2.700000e+001
      vertex  2.699548e+001  2.675825e+001  2.700000e+001
      vertex  2.675797e+001  2.699577e+001  2.700000e+001
    endloop
  endfacet
  facet normal  0.000000e+000  0.000000e+000  1.000000e+000
    outer loop
      vertex  2.616295e+001  2.616295e+001  2.700000e+001
      vertex  2.675797e+001  2.699577e+001  2.700000e+001
      vertex  2.657926e+001  2.728017e+001  2.700000e+001
    endloop
  endfacet
  facet normal  0.000000e+000  0.000000e+000  1.000000e+000
    outer loop
      vertex  2.616295e+001  2.616295e+001  2.700000e+001
      vertex  2.657926e+001  2.728017e+001  2.700000e+001
      vertex  2.492674e+001  2.734333e+001  2.700000e+001
    endloop
  endfacet
  facet normal  0.000000e+000  0.000000e+000  1.000000e+000
    outer loop
      vertex  3.096565e+001  2.837479e+001  2.700000e+001
      vertex  2.969848e+001  2.969848e+001  2.700000e+001
      vertex  2.858154e+001  2.928245e+001  2.700000e+001
    endloop
  endfacet
  facet normal  0.000000e+000  0.000000e+000  1.000000e+000
    outer loop
      vertex  3.096565e+001  2.837479e+001  2.700000e+001
      vertex  2.858154e+001  2.928245e+001  2.700000e+001
      vertex  2.886595e+001  2.910375e+001  2.700000e+001
    endloop
  endfacet
  facet normal  0.000000e+000  0.000000e+000  1.000000e+000
    outer loop
      vertex  3.096565e+001  2.837479e+001  2.700000e+001
      vertex  2.886595e+001  2.910375e+001  2.700000e+001
      vertex  2.910347e+001  2.886623e+001  2.700000e+001
    endloop
  endfacet
  facet normal  0.000000e+000  0.000000e+000  1.000000e+000
    outer loop
      vertex  3.096565e+001  2.837479e+001  2.700000e+001
      vertex  2.910347e+001  2.886623e+001  2.700000e+001
      vertex  2.928217e+001  2.858183e+001  2.700000e+001
    endloop
  endfacet
  facet normal  0.000000e+000  0.000000e+000  1.000000e+000
    outer loop
      vertex  3.096565e+001  2.837479e+001  2.700000e+001
      vertex  2.928217e+001  2.858183e+001  2.700000e+001
      vertex  2.939311e+001  2.826478e+001  2.700000e+001
    endloop
  endfacet
  facet normal  -0.000000e+000  0.000000e+000  1.000000e+000
    outer loop
      vertex  3.096565e+001  2.837479e+001  2.700000e+001
      vertex  2.939311e+001  2.826478e+001  2.700000e+001
      vertex  3.217387e+001  2.699708e+001  2.700000e+001
    endloop
  endfacet
  facet normal  0.000000e+000  0.000000e+000  1.000000e+000
    outer loop
      vertex  3.217387e+001  2.699708e+001  2.700000e+001
      vertex  2.939311e+001  2.826478e+001  2.700000e+001
      vertex  2.943072e+001  2.793100e+001  2.700000e+001
    endloop
  endfacet
  facet normal  0.000000e+000  0.000000e+000  9.999999e-001
    outer loop
      vertex  3.217387e+001  2.699708e+001  2.700000e+001
      vertex  2.943072e+001  2.793100e+001  2.700000e+001
      vertex  2.939311e+001  2.759722e+001  2.700000e+001
    endloop
  endfacet
  facet normal  0.000000e+000  0.000000e+000  1.000000e+000
    outer loop
      vertex  3.217387e+001  2.699708e+001  2.700000e+001
      vertex  2.939311e+001  2.759722e+001  2.700000e+001
      vertex  2.928217e+001  2.728017e+001  2.700000e+001
    endloop
  endfacet
  facet normal  0.000000e+000  0.000000e+000  9.999999e-001
    outer loop
      vertex  3.217387e+001  2.699708e+001  2.700000e+001
      vertex  2.928217e+001  2.728017e+001  2.700000e+001
      vertex  2.910347e+001  2.699577e+001  2.700000e+001
    endloop
  endfacet
  facet normal  -0.000000e+000  0.000000e+000  1.000000e+000
    outer loop
      vertex  3.217387e+001  2.699708e+001  2.700000e+001
      vertex  2.910347e+001  2.699577e+001  2.700000e+001
      vertex  3.332084e+001  2.556798e+001  2.700000e+001
    endloop
  endfacet
  facet normal  0.000000e+000  0.000000e+000  1.000000e+000
    outer loop
      vertex  3.332084e+001  2.556798e+001  2.700000e+001
      vertex  2.910347e+001  2.699577e+001  2.700000e+001
      vertex  2.886595e+001  2.675825e+001  2.700000e+001
    endloop
  endfacet
  facet normal  0.000000e+000  0.000000e+000  1.000000e+000
    outer loop
      vertex  3.332084e+001  2.556798e+001  2.700000e+001
      vertex  2.886595e+001  2.675825e+001  2.700000e+001
      vertex  2.858154e+001  2.657955e+001  2.700000e+001
    endloop
  endfacet
  facet normal  0.000000e+000  0.000000e+000  1.000000e+000
    outer loop
      vertex  3.332084e+001  2.556798e+001  2.700000e+001
      vertex  2.858154e+001  2.657955e+001  2.700000e+001
      vertex  2.826450e+001  2.646861e+001  2.700000e+001
    endloop
  endfacet
  facet normal  0.000000e+000  0.000000e+000  1.000000e+000
    outer loop
      vertex  3.332084e+001  2.556798e+001  2.700000e+001
      vertex  2.826450e+001  2.646861e+001  2.700000e+001
      vertex  2.793072e+001  2.643100e+001  2.700000e+001
    endloop
  endfacet
  facet normal  0.000000e+000  0.000000e+000  1.000000e+000
    outer loop
      vertex  3.542244e+001  2.256658e+001  2.700000e+001
      vertex  3.440438e+001  2.409021e+001  2.700000e+001
      vertex  2.846536e+001  2.363733e+001  2.700000e+001
    endloop
  endfacet
  facet normal  0.000000e+000  0.000000e+000  9.999999e-001
    outer loop
      vertex  2.846536e+001  2.363733e+001  2.700000e+001
      vertex  3.440438e+001  2.409021e+001  2.700000e+001
      vertex  3.332084e+001  2.556798e+001  2.700000e+001
    endloop
  endfacet
  facet normal  0.000000e+000  0.000000e+000  1.000000e+000
    outer loop
      vertex  2.846536e+001  2.363733e+001  2.700000e+001
      vertex  3.332084e+001  2.556798e+001  2.700000e+001
      vertex  2.734333e+001  2.492674e+001  2.700000e+001
    endloop
  endfacet
  facet normal  0.000000e+000  0.000000e+000  1.000000e+000
    outer loop
      vertex  2.734333e+001  2.492674e+001  2.700000e+001
      vertex  3.332084e+001  2.556798e+001  2.700000e+001
      vertex  2.793072e+001  2.643100e+001  2.700000e+001
    endloop
  endfacet
  facet normal  0.000000e+000  0.000000e+000  9.999999e-001
    outer loop
      vertex  2.837479e+001  3.096565e+001  2.700000e+001
      vertex  2.699708e+001  3.217387e+001  2.700000e+001
      vertex  2.793072e+001  2.943100e+001  2.700000e+001
    endloop
  endfacet
  facet normal  0.000000e+000  0.000000e+000  1.000000e+000
    outer loop
      vertex  2.793072e+001  2.943100e+001  2.700000e+001
      vertex  2.699708e+001  3.217387e+001  2.700000e+001
      vertex  2.091005e+001  3.052491e+001  2.700000e+001
    endloop
  endfacet
  facet normal  0.000000e+000  0.000000e+000  1.000000e+000
    outer loop
      vertex  2.793072e+001  2.943100e+001  2.700000e+001
      vertex  2.091005e+001  3.052491e+001  2.700000e+001
      vertex  2.229748e+001  2.952664e+001  2.700000e+001
    endloop
  endfacet
  facet normal  0.000000e+000  0.000000e+000  1.000000e+000
    outer loop
      vertex -2.952664e+001  2.229748e+001  2.700000e+001
      vertex -3.542244e+001  2.256658e+001  2.700000e+001
      vertex -3.052491e+001  2.091005e+001  2.700000e+001
    endloop
  endfacet
  facet normal  0.000000e+000  0.000000e+000  1.000000e+000
    outer loop
      vertex -3.052491e+001  2.091005e+001  2.700000e+001
      vertex -3.542244e+001  2.256658e+001  2.700000e+001
      vertex -3.637307e+001  2.100000e+001  2.700000e+001
    endloop
  endfacet
  facet normal  0.000000e+000  0.000000e+000  1.000000e+000
    outer loop
      vertex -3.052491e+001  2.091005e+001  2.700000e+001
      vertex -3.637307e+001  2.100000e+001  2.700000e+001
      vertex -3.145803e+001  1.947799e+001  2.700000e+001
    endloop
  endfacet
  facet normal  0.000000e+000  0.000000e+000  1.000000e+000
    outer loop
      vertex -3.145803e+001  1.947799e+001  2.700000e+001
      vertex -3.637307e+001  2.100000e+001  2.700000e+001
      vertex -3.725446e+001  1.939344e+001  2.700000e+001
    endloop
  endfacet
  facet normal  -0.000000e+000  0.000000e+000  1.000000e+000
    outer loop
      vertex -3.145803e+001  1.947799e+001  2.700000e+001
      vertex -3.725446e+001  1.939344e+001  2.700000e+001
      vertex -3.232403e+001  1.800437e+001  2.700000e+001
    endloop
  endfacet
  facet normal  0.000000e+000  0.000000e+000  1.000000e+000
    outer loop
      vertex -3.232403e+001  1.800437e+001  2.700000e+001
      vertex -3.725446e+001  1.939344e+001  2.700000e+001
      vertex -3.806493e+001  1.774997e+001  2.700000e+001
    endloop
  endfacet
  facet normal  -0.000000e+000  0.000000e+000  1.000000e+000
    outer loop
      vertex -3.232403e+001  1.800437e+001  2.700000e+001
      vertex -3.806493e+001  1.774997e+001  2.700000e+001
      vertex -3.312104e+001  1.649232e+001  2.700000e+001
    endloop
  endfacet
  facet normal  0.000000e+000  0.000000e+000  1.000000e+000
    outer loop
      vertex -3.312104e+001  1.649232e+001  2.700000e+001
      vertex -3.806493e+001  1.774997e+001  2.700000e+001
      vertex -3.880294e+001  1.607270e+001  2.700000e+001
    endloop
  endfacet
  facet normal  -0.000000e+000  0.000000e+000  1.000000e+000
    outer loop
      vertex -3.312104e+001  1.649232e+001  2.700000e+001
      vertex -3.880294e+001  1.607270e+001  2.700000e+001
      vertex -3.384737e+001  1.494508e+001  2.700000e+001
    endloop
  endfacet
  facet normal  0.000000e+000  0.000000e+000  1.000000e+000
    outer loop
      vertex -3.384737e+001  1.494508e+001  2.700000e+001
      vertex -3.880294e+001  1.607270e+001  2.700000e+001
      vertex -3.946709e+001  1.436485e+001  2.700000e+001
    endloop
  endfacet
  facet normal  -0.000000e+000  0.000000e+000  1.000000e+000
    outer loop
      vertex -3.384737e+001  1.494508e+001  2.700000e+001
      vertex -3.946709e+001  1.436485e+001  2.700000e+001
      vertex -3.450147e+001  1.336594e+001  2.700000e+001
    endloop
  endfacet
  facet normal  0.000000e+000  0.000000e+000  1.000000e+000
    outer loop
      vertex -3.450147e+001  1.336594e+001  2.700000e+001
      vertex -3.946709e+001  1.436485e+001  2.700000e+001
      vertex -4.005611e+001  1.262964e+001  2.700000e+001
    endloop
  endfacet
  facet normal  -0.000000e+000  0.000000e+000  1.000000e+000
    outer loop
      vertex -3.450147e+001  1.336594e+001  2.700000e+001
      vertex -4.005611e+001  1.262964e+001  2.700000e+001
      vertex -3.508194e+001  1.175828e+001  2.700000e+001
    endloop
  endfacet
  facet normal  0.000000e+000  0.000000e+000  1.000000e+000
    outer loop
      vertex -3.508194e+001  1.175828e+001  2.700000e+001
      vertex -4.005611e+001  1.262964e+001  2.700000e+001
      vertex -4.056889e+001  1.087040e+001  2.700000e+001
    endloop
  endfacet
  facet normal  -0.000000e+000  0.000000e+000  1.000000e+000
    outer loop
      vertex -3.508194e+001  1.175828e+001  2.700000e+001
      vertex -4.056889e+001  1.087040e+001  2.700000e+001
      vertex -3.558755e+001  1.012553e+001  2.700000e+001
    endloop
  endfacet
  facet normal  0.000000e+000  0.000000e+000  1.000000e+000
    outer loop
      vertex -3.558755e+001  1.012553e+001  2.700000e+001
      vertex -4.056889e+001  1.087040e+001  2.700000e+001
      vertex -3.601721e+001  8.471170e+000  2.700000e+001
    endloop
  endfacet
  facet normal  0.000000e+000  0.000000e+000  1.000000e+000
    outer loop
      vertex -3.601721e+001  8.471170e+000  2.700000e+001
      vertex -4.056889e+001  1.087040e+001  2.700000e+001
      vertex -4.100443e+001  9.090464e+000  2.700000e+001
    endloop
  endfacet
  facet normal  0.000000e+000  0.000000e+000  1.000000e+000
    outer loop
      vertex -3.601721e+001  8.471170e+000  2.700000e+001
      vertex -4.100443e+001  9.090464e+000  2.700000e+001
      vertex -3.637001e+001  6.798732e+000  2.700000e+001
    endloop
  endfacet
  facet normal  0.000000e+000  0.000000e+000  1.000000e+000
    outer loop
      vertex -3.637001e+001  6.798732e+000  2.700000e+001
      vertex -4.100443e+001  9.090464e+000  2.700000e+001
      vertex -4.136193e+001  7.293223e+000  2.700000e+001
    endloop
  endfacet
  facet normal  0.000000e+000  0.000000e+000  1.000000e+000
    outer loop
      vertex -3.637001e+001  6.798732e+000  2.700000e+001
      vertex -4.136193e+001  7.293223e+000  2.700000e+001
      vertex -3.664519e+001  5.111785e+000  2.700000e+001
    endloop
  endfacet
  facet normal  0.000000e+000  0.000000e+000  1.000000e+000
    outer loop
      vertex -3.664519e+001  5.111785e+000  2.700000e+001
      vertex -4.136193e+001  7.293223e+000  2.700000e+001
      vertex -4.164069e+001  5.482100e+000  2.700000e+001
    endloop
  endfacet
  facet normal  0.000000e+000  0.000000e+000  1.000000e+000
    outer loop
      vertex -3.664519e+001  5.111785e+000  2.700000e+001
      vertex -4.164069e+001  5.482100e+000  2.700000e+001
      vertex -3.684216e+001  3.413929e+000  2.700000e+001
    endloop
  endfacet
  facet normal  0.000000e+000  0.000000e+000  1.000000e+000
    outer loop
      vertex -3.684216e+001  3.413929e+000  2.700000e+001
      vertex -4.164069e+001  5.482100e+000  2.700000e+001
      vertex -4.184018e+001  3.660541e+000  2.700000e+001
    endloop
  endfacet
  facet normal  0.000000e+000  0.000000e+000  1.000000e+000
    outer loop
      vertex -3.684216e+001  3.413929e+000  2.700000e+001
      vertex -4.184018e+001  3.660541e+000  2.700000e+001
      vertex -3.696052e+001  1.708788e+000  2.700000e+001
    endloop
  endfacet
  facet normal  0.000000e+000  0.000000e+000  1.000000e+000
    outer loop
      vertex -3.696052e+001  1.708788e+000  2.700000e+001
      vertex -4.184018e+001  3.660541e+000  2.700000e+001
      vertex -4.196003e+001  1.832014e+000  2.700000e+001
    endloop
  endfacet
  facet normal  0.000000e+000  0.000000e+000  1.000000e+000
    outer loop
      vertex -3.696052e+001  1.708788e+000  2.700000e+001
      vertex -4.196003e+001  1.832014e+000  2.700000e+001
      vertex -3.700000e+001  0.000000e+000  2.700000e+001
    endloop
  endfacet
  facet normal  0.000000e+000  0.000000e+000  1.000000e+000
    outer loop
      vertex -3.700000e+001  0.000000e+000  2.700000e+001
      vertex -4.196003e+001  1.832014e+000  2.700000e+001
      vertex -4.200000e+001  0.000000e+000  2.700000e+001
    endloop
  endfacet
  facet normal  0.000000e+000  0.000000e+000  1.000000e+000
    outer loop
      vertex -1.436485e+001  3.946709e+001  2.700000e+001
      vertex -1.462392e+000  3.983378e+001  2.700000e+001
      vertex -1.262964e+001  4.005611e+001  2.700000e+001
    endloop
  endfacet
  facet normal  -0.000000e+000  0.000000e+000  1.000000e+000
    outer loop
      vertex -1.262964e+001  4.005611e+001  2.700000e+001
      vertex -1.462392e+000  3.983378e+001  2.700000e+001
      vertex -1.351453e+000  4.015083e+001  2.700000e+001
    endloop
  endfacet
  facet normal  0.000000e+000  -0.000000e+000  1.000000e+000
    outer loop
      vertex -1.262964e+001  4.005611e+001  2.700000e+001
      vertex -1.351453e+000  4.015083e+001  2.700000e+001
      vertex -1.172747e+000  4.043523e+001  2.700000e+001
    endloop
  endfacet
  facet normal  0.000000e+000  0.000000e+000  1.000000e+000
    outer loop
      vertex -1.607270e+001  3.880294e+001  2.700000e+001
      vertex -1.462392e+000  3.916622e+001  2.700000e+001
      vertex -1.436485e+001  3.946709e+001  2.700000e+001
    endloop
  endfacet
  facet normal  -0.000000e+000  0.000000e+000  1.000000e+000
    outer loop
      vertex -1.436485e+001  3.946709e+001  2.700000e+001
      vertex -1.462392e+000  3.916622e+001  2.700000e+001
      vertex -1.500000e+000  3.950000e+001  2.700000e+001
    endloop
  endfacet
  facet normal  0.000000e+000  -0.000000e+000  1.000000e+000
    outer loop
      vertex -1.436485e+001  3.946709e+001  2.700000e+001
      vertex -1.500000e+000  3.950000e+001  2.700000e+001
      vertex -1.462392e+000  3.983378e+001  2.700000e+001
    endloop
  endfacet
  facet normal  0.000000e+000  0.000000e+000  9.999999e-001
    outer loop
      vertex -1.774997e+001  3.806493e+001  2.700000e+001
      vertex -1.172747e+000  3.856477e+001  2.700000e+001
      vertex -1.607270e+001  3.880294e+001  2.700000e+001
    endloop
  endfacet
  facet normal  -0.000000e+000  0.000000e+000  1.000000e+000
    outer loop
      vertex -1.607270e+001  3.880294e+001  2.700000e+001
      vertex -1.172747e+000  3.856477e+001  2.700000e+001
      vertex -1.351453e+000  3.884917e+001  2.700000e+001
    endloop
  endfacet
  facet normal  0.000000e+000  0.000000e+000  1.000000e+000
    outer loop
      vertex -1.607270e+001  3.880294e+001  2.700000e+001
      vertex -1.351453e+000  3.884917e+001  2.700000e+001
      vertex -1.462392e+000  3.916622e+001  2.700000e+001
    endloop
  endfacet
  facet normal  0.000000e+000  0.000000e+000  1.000000e+000
    outer loop
      vertex -1.708788e+000  3.696052e+001  2.700000e+001
      vertex  2.265522e-015  3.700000e+001  2.700000e+001
      vertex -1.939344e+001  3.725446e+001  2.700000e+001
    endloop
  endfacet
  facet normal  -0.000000e+000  0.000000e+000  1.000000e+000
    outer loop
      vertex -1.939344e+001  3.725446e+001  2.700000e+001
      vertex  2.265522e-015  3.700000e+001  2.700000e+001
      vertex  0.000000e+000  3.800000e+001  2.700000e+001
    endloop
  endfacet
  facet normal  0.000000e+000  0.000000e+000  1.000000e+000
    outer loop
      vertex -1.939344e+001  3.725446e+001  2.700000e+001
      vertex  0.000000e+000  3.800000e+001  2.700000e+001
      vertex -1.774997e+001  3.806493e+001  2.700000e+001
    endloop
  endfacet
  facet normal  0.000000e+000  0.000000e+000  1.000000e+000
    outer loop
      vertex -1.774997e+001  3.806493e+001  2.700000e+001
      vertex  0.000000e+000  3.800000e+001  2.700000e+001
      vertex -3.337814e-001  3.803761e+001  2.700000e+001
    endloop
  endfacet
  facet normal  0.000000e+000  0.000000e+000  1.000000e+000
    outer loop
      vertex -1.774997e+001  3.806493e+001  2.700000e+001
      vertex -3.337814e-001  3.803761e+001  2.700000e+001
      vertex -6.508256e-001  3.814855e+001  2.700000e+001
    endloop
  endfacet
  facet normal  0.000000e+000  0.000000e+000  1.000000e+000
    outer loop
      vertex -1.708788e+000  3.696052e+001  2.700000e+001
      vertex -1.939344e+001  3.725446e+001  2.700000e+001
      vertex -3.413929e+000  3.684216e+001  2.700000e+001
    endloop
  endfacet
  facet normal  0.000000e+000  0.000000e+000  1.000000e+000
    outer loop
      vertex -3.413929e+000  3.684216e+001  2.700000e+001
      vertex -1.939344e+001  3.725446e+001  2.700000e+001
      vertex -2.100000e+001  3.637307e+001  2.700000e+001
    endloop
  endfacet
  facet normal  0.000000e+000  0.000000e+000  1.000000e+000
    outer loop
      vertex -3.413929e+000  3.684216e+001  2.700000e+001
      vertex -2.100000e+001  3.637307e+001  2.700000e+001
      vertex -5.111785e+000  3.664519e+001  2.700000e+001
    endloop
  endfacet
  facet normal  -0.000000e+000  0.000000e+000  1.000000e+000
    outer loop
      vertex -1.336594e+001  3.450147e+001  2.700000e+001
      vertex -2.409021e+001  3.440438e+001  2.700000e+001
      vertex -1.494508e+001  3.384737e+001  2.700000e+001
    endloop
  endfacet
  facet normal  0.000000e+000  0.000000e+000  1.000000e+000
    outer loop
      vertex -1.494508e+001  3.384737e+001  2.700000e+001
      vertex -2.409021e+001  3.440438e+001  2.700000e+001
      vertex -2.556798e+001  3.332084e+001  2.700000e+001
    endloop
  endfacet
  facet normal  -0.000000e+000  0.000000e+000  1.000000e+000
    outer loop
      vertex -1.494508e+001  3.384737e+001  2.700000e+001
      vertex -2.556798e+001  3.332084e+001  2.700000e+001
      vertex -1.649232e+001  3.312104e+001  2.700000e+001
    endloop
  endfacet
  facet normal  0.000000e+000  0.000000e+000  1.000000e+000
    outer loop
      vertex  1.462392e+000  3.983378e+001  2.700000e+001
      vertex  1.436485e+001  3.946709e+001  2.700000e+001
      vertex  1.351453e+000  4.015083e+001  2.700000e+001
    endloop
  endfacet
  facet normal  0.000000e+000  0.000000e+000  1.000000e+000
    outer loop
      vertex  1.351453e+000  4.015083e+001  2.700000e+001
      vertex  1.436485e+001  3.946709e+001  2.700000e+001
      vertex  1.262964e+001  4.005611e+001  2.700000e+001
    endloop
  endfacet
  facet normal  0.000000e+000  0.000000e+000  1.000000e+000
    outer loop
      vertex  1.351453e+000  4.015083e+001  2.700000e+001
      vertex  1.262964e+001  4.005611e+001  2.700000e+001
      vertex  1.172747e+000  4.043523e+001  2.700000e+001
    endloop
  endfacet
  facet normal  0.000000e+000  0.000000e+000  1.000000e+000
    outer loop
      vertex  1.462392e+000  3.916622e+001  2.700000e+001
      vertex  1.607270e+001  3.880294e+001  2.700000e+001
      vertex  1.500000e+000  3.950000e+001  2.700000e+001
    endloop
  endfacet
  facet normal  0.000000e+000  0.000000e+000  1.000000e+000
    outer loop
      vertex  1.500000e+000  3.950000e+001  2.700000e+001
      vertex  1.607270e+001  3.880294e+001  2.700000e+001
      vertex  1.436485e+001  3.946709e+001  2.700000e+001
    endloop
  endfacet
  facet normal  0.000000e+000  0.000000e+000  1.000000e+000
    outer loop
      vertex  1.500000e+000  3.950000e+001  2.700000e+001
      vertex  1.436485e+001  3.946709e+001  2.700000e+001
      vertex  1.462392e+000  3.983378e+001  2.700000e+001
    endloop
  endfacet
  facet normal  0.000000e+000  0.000000e+000  1.000000e+000
    outer loop
      vertex  1.172747e+000  3.856477e+001  2.700000e+001
      vertex  1.774997e+001  3.806493e+001  2.700000e+001
      vertex  1.351453e+000  3.884917e+001  2.700000e+001
    endloop
  endfacet
  facet normal  0.000000e+000  0.000000e+000  1.000000e+000
    outer loop
      vertex  1.351453e+000  3.884917e+001  2.700000e+001
      vertex  1.774997e+001  3.806493e+001  2.700000e+001
      vertex  1.607270e+001  3.880294e+001  2.700000e+001
    endloop
  endfacet
  facet normal  0.000000e+000  0.000000e+000  1.000000e+000
    outer loop
      vertex  1.351453e+000  3.884917e+001  2.700000e+001
      vertex  1.607270e+001  3.880294e+001  2.700000e+001
      vertex  1.462392e+000  3.916622e+001  2.700000e+001
    endloop
  endfacet
  facet normal  0.000000e+000  0.000000e+000  1.000000e+000
    outer loop
      vertex  0.000000e+000  3.800000e+001  2.700000e+001
      vertex  1.939344e+001  3.725446e+001  2.700000e+001
      vertex  3.337814e-001  3.803761e+001  2.700000e+001
    endloop
  endfacet
  facet normal  -0.000000e+000  0.000000e+000  1.000000e+000
    outer loop
      vertex  3.337814e-001  3.803761e+001  2.700000e+001
      vertex  1.939344e+001  3.725446e+001  2.700000e+001
      vertex  1.774997e+001  3.806493e+001  2.700000e+001
    endloop
  endfacet
  facet normal  0.000000e+000  0.000000e+000  1.000000e+000
    outer loop
      vertex  3.337814e-001  3.803761e+001  2.700000e+001
      vertex  1.774997e+001  3.806493e+001  2.700000e+001
      vertex  6.508256e-001  3.814855e+001  2.700000e+001
    endloop
  endfacet
  facet normal  0.000000e+000  -0.000000e+000  1.000000e+000
    outer loop
      vertex  0.000000e+000  3.800000e+001  2.700000e+001
      vertex  2.265522e-015  3.700000e+001  2.700000e+001
      vertex  1.939344e+001  3.725446e+001  2.700000e+001
    endloop
  endfacet
  facet normal  0.000000e+000  0.000000e+000  1.000000e+000
    outer loop
      vertex  1.939344e+001  3.725446e+001  2.700000e+001
      vertex  2.265522e-015  3.700000e+001  2.700000e+001
      vertex  1.708788e+000  3.696052e+001  2.700000e+001
    endloop
  endfacet
  facet normal  -0.000000e+000  0.000000e+000  1.000000e+000
    outer loop
      vertex  1.939344e+001  3.725446e+001  2.700000e+001
      vertex  1.708788e+000  3.696052e+001  2.700000e+001
      vertex  2.100000e+001  3.637307e+001  2.700000e+001
    endloop
  endfacet
  facet normal  0.000000e+000  0.000000e+000  1.000000e+000
    outer loop
      vertex  2.100000e+001  3.637307e+001  2.700000e+001
      vertex  1.708788e+000  3.696052e+001  2.700000e+001
      vertex  3.413929e+000  3.684216e+001  2.700000e+001
    endloop
  endfacet
  facet normal  0.000000e+000  0.000000e+000  1.000000e+000
    outer loop
      vertex  2.100000e+001  3.637307e+001  2.700000e+001
      vertex  3.413929e+000  3.684216e+001  2.700000e+001
      vertex  5.111785e+000  3.664519e+001  2.700000e+001
    endloop
  endfacet
  facet normal  -0.000000e+000  0.000000e+000  1.000000e+000
    outer loop
      vertex  2.100000e+001  3.637307e+001  2.700000e+001
      vertex  6.798732e+000  3.637001e+001  2.700000e+001
      vertex  2.256658e+001  3.542244e+001  2.700000e+001
    endloop
  endfacet
  facet normal  0.000000e+000  0.000000e+000  1.000000e+000
    outer loop
      vertex  2.256658e+001  3.542244e+001  2.700000e+001
      vertex  6.798732e+000  3.637001e+001  2.700000e+001
      vertex  8.471170e+000  3.601721e+001  2.700000e+001
    endloop
  endfacet
  facet normal  0.000000e+000  0.000000e+000  1.000000e+000
    outer loop
      vertex  2.256658e+001  3.542244e+001  2.700000e+001
      vertex  8.471170e+000  3.601721e+001  2.700000e+001
      vertex  1.012553e+001  3.558755e+001  2.700000e+001
    endloop
  endfacet
  facet normal  0.000000e+000  0.000000e+000  1.000000e+000
    outer loop
      vertex  2.256658e+001  3.542244e+001  2.700000e+001
      vertex  1.012553e+001  3.558755e+001  2.700000e+001
      vertex  2.409021e+001  3.440438e+001  2.700000e+001
    endloop
  endfacet
  facet normal  0.000000e+000  0.000000e+000  9.999999e-001
    outer loop
      vertex  2.409021e+001  3.440438e+001  2.700000e+001
      vertex  1.012553e+001  3.558755e+001  2.700000e+001
      vertex  1.175828e+001  3.508194e+001  2.700000e+001
    endloop
  endfacet
  facet normal  0.000000e+000  0.000000e+000  1.000000e+000
    outer loop
      vertex  2.409021e+001  3.440438e+001  2.700000e+001
      vertex  1.175828e+001  3.508194e+001  2.700000e+001
      vertex  1.336594e+001  3.450147e+001  2.700000e+001
    endloop
  endfacet
  facet normal  0.000000e+000  0.000000e+000  9.999999e-001
    outer loop
      vertex  2.409021e+001  3.440438e+001  2.700000e+001
      vertex  1.336594e+001  3.450147e+001  2.700000e+001
      vertex  2.556798e+001  3.332084e+001  2.700000e+001
    endloop
  endfacet
  facet normal  0.000000e+000  0.000000e+000  1.000000e+000
    outer loop
      vertex  2.556798e+001  3.332084e+001  2.700000e+001
      vertex  1.336594e+001  3.450147e+001  2.700000e+001
      vertex  1.494508e+001  3.384737e+001  2.700000e+001
    endloop
  endfacet
  facet normal  0.000000e+000  0.000000e+000  1.000000e+000
    outer loop
      vertex  2.556798e+001  3.332084e+001  2.700000e+001
      vertex  1.494508e+001  3.384737e+001  2.700000e+001
      vertex  1.649232e+001  3.312104e+001  2.700000e+001
    endloop
  endfacet
  facet normal  -0.000000e+000  0.000000e+000  1.000000e+000
    outer loop
      vertex  2.556798e+001  3.332084e+001  2.700000e+001
      vertex  1.649232e+001  3.312104e+001  2.700000e+001
      vertex  2.699708e+001  3.217387e+001  2.700000e+001
    endloop
  endfacet
  facet normal  0.000000e+000  0.000000e+000  1.000000e+000
    outer loop
      vertex  2.699708e+001  3.217387e+001  2.700000e+001
      vertex  1.649232e+001  3.312104e+001  2.700000e+001
      vertex  1.800437e+001  3.232403e+001  2.700000e+001
    endloop
  endfacet
  facet normal  0.000000e+000  0.000000e+000  1.000000e+000
    outer loop
      vertex  2.699708e+001  3.217387e+001  2.700000e+001
      vertex  1.800437e+001  3.232403e+001  2.700000e+001
      vertex  1.947799e+001  3.145803e+001  2.700000e+001
    endloop
  endfacet
  facet normal  -0.000000e+000  0.000000e+000  1.000000e+000
    outer loop
      vertex  3.542244e+001  2.256658e+001  2.700000e+001
      vertex  2.952664e+001  2.229748e+001  2.700000e+001
      vertex  3.637307e+001  2.100000e+001  2.700000e+001
    endloop
  endfacet
  facet normal  0.000000e+000  0.000000e+000  1.000000e+000
    outer loop
      vertex  3.637307e+001  2.100000e+001  2.700000e+001
      vertex  2.952664e+001  2.229748e+001  2.700000e+001
      vertex  3.052491e+001  2.091005e+001  2.700000e+001
    endloop
  endfacet
  facet normal  -0.000000e+000  0.000000e+000  1.000000e+000
    outer loop
      vertex  3.637307e+001  2.100000e+001  2.700000e+001
      vertex  3.052491e+001  2.091005e+001  2.700000e+001
      vertex  3.725446e+001  1.939344e+001  2.700000e+001
    endloop
  endfacet
  facet normal  0.000000e+000  0.000000e+000  1.000000e+000
    outer loop
      vertex  3.725446e+001  1.939344e+001  2.700000e+001
      vertex  3.052491e+001  2.091005e+001  2.700000e+001
      vertex  3.145803e+001  1.947799e+001  2.700000e+001
    endloop
  endfacet
  facet normal  0.000000e+000  0.000000e+000  1.000000e+000
    outer loop
      vertex  3.725446e+001  1.939344e+001  2.700000e+001
      vertex  3.145803e+001  1.947799e+001  2.700000e+001
      vertex  3.806493e+001  1.774997e+001  2.700000e+001
    endloop
  endfacet
  facet normal  0.000000e+000  0.000000e+000  1.000000e+000
    outer loop
      vertex  3.806493e+001  1.774997e+001  2.700000e+001
      vertex  3.145803e+001  1.947799e+001  2.700000e+001
      vertex  3.232403e+001  1.800437e+001  2.700000e+001
    endloop
  endfacet
  facet normal  0.000000e+000  0.000000e+000  1.000000e+000
    outer loop
      vertex  3.806493e+001  1.774997e+001  2.700000e+001
      vertex  3.232403e+001  1.800437e+001  2.700000e+001
      vertex  3.880294e+001  1.607270e+001  2.700000e+001
    endloop
  endfacet
  facet normal  0.000000e+000  0.000000e+000  1.000000e+000
    outer loop
      vertex  3.880294e+001  1.607270e+001  2.700000e+001
      vertex  3.232403e+001  1.800437e+001  2.700000e+001
      vertex  3.312104e+001  1.649232e+001  2.700000e+001
    endloop
  endfacet
  facet normal  0.000000e+000  0.000000e+000  1.000000e+000
    outer loop
      vertex  3.880294e+001  1.607270e+001  2.700000e+001
      vertex  3.312104e+001  1.649232e+001  2.700000e+001
      vertex  3.946709e+001  1.436485e+001  2.700000e+001
    endloop
  endfacet
  facet normal  0.000000e+000  0.000000e+000  1.000000e+000
    outer loop
      vertex  3.946709e+001  1.436485e+001  2.700000e+001
      vertex  3.312104e+001  1.649232e+001  2.700000e+001
      vertex  3.384737e+001  1.494508e+001  2.700000e+001
    endloop
  endfacet
  facet normal  0.000000e+000  0.000000e+000  1.000000e+000
    outer loop
      vertex  3.946709e+001  1.436485e+001  2.700000e+001
      vertex  3.384737e+001  1.494508e+001  2.700000e+001
      vertex  4.005611e+001  1.262964e+001  2.700000e+001
    endloop
  endfacet
  facet normal  0.000000e+000  0.000000e+000  1.000000e+000
    outer loop
      vertex  4.005611e+001  1.262964e+001  2.700000e+001
      vertex  3.384737e+001  1.494508e+001  2.700000e+001
      vertex  3.450147e+001  1.336594e+001  2.700000e+001
    endloop
  endfacet
  facet normal  0.000000e+000  0.000000e+000  1.000000e+000
    outer loop
      vertex  4.005611e+001  1.262964e+001  2.700000e+001
      vertex  3.450147e+001  1.336594e+001  2.700000e+001
      vertex  4.056889e+001  1.087040e+001  2.700000e+001
    endloop
  endfacet
  facet normal  0.000000e+000  0.000000e+000  1.000000e+000
    outer loop
      vertex  4.056889e+001  1.087040e+001  2.700000e+001
      vertex  3.450147e+001  1.336594e+001  2.700000e+001
      vertex  3.508194e+001  1.175828e+001  2.700000e+001
    endloop
  endfacet
  facet normal  0.000000e+000  0.000000e+000  1.000000e+000
    outer loop
      vertex  4.056889e+001  1.087040e+001  2.700000e+001
      vertex  3.508194e+001  1.175828e+001  2.700000e+001
      vertex  3.558755e+001  1.012553e+001  2.700000e+001
    endloop
  endfacet
  facet normal  -0.000000e+000  0.000000e+000  9.999999e-001
    outer loop
      vertex  4.056889e+001  1.087040e+001  2.700000e+001
      vertex  3.558755e+001  1.012553e+001  2.700000e+001
      vertex  4.100443e+001  9.090464e+000  2.700000e+001
    endloop
  endfacet
  facet normal  0.000000e+000  0.000000e+000  1.000000e+000
    outer loop
      vertex  4.100443e+001  9.090464e+000  2.700000e+001
      vertex  3.558755e+001  1.012553e+001  2.700000e+001
      vertex  3.601721e+001  8.471170e+000  2.700000e+001
    endloop
  endfacet
  facet normal  -0.000000e+000  0.000000e+000  1.000000e+000
    outer loop
      vertex  4.100443e+001  9.090464e+000  2.700000e+001
      vertex  3.601721e+001  8.471170e+000  2.700000e+001
      vertex  4.136193e+001  7.293223e+000  2.700000e+001
    endloop
  endfacet
  facet normal  0.000000e+000  0.000000e+000  9.999999e-001
    outer loop
      vertex  4.136193e+001  7.293223e+000  2.700000e+001
      vertex  3.601721e+001  8.471170e+000  2.700000e+001
      vertex  3.637001e+001  6.798732e+000  2.700000e+001
    endloop
  endfacet
  facet normal  -0.000000e+000  0.000000e+000  1.000000e+000
    outer loop
      vertex  4.136193e+001  7.293223e+000  2.700000e+001
      vertex  3.637001e+001  6.798732e+000  2.700000e+001
      vertex  4.164069e+001  5.482100e+000  2.700000e+001
    endloop
  endfacet
  facet normal  0.000000e+000  0.000000e+000  1.000000e+000
    outer loop
      vertex  4.164069e+001  5.482100e+000  2.700000e+001
      vertex  3.637001e+001  6.798732e+000  2.700000e+001
      vertex  3.664519e+001  5.111785e+000  2.700000e+001
    endloop
  endfacet
  facet normal  -0.000000e+000  0.000000e+000  1.000000e+000
    outer loop
      vertex  4.164069e+001  5.482100e+000  2.700000e+001
      vertex  3.664519e+001  5.111785e+000  2.700000e+001
      vertex  4.184018e+001  3.660541e+000  2.700000e+001
    endloop
  endfacet
  facet normal  0.000000e+000  0.000000e+000  1.000000e+000
    outer loop
      vertex  4.184018e+001  3.660541e+000  2.700000e+001
      vertex  3.664519e+001  5.111785e+000  2.700000e+001
      vertex  3.684216e+001  3.413929e+000  2.700000e+001
    endloop
  endfacet
  facet normal  -0.000000e+000  0.000000e+000  1.000000e+000
    outer loop
      vertex  4.184018e+001  3.660541e+000  2.700000e+001
      vertex  3.684216e+001  3.413929e+000  2.700000e+001
      vertex  4.196003e+001  1.832014e+000  2.700000e+001
    endloop
  endfacet
  facet normal  0.000000e+000  0.000000e+000  1.000000e+000
    outer loop
      vertex  4.196003e+001  1.832014e+000  2.700000e+001
      vertex  3.684216e+001  3.413929e+000  2.700000e+001
      vertex  3.696052e+001  1.708788e+000  2.700000e+001
    endloop
  endfacet
  facet normal  -0.000000e+000  0.000000e+000  1.000000e+000
    outer loop
      vertex  4.196003e+001  1.832014e+000  2.700000e+001
      vertex  3.696052e+001  1.708788e+000  2.700000e+001
      vertex  4.200000e+001  0.000000e+000  2.700000e+001
    endloop
  endfacet
  facet normal  0.000000e+000  0.000000e+000  1.000000e+000
    outer loop
      vertex  4.200000e+001  0.000000e+000  2.700000e+001
      vertex  3.696052e+001  1.708788e+000  2.700000e+001
      vertex  3.700000e+001  0.000000e+000  2.700000e+001
    endloop
  endfacet
  facet normal  1.119614e-001 -9.937125e-001  0.000000e+000
    outer loop
      vertex -2.793072e+001  2.943100e+001  2.300000e+001
      vertex -2.826450e+001  2.939339e+001  2.390000e+001
      vertex -2.826450e+001  2.939339e+001  2.300000e+001
    endloop
  endfacet
  facet normal  3.302811e-001 -9.438826e-001  0.000000e+000
    outer loop
      vertex -2.826450e+001  2.939339e+001  2.300000e+001
      vertex -2.826450e+001  2.939339e+001  2.390000e+001
      vertex -2.858154e+001  2.928245e+001  2.390000e+001
    endloop
  endfacet
  facet normal  3.302811e-001 -9.438826e-001  0.000000e+000
    outer loop
      vertex -2.826450e+001  2.939339e+001  2.300000e+001
      vertex -2.858154e+001  2.928245e+001  2.390000e+001
      vertex -2.858154e+001  2.928245e+001  2.300000e+001
    endloop
  endfacet
  facet normal  5.320324e-001 -8.467239e-001  0.000000e+000
    outer loop
      vertex -2.858154e+001  2.928245e+001  2.300000e+001
      vertex -2.858154e+001  2.928245e+001  2.390000e+001
      vertex -2.886595e+001  2.910375e+001  2.390000e+001
    endloop
  endfacet
  facet normal  5.320324e-001 -8.467239e-001  0.000000e+000
    outer loop
      vertex -2.858154e+001  2.928245e+001  2.300000e+001
      vertex -2.886595e+001  2.910375e+001  2.390000e+001
      vertex -2.886595e+001  2.910375e+001  2.300000e+001
    endloop
  endfacet
  facet normal  7.071068e-001 -7.071068e-001  0.000000e+000
    outer loop
      vertex -2.886595e+001  2.910375e+001  2.300000e+001
      vertex -2.886595e+001  2.910375e+001  2.390000e+001
      vertex -2.910347e+001  2.886623e+001  2.390000e+001
    endloop
  endfacet
  facet normal  7.071068e-001 -7.071068e-001  0.000000e+000
    outer loop
      vertex -2.886595e+001  2.910375e+001  2.300000e+001
      vertex -2.910347e+001  2.886623e+001  2.390000e+001
      vertex -2.910347e+001  2.886623e+001  2.300000e+001
    endloop
  endfacet
  facet normal  8.467249e-001 -5.320309e-001  0.000000e+000
    outer loop
      vertex -2.910347e+001  2.886623e+001  2.300000e+001
      vertex -2.910347e+001  2.886623e+001  2.390000e+001
      vertex -2.928217e+001  2.858183e+001  2.390000e+001
    endloop
  endfacet
  facet normal  8.467249e-001 -5.320309e-001  0.000000e+000
    outer loop
      vertex -2.910347e+001  2.886623e+001  2.300000e+001
      vertex -2.928217e+001  2.858183e+001  2.390000e+001
      vertex -2.928217e+001  2.858183e+001  2.300000e+001
    endloop
  endfacet
  facet normal  9.438826e-001 -3.302811e-001  0.000000e+000
    outer loop
      vertex -2.928217e+001  2.858183e+001  2.300000e+001
      vertex -2.928217e+001  2.858183e+001  2.390000e+001
      vertex -2.939311e+001  2.826478e+001  2.390000e+001
    endloop
  endfacet
  facet normal  9.438826e-001 -3.302811e-001  0.000000e+000
    outer loop
      vertex -2.928217e+001  2.858183e+001  2.300000e+001
      vertex -2.939311e+001  2.826478e+001  2.390000e+001
      vertex -2.939311e+001  2.826478e+001  2.300000e+001
    endloop
  endfacet
  facet normal  9.937125e-001 -1.119614e-001  0.000000e+000
    outer loop
      vertex -2.939311e+001  2.826478e+001  2.300000e+001
      vertex -2.939311e+001  2.826478e+001  2.390000e+001
      vertex -2.943072e+001  2.793100e+001  2.390000e+001
    endloop
  endfacet
  facet normal  9.937125e-001 -1.119614e-001  0.000000e+000
    outer loop
      vertex -2.939311e+001  2.826478e+001  2.300000e+001
      vertex -2.943072e+001  2.793100e+001  2.390000e+001
      vertex -2.943072e+001  2.793100e+001  2.300000e+001
    endloop
  endfacet
  facet normal  1.119614e-001 -9.937125e-001  0.000000e+000
    outer loop
      vertex -2.826450e+001  2.939339e+001  2.390000e+001
      vertex -2.793072e+001  2.943100e+001  2.300000e+001
      vertex -2.793072e+001  2.943100e+001  2.390000e+001
    endloop
  endfacet
  facet normal -1.119621e-001 -9.937124e-001  -0.000000e+000
    outer loop
      vertex -2.793072e+001  2.943100e+001  2.390000e+001
      vertex -2.793072e+001  2.943100e+001  2.300000e+001
      vertex -2.759694e+001  2.939339e+001  2.300000e+001
    endloop
  endfacet
  facet normal -1.119621e-001 -9.937124e-001  0.000000e+000
    outer loop
      vertex -2.793072e+001  2.943100e+001  2.390000e+001
      vertex -2.759694e+001  2.939339e+001  2.300000e+001
      vertex -2.759694e+001  2.939339e+001  2.390000e+001
    endloop
  endfacet
  facet normal -3.302794e-001 -9.438832e-001  -0.000000e+000
    outer loop
      vertex -2.759694e+001  2.939339e+001  2.390000e+001
      vertex -2.759694e+001  2.939339e+001  2.300000e+001
      vertex -2.727989e+001  2.928245e+001  2.300000e+001
    endloop
  endfacet
  facet normal -3.302794e-001 -9.438832e-001  0.000000e+000
    outer loop
      vertex -2.759694e+001  2.939339e+001  2.390000e+001
      vertex -2.727989e+001  2.928245e+001  2.300000e+001
      vertex -2.727989e+001  2.928245e+001  2.390000e+001
    endloop
  endfacet
  facet normal -5.320350e-001 -8.467224e-001  -0.000000e+000
    outer loop
      vertex -2.727989e+001  2.928245e+001  2.390000e+001
      vertex -2.727989e+001  2.928245e+001  2.300000e+001
      vertex -2.699548e+001  2.910375e+001  2.300000e+001
    endloop
  endfacet
  facet normal -5.320350e-001 -8.467224e-001  0.000000e+000
    outer loop
      vertex -2.727989e+001  2.928245e+001  2.390000e+001
      vertex -2.699548e+001  2.910375e+001  2.300000e+001
      vertex -2.699548e+001  2.910375e+001  2.390000e+001
    endloop
  endfacet
  facet normal -7.071068e-001 -7.071068e-001  -0.000000e+000
    outer loop
      vertex -2.699548e+001  2.910375e+001  2.390000e+001
      vertex -2.699548e+001  2.910375e+001  2.300000e+001
      vertex -2.675797e+001  2.886623e+001  2.300000e+001
    endloop
  endfacet
  facet normal -7.071068e-001 -7.071068e-001  0.000000e+000
    outer loop
      vertex -2.699548e+001  2.910375e+001  2.390000e+001
      vertex -2.675797e+001  2.886623e+001  2.300000e+001
      vertex -2.675797e+001  2.886623e+001  2.390000e+001
    endloop
  endfacet
  facet normal -8.467224e-001 -5.320350e-001  -0.000000e+000
    outer loop
      vertex -2.675797e+001  2.886623e+001  2.390000e+001
      vertex -2.675797e+001  2.886623e+001  2.300000e+001
      vertex -2.657926e+001  2.858183e+001  2.300000e+001
    endloop
  endfacet
  facet normal -8.467224e-001 -5.320350e-001  0.000000e+000
    outer loop
      vertex -2.675797e+001  2.886623e+001  2.390000e+001
      vertex -2.657926e+001  2.858183e+001  2.300000e+001
      vertex -2.657926e+001  2.858183e+001  2.390000e+001
    endloop
  endfacet
  facet normal -9.438844e-001 -3.302761e-001  -0.000000e+000
    outer loop
      vertex -2.657926e+001  2.858183e+001  2.390000e+001
      vertex -2.657926e+001  2.858183e+001  2.300000e+001
      vertex -2.646833e+001  2.826478e+001  2.300000e+001
    endloop
  endfacet
  facet normal -9.438844e-001 -3.302761e-001  0.000000e+000
    outer loop
      vertex -2.657926e+001  2.858183e+001  2.390000e+001
      vertex -2.646833e+001  2.826478e+001  2.300000e+001
      vertex -2.646833e+001  2.826478e+001  2.390000e+001
    endloop
  endfacet
  facet normal -9.937119e-001 -1.119671e-001  -0.000000e+000
    outer loop
      vertex -2.646833e+001  2.826478e+001  2.390000e+001
      vertex -2.646833e+001  2.826478e+001  2.300000e+001
      vertex -2.643072e+001  2.793100e+001  2.300000e+001
    endloop
  endfacet
  facet normal -9.937119e-001 -1.119671e-001  0.000000e+000
    outer loop
      vertex -2.646833e+001  2.826478e+001  2.390000e+001
      vertex -2.643072e+001  2.793100e+001  2.300000e+001
      vertex -2.643072e+001  2.793100e+001  2.390000e+001
    endloop
  endfacet
  facet normal -1.119677e-001  9.937118e-001  0.000000e+000
    outer loop
      vertex -2.793072e+001  2.643100e+001  2.300000e+001
      vertex -2.759694e+001  2.646861e+001  2.390000e+001
      vertex -2.759694e+001  2.646861e+001  2.300000e+001
    endloop
  endfacet
  facet normal -3.302743e-001  9.438850e-001  0.000000e+000
    outer loop
      vertex -2.759694e+001  2.646861e+001  2.300000e+001
      vertex -2.759694e+001  2.646861e+001  2.390000e+001
      vertex -2.727989e+001  2.657955e+001  2.390000e+001
    endloop
  endfacet
  facet normal -3.302743e-001  9.438850e-001  0.000000e+000
    outer loop
      vertex -2.759694e+001  2.646861e+001  2.300000e+001
      vertex -2.727989e+001  2.657955e+001  2.390000e+001
      vertex -2.727989e+001  2.657955e+001  2.300000e+001
    endloop
  endfacet
  facet normal -5.320350e-001  8.467224e-001  0.000000e+000
    outer loop
      vertex -2.727989e+001  2.657955e+001  2.300000e+001
      vertex -2.727989e+001  2.657955e+001  2.390000e+001
      vertex -2.699548e+001  2.675825e+001  2.390000e+001
    endloop
  endfacet
  facet normal -5.320350e-001  8.467224e-001  0.000000e+000
    outer loop
      vertex -2.727989e+001  2.657955e+001  2.300000e+001
      vertex -2.699548e+001  2.675825e+001  2.390000e+001
      vertex -2.699548e+001  2.675825e+001  2.300000e+001
    endloop
  endfacet
  facet normal -7.071068e-001  7.071068e-001  0.000000e+000
    outer loop
      vertex -2.699548e+001  2.675825e+001  2.300000e+001
      vertex -2.699548e+001  2.675825e+001  2.390000e+001
      vertex -2.675797e+001  2.699577e+001  2.390000e+001
    endloop
  endfacet
  facet normal -7.071068e-001  7.071068e-001  0.000000e+000
    outer loop
      vertex -2.699548e+001  2.675825e+001  2.300000e+001
      vertex -2.675797e+001  2.699577e+001  2.390000e+001
      vertex -2.675797e+001  2.699577e+001  2.300000e+001
    endloop
  endfacet
  facet normal -8.467224e-001  5.320350e-001  0.000000e+000
    outer loop
      vertex -2.675797e+001  2.699577e+001  2.300000e+001
      vertex -2.675797e+001  2.699577e+001  2.390000e+001
      vertex -2.657926e+001  2.728017e+001  2.390000e+001
    endloop
  endfacet
  facet normal -8.467224e-001  5.320350e-001  0.000000e+000
    outer loop
      vertex -2.675797e+001  2.699577e+001  2.300000e+001
      vertex -2.657926e+001  2.728017e+001  2.390000e+001
      vertex -2.657926e+001  2.728017e+001  2.300000e+001
    endloop
  endfacet
  facet normal -9.438850e-001  3.302743e-001  0.000000e+000
    outer loop
      vertex -2.657926e+001  2.728017e+001  2.300000e+001
      vertex -2.657926e+001  2.728017e+001  2.390000e+001
      vertex -2.646833e+001  2.759722e+001  2.390000e+001
    endloop
  endfacet
  facet normal -9.438850e-001  3.302743e-001  0.000000e+000
    outer loop
      vertex -2.657926e+001  2.728017e+001  2.300000e+001
      vertex -2.646833e+001  2.759722e+001  2.390000e+001
      vertex -2.646833e+001  2.759722e+001  2.300000e+001
    endloop
  endfacet
  facet normal -9.937118e-001  1.119677e-001  0.000000e+000
    outer loop
      vertex -2.646833e+001  2.759722e+001  2.300000e+001
      vertex -2.646833e+001  2.759722e+001  2.390000e+001
      vertex -2.643072e+001  2.793100e+001  2.390000e+001
    endloop
  endfacet
  facet normal -9.937118e-001  1.119677e-001  0.000000e+000
    outer loop
      vertex -2.646833e+001  2.759722e+001  2.300000e+001
      vertex -2.643072e+001  2.793100e+001  2.390000e+001
      vertex -2.643072e+001  2.793100e+001  2.300000e+001
    endloop
  endfacet
  facet normal -1.119677e-001  9.937118e-001  0.000000e+000
    outer loop
      vertex -2.759694e+001  2.646861e+001  2.390000e+001
      vertex -2.793072e+001  2.643100e+001  2.300000e+001
      vertex -2.793072e+001  2.643100e+001  2.390000e+001
    endloop
  endfacet
  facet normal  1.119671e-001  9.937119e-001  0.000000e+000
    outer loop
      vertex -2.793072e+001  2.643100e+001  2.390000e+001
      vertex -2.793072e+001  2.643100e+001  2.300000e+001
      vertex -2.826450e+001  2.646861e+001  2.300000e+001
    endloop
  endfacet
  facet normal  1.119671e-001  9.937119e-001  -0.000000e+000
    outer loop
      vertex -2.793072e+001  2.643100e+001  2.390000e+001
      vertex -2.826450e+001  2.646861e+001  2.300000e+001
      vertex -2.826450e+001  2.646861e+001  2.390000e+001
    endloop
  endfacet
  facet normal  3.302761e-001  9.438844e-001  0.000000e+000
    outer loop
      vertex -2.826450e+001  2.646861e+001  2.390000e+001
      vertex -2.826450e+001  2.646861e+001  2.300000e+001
      vertex -2.858154e+001  2.657955e+001  2.300000e+001
    endloop
  endfacet
  facet normal  3.302761e-001  9.438844e-001  -0.000000e+000
    outer loop
      vertex -2.826450e+001  2.646861e+001  2.390000e+001
      vertex -2.858154e+001  2.657955e+001  2.300000e+001
      vertex -2.858154e+001  2.657955e+001  2.390000e+001
    endloop
  endfacet
  facet normal  5.320324e-001  8.467239e-001  0.000000e+000
    outer loop
      vertex -2.858154e+001  2.657955e+001  2.390000e+001
      vertex -2.858154e+001  2.657955e+001  2.300000e+001
      vertex -2.886595e+001  2.675825e+001  2.300000e+001
    endloop
  endfacet
  facet normal  5.320324e-001  8.467239e-001  -0.000000e+000
    outer loop
      vertex -2.858154e+001  2.657955e+001  2.390000e+001
      vertex -2.886595e+001  2.675825e+001  2.300000e+001
      vertex -2.886595e+001  2.675825e+001  2.390000e+001
    endloop
  endfacet
  facet normal  7.071068e-001  7.071068e-001  0.000000e+000
    outer loop
      vertex -2.886595e+001  2.675825e+001  2.390000e+001
      vertex -2.886595e+001  2.675825e+001  2.300000e+001
      vertex -2.910347e+001  2.699577e+001  2.300000e+001
    endloop
  endfacet
  facet normal  7.071068e-001  7.071068e-001  -0.000000e+000
    outer loop
      vertex -2.886595e+001  2.675825e+001  2.390000e+001
      vertex -2.910347e+001  2.699577e+001  2.300000e+001
      vertex -2.910347e+001  2.699577e+001  2.390000e+001
    endloop
  endfacet
  facet normal  8.467249e-001  5.320309e-001  0.000000e+000
    outer loop
      vertex -2.910347e+001  2.699577e+001  2.390000e+001
      vertex -2.910347e+001  2.699577e+001  2.300000e+001
      vertex -2.928217e+001  2.728017e+001  2.300000e+001
    endloop
  endfacet
  facet normal  8.467249e-001  5.320309e-001  -0.000000e+000
    outer loop
      vertex -2.910347e+001  2.699577e+001  2.390000e+001
      vertex -2.928217e+001  2.728017e+001  2.300000e+001
      vertex -2.928217e+001  2.728017e+001  2.390000e+001
    endloop
  endfacet
  facet normal  9.438832e-001  3.302794e-001  0.000000e+000
    outer loop
      vertex -2.928217e+001  2.728017e+001  2.390000e+001
      vertex -2.928217e+001  2.728017e+001  2.300000e+001
      vertex -2.939311e+001  2.759722e+001  2.300000e+001
    endloop
  endfacet
  facet normal  9.438832e-001  3.302794e-001  -0.000000e+000
    outer loop
      vertex -2.928217e+001  2.728017e+001  2.390000e+001
      vertex -2.939311e+001  2.759722e+001  2.300000e+001
      vertex -2.939311e+001  2.759722e+001  2.390000e+001
    endloop
  endfacet
  facet normal  9.937124e-001  1.119621e-001  0.000000e+000
    outer loop
      vertex -2.939311e+001  2.759722e+001  2.390000e+001
      vertex -2.939311e+001  2.759722e+001  2.300000e+001
      vertex -2.943072e+001  2.793100e+001  2.300000e+001
    endloop
  endfacet
  facet normal  9.937124e-001  1.119621e-001  -0.000000e+000
    outer loop
      vertex -2.939311e+001  2.759722e+001  2.390000e+001
      vertex -2.943072e+001  2.793100e+001  2.300000e+001
      vertex -2.943072e+001  2.793100e+001  2.390000e+001
    endloop
  endfacet
  facet normal  1.119621e-001 -9.937124e-001  0.000000e+000
    outer loop
      vertex  2.793072e+001  2.943100e+001  2.300000e+001
      vertex  2.759694e+001  2.939339e+001  2.390000e+001
      vertex  2.759694e+001  2.939339e+001  2.300000e+001
    endloop
  endfacet
  facet normal  3.302794e-001 -9.438832e-001  0.000000e+000
    outer loop
      vertex  2.759694e+001  2.939339e+001  2.300000e+001
      vertex  2.759694e+001  2.939339e+001  2.390000e+001
      vertex  2.727989e+001  2.928245e+001  2.390000e+001
    endloop
  endfacet
  facet normal  3.302794e-001 -9.438832e-001  0.000000e+000
    outer loop
      vertex  2.759694e+001  2.939339e+001  2.300000e+001
      vertex  2.727989e+001  2.928245e+001  2.390000e+001
      vertex  2.727989e+001  2.928245e+001  2.300000e+001
    endloop
  endfacet
  facet normal  5.320350e-001 -8.467224e-001  0.000000e+000
    outer loop
      vertex  2.727989e+001  2.928245e+001  2.300000e+001
      vertex  2.727989e+001  2.928245e+001  2.390000e+001
      vertex  2.699548e+001  2.910375e+001  2.390000e+001
    endloop
  endfacet
  facet normal  5.320350e-001 -8.467224e-001  0.000000e+000
    outer loop
      vertex  2.727989e+001  2.928245e+001  2.300000e+001
      vertex  2.699548e+001  2.910375e+001  2.390000e+001
      vertex  2.699548e+001  2.910375e+001  2.300000e+001
    endloop
  endfacet
  facet normal  7.071068e-001 -7.071068e-001  0.000000e+000
    outer loop
      vertex  2.699548e+001  2.910375e+001  2.300000e+001
      vertex  2.699548e+001  2.910375e+001  2.390000e+001
      vertex  2.675797e+001  2.886623e+001  2.390000e+001
    endloop
  endfacet
  facet normal  7.071068e-001 -7.071068e-001  0.000000e+000
    outer loop
      vertex  2.699548e+001  2.910375e+001  2.300000e+001
      vertex  2.675797e+001  2.886623e+001  2.390000e+001
      vertex  2.675797e+001  2.886623e+001  2.300000e+001
    endloop
  endfacet
  facet normal  8.467224e-001 -5.320350e-001  0.000000e+000
    outer loop
      vertex  2.675797e+001  2.886623e+001  2.300000e+001
      vertex  2.675797e+001  2.886623e+001  2.390000e+001
      vertex  2.657926e+001  2.858183e+001  2.390000e+001
    endloop
  endfacet
  facet normal  8.467224e-001 -5.320350e-001  0.000000e+000
    outer loop
      vertex  2.675797e+001  2.886623e+001  2.300000e+001
      vertex  2.657926e+001  2.858183e+001  2.390000e+001
      vertex  2.657926e+001  2.858183e+001  2.300000e+001
    endloop
  endfacet
  facet normal  9.438844e-001 -3.302761e-001  0.000000e+000
    outer loop
      vertex  2.657926e+001  2.858183e+001  2.300000e+001
      vertex  2.657926e+001  2.858183e+001  2.390000e+001
      vertex  2.646833e+001  2.826478e+001  2.390000e+001
    endloop
  endfacet
  facet normal  9.438844e-001 -3.302761e-001  0.000000e+000
    outer loop
      vertex  2.657926e+001  2.858183e+001  2.300000e+001
      vertex  2.646833e+001  2.826478e+001  2.390000e+001
      vertex  2.646833e+001  2.826478e+001  2.300000e+001
    endloop
  endfacet
  facet normal  9.937119e-001 -1.119671e-001  0.000000e+000
    outer loop
      vertex  2.646833e+001  2.826478e+001  2.300000e+001
      vertex  2.646833e+001  2.826478e+001  2.390000e+001
      vertex  2.643072e+001  2.793100e+001  2.390000e+001
    endloop
  endfacet
  facet normal  9.937119e-001 -1.119671e-001  0.000000e+000
    outer loop
      vertex  2.646833e+001  2.826478e+001  2.300000e+001
      vertex  2.643072e+001  2.793100e+001  2.390000e+001
      vertex  2.643072e+001  2.793100e+001  2.300000e+001
    endloop
  endfacet
  facet normal  1.119621e-001 -9.937124e-001  0.000000e+000
    outer loop
      vertex  2.759694e+001  2.939339e+001  2.390000e+001
      vertex  2.793072e+001  2.943100e+001  2.300000e+001
      vertex  2.793072e+001  2.943100e+001  2.390000e+001
    endloop
  endfacet
  facet normal -1.119614e-001 -9.937125e-001  -0.000000e+000
    outer loop
      vertex  2.793072e+001  2.943100e+001  2.390000e+001
      vertex  2.793072e+001  2.943100e+001  2.300000e+001
      vertex  2.826450e+001  2.939339e+001  2.300000e+001
    endloop
  endfacet
  facet normal -1.119614e-001 -9.937125e-001  0.000000e+000
    outer loop
      vertex  2.793072e+001  2.943100e+001  2.390000e+001
      vertex  2.826450e+001  2.939339e+001  2.300000e+001
      vertex  2.826450e+001  2.939339e+001  2.390000e+001
    endloop
  endfacet
  facet normal -3.302811e-001 -9.438826e-001  -0.000000e+000
    outer loop
      vertex  2.826450e+001  2.939339e+001  2.390000e+001
      vertex  2.826450e+001  2.939339e+001  2.300000e+001
      vertex  2.858154e+001  2.928245e+001  2.300000e+001
    endloop
  endfacet
  facet normal -3.302811e-001 -9.438826e-001  0.000000e+000
    outer loop
      vertex  2.826450e+001  2.939339e+001  2.390000e+001
      vertex  2.858154e+001  2.928245e+001  2.300000e+001
      vertex  2.858154e+001  2.928245e+001  2.390000e+001
    endloop
  endfacet
  facet normal -5.320324e-001 -8.467239e-001  -0.000000e+000
    outer loop
      vertex  2.858154e+001  2.928245e+001  2.390000e+001
      vertex  2.858154e+001  2.928245e+001  2.300000e+001
      vertex  2.886595e+001  2.910375e+001  2.300000e+001
    endloop
  endfacet
  facet normal -5.320324e-001 -8.467239e-001  0.000000e+000
    outer loop
      vertex  2.858154e+001  2.928245e+001  2.390000e+001
      vertex  2.886595e+001  2.910375e+001  2.300000e+001
      vertex  2.886595e+001  2.910375e+001  2.390000e+001
    endloop
  endfacet
  facet normal -7.071068e-001 -7.071068e-001  -0.000000e+000
    outer loop
      vertex  2.886595e+001  2.910375e+001  2.390000e+001
      vertex  2.886595e+001  2.910375e+001  2.300000e+001
      vertex  2.910347e+001  2.886623e+001  2.300000e+001
    endloop
  endfacet
  facet normal -7.071068e-001 -7.071068e-001  0.000000e+000
    outer loop
      vertex  2.886595e+001  2.910375e+001  2.390000e+001
      vertex  2.910347e+001  2.886623e+001  2.300000e+001
      vertex  2.910347e+001  2.886623e+001  2.390000e+001
    endloop
  endfacet
  facet normal -8.467249e-001 -5.320309e-001  -0.000000e+000
    outer loop
      vertex  2.910347e+001  2.886623e+001  2.390000e+001
      vertex  2.910347e+001  2.886623e+001  2.300000e+001
      vertex  2.928217e+001  2.858183e+001  2.300000e+001
    endloop
  endfacet
  facet normal -8.467249e-001 -5.320309e-001  0.000000e+000
    outer loop
      vertex  2.910347e+001  2.886623e+001  2.390000e+001
      vertex  2.928217e+001  2.858183e+001  2.300000e+001
      vertex  2.928217e+001  2.858183e+001  2.390000e+001
    endloop
  endfacet
  facet normal -9.438826e-001 -3.302811e-001  -0.000000e+000
    outer loop
      vertex  2.928217e+001  2.858183e+001  2.390000e+001
      vertex  2.928217e+001  2.858183e+001  2.300000e+001
      vertex  2.939311e+001  2.826478e+001  2.300000e+001
    endloop
  endfacet
  facet normal -9.438826e-001 -3.302811e-001  0.000000e+000
    outer loop
      vertex  2.928217e+001  2.858183e+001  2.390000e+001
      vertex  2.939311e+001  2.826478e+001  2.300000e+001
      vertex  2.939311e+001  2.826478e+001  2.390000e+001
    endloop
  endfacet
  facet normal -9.937125e-001 -1.119614e-001  -0.000000e+000
    outer loop
      vertex  2.939311e+001  2.826478e+001  2.390000e+001
      vertex  2.939311e+001  2.826478e+001  2.300000e+001
      vertex  2.943072e+001  2.793100e+001  2.300000e+001
    endloop
  endfacet
  facet normal -9.937125e-001 -1.119614e-001  0.000000e+000
    outer loop
      vertex  2.939311e+001  2.826478e+001  2.390000e+001
      vertex  2.943072e+001  2.793100e+001  2.300000e+001
      vertex  2.943072e+001  2.793100e+001  2.390000e+001
    endloop
  endfacet
  facet normal -1.119671e-001  9.937119e-001  0.000000e+000
    outer loop
      vertex  2.793072e+001  2.643100e+001  2.300000e+001
      vertex  2.826450e+001  2.646861e+001  2.390000e+001
      vertex  2.826450e+001  2.646861e+001  2.300000e+001
    endloop
  endfacet
  facet normal -3.302761e-001  9.438844e-001  0.000000e+000
    outer loop
      vertex  2.826450e+001  2.646861e+001  2.300000e+001
      vertex  2.826450e+001  2.646861e+001  2.390000e+001
      vertex  2.858154e+001  2.657955e+001  2.390000e+001
    endloop
  endfacet
  facet normal -3.302761e-001  9.438844e-001  0.000000e+000
    outer loop
      vertex  2.826450e+001  2.646861e+001  2.300000e+001
      vertex  2.858154e+001  2.657955e+001  2.390000e+001
      vertex  2.858154e+001  2.657955e+001  2.300000e+001
    endloop
  endfacet
  facet normal -5.320324e-001  8.467239e-001  0.000000e+000
    outer loop
      vertex  2.858154e+001  2.657955e+001  2.300000e+001
      vertex  2.858154e+001  2.657955e+001  2.390000e+001
      vertex  2.886595e+001  2.675825e+001  2.390000e+001
    endloop
  endfacet
  facet normal -5.320324e-001  8.467239e-001  0.000000e+000
    outer loop
      vertex  2.858154e+001  2.657955e+001  2.300000e+001
      vertex  2.886595e+001  2.675825e+001  2.390000e+001
      vertex  2.886595e+001  2.675825e+001  2.300000e+001
    endloop
  endfacet
  facet normal -7.071068e-001  7.071068e-001  0.000000e+000
    outer loop
      vertex  2.886595e+001  2.675825e+001  2.300000e+001
      vertex  2.886595e+001  2.675825e+001  2.390000e+001
      vertex  2.910347e+001  2.699577e+001  2.390000e+001
    endloop
  endfacet
  facet normal -7.071068e-001  7.071068e-001  0.000000e+000
    outer loop
      vertex  2.886595e+001  2.675825e+001  2.300000e+001
      vertex  2.910347e+001  2.699577e+001  2.390000e+001
      vertex  2.910347e+001  2.699577e+001  2.300000e+001
    endloop
  endfacet
  facet normal -8.467249e-001  5.320309e-001  0.000000e+000
    outer loop
      vertex  2.910347e+001  2.699577e+001  2.300000e+001
      vertex  2.910347e+001  2.699577e+001  2.390000e+001
      vertex  2.928217e+001  2.728017e+001  2.390000e+001
    endloop
  endfacet
  facet normal -8.467249e-001  5.320309e-001  0.000000e+000
    outer loop
      vertex  2.910347e+001  2.699577e+001  2.300000e+001
      vertex  2.928217e+001  2.728017e+001  2.390000e+001
      vertex  2.928217e+001  2.728017e+001  2.300000e+001
    endloop
  endfacet
  facet normal -9.438832e-001  3.302794e-001  0.000000e+000
    outer loop
      vertex  2.928217e+001  2.728017e+001  2.300000e+001
      vertex  2.928217e+001  2.728017e+001  2.390000e+001
      vertex  2.939311e+001  2.759722e+001  2.390000e+001
    endloop
  endfacet
  facet normal -9.438832e-001  3.302794e-001  0.000000e+000
    outer loop
      vertex  2.928217e+001  2.728017e+001  2.300000e+001
      vertex  2.939311e+001  2.759722e+001  2.390000e+001
      vertex  2.939311e+001  2.759722e+001  2.300000e+001
    endloop
  endfacet
  facet normal -9.937124e-001  1.119621e-001  0.000000e+000
    outer loop
      vertex  2.939311e+001  2.759722e+001  2.300000e+001
      vertex  2.939311e+001  2.759722e+001  2.390000e+001
      vertex  2.943072e+001  2.793100e+001  2.390000e+001
    endloop
  endfacet
  facet normal -9.937124e-001  1.119621e-001  0.000000e+000
    outer loop
      vertex  2.939311e+001  2.759722e+001  2.300000e+001
      vertex  2.943072e+001  2.793100e+001  2.390000e+001
      vertex  2.943072e+001  2.793100e+001  2.300000e+001
    endloop
  endfacet
  facet normal -1.119671e-001  9.937119e-001  0.000000e+000
    outer loop
      vertex  2.826450e+001  2.646861e+001  2.390000e+001
      vertex  2.793072e+001  2.643100e+001  2.300000e+001
      vertex  2.793072e+001  2.643100e+001  2.390000e+001
    endloop
  endfacet
  facet normal  1.119677e-001  9.937118e-001  0.000000e+000
    outer loop
      vertex  2.793072e+001  2.643100e+001  2.390000e+001
      vertex  2.793072e+001  2.643100e+001  2.300000e+001
      vertex  2.759694e+001  2.646861e+001  2.300000e+001
    endloop
  endfacet
  facet normal  1.119677e-001  9.937118e-001  -0.000000e+000
    outer loop
      vertex  2.793072e+001  2.643100e+001  2.390000e+001
      vertex  2.759694e+001  2.646861e+001  2.300000e+001
      vertex  2.759694e+001  2.646861e+001  2.390000e+001
    endloop
  endfacet
  facet normal  3.302743e-001  9.438850e-001  0.000000e+000
    outer loop
      vertex  2.759694e+001  2.646861e+001  2.390000e+001
      vertex  2.759694e+001  2.646861e+001  2.300000e+001
      vertex  2.727989e+001  2.657955e+001  2.300000e+001
    endloop
  endfacet
  facet normal  3.302743e-001  9.438850e-001  -0.000000e+000
    outer loop
      vertex  2.759694e+001  2.646861e+001  2.390000e+001
      vertex  2.727989e+001  2.657955e+001  2.300000e+001
      vertex  2.727989e+001  2.657955e+001  2.390000e+001
    endloop
  endfacet
  facet normal  5.320350e-001  8.467224e-001  0.000000e+000
    outer loop
      vertex  2.727989e+001  2.657955e+001  2.390000e+001
      vertex  2.727989e+001  2.657955e+001  2.300000e+001
      vertex  2.699548e+001  2.675825e+001  2.300000e+001
    endloop
  endfacet
  facet normal  5.320350e-001  8.467224e-001  -0.000000e+000
    outer loop
      vertex  2.727989e+001  2.657955e+001  2.390000e+001
      vertex  2.699548e+001  2.675825e+001  2.300000e+001
      vertex  2.699548e+001  2.675825e+001  2.390000e+001
    endloop
  endfacet
  facet normal  7.071068e-001  7.071068e-001  0.000000e+000
    outer loop
      vertex  2.699548e+001  2.675825e+001  2.390000e+001
      vertex  2.699548e+001  2.675825e+001  2.300000e+001
      vertex  2.675797e+001  2.699577e+001  2.300000e+001
    endloop
  endfacet
  facet normal  7.071068e-001  7.071068e-001  -0.000000e+000
    outer loop
      vertex  2.699548e+001  2.675825e+001  2.390000e+001
      vertex  2.675797e+001  2.699577e+001  2.300000e+001
      vertex  2.675797e+001  2.699577e+001  2.390000e+001
    endloop
  endfacet
  facet normal  8.467224e-001  5.320350e-001  0.000000e+000
    outer loop
      vertex  2.675797e+001  2.699577e+001  2.390000e+001
      vertex  2.675797e+001  2.699577e+001  2.300000e+001
      vertex  2.657926e+001  2.728017e+001  2.300000e+001
    endloop
  endfacet
  facet normal  8.467224e-001  5.320350e-001  -0.000000e+000
    outer loop
      vertex  2.675797e+001  2.699577e+001  2.390000e+001
      vertex  2.657926e+001  2.728017e+001  2.300000e+001
      vertex  2.657926e+001  2.728017e+001  2.390000e+001
    endloop
  endfacet
  facet normal  9.438850e-001  3.302743e-001  0.000000e+000
    outer loop
      vertex  2.657926e+001  2.728017e+001  2.390000e+001
      vertex  2.657926e+001  2.728017e+001  2.300000e+001
      vertex  2.646833e+001  2.759722e+001  2.300000e+001
    endloop
  endfacet
  facet normal  9.438850e-001  3.302743e-001  -0.000000e+000
    outer loop
      vertex  2.657926e+001  2.728017e+001  2.390000e+001
      vertex  2.646833e+001  2.759722e+001  2.300000e+001
      vertex  2.646833e+001  2.759722e+001  2.390000e+001
    endloop
  endfacet
  facet normal  9.937118e-001  1.119677e-001  0.000000e+000
    outer loop
      vertex  2.646833e+001  2.759722e+001  2.390000e+001
      vertex  2.646833e+001  2.759722e+001  2.300000e+001
      vertex  2.643072e+001  2.793100e+001  2.300000e+001
    endloop
  endfacet
  facet normal  9.937118e-001  1.119677e-001  -0.000000e+000
    outer loop
      vertex  2.646833e+001  2.759722e+001  2.390000e+001
      vertex  2.643072e+001  2.793100e+001  2.300000e+001
      vertex  2.643072e+001  2.793100e+001  2.390000e+001
    endloop
  endfacet
  facet normal  1.119673e-001 -9.937119e-001  0.000000e+000
    outer loop
      vertex  0.000000e+000  4.100000e+001  2.300000e+001
      vertex -3.337814e-001  4.096239e+001  2.390000e+001
      vertex -3.337814e-001  4.096239e+001  2.300000e+001
    endloop
  endfacet
  facet normal  3.302802e-001 -9.438829e-001  0.000000e+000
    outer loop
      vertex -3.337814e-001  4.096239e+001  2.300000e+001
      vertex -3.337814e-001  4.096239e+001  2.390000e+001
      vertex -6.508256e-001  4.085145e+001  2.390000e+001
    endloop
  endfacet
  facet normal  3.302802e-001 -9.438829e-001  0.000000e+000
    outer loop
      vertex -3.337814e-001  4.096239e+001  2.300000e+001
      vertex -6.508256e-001  4.085145e+001  2.390000e+001
      vertex -6.508256e-001  4.085145e+001  2.300000e+001
    endloop
  endfacet
  facet normal  5.320261e-001 -8.467279e-001  0.000000e+000
    outer loop
      vertex -6.508256e-001  4.085145e+001  2.300000e+001
      vertex -6.508256e-001  4.085145e+001  2.390000e+001
      vertex -9.352347e-001  4.067275e+001  2.390000e+001
    endloop
  endfacet
  facet normal  5.320261e-001 -8.467279e-001  0.000000e+000
    outer loop
      vertex -6.508256e-001  4.085145e+001  2.300000e+001
      vertex -9.352347e-001  4.067275e+001  2.390000e+001
      vertex -9.352347e-001  4.067275e+001  2.300000e+001
    endloop
  endfacet
  facet normal  7.071097e-001 -7.071038e-001  0.000000e+000
    outer loop
      vertex -9.352347e-001  4.067275e+001  2.300000e+001
      vertex -9.352347e-001  4.067275e+001  2.390000e+001
      vertex -1.172747e+000  4.043523e+001  2.390000e+001
    endloop
  endfacet
  facet normal  7.071097e-001 -7.071038e-001  0.000000e+000
    outer loop
      vertex -9.352347e-001  4.067275e+001  2.300000e+001
      vertex -1.172747e+000  4.043523e+001  2.390000e+001
      vertex -1.172747e+000  4.043523e+001  2.300000e+001
    endloop
  endfacet
  facet normal  8.467238e-001 -5.320327e-001  0.000000e+000
    outer loop
      vertex -1.172747e+000  4.043523e+001  2.300000e+001
      vertex -1.172747e+000  4.043523e+001  2.390000e+001
      vertex -1.351453e+000  4.015083e+001  2.390000e+001
    endloop
  endfacet
  facet normal  8.467238e-001 -5.320327e-001  0.000000e+000
    outer loop
      vertex -1.172747e+000  4.043523e+001  2.300000e+001
      vertex -1.351453e+000  4.015083e+001  2.390000e+001
      vertex -1.351453e+000  4.015083e+001  2.300000e+001
    endloop
  endfacet
  facet normal  9.438831e-001 -3.302799e-001  0.000000e+000
    outer loop
      vertex -1.351453e+000  4.015083e+001  2.300000e+001
      vertex -1.351453e+000  4.015083e+001  2.390000e+001
      vertex -1.462392e+000  3.983378e+001  2.390000e+001
    endloop
  endfacet
  facet normal  9.438831e-001 -3.302799e-001  0.000000e+000
    outer loop
      vertex -1.351453e+000  4.015083e+001  2.300000e+001
      vertex -1.462392e+000  3.983378e+001  2.390000e+001
      vertex -1.462392e+000  3.983378e+001  2.300000e+001
    endloop
  endfacet
  facet normal  9.937122e-001 -1.119642e-001  0.000000e+000
    outer loop
      vertex -1.462392e+000  3.983378e+001  2.300000e+001
      vertex -1.462392e+000  3.983378e+001  2.390000e+001
      vertex -1.500000e+000  3.950000e+001  2.390000e+001
    endloop
  endfacet
  facet normal  9.937122e-001 -1.119642e-001  0.000000e+000
    outer loop
      vertex -1.462392e+000  3.983378e+001  2.300000e+001
      vertex -1.500000e+000  3.950000e+001  2.390000e+001
      vertex -1.500000e+000  3.950000e+001  2.300000e+001
    endloop
  endfacet
  facet normal  1.119673e-001 -9.937119e-001  0.000000e+000
    outer loop
      vertex -3.337814e-001  4.096239e+001  2.390000e+001
      vertex  0.000000e+000  4.100000e+001  2.300000e+001
      vertex  0.000000e+000  4.100000e+001  2.390000e+001
    endloop
  endfacet
  facet normal -1.119673e-001 -9.937119e-001  -0.000000e+000
    outer loop
      vertex  0.000000e+000  4.100000e+001  2.390000e+001
      vertex  0.000000e+000  4.100000e+001  2.300000e+001
      vertex  3.337814e-001  4.096239e+001  2.300000e+001
    endloop
  endfacet
  facet normal -1.119673e-001 -9.937119e-001  0.000000e+000
    outer loop
      vertex  0.000000e+000  4.100000e+001  2.390000e+001
      vertex  3.337814e-001  4.096239e+001  2.300000e+001
      vertex  3.337814e-001  4.096239e+001  2.390000e+001
    endloop
  endfacet
  facet normal -3.302802e-001 -9.438829e-001  -0.000000e+000
    outer loop
      vertex  3.337814e-001  4.096239e+001  2.390000e+001
      vertex  3.337814e-001  4.096239e+001  2.300000e+001
      vertex  6.508256e-001  4.085145e+001  2.300000e+001
    endloop
  endfacet
  facet normal -3.302802e-001 -9.438829e-001  0.000000e+000
    outer loop
      vertex  3.337814e-001  4.096239e+001  2.390000e+001
      vertex  6.508256e-001  4.085145e+001  2.300000e+001
      vertex  6.508256e-001  4.085145e+001  2.390000e+001
    endloop
  endfacet
  facet normal -5.320261e-001 -8.467279e-001  -0.000000e+000
    outer loop
      vertex  6.508256e-001  4.085145e+001  2.390000e+001
      vertex  6.508256e-001  4.085145e+001  2.300000e+001
      vertex  9.352347e-001  4.067275e+001  2.300000e+001
    endloop
  endfacet
  facet normal -5.320261e-001 -8.467279e-001  0.000000e+000
    outer loop
      vertex  6.508256e-001  4.085145e+001  2.390000e+001
      vertex  9.352347e-001  4.067275e+001  2.300000e+001
      vertex  9.352347e-001  4.067275e+001  2.390000e+001
    endloop
  endfacet
  facet normal -7.071097e-001 -7.071038e-001  -0.000000e+000
    outer loop
      vertex  9.352347e-001  4.067275e+001  2.390000e+001
      vertex  9.352347e-001  4.067275e+001  2.300000e+001
      vertex  1.172747e+000  4.043523e+001  2.300000e+001
    endloop
  endfacet
  facet normal -7.071097e-001 -7.071038e-001  0.000000e+000
    outer loop
      vertex  9.352347e-001  4.067275e+001  2.390000e+001
      vertex  1.172747e+000  4.043523e+001  2.300000e+001
      vertex  1.172747e+000  4.043523e+001  2.390000e+001
    endloop
  endfacet
  facet normal -8.467238e-001 -5.320327e-001  -0.000000e+000
    outer loop
      vertex  1.172747e+000  4.043523e+001  2.390000e+001
      vertex  1.172747e+000  4.043523e+001  2.300000e+001
      vertex  1.351453e+000  4.015083e+001  2.300000e+001
    endloop
  endfacet
  facet normal -8.467238e-001 -5.320327e-001  0.000000e+000
    outer loop
      vertex  1.172747e+000  4.043523e+001  2.390000e+001
      vertex  1.351453e+000  4.015083e+001  2.300000e+001
      vertex  1.351453e+000  4.015083e+001  2.390000e+001
    endloop
  endfacet
  facet normal -9.438831e-001 -3.302799e-001  -0.000000e+000
    outer loop
      vertex  1.351453e+000  4.015083e+001  2.390000e+001
      vertex  1.351453e+000  4.015083e+001  2.300000e+001
      vertex  1.462392e+000  3.983378e+001  2.300000e+001
    endloop
  endfacet
  facet normal -9.438831e-001 -3.302799e-001  0.000000e+000
    outer loop
      vertex  1.351453e+000  4.015083e+001  2.390000e+001
      vertex  1.462392e+000  3.983378e+001  2.300000e+001
      vertex  1.462392e+000  3.983378e+001  2.390000e+001
    endloop
  endfacet
  facet normal -9.937122e-001 -1.119642e-001  -0.000000e+000
    outer loop
      vertex  1.462392e+000  3.983378e+001  2.390000e+001
      vertex  1.462392e+000  3.983378e+001  2.300000e+001
      vertex  1.500000e+000  3.950000e+001  2.300000e+001
    endloop
  endfacet
  facet normal -9.937122e-001 -1.119642e-001  0.000000e+000
    outer loop
      vertex  1.462392e+000  3.983378e+001  2.390000e+001
      vertex  1.500000e+000  3.950000e+001  2.300000e+001
      vertex  1.500000e+000  3.950000e+001  2.390000e+001
    endloop
  endfacet
  facet normal -1.119673e-001  9.937119e-001  0.000000e+000
    outer loop
      vertex  0.000000e+000  3.800000e+001  2.300000e+001
      vertex  3.337814e-001  3.803761e+001  2.390000e+001
      vertex  3.337814e-001  3.803761e+001  2.300000e+001
    endloop
  endfacet
  facet normal -3.302802e-001  9.438829e-001  0.000000e+000
    outer loop
      vertex  3.337814e-001  3.803761e+001  2.300000e+001
      vertex  3.337814e-001  3.803761e+001  2.390000e+001
      vertex  6.508256e-001  3.814855e+001  2.390000e+001
    endloop
  endfacet
  facet normal -3.302802e-001  9.438829e-001  0.000000e+000
    outer loop
      vertex  3.337814e-001  3.803761e+001  2.300000e+001
      vertex  6.508256e-001  3.814855e+001  2.390000e+001
      vertex  6.508256e-001  3.814855e+001  2.300000e+001
    endloop
  endfacet
  facet normal -5.320261e-001  8.467279e-001  0.000000e+000
    outer loop
      vertex  6.508256e-001  3.814855e+001  2.300000e+001
      vertex  6.508256e-001  3.814855e+001  2.390000e+001
      vertex  9.352347e-001  3.832725e+001  2.390000e+001
    endloop
  endfacet
  facet normal -5.320261e-001  8.467279e-001  0.000000e+000
    outer loop
      vertex  6.508256e-001  3.814855e+001  2.300000e+001
      vertex  9.352347e-001  3.832725e+001  2.390000e+001
      vertex  9.352347e-001  3.832725e+001  2.300000e+001
    endloop
  endfacet
  facet normal -7.071097e-001  7.071038e-001  0.000000e+000
    outer loop
      vertex  9.352347e-001  3.832725e+001  2.300000e+001
      vertex  9.352347e-001  3.832725e+001  2.390000e+001
      vertex  1.172747e+000  3.856477e+001  2.390000e+001
    endloop
  endfacet
  facet normal -7.071097e-001  7.071038e-001  0.000000e+000
    outer loop
      vertex  9.352347e-001  3.832725e+001  2.300000e+001
      vertex  1.172747e+000  3.856477e+001  2.390000e+001
      vertex  1.172747e+000  3.856477e+001  2.300000e+001
    endloop
  endfacet
  facet normal -8.467238e-001  5.320327e-001  0.000000e+000
    outer loop
      vertex  1.172747e+000  3.856477e+001  2.300000e+001
      vertex  1.172747e+000  3.856477e+001  2.390000e+001
      vertex  1.351453e+000  3.884917e+001  2.390000e+001
    endloop
  endfacet
  facet normal -8.467238e-001  5.320327e-001  0.000000e+000
    outer loop
      vertex  1.172747e+000  3.856477e+001  2.300000e+001
      vertex  1.351453e+000  3.884917e+001  2.390000e+001
      vertex  1.351453e+000  3.884917e+001  2.300000e+001
    endloop
  endfacet
  facet normal -9.438831e-001  3.302799e-001  0.000000e+000
    outer loop
      vertex  1.351453e+000  3.884917e+001  2.300000e+001
      vertex  1.351453e+000  3.884917e+001  2.390000e+001
      vertex  1.462392e+000  3.916622e+001  2.390000e+001
    endloop
  endfacet
  facet normal -9.438831e-001  3.302799e-001  0.000000e+000
    outer loop
      vertex  1.351453e+000  3.884917e+001  2.300000e+001
      vertex  1.462392e+000  3.916622e+001  2.390000e+001
      vertex  1.462392e+000  3.916622e+001  2.300000e+001
    endloop
  endfacet
  facet normal -9.937122e-001  1.119642e-001  0.000000e+000
    outer loop
      vertex  1.462392e+000  3.916622e+001  2.300000e+001
      vertex  1.462392e+000  3.916622e+001  2.390000e+001
      vertex  1.500000e+000  3.950000e+001  2.390000e+001
    endloop
  endfacet
  facet normal -9.937122e-001  1.119642e-001  0.000000e+000
    outer loop
      vertex  1.462392e+000  3.916622e+001  2.300000e+001
      vertex  1.500000e+000  3.950000e+001  2.390000e+001
      vertex  1.500000e+000  3.950000e+001  2.300000e+001
    endloop
  endfacet
  facet normal -1.119673e-001  9.937119e-001  0.000000e+000
    outer loop
      vertex  3.337814e-001  3.803761e+001  2.390000e+001
      vertex  0.000000e+000  3.800000e+001  2.300000e+001
      vertex  0.000000e+000  3.800000e+001  2.390000e+001
    endloop
  endfacet
  facet normal  1.119673e-001  9.937119e-001  0.000000e+000
    outer loop
      vertex  0.000000e+000  3.800000e+001  2.390000e+001
      vertex  0.000000e+000  3.800000e+001  2.300000e+001
      vertex -3.337814e-001  3.803761e+001  2.300000e+001
    endloop
  endfacet
  facet normal  1.119673e-001  9.937119e-001  -0.000000e+000
    outer loop
      vertex  0.000000e+000  3.800000e+001  2.390000e+001
      vertex -3.337814e-001  3.803761e+001  2.300000e+001
      vertex -3.337814e-001  3.803761e+001  2.390000e+001
    endloop
  endfacet
  facet normal  3.302802e-001  9.438829e-001  0.000000e+000
    outer loop
      vertex -3.337814e-001  3.803761e+001  2.390000e+001
      vertex -3.337814e-001  3.803761e+001  2.300000e+001
      vertex -6.508256e-001  3.814855e+001  2.300000e+001
    endloop
  endfacet
  facet normal  3.302802e-001  9.438829e-001  -0.000000e+000
    outer loop
      vertex -3.337814e-001  3.803761e+001  2.390000e+001
      vertex -6.508256e-001  3.814855e+001  2.300000e+001
      vertex -6.508256e-001  3.814855e+001  2.390000e+001
    endloop
  endfacet
  facet normal  5.320261e-001  8.467279e-001  0.000000e+000
    outer loop
      vertex -6.508256e-001  3.814855e+001  2.390000e+001
      vertex -6.508256e-001  3.814855e+001  2.300000e+001
      vertex -9.352347e-001  3.832725e+001  2.300000e+001
    endloop
  endfacet
  facet normal  5.320261e-001  8.467279e-001  -0.000000e+000
    outer loop
      vertex -6.508256e-001  3.814855e+001  2.390000e+001
      vertex -9.352347e-001  3.832725e+001  2.300000e+001
      vertex -9.352347e-001  3.832725e+001  2.390000e+001
    endloop
  endfacet
  facet normal  7.071097e-001  7.071038e-001  0.000000e+000
    outer loop
      vertex -9.352347e-001  3.832725e+001  2.390000e+001
      vertex -9.352347e-001  3.832725e+001  2.300000e+001
      vertex -1.172747e+000  3.856477e+001  2.300000e+001
    endloop
  endfacet
  facet normal  7.071097e-001  7.071038e-001  -0.000000e+000
    outer loop
      vertex -9.352347e-001  3.832725e+001  2.390000e+001
      vertex -1.172747e+000  3.856477e+001  2.300000e+001
      vertex -1.172747e+000  3.856477e+001  2.390000e+001
    endloop
  endfacet
  facet normal  8.467238e-001  5.320327e-001  0.000000e+000
    outer loop
      vertex -1.172747e+000  3.856477e+001  2.390000e+001
      vertex -1.172747e+000  3.856477e+001  2.300000e+001
      vertex -1.351453e+000  3.884917e+001  2.300000e+001
    endloop
  endfacet
  facet normal  8.467238e-001  5.320327e-001  -0.000000e+000
    outer loop
      vertex -1.172747e+000  3.856477e+001  2.390000e+001
      vertex -1.351453e+000  3.884917e+001  2.300000e+001
      vertex -1.351453e+000  3.884917e+001  2.390000e+001
    endloop
  endfacet
  facet normal  9.438831e-001  3.302799e-001  0.000000e+000
    outer loop
      vertex -1.351453e+000  3.884917e+001  2.390000e+001
      vertex -1.351453e+000  3.884917e+001  2.300000e+001
      vertex -1.462392e+000  3.916622e+001  2.300000e+001
    endloop
  endfacet
  facet normal  9.438831e-001  3.302799e-001  -0.000000e+000
    outer loop
      vertex -1.351453e+000  3.884917e+001  2.390000e+001
      vertex -1.462392e+000  3.916622e+001  2.300000e+001
      vertex -1.462392e+000  3.916622e+001  2.390000e+001
    endloop
  endfacet
  facet normal  9.937122e-001  1.119642e-001  0.000000e+000
    outer loop
      vertex -1.462392e+000  3.916622e+001  2.390000e+001
      vertex -1.462392e+000  3.916622e+001  2.300000e+001
      vertex -1.500000e+000  3.950000e+001  2.300000e+001
    endloop
  endfacet
  facet normal  9.937122e-001  1.119642e-001  -0.000000e+000
    outer loop
      vertex -1.462392e+000  3.916622e+001  2.390000e+001
      vertex -1.500000e+000  3.950000e+001  2.300000e+001
      vertex -1.500000e+000  3.950000e+001  2.390000e+001
    endloop
  endfacet
  facet normal -9.997621e-001  2.181462e-002  0.000000e+000
    outer loop
      vertex -4.200000e+001  0.000000e+000  2.300000e+001
      vertex -4.200000e+001  0.000000e+000  2.390000e+001
      vertex -4.196003e+001  1.832014e+000  2.300000e+001
    endloop
  endfacet
  facet normal -9.997621e-001  2.181462e-002  0.000000e+000
    outer loop
      vertex -4.196003e+001  1.832014e+000  2.300000e+001
      vertex -4.200000e+001  0.000000e+000  2.390000e+001
      vertex -4.196003e+001  1.832014e+000  2.390000e+001
    endloop
  endfacet
  facet normal -9.978588e-001  6.540430e-002  0.000000e+000
    outer loop
      vertex -4.196003e+001  1.832014e+000  2.300000e+001
      vertex -4.196003e+001  1.832014e+000  2.390000e+001
      vertex -4.184018e+001  3.660541e+000  2.300000e+001
    endloop
  endfacet
  facet normal -9.978588e-001  6.540430e-002  0.000000e+000
    outer loop
      vertex -4.184018e+001  3.660541e+000  2.300000e+001
      vertex -4.196003e+001  1.832014e+000  2.390000e+001
      vertex -4.184018e+001  3.660541e+000  2.390000e+001
    endloop
  endfacet
  facet normal -9.940566e-001  1.088650e-001  0.000000e+000
    outer loop
      vertex -4.184018e+001  3.660541e+000  2.300000e+001
      vertex -4.184018e+001  3.660541e+000  2.390000e+001
      vertex -4.164069e+001  5.482100e+000  2.300000e+001
    endloop
  endfacet
  facet normal -9.940566e-001  1.088650e-001  0.000000e+000
    outer loop
      vertex -4.164069e+001  5.482100e+000  2.300000e+001
      vertex -4.184018e+001  3.660541e+000  2.390000e+001
      vertex -4.164069e+001  5.482100e+000  2.390000e+001
    endloop
  endfacet
  facet normal -9.883615e-001  1.521236e-001  0.000000e+000
    outer loop
      vertex -4.164069e+001  5.482100e+000  2.300000e+001
      vertex -4.164069e+001  5.482100e+000  2.390000e+001
      vertex -4.136193e+001  7.293223e+000  2.300000e+001
    endloop
  endfacet
  facet normal -9.883615e-001  1.521236e-001  0.000000e+000
    outer loop
      vertex -4.136193e+001  7.293223e+000  2.300000e+001
      vertex -4.164069e+001  5.482100e+000  2.390000e+001
      vertex -4.136193e+001  7.293223e+000  2.390000e+001
    endloop
  endfacet
  facet normal -9.807852e-001  1.950909e-001  0.000000e+000
    outer loop
      vertex -4.136193e+001  7.293223e+000  2.300000e+001
      vertex -4.136193e+001  7.293223e+000  2.390000e+001
      vertex -4.100443e+001  9.090464e+000  2.300000e+001
    endloop
  endfacet
  facet normal -9.807852e-001  1.950909e-001  0.000000e+000
    outer loop
      vertex -4.100443e+001  9.090464e+000  2.300000e+001
      vertex -4.136193e+001  7.293223e+000  2.390000e+001
      vertex -4.100443e+001  9.090464e+000  2.390000e+001
    endloop
  endfacet
  facet normal -9.713421e-001  2.376856e-001  0.000000e+000
    outer loop
      vertex -4.100443e+001  9.090464e+000  2.300000e+001
      vertex -4.100443e+001  9.090464e+000  2.390000e+001
      vertex -4.056889e+001  1.087040e+001  2.300000e+001
    endloop
  endfacet
  facet normal -9.713421e-001  2.376856e-001  0.000000e+000
    outer loop
      vertex -4.056889e+001  1.087040e+001  2.300000e+001
      vertex -4.100443e+001  9.090464e+000  2.390000e+001
      vertex -4.056889e+001  1.087040e+001  2.390000e+001
    endloop
  endfacet
  facet normal -9.600495e-001  2.798303e-001  0.000000e+000
    outer loop
      vertex -4.056889e+001  1.087040e+001  2.300000e+001
      vertex -4.056889e+001  1.087040e+001  2.390000e+001
      vertex -4.005611e+001  1.262964e+001  2.300000e+001
    endloop
  endfacet
  facet normal -9.600495e-001  2.798303e-001  0.000000e+000
    outer loop
      vertex -4.005611e+001  1.262964e+001  2.300000e+001
      vertex -4.056889e+001  1.087040e+001  2.390000e+001
      vertex -4.005611e+001  1.262964e+001  2.390000e+001
    endloop
  endfacet
  facet normal -9.469305e-001  3.214384e-001  0.000000e+000
    outer loop
      vertex -4.005611e+001  1.262964e+001  2.300000e+001
      vertex -4.005611e+001  1.262964e+001  2.390000e+001
      vertex -3.946709e+001  1.436485e+001  2.300000e+001
    endloop
  endfacet
  facet normal -9.469305e-001  3.214384e-001  0.000000e+000
    outer loop
      vertex -3.946709e+001  1.436485e+001  2.300000e+001
      vertex -4.005611e+001  1.262964e+001  2.390000e+001
      vertex -3.946709e+001  1.436485e+001  2.390000e+001
    endloop
  endfacet
  facet normal -9.320078e-001  3.624383e-001  0.000000e+000
    outer loop
      vertex -3.946709e+001  1.436485e+001  2.300000e+001
      vertex -3.946709e+001  1.436485e+001  2.390000e+001
      vertex -3.880294e+001  1.607270e+001  2.300000e+001
    endloop
  endfacet
  facet normal -9.320078e-001  3.624383e-001  0.000000e+000
    outer loop
      vertex -3.880294e+001  1.607270e+001  2.300000e+001
      vertex -3.946709e+001  1.436485e+001  2.390000e+001
      vertex -3.880294e+001  1.607270e+001  2.390000e+001
    endloop
  endfacet
  facet normal -9.153114e-001  4.027470e-001  0.000000e+000
    outer loop
      vertex -3.880294e+001  1.607270e+001  2.300000e+001
      vertex -3.880294e+001  1.607270e+001  2.390000e+001
      vertex -3.806493e+001  1.774997e+001  2.300000e+001
    endloop
  endfacet
  facet normal -9.153114e-001  4.027470e-001  0.000000e+000
    outer loop
      vertex -3.806493e+001  1.774997e+001  2.300000e+001
      vertex -3.880294e+001  1.607270e+001  2.390000e+001
      vertex -3.806493e+001  1.774997e+001  2.390000e+001
    endloop
  endfacet
  facet normal -8.968731e-001  4.422881e-001  0.000000e+000
    outer loop
      vertex -3.806493e+001  1.774997e+001  2.300000e+001
      vertex -3.806493e+001  1.774997e+001  2.390000e+001
      vertex -3.725446e+001  1.939344e+001  2.300000e+001
    endloop
  endfacet
  facet normal -8.968731e-001  4.422881e-001  0.000000e+000
    outer loop
      vertex -3.725446e+001  1.939344e+001  2.300000e+001
      vertex -3.806493e+001  1.774997e+001  2.390000e+001
      vertex -3.725446e+001  1.939344e+001  2.390000e+001
    endloop
  endfacet
  facet normal -8.767263e-001  4.809895e-001  0.000000e+000
    outer loop
      vertex -3.725446e+001  1.939344e+001  2.300000e+001
      vertex -3.725446e+001  1.939344e+001  2.390000e+001
      vertex -3.637307e+001  2.100000e+001  2.300000e+001
    endloop
  endfacet
  facet normal -8.767263e-001  4.809895e-001  0.000000e+000
    outer loop
      vertex -3.637307e+001  2.100000e+001  2.300000e+001
      vertex -3.725446e+001  1.939344e+001  2.390000e+001
      vertex -3.637307e+001  2.100000e+001  2.390000e+001
    endloop
  endfacet
  facet normal -8.549119e-001  5.187733e-001  0.000000e+000
    outer loop
      vertex -3.637307e+001  2.100000e+001  2.300000e+001
      vertex -3.637307e+001  2.100000e+001  2.390000e+001
      vertex -3.542244e+001  2.256658e+001  2.300000e+001
    endloop
  endfacet
  facet normal -8.549119e-001  5.187733e-001  0.000000e+000
    outer loop
      vertex -3.542244e+001  2.256658e+001  2.300000e+001
      vertex -3.637307e+001  2.100000e+001  2.390000e+001
      vertex -3.542244e+001  2.256658e+001  2.390000e+001
    endloop
  endfacet
  facet normal -8.314695e-001  5.555704e-001  0.000000e+000
    outer loop
      vertex -3.542244e+001  2.256658e+001  2.300000e+001
      vertex -3.542244e+001  2.256658e+001  2.390000e+001
      vertex -3.440438e+001  2.409021e+001  2.300000e+001
    endloop
  endfacet
  facet normal -8.314695e-001  5.555704e-001  0.000000e+000
    outer loop
      vertex -3.440438e+001  2.409021e+001  2.300000e+001
      vertex -3.542244e+001  2.256658e+001  2.390000e+001
      vertex -3.440438e+001  2.409021e+001  2.390000e+001
    endloop
  endfacet
  facet normal -8.064446e-001  5.913097e-001  0.000000e+000
    outer loop
      vertex -3.440438e+001  2.409021e+001  2.300000e+001
      vertex -3.440438e+001  2.409021e+001  2.390000e+001
      vertex -3.332084e+001  2.556798e+001  2.300000e+001
    endloop
  endfacet
  facet normal -8.064446e-001  5.913097e-001  0.000000e+000
    outer loop
      vertex -3.332084e+001  2.556798e+001  2.300000e+001
      vertex -3.440438e+001  2.409021e+001  2.390000e+001
      vertex -3.332084e+001  2.556798e+001  2.390000e+001
    endloop
  endfacet
  facet normal -7.798849e-001  6.259230e-001  0.000000e+000
    outer loop
      vertex -3.332084e+001  2.556798e+001  2.300000e+001
      vertex -3.332084e+001  2.556798e+001  2.390000e+001
      vertex -3.217387e+001  2.699708e+001  2.300000e+001
    endloop
  endfacet
  facet normal -7.798849e-001  6.259230e-001  0.000000e+000
    outer loop
      vertex -3.217387e+001  2.699708e+001  2.300000e+001
      vertex -3.332084e+001  2.556798e+001  2.390000e+001
      vertex -3.217387e+001  2.699708e+001  2.390000e+001
    endloop
  endfacet
  facet normal -7.518398e-001  6.593457e-001  0.000000e+000
    outer loop
      vertex -3.217387e+001  2.699708e+001  2.300000e+001
      vertex -3.217387e+001  2.699708e+001  2.390000e+001
      vertex -3.096565e+001  2.837479e+001  2.300000e+001
    endloop
  endfacet
  facet normal -7.518398e-001  6.593457e-001  0.000000e+000
    outer loop
      vertex -3.096565e+001  2.837479e+001  2.300000e+001
      vertex -3.217387e+001  2.699708e+001  2.390000e+001
      vertex -3.096565e+001  2.837479e+001  2.390000e+001
    endloop
  endfacet
  facet normal -7.223637e-001  6.915134e-001  0.000000e+000
    outer loop
      vertex -3.096565e+001  2.837479e+001  2.300000e+001
      vertex -3.096565e+001  2.837479e+001  2.390000e+001
      vertex -2.969848e+001  2.969848e+001  2.300000e+001
    endloop
  endfacet
  facet normal -7.223637e-001  6.915134e-001  0.000000e+000
    outer loop
      vertex -2.969848e+001  2.969848e+001  2.300000e+001
      vertex -3.096565e+001  2.837479e+001  2.390000e+001
      vertex -2.969848e+001  2.969848e+001  2.390000e+001
    endloop
  endfacet
  facet normal -6.915134e-001  7.223637e-001  0.000000e+000
    outer loop
      vertex -2.969848e+001  2.969848e+001  2.300000e+001
      vertex -2.969848e+001  2.969848e+001  2.390000e+001
      vertex -2.837479e+001  3.096565e+001  2.300000e+001
    endloop
  endfacet
  facet normal -6.915134e-001  7.223637e-001  0.000000e+000
    outer loop
      vertex -2.837479e+001  3.096565e+001  2.300000e+001
      vertex -2.969848e+001  2.969848e+001  2.390000e+001
      vertex -2.837479e+001  3.096565e+001  2.390000e+001
    endloop
  endfacet
  facet normal -6.593457e-001  7.518398e-001  0.000000e+000
    outer loop
      vertex -2.837479e+001  3.096565e+001  2.300000e+001
      vertex -2.837479e+001  3.096565e+001  2.390000e+001
      vertex -2.699708e+001  3.217387e+001  2.300000e+001
    endloop
  endfacet
  facet normal -6.593457e-001  7.518398e-001  0.000000e+000
    outer loop
      vertex -2.699708e+001  3.217387e+001  2.300000e+001
      vertex -2.837479e+001  3.096565e+001  2.390000e+001
      vertex -2.699708e+001  3.217387e+001  2.390000e+001
    endloop
  endfacet
  facet normal -6.259230e-001  7.798849e-001  0.000000e+000
    outer loop
      vertex -2.699708e+001  3.217387e+001  2.300000e+001
      vertex -2.699708e+001  3.217387e+001  2.390000e+001
      vertex -2.556798e+001  3.332084e+001  2.300000e+001
    endloop
  endfacet
  facet normal -6.259230e-001  7.798849e-001  0.000000e+000
    outer loop
      vertex -2.556798e+001  3.332084e+001  2.300000e+001
      vertex -2.699708e+001  3.217387e+001  2.390000e+001
      vertex -2.556798e+001  3.332084e+001  2.390000e+001
    endloop
  endfacet
  facet normal -5.913097e-001  8.064446e-001  0.000000e+000
    outer loop
      vertex -2.556798e+001  3.332084e+001  2.300000e+001
      vertex -2.556798e+001  3.332084e+001  2.390000e+001
      vertex -2.409021e+001  3.440438e+001  2.300000e+001
    endloop
  endfacet
  facet normal -5.913097e-001  8.064446e-001  0.000000e+000
    outer loop
      vertex -2.409021e+001  3.440438e+001  2.300000e+001
      vertex -2.556798e+001  3.332084e+001  2.390000e+001
      vertex -2.409021e+001  3.440438e+001  2.390000e+001
    endloop
  endfacet
  facet normal -5.555704e-001  8.314695e-001  0.000000e+000
    outer loop
      vertex -2.409021e+001  3.440438e+001  2.300000e+001
      vertex -2.409021e+001  3.440438e+001  2.390000e+001
      vertex -2.256658e+001  3.542244e+001  2.300000e+001
    endloop
  endfacet
  facet normal -5.555704e-001  8.314695e-001  0.000000e+000
    outer loop
      vertex -2.256658e+001  3.542244e+001  2.300000e+001
      vertex -2.409021e+001  3.440438e+001  2.390000e+001
      vertex -2.256658e+001  3.542244e+001  2.390000e+001
    endloop
  endfacet
  facet normal -5.187733e-001  8.549119e-001  0.000000e+000
    outer loop
      vertex -2.256658e+001  3.542244e+001  2.300000e+001
      vertex -2.256658e+001  3.542244e+001  2.390000e+001
      vertex -2.100000e+001  3.637307e+001  2.300000e+001
    endloop
  endfacet
  facet normal -5.187733e-001  8.549119e-001  0.000000e+000
    outer loop
      vertex -2.100000e+001  3.637307e+001  2.300000e+001
      vertex -2.256658e+001  3.542244e+001  2.390000e+001
      vertex -2.100000e+001  3.637307e+001  2.390000e+001
    endloop
  endfacet
  facet normal -4.809895e-001  8.767263e-001  0.000000e+000
    outer loop
      vertex -2.100000e+001  3.637307e+001  2.300000e+001
      vertex -2.100000e+001  3.637307e+001  2.390000e+001
      vertex -1.939344e+001  3.725446e+001  2.300000e+001
    endloop
  endfacet
  facet normal -4.809895e-001  8.767263e-001  0.000000e+000
    outer loop
      vertex -1.939344e+001  3.725446e+001  2.300000e+001
      vertex -2.100000e+001  3.637307e+001  2.390000e+001
      vertex -1.939344e+001  3.725446e+001  2.390000e+001
    endloop
  endfacet
  facet normal -4.422881e-001  8.968731e-001  0.000000e+000
    outer loop
      vertex -1.939344e+001  3.725446e+001  2.300000e+001
      vertex -1.939344e+001  3.725446e+001  2.390000e+001
      vertex -1.774997e+001  3.806493e+001  2.300000e+001
    endloop
  endfacet
  facet normal -4.422881e-001  8.968731e-001  0.000000e+000
    outer loop
      vertex -1.774997e+001  3.806493e+001  2.300000e+001
      vertex -1.939344e+001  3.725446e+001  2.390000e+001
      vertex -1.774997e+001  3.806493e+001  2.390000e+001
    endloop
  endfacet
  facet normal -4.027470e-001  9.153114e-001  0.000000e+000
    outer loop
      vertex -1.774997e+001  3.806493e+001  2.300000e+001
      vertex -1.774997e+001  3.806493e+001  2.390000e+001
      vertex -1.607270e+001  3.880294e+001  2.300000e+001
    endloop
  endfacet
  facet normal -4.027470e-001  9.153114e-001  0.000000e+000
    outer loop
      vertex -1.607270e+001  3.880294e+001  2.300000e+001
      vertex -1.774997e+001  3.806493e+001  2.390000e+001
      vertex -1.607270e+001  3.880294e+001  2.390000e+001
    endloop
  endfacet
  facet normal -3.624383e-001  9.320078e-001  0.000000e+000
    outer loop
      vertex -1.607270e+001  3.880294e+001  2.300000e+001
      vertex -1.607270e+001  3.880294e+001  2.390000e+001
      vertex -1.436485e+001  3.946709e+001  2.300000e+001
    endloop
  endfacet
  facet normal -3.624383e-001  9.320078e-001  0.000000e+000
    outer loop
      vertex -1.436485e+001  3.946709e+001  2.300000e+001
      vertex -1.607270e+001  3.880294e+001  2.390000e+001
      vertex -1.436485e+001  3.946709e+001  2.390000e+001
    endloop
  endfacet
  facet normal -3.214384e-001  9.469305e-001  0.000000e+000
    outer loop
      vertex -1.436485e+001  3.946709e+001  2.300000e+001
      vertex -1.436485e+001  3.946709e+001  2.390000e+001
      vertex -1.262964e+001  4.005611e+001  2.300000e+001
    endloop
  endfacet
  facet normal -3.214384e-001  9.469305e-001  0.000000e+000
    outer loop
      vertex -1.262964e+001  4.005611e+001  2.300000e+001
      vertex -1.436485e+001  3.946709e+001  2.390000e+001
      vertex -1.262964e+001  4.005611e+001  2.390000e+001
    endloop
  endfacet
  facet normal -2.798303e-001  9.600495e-001  0.000000e+000
    outer loop
      vertex -1.262964e+001  4.005611e+001  2.300000e+001
      vertex -1.262964e+001  4.005611e+001  2.390000e+001
      vertex -1.087040e+001  4.056889e+001  2.300000e+001
    endloop
  endfacet
  facet normal -2.798303e-001  9.600495e-001  0.000000e+000
    outer loop
      vertex -1.087040e+001  4.056889e+001  2.300000e+001
      vertex -1.262964e+001  4.005611e+001  2.390000e+001
      vertex -1.087040e+001  4.056889e+001  2.390000e+001
    endloop
  endfacet
  facet normal -2.376856e-001  9.713421e-001  0.000000e+000
    outer loop
      vertex -1.087040e+001  4.056889e+001  2.300000e+001
      vertex -1.087040e+001  4.056889e+001  2.390000e+001
      vertex -9.090464e+000  4.100443e+001  2.300000e+001
    endloop
  endfacet
  facet normal -2.376856e-001  9.713421e-001  0.000000e+000
    outer loop
      vertex -9.090464e+000  4.100443e+001  2.300000e+001
      vertex -1.087040e+001  4.056889e+001  2.390000e+001
      vertex -9.090464e+000  4.100443e+001  2.390000e+001
    endloop
  endfacet
  facet normal -1.950909e-001  9.807852e-001  0.000000e+000
    outer loop
      vertex -9.090464e+000  4.100443e+001  2.300000e+001
      vertex -9.090464e+000  4.100443e+001  2.390000e+001
      vertex -7.293223e+000  4.136193e+001  2.300000e+001
    endloop
  endfacet
  facet normal -1.950909e-001  9.807852e-001  0.000000e+000
    outer loop
      vertex -7.293223e+000  4.136193e+001  2.300000e+001
      vertex -9.090464e+000  4.100443e+001  2.390000e+001
      vertex -7.293223e+000  4.136193e+001  2.390000e+001
    endloop
  endfacet
  facet normal -1.521236e-001  9.883615e-001  0.000000e+000
    outer loop
      vertex -7.293223e+000  4.136193e+001  2.300000e+001
      vertex -7.293223e+000  4.136193e+001  2.390000e+001
      vertex -5.482100e+000  4.164069e+001  2.300000e+001
    endloop
  endfacet
  facet normal -1.521236e-001  9.883615e-001  0.000000e+000
    outer loop
      vertex -5.482100e+000  4.164069e+001  2.300000e+001
      vertex -7.293223e+000  4.136193e+001  2.390000e+001
      vertex -5.482100e+000  4.164069e+001  2.390000e+001
    endloop
  endfacet
  facet normal -1.088650e-001  9.940566e-001  0.000000e+000
    outer loop
      vertex -5.482100e+000  4.164069e+001  2.300000e+001
      vertex -5.482100e+000  4.164069e+001  2.390000e+001
      vertex -3.660541e+000  4.184018e+001  2.300000e+001
    endloop
  endfacet
  facet normal -1.088650e-001  9.940566e-001  0.000000e+000
    outer loop
      vertex -3.660541e+000  4.184018e+001  2.300000e+001
      vertex -5.482100e+000  4.164069e+001  2.390000e+001
      vertex -3.660541e+000  4.184018e+001  2.390000e+001
    endloop
  endfacet
  facet normal -6.540430e-002  9.978588e-001  0.000000e+000
    outer loop
      vertex -3.660541e+000  4.184018e+001  2.300000e+001
      vertex -3.660541e+000  4.184018e+001  2.390000e+001
      vertex -1.832014e+000  4.196003e+001  2.300000e+001
    endloop
  endfacet
  facet normal -6.540430e-002  9.978588e-001  0.000000e+000
    outer loop
      vertex -1.832014e+000  4.196003e+001  2.300000e+001
      vertex -3.660541e+000  4.184018e+001  2.390000e+001
      vertex -1.832014e+000  4.196003e+001  2.390000e+001
    endloop
  endfacet
  facet normal -2.181462e-002  9.997621e-001  0.000000e+000
    outer loop
      vertex -1.832014e+000  4.196003e+001  2.300000e+001
      vertex -1.832014e+000  4.196003e+001  2.390000e+001
      vertex  2.571673e-015  4.200000e+001  2.300000e+001
    endloop
  endfacet
  facet normal -2.181462e-002  9.997621e-001  0.000000e+000
    outer loop
      vertex  2.571673e-015  4.200000e+001  2.300000e+001
      vertex -1.832014e+000  4.196003e+001  2.390000e+001
      vertex  2.571673e-015  4.200000e+001  2.390000e+001
    endloop
  endfacet
  facet normal  2.181462e-002  9.997621e-001  0.000000e+000
    outer loop
      vertex  2.571673e-015  4.200000e+001  2.300000e+001
      vertex  2.571673e-015  4.200000e+001  2.390000e+001
      vertex  1.832014e+000  4.196003e+001  2.300000e+001
    endloop
  endfacet
  facet normal  2.181462e-002  9.997621e-001  -0.000000e+000
    outer loop
      vertex  1.832014e+000  4.196003e+001  2.300000e+001
      vertex  2.571673e-015  4.200000e+001  2.390000e+001
      vertex  1.832014e+000  4.196003e+001  2.390000e+001
    endloop
  endfacet
  facet normal  6.540430e-002  9.978588e-001  0.000000e+000
    outer loop
      vertex  1.832014e+000  4.196003e+001  2.300000e+001
      vertex  1.832014e+000  4.196003e+001  2.390000e+001
      vertex  3.660541e+000  4.184018e+001  2.300000e+001
    endloop
  endfacet
  facet normal  6.540430e-002  9.978588e-001  -0.000000e+000
    outer loop
      vertex  3.660541e+000  4.184018e+001  2.300000e+001
      vertex  1.832014e+000  4.196003e+001  2.390000e+001
      vertex  3.660541e+000  4.184018e+001  2.390000e+001
    endloop
  endfacet
  facet normal  1.088650e-001  9.940566e-001  0.000000e+000
    outer loop
      vertex  3.660541e+000  4.184018e+001  2.300000e+001
      vertex  3.660541e+000  4.184018e+001  2.390000e+001
      vertex  5.482100e+000  4.164069e+001  2.300000e+001
    endloop
  endfacet
  facet normal  1.088650e-001  9.940566e-001  -0.000000e+000
    outer loop
      vertex  5.482100e+000  4.164069e+001  2.300000e+001
      vertex  3.660541e+000  4.184018e+001  2.390000e+001
      vertex  5.482100e+000  4.164069e+001  2.390000e+001
    endloop
  endfacet
  facet normal  1.521236e-001  9.883615e-001  0.000000e+000
    outer loop
      vertex  5.482100e+000  4.164069e+001  2.300000e+001
      vertex  5.482100e+000  4.164069e+001  2.390000e+001
      vertex  7.293223e+000  4.136193e+001  2.300000e+001
    endloop
  endfacet
  facet normal  1.521236e-001  9.883615e-001  -0.000000e+000
    outer loop
      vertex  7.293223e+000  4.136193e+001  2.300000e+001
      vertex  5.482100e+000  4.164069e+001  2.390000e+001
      vertex  7.293223e+000  4.136193e+001  2.390000e+001
    endloop
  endfacet
  facet normal  1.950909e-001  9.807852e-001  0.000000e+000
    outer loop
      vertex  7.293223e+000  4.136193e+001  2.300000e+001
      vertex  7.293223e+000  4.136193e+001  2.390000e+001
      vertex  9.090464e+000  4.100443e+001  2.300000e+001
    endloop
  endfacet
  facet normal  1.950909e-001  9.807852e-001  -0.000000e+000
    outer loop
      vertex  9.090464e+000  4.100443e+001  2.300000e+001
      vertex  7.293223e+000  4.136193e+001  2.390000e+001
      vertex  9.090464e+000  4.100443e+001  2.390000e+001
    endloop
  endfacet
  facet normal  2.376856e-001  9.713421e-001  0.000000e+000
    outer loop
      vertex  9.090464e+000  4.100443e+001  2.300000e+001
      vertex  9.090464e+000  4.100443e+001  2.390000e+001
      vertex  1.087040e+001  4.056889e+001  2.300000e+001
    endloop
  endfacet
  facet normal  2.376856e-001  9.713421e-001  -0.000000e+000
    outer loop
      vertex  1.087040e+001  4.056889e+001  2.300000e+001
      vertex  9.090464e+000  4.100443e+001  2.390000e+001
      vertex  1.087040e+001  4.056889e+001  2.390000e+001
    endloop
  endfacet
  facet normal  2.798303e-001  9.600495e-001  0.000000e+000
    outer loop
      vertex  1.087040e+001  4.056889e+001  2.300000e+001
      vertex  1.087040e+001  4.056889e+001  2.390000e+001
      vertex  1.262964e+001  4.005611e+001  2.300000e+001
    endloop
  endfacet
  facet normal  2.798303e-001  9.600495e-001  -0.000000e+000
    outer loop
      vertex  1.262964e+001  4.005611e+001  2.300000e+001
      vertex  1.087040e+001  4.056889e+001  2.390000e+001
      vertex  1.262964e+001  4.005611e+001  2.390000e+001
    endloop
  endfacet
  facet normal  3.214384e-001  9.469305e-001  0.000000e+000
    outer loop
      vertex  1.262964e+001  4.005611e+001  2.300000e+001
      vertex  1.262964e+001  4.005611e+001  2.390000e+001
      vertex  1.436485e+001  3.946709e+001  2.300000e+001
    endloop
  endfacet
  facet normal  3.214384e-001  9.469305e-001  -0.000000e+000
    outer loop
      vertex  1.436485e+001  3.946709e+001  2.300000e+001
      vertex  1.262964e+001  4.005611e+001  2.390000e+001
      vertex  1.436485e+001  3.946709e+001  2.390000e+001
    endloop
  endfacet
  facet normal  3.624383e-001  9.320078e-001  0.000000e+000
    outer loop
      vertex  1.436485e+001  3.946709e+001  2.300000e+001
      vertex  1.436485e+001  3.946709e+001  2.390000e+001
      vertex  1.607270e+001  3.880294e+001  2.300000e+001
    endloop
  endfacet
  facet normal  3.624383e-001  9.320078e-001  -0.000000e+000
    outer loop
      vertex  1.607270e+001  3.880294e+001  2.300000e+001
      vertex  1.436485e+001  3.946709e+001  2.390000e+001
      vertex  1.607270e+001  3.880294e+001  2.390000e+001
    endloop
  endfacet
  facet normal  4.027470e-001  9.153114e-001  0.000000e+000
    outer loop
      vertex  1.607270e+001  3.880294e+001  2.300000e+001
      vertex  1.607270e+001  3.880294e+001  2.390000e+001
      vertex  1.774997e+001  3.806493e+001  2.300000e+001
    endloop
  endfacet
  facet normal  4.027470e-001  9.153114e-001  -0.000000e+000
    outer loop
      vertex  1.774997e+001  3.806493e+001  2.300000e+001
      vertex  1.607270e+001  3.880294e+001  2.390000e+001
      vertex  1.774997e+001  3.806493e+001  2.390000e+001
    endloop
  endfacet
  facet normal  4.422881e-001  8.968731e-001  0.000000e+000
    outer loop
      vertex  1.774997e+001  3.806493e+001  2.300000e+001
      vertex  1.774997e+001  3.806493e+001  2.390000e+001
      vertex  1.939344e+001  3.725446e+001  2.300000e+001
    endloop
  endfacet
  facet normal  4.422881e-001  8.968731e-001  -0.000000e+000
    outer loop
      vertex  1.939344e+001  3.725446e+001  2.300000e+001
      vertex  1.774997e+001  3.806493e+001  2.390000e+001
      vertex  1.939344e+001  3.725446e+001  2.390000e+001
    endloop
  endfacet
  facet normal  4.809895e-001  8.767263e-001  0.000000e+000
    outer loop
      vertex  1.939344e+001  3.725446e+001  2.300000e+001
      vertex  1.939344e+001  3.725446e+001  2.390000e+001
      vertex  2.100000e+001  3.637307e+001  2.300000e+001
    endloop
  endfacet
  facet normal  4.809895e-001  8.767263e-001  -0.000000e+000
    outer loop
      vertex  2.100000e+001  3.637307e+001  2.300000e+001
      vertex  1.939344e+001  3.725446e+001  2.390000e+001
      vertex  2.100000e+001  3.637307e+001  2.390000e+001
    endloop
  endfacet
  facet normal  5.187733e-001  8.549119e-001  0.000000e+000
    outer loop
      vertex  2.100000e+001  3.637307e+001  2.300000e+001
      vertex  2.100000e+001  3.637307e+001  2.390000e+001
      vertex  2.256658e+001  3.542244e+001  2.300000e+001
    endloop
  endfacet
  facet normal  5.187733e-001  8.549119e-001  -0.000000e+000
    outer loop
      vertex  2.256658e+001  3.542244e+001  2.300000e+001
      vertex  2.100000e+001  3.637307e+001  2.390000e+001
      vertex  2.256658e+001  3.542244e+001  2.390000e+001
    endloop
  endfacet
  facet normal  5.555704e-001  8.314695e-001  0.000000e+000
    outer loop
      vertex  2.256658e+001  3.542244e+001  2.300000e+001
      vertex  2.256658e+001  3.542244e+001  2.390000e+001
      vertex  2.409021e+001  3.440438e+001  2.300000e+001
    endloop
  endfacet
  facet normal  5.555704e-001  8.314695e-001  -0.000000e+000
    outer loop
      vertex  2.409021e+001  3.440438e+001  2.300000e+001
      vertex  2.256658e+001  3.542244e+001  2.390000e+001
      vertex  2.409021e+001  3.440438e+001  2.390000e+001
    endloop
  endfacet
  facet normal  5.913097e-001  8.064446e-001  0.000000e+000
    outer loop
      vertex  2.409021e+001  3.440438e+001  2.300000e+001
      vertex  2.409021e+001  3.440438e+001  2.390000e+001
      vertex  2.556798e+001  3.332084e+001  2.300000e+001
    endloop
  endfacet
  facet normal  5.913097e-001  8.064446e-001  -0.000000e+000
    outer loop
      vertex  2.556798e+001  3.332084e+001  2.300000e+001
      vertex  2.409021e+001  3.440438e+001  2.390000e+001
      vertex  2.556798e+001  3.332084e+001  2.390000e+001
    endloop
  endfacet
  facet normal  6.259230e-001  7.798849e-001  0.000000e+000
    outer loop
      vertex  2.556798e+001  3.332084e+001  2.300000e+001
      vertex  2.556798e+001  3.332084e+001  2.390000e+001
      vertex  2.699708e+001  3.217387e+001  2.300000e+001
    endloop
  endfacet
  facet normal  6.259230e-001  7.798849e-001  -0.000000e+000
    outer loop
      vertex  2.699708e+001  3.217387e+001  2.300000e+001
      vertex  2.556798e+001  3.332084e+001  2.390000e+001
      vertex  2.699708e+001  3.217387e+001  2.390000e+001
    endloop
  endfacet
  facet normal  6.593457e-001  7.518398e-001  0.000000e+000
    outer loop
      vertex  2.699708e+001  3.217387e+001  2.300000e+001
      vertex  2.699708e+001  3.217387e+001  2.390000e+001
      vertex  2.837479e+001  3.096565e+001  2.300000e+001
    endloop
  endfacet
  facet normal  6.593457e-001  7.518398e-001  -0.000000e+000
    outer loop
      vertex  2.837479e+001  3.096565e+001  2.300000e+001
      vertex  2.699708e+001  3.217387e+001  2.390000e+001
      vertex  2.837479e+001  3.096565e+001  2.390000e+001
    endloop
  endfacet
  facet normal  6.915134e-001  7.223637e-001  0.000000e+000
    outer loop
      vertex  2.837479e+001  3.096565e+001  2.300000e+001
      vertex  2.837479e+001  3.096565e+001  2.390000e+001
      vertex  2.969848e+001  2.969848e+001  2.300000e+001
    endloop
  endfacet
  facet normal  6.915134e-001  7.223637e-001  -0.000000e+000
    outer loop
      vertex  2.969848e+001  2.969848e+001  2.300000e+001
      vertex  2.837479e+001  3.096565e+001  2.390000e+001
      vertex  2.969848e+001  2.969848e+001  2.390000e+001
    endloop
  endfacet
  facet normal  7.223637e-001  6.915134e-001  0.000000e+000
    outer loop
      vertex  2.969848e+001  2.969848e+001  2.300000e+001
      vertex  2.969848e+001  2.969848e+001  2.390000e+001
      vertex  3.096565e+001  2.837479e+001  2.300000e+001
    endloop
  endfacet
  facet normal  7.223637e-001  6.915134e-001  -0.000000e+000
    outer loop
      vertex  3.096565e+001  2.837479e+001  2.300000e+001
      vertex  2.969848e+001  2.969848e+001  2.390000e+001
      vertex  3.096565e+001  2.837479e+001  2.390000e+001
    endloop
  endfacet
  facet normal  7.518398e-001  6.593457e-001  0.000000e+000
    outer loop
      vertex  3.096565e+001  2.837479e+001  2.300000e+001
      vertex  3.096565e+001  2.837479e+001  2.390000e+001
      vertex  3.217387e+001  2.699708e+001  2.300000e+001
    endloop
  endfacet
  facet normal  7.518398e-001  6.593457e-001  -0.000000e+000
    outer loop
      vertex  3.217387e+001  2.699708e+001  2.300000e+001
      vertex  3.096565e+001  2.837479e+001  2.390000e+001
      vertex  3.217387e+001  2.699708e+001  2.390000e+001
    endloop
  endfacet
  facet normal  7.798849e-001  6.259230e-001  0.000000e+000
    outer loop
      vertex  3.217387e+001  2.699708e+001  2.300000e+001
      vertex  3.217387e+001  2.699708e+001  2.390000e+001
      vertex  3.332084e+001  2.556798e+001  2.300000e+001
    endloop
  endfacet
  facet normal  7.798849e-001  6.259230e-001  -0.000000e+000
    outer loop
      vertex  3.332084e+001  2.556798e+001  2.300000e+001
      vertex  3.217387e+001  2.699708e+001  2.390000e+001
      vertex  3.332084e+001  2.556798e+001  2.390000e+001
    endloop
  endfacet
  facet normal  8.064446e-001  5.913097e-001  0.000000e+000
    outer loop
      vertex  3.332084e+001  2.556798e+001  2.300000e+001
      vertex  3.332084e+001  2.556798e+001  2.390000e+001
      vertex  3.440438e+001  2.409021e+001  2.300000e+001
    endloop
  endfacet
  facet normal  8.064446e-001  5.913097e-001  -0.000000e+000
    outer loop
      vertex  3.440438e+001  2.409021e+001  2.300000e+001
      vertex  3.332084e+001  2.556798e+001  2.390000e+001
      vertex  3.440438e+001  2.409021e+001  2.390000e+001
    endloop
  endfacet
  facet normal  8.314695e-001  5.555704e-001  0.000000e+000
    outer loop
      vertex  3.440438e+001  2.409021e+001  2.300000e+001
      vertex  3.440438e+001  2.409021e+001  2.390000e+001
      vertex  3.542244e+001  2.256658e+001  2.300000e+001
    endloop
  endfacet
  facet normal  8.314695e-001  5.555704e-001  -0.000000e+000
    outer loop
      vertex  3.542244e+001  2.256658e+001  2.300000e+001
      vertex  3.440438e+001  2.409021e+001  2.390000e+001
      vertex  3.542244e+001  2.256658e+001  2.390000e+001
    endloop
  endfacet
  facet normal  8.549119e-001  5.187733e-001  0.000000e+000
    outer loop
      vertex  3.542244e+001  2.256658e+001  2.300000e+001
      vertex  3.542244e+001  2.256658e+001  2.390000e+001
      vertex  3.637307e+001  2.100000e+001  2.300000e+001
    endloop
  endfacet
  facet normal  8.549119e-001  5.187733e-001  -0.000000e+000
    outer loop
      vertex  3.637307e+001  2.100000e+001  2.300000e+001
      vertex  3.542244e+001  2.256658e+001  2.390000e+001
      vertex  3.637307e+001  2.100000e+001  2.390000e+001
    endloop
  endfacet
  facet normal  8.767263e-001  4.809895e-001  0.000000e+000
    outer loop
      vertex  3.637307e+001  2.100000e+001  2.300000e+001
      vertex  3.637307e+001  2.100000e+001  2.390000e+001
      vertex  3.725446e+001  1.939344e+001  2.300000e+001
    endloop
  endfacet
  facet normal  8.767263e-001  4.809895e-001  -0.000000e+000
    outer loop
      vertex  3.725446e+001  1.939344e+001  2.300000e+001
      vertex  3.637307e+001  2.100000e+001  2.390000e+001
      vertex  3.725446e+001  1.939344e+001  2.390000e+001
    endloop
  endfacet
  facet normal  8.968731e-001  4.422881e-001  0.000000e+000
    outer loop
      vertex  3.725446e+001  1.939344e+001  2.300000e+001
      vertex  3.725446e+001  1.939344e+001  2.390000e+001
      vertex  3.806493e+001  1.774997e+001  2.300000e+001
    endloop
  endfacet
  facet normal  8.968731e-001  4.422881e-001  -0.000000e+000
    outer loop
      vertex  3.806493e+001  1.774997e+001  2.300000e+001
      vertex  3.725446e+001  1.939344e+001  2.390000e+001
      vertex  3.806493e+001  1.774997e+001  2.390000e+001
    endloop
  endfacet
  facet normal  9.153114e-001  4.027470e-001  0.000000e+000
    outer loop
      vertex  3.806493e+001  1.774997e+001  2.300000e+001
      vertex  3.806493e+001  1.774997e+001  2.390000e+001
      vertex  3.880294e+001  1.607270e+001  2.300000e+001
    endloop
  endfacet
  facet normal  9.153114e-001  4.027470e-001  -0.000000e+000
    outer loop
      vertex  3.880294e+001  1.607270e+001  2.300000e+001
      vertex  3.806493e+001  1.774997e+001  2.390000e+001
      vertex  3.880294e+001  1.607270e+001  2.390000e+001
    endloop
  endfacet
  facet normal  9.320078e-001  3.624383e-001  0.000000e+000
    outer loop
      vertex  3.880294e+001  1.607270e+001  2.300000e+001
      vertex  3.880294e+001  1.607270e+001  2.390000e+001
      vertex  3.946709e+001  1.436485e+001  2.300000e+001
    endloop
  endfacet
  facet normal  9.320078e-001  3.624383e-001  -0.000000e+000
    outer loop
      vertex  3.946709e+001  1.436485e+001  2.300000e+001
      vertex  3.880294e+001  1.607270e+001  2.390000e+001
      vertex  3.946709e+001  1.436485e+001  2.390000e+001
    endloop
  endfacet
  facet normal  9.469305e-001  3.214384e-001  0.000000e+000
    outer loop
      vertex  3.946709e+001  1.436485e+001  2.300000e+001
      vertex  3.946709e+001  1.436485e+001  2.390000e+001
      vertex  4.005611e+001  1.262964e+001  2.300000e+001
    endloop
  endfacet
  facet normal  9.469305e-001  3.214384e-001  -0.000000e+000
    outer loop
      vertex  4.005611e+001  1.262964e+001  2.300000e+001
      vertex  3.946709e+001  1.436485e+001  2.390000e+001
      vertex  4.005611e+001  1.262964e+001  2.390000e+001
    endloop
  endfacet
  facet normal  9.600495e-001  2.798303e-001  0.000000e+000
    outer loop
      vertex  4.005611e+001  1.262964e+001  2.300000e+001
      vertex  4.005611e+001  1.262964e+001  2.390000e+001
      vertex  4.056889e+001  1.087040e+001  2.300000e+001
    endloop
  endfacet
  facet normal  9.600495e-001  2.798303e-001  -0.000000e+000
    outer loop
      vertex  4.056889e+001  1.087040e+001  2.300000e+001
      vertex  4.005611e+001  1.262964e+001  2.390000e+001
      vertex  4.056889e+001  1.087040e+001  2.390000e+001
    endloop
  endfacet
  facet normal  9.713421e-001  2.376856e-001  0.000000e+000
    outer loop
      vertex  4.056889e+001  1.087040e+001  2.300000e+001
      vertex  4.056889e+001  1.087040e+001  2.390000e+001
      vertex  4.100443e+001  9.090464e+000  2.300000e+001
    endloop
  endfacet
  facet normal  9.713421e-001  2.376856e-001  -0.000000e+000
    outer loop
      vertex  4.100443e+001  9.090464e+000  2.300000e+001
      vertex  4.056889e+001  1.087040e+001  2.390000e+001
      vertex  4.100443e+001  9.090464e+000  2.390000e+001
    endloop
  endfacet
  facet normal  9.807852e-001  1.950909e-001  0.000000e+000
    outer loop
      vertex  4.100443e+001  9.090464e+000  2.300000e+001
      vertex  4.100443e+001  9.090464e+000  2.390000e+001
      vertex  4.136193e+001  7.293223e+000  2.300000e+001
    endloop
  endfacet
  facet normal  9.807852e-001  1.950909e-001  -0.000000e+000
    outer loop
      vertex  4.136193e+001  7.293223e+000  2.300000e+001
      vertex  4.100443e+001  9.090464e+000  2.390000e+001
      vertex  4.136193e+001  7.293223e+000  2.390000e+001
    endloop
  endfacet
  facet normal  9.883615e-001  1.521236e-001  0.000000e+000
    outer loop
      vertex  4.136193e+001  7.293223e+000  2.300000e+001
      vertex  4.136193e+001  7.293223e+000  2.390000e+001
      vertex  4.164069e+001  5.482100e+000  2.300000e+001
    endloop
  endfacet
  facet normal  9.883615e-001  1.521236e-001  -0.000000e+000
    outer loop
      vertex  4.164069e+001  5.482100e+000  2.300000e+001
      vertex  4.136193e+001  7.293223e+000  2.390000e+001
      vertex  4.164069e+001  5.482100e+000  2.390000e+001
    endloop
  endfacet
  facet normal  9.940566e-001  1.088650e-001  0.000000e+000
    outer loop
      vertex  4.164069e+001  5.482100e+000  2.300000e+001
      vertex  4.164069e+001  5.482100e+000  2.390000e+001
      vertex  4.184018e+001  3.660541e+000  2.300000e+001
    endloop
  endfacet
  facet normal  9.940566e-001  1.088650e-001  -0.000000e+000
    outer loop
      vertex  4.184018e+001  3.660541e+000  2.300000e+001
      vertex  4.164069e+001  5.482100e+000  2.390000e+001
      vertex  4.184018e+001  3.660541e+000  2.390000e+001
    endloop
  endfacet
  facet normal  9.978588e-001  6.540430e-002  0.000000e+000
    outer loop
      vertex  4.184018e+001  3.660541e+000  2.300000e+001
      vertex  4.184018e+001  3.660541e+000  2.390000e+001
      vertex  4.196003e+001  1.832014e+000  2.300000e+001
    endloop
  endfacet
  facet normal  9.978588e-001  6.540430e-002  -0.000000e+000
    outer loop
      vertex  4.196003e+001  1.832014e+000  2.300000e+001
      vertex  4.184018e+001  3.660541e+000  2.390000e+001
      vertex  4.196003e+001  1.832014e+000  2.390000e+001
    endloop
  endfacet
  facet normal  9.997621e-001  2.181462e-002  0.000000e+000
    outer loop
      vertex  4.196003e+001  1.832014e+000  2.300000e+001
      vertex  4.196003e+001  1.832014e+000  2.390000e+001
      vertex  4.200000e+001  0.000000e+000  2.300000e+001
    endloop
  endfacet
  facet normal  9.997621e-001  2.181462e-002  -0.000000e+000
    outer loop
      vertex  4.200000e+001  0.000000e+000  2.300000e+001
      vertex  4.196003e+001  1.832014e+000  2.390000e+001
      vertex  4.200000e+001  0.000000e+000  2.390000e+001
    endloop
  endfacet
  facet normal -9.997621e-001  2.181462e-002  0.000000e+000
    outer loop
      vertex -4.200000e+001  0.000000e+000  2.610000e+001
      vertex -4.200000e+001  0.000000e+000  2.700000e+001
      vertex -4.196003e+001  1.832014e+000  2.610000e+001
    endloop
  endfacet
  facet normal -9.997621e-001  2.181462e-002  0.000000e+000
    outer loop
      vertex -4.196003e+001  1.832014e+000  2.610000e+001
      vertex -4.200000e+001  0.000000e+000  2.700000e+001
      vertex -4.196003e+001  1.832014e+000  2.700000e+001
    endloop
  endfacet
  facet normal -9.978588e-001  6.540430e-002  0.000000e+000
    outer loop
      vertex -4.196003e+001  1.832014e+000  2.610000e+001
      vertex -4.196003e+001  1.832014e+000  2.700000e+001
      vertex -4.184018e+001  3.660541e+000  2.610000e+001
    endloop
  endfacet
  facet normal -9.978588e-001  6.540430e-002  0.000000e+000
    outer loop
      vertex -4.184018e+001  3.660541e+000  2.610000e+001
      vertex -4.196003e+001  1.832014e+000  2.700000e+001
      vertex -4.184018e+001  3.660541e+000  2.700000e+001
    endloop
  endfacet
  facet normal -9.940566e-001  1.088650e-001  0.000000e+000
    outer loop
      vertex -4.184018e+001  3.660541e+000  2.610000e+001
      vertex -4.184018e+001  3.660541e+000  2.700000e+001
      vertex -4.164069e+001  5.482100e+000  2.610000e+001
    endloop
  endfacet
  facet normal -9.940566e-001  1.088650e-001  0.000000e+000
    outer loop
      vertex -4.164069e+001  5.482100e+000  2.610000e+001
      vertex -4.184018e+001  3.660541e+000  2.700000e+001
      vertex -4.164069e+001  5.482100e+000  2.700000e+001
    endloop
  endfacet
  facet normal -9.883615e-001  1.521236e-001  0.000000e+000
    outer loop
      vertex -4.164069e+001  5.482100e+000  2.610000e+001
      vertex -4.164069e+001  5.482100e+000  2.700000e+001
      vertex -4.136193e+001  7.293223e+000  2.610000e+001
    endloop
  endfacet
  facet normal -9.883615e-001  1.521236e-001  0.000000e+000
    outer loop
      vertex -4.136193e+001  7.293223e+000  2.610000e+001
      vertex -4.164069e+001  5.482100e+000  2.700000e+001
      vertex -4.136193e+001  7.293223e+000  2.700000e+001
    endloop
  endfacet
  facet normal -9.807852e-001  1.950909e-001  0.000000e+000
    outer loop
      vertex -4.136193e+001  7.293223e+000  2.610000e+001
      vertex -4.136193e+001  7.293223e+000  2.700000e+001
      vertex -4.100443e+001  9.090464e+000  2.610000e+001
    endloop
  endfacet
  facet normal -9.807852e-001  1.950909e-001  0.000000e+000
    outer loop
      vertex -4.100443e+001  9.090464e+000  2.610000e+001
      vertex -4.136193e+001  7.293223e+000  2.700000e+001
      vertex -4.100443e+001  9.090464e+000  2.700000e+001
    endloop
  endfacet
  facet normal -9.713421e-001  2.376856e-001  0.000000e+000
    outer loop
      vertex -4.100443e+001  9.090464e+000  2.610000e+001
      vertex -4.100443e+001  9.090464e+000  2.700000e+001
      vertex -4.056889e+001  1.087040e+001  2.610000e+001
    endloop
  endfacet
  facet normal -9.713421e-001  2.376856e-001  0.000000e+000
    outer loop
      vertex -4.056889e+001  1.087040e+001  2.610000e+001
      vertex -4.100443e+001  9.090464e+000  2.700000e+001
      vertex -4.056889e+001  1.087040e+001  2.700000e+001
    endloop
  endfacet
  facet normal -9.600495e-001  2.798303e-001  0.000000e+000
    outer loop
      vertex -4.056889e+001  1.087040e+001  2.610000e+001
      vertex -4.056889e+001  1.087040e+001  2.700000e+001
      vertex -4.005611e+001  1.262964e+001  2.610000e+001
    endloop
  endfacet
  facet normal -9.600495e-001  2.798303e-001  0.000000e+000
    outer loop
      vertex -4.005611e+001  1.262964e+001  2.610000e+001
      vertex -4.056889e+001  1.087040e+001  2.700000e+001
      vertex -4.005611e+001  1.262964e+001  2.700000e+001
    endloop
  endfacet
  facet normal -9.469305e-001  3.214384e-001  0.000000e+000
    outer loop
      vertex -4.005611e+001  1.262964e+001  2.610000e+001
      vertex -4.005611e+001  1.262964e+001  2.700000e+001
      vertex -3.946709e+001  1.436485e+001  2.610000e+001
    endloop
  endfacet
  facet normal -9.469305e-001  3.214384e-001  0.000000e+000
    outer loop
      vertex -3.946709e+001  1.436485e+001  2.610000e+001
      vertex -4.005611e+001  1.262964e+001  2.700000e+001
      vertex -3.946709e+001  1.436485e+001  2.700000e+001
    endloop
  endfacet
  facet normal -9.320078e-001  3.624383e-001  0.000000e+000
    outer loop
      vertex -3.946709e+001  1.436485e+001  2.610000e+001
      vertex -3.946709e+001  1.436485e+001  2.700000e+001
      vertex -3.880294e+001  1.607270e+001  2.610000e+001
    endloop
  endfacet
  facet normal -9.320078e-001  3.624383e-001  0.000000e+000
    outer loop
      vertex -3.880294e+001  1.607270e+001  2.610000e+001
      vertex -3.946709e+001  1.436485e+001  2.700000e+001
      vertex -3.880294e+001  1.607270e+001  2.700000e+001
    endloop
  endfacet
  facet normal -9.153114e-001  4.027470e-001  0.000000e+000
    outer loop
      vertex -3.880294e+001  1.607270e+001  2.610000e+001
      vertex -3.880294e+001  1.607270e+001  2.700000e+001
      vertex -3.806493e+001  1.774997e+001  2.610000e+001
    endloop
  endfacet
  facet normal -9.153114e-001  4.027470e-001  0.000000e+000
    outer loop
      vertex -3.806493e+001  1.774997e+001  2.610000e+001
      vertex -3.880294e+001  1.607270e+001  2.700000e+001
      vertex -3.806493e+001  1.774997e+001  2.700000e+001
    endloop
  endfacet
  facet normal -8.968731e-001  4.422881e-001  0.000000e+000
    outer loop
      vertex -3.806493e+001  1.774997e+001  2.610000e+001
      vertex -3.806493e+001  1.774997e+001  2.700000e+001
      vertex -3.725446e+001  1.939344e+001  2.610000e+001
    endloop
  endfacet
  facet normal -8.968731e-001  4.422881e-001  0.000000e+000
    outer loop
      vertex -3.725446e+001  1.939344e+001  2.610000e+001
      vertex -3.806493e+001  1.774997e+001  2.700000e+001
      vertex -3.725446e+001  1.939344e+001  2.700000e+001
    endloop
  endfacet
  facet normal -8.767263e-001  4.809895e-001  0.000000e+000
    outer loop
      vertex -3.725446e+001  1.939344e+001  2.610000e+001
      vertex -3.725446e+001  1.939344e+001  2.700000e+001
      vertex -3.637307e+001  2.100000e+001  2.610000e+001
    endloop
  endfacet
  facet normal -8.767263e-001  4.809895e-001  0.000000e+000
    outer loop
      vertex -3.637307e+001  2.100000e+001  2.610000e+001
      vertex -3.725446e+001  1.939344e+001  2.700000e+001
      vertex -3.637307e+001  2.100000e+001  2.700000e+001
    endloop
  endfacet
  facet normal -8.549119e-001  5.187733e-001  0.000000e+000
    outer loop
      vertex -3.637307e+001  2.100000e+001  2.610000e+001
      vertex -3.637307e+001  2.100000e+001  2.700000e+001
      vertex -3.542244e+001  2.256658e+001  2.610000e+001
    endloop
  endfacet
  facet normal -8.549119e-001  5.187733e-001  0.000000e+000
    outer loop
      vertex -3.542244e+001  2.256658e+001  2.610000e+001
      vertex -3.637307e+001  2.100000e+001  2.700000e+001
      vertex -3.542244e+001  2.256658e+001  2.700000e+001
    endloop
  endfacet
  facet normal -8.314695e-001  5.555704e-001  0.000000e+000
    outer loop
      vertex -3.542244e+001  2.256658e+001  2.610000e+001
      vertex -3.542244e+001  2.256658e+001  2.700000e+001
      vertex -3.440438e+001  2.409021e+001  2.610000e+001
    endloop
  endfacet
  facet normal -8.314695e-001  5.555704e-001  0.000000e+000
    outer loop
      vertex -3.440438e+001  2.409021e+001  2.610000e+001
      vertex -3.542244e+001  2.256658e+001  2.700000e+001
      vertex -3.440438e+001  2.409021e+001  2.700000e+001
    endloop
  endfacet
  facet normal -8.064446e-001  5.913097e-001  0.000000e+000
    outer loop
      vertex -3.440438e+001  2.409021e+001  2.610000e+001
      vertex -3.440438e+001  2.409021e+001  2.700000e+001
      vertex -3.332084e+001  2.556798e+001  2.610000e+001
    endloop
  endfacet
  facet normal -8.064446e-001  5.913097e-001  0.000000e+000
    outer loop
      vertex -3.332084e+001  2.556798e+001  2.610000e+001
      vertex -3.440438e+001  2.409021e+001  2.700000e+001
      vertex -3.332084e+001  2.556798e+001  2.700000e+001
    endloop
  endfacet
  facet normal -7.798849e-001  6.259230e-001  0.000000e+000
    outer loop
      vertex -3.332084e+001  2.556798e+001  2.610000e+001
      vertex -3.332084e+001  2.556798e+001  2.700000e+001
      vertex -3.217387e+001  2.699708e+001  2.610000e+001
    endloop
  endfacet
  facet normal -7.798849e-001  6.259230e-001  0.000000e+000
    outer loop
      vertex -3.217387e+001  2.699708e+001  2.610000e+001
      vertex -3.332084e+001  2.556798e+001  2.700000e+001
      vertex -3.217387e+001  2.699708e+001  2.700000e+001
    endloop
  endfacet
  facet normal -7.518398e-001  6.593457e-001  0.000000e+000
    outer loop
      vertex -3.217387e+001  2.699708e+001  2.610000e+001
      vertex -3.217387e+001  2.699708e+001  2.700000e+001
      vertex -3.096565e+001  2.837479e+001  2.610000e+001
    endloop
  endfacet
  facet normal -7.518398e-001  6.593457e-001  0.000000e+000
    outer loop
      vertex -3.096565e+001  2.837479e+001  2.610000e+001
      vertex -3.217387e+001  2.699708e+001  2.700000e+001
      vertex -3.096565e+001  2.837479e+001  2.700000e+001
    endloop
  endfacet
  facet normal -7.223637e-001  6.915134e-001  0.000000e+000
    outer loop
      vertex -3.096565e+001  2.837479e+001  2.610000e+001
      vertex -3.096565e+001  2.837479e+001  2.700000e+001
      vertex -2.969848e+001  2.969848e+001  2.610000e+001
    endloop
  endfacet
  facet normal -7.223637e-001  6.915134e-001  0.000000e+000
    outer loop
      vertex -2.969848e+001  2.969848e+001  2.610000e+001
      vertex -3.096565e+001  2.837479e+001  2.700000e+001
      vertex -2.969848e+001  2.969848e+001  2.700000e+001
    endloop
  endfacet
  facet normal -6.915134e-001  7.223637e-001  0.000000e+000
    outer loop
      vertex -2.969848e+001  2.969848e+001  2.610000e+001
      vertex -2.969848e+001  2.969848e+001  2.700000e+001
      vertex -2.837479e+001  3.096565e+001  2.610000e+001
    endloop
  endfacet
  facet normal -6.915134e-001  7.223637e-001  0.000000e+000
    outer loop
      vertex -2.837479e+001  3.096565e+001  2.610000e+001
      vertex -2.969848e+001  2.969848e+001  2.700000e+001
      vertex -2.837479e+001  3.096565e+001  2.700000e+001
    endloop
  endfacet
  facet normal -6.593457e-001  7.518398e-001  0.000000e+000
    outer loop
      vertex -2.837479e+001  3.096565e+001  2.610000e+001
      vertex -2.837479e+001  3.096565e+001  2.700000e+001
      vertex -2.699708e+001  3.217387e+001  2.610000e+001
    endloop
  endfacet
  facet normal -6.593457e-001  7.518398e-001  0.000000e+000
    outer loop
      vertex -2.699708e+001  3.217387e+001  2.610000e+001
      vertex -2.837479e+001  3.096565e+001  2.700000e+001
      vertex -2.699708e+001  3.217387e+001  2.700000e+001
    endloop
  endfacet
  facet normal -6.259230e-001  7.798849e-001  0.000000e+000
    outer loop
      vertex -2.699708e+001  3.217387e+001  2.610000e+001
      vertex -2.699708e+001  3.217387e+001  2.700000e+001
      vertex -2.556798e+001  3.332084e+001  2.610000e+001
    endloop
  endfacet
  facet normal -6.259230e-001  7.798849e-001  0.000000e+000
    outer loop
      vertex -2.556798e+001  3.332084e+001  2.610000e+001
      vertex -2.699708e+001  3.217387e+001  2.700000e+001
      vertex -2.556798e+001  3.332084e+001  2.700000e+001
    endloop
  endfacet
  facet normal -5.913097e-001  8.064446e-001  0.000000e+000
    outer loop
      vertex -2.556798e+001  3.332084e+001  2.610000e+001
      vertex -2.556798e+001  3.332084e+001  2.700000e+001
      vertex -2.409021e+001  3.440438e+001  2.610000e+001
    endloop
  endfacet
  facet normal -5.913097e-001  8.064446e-001  0.000000e+000
    outer loop
      vertex -2.409021e+001  3.440438e+001  2.610000e+001
      vertex -2.556798e+001  3.332084e+001  2.700000e+001
      vertex -2.409021e+001  3.440438e+001  2.700000e+001
    endloop
  endfacet
  facet normal -5.555704e-001  8.314695e-001  0.000000e+000
    outer loop
      vertex -2.409021e+001  3.440438e+001  2.610000e+001
      vertex -2.409021e+001  3.440438e+001  2.700000e+001
      vertex -2.256658e+001  3.542244e+001  2.610000e+001
    endloop
  endfacet
  facet normal -5.555704e-001  8.314695e-001  0.000000e+000
    outer loop
      vertex -2.256658e+001  3.542244e+001  2.610000e+001
      vertex -2.409021e+001  3.440438e+001  2.700000e+001
      vertex -2.256658e+001  3.542244e+001  2.700000e+001
    endloop
  endfacet
  facet normal -5.187733e-001  8.549119e-001  0.000000e+000
    outer loop
      vertex -2.256658e+001  3.542244e+001  2.610000e+001
      vertex -2.256658e+001  3.542244e+001  2.700000e+001
      vertex -2.100000e+001  3.637307e+001  2.610000e+001
    endloop
  endfacet
  facet normal -5.187733e-001  8.549119e-001  0.000000e+000
    outer loop
      vertex -2.100000e+001  3.637307e+001  2.610000e+001
      vertex -2.256658e+001  3.542244e+001  2.700000e+001
      vertex -2.100000e+001  3.637307e+001  2.700000e+001
    endloop
  endfacet
  facet normal -4.809895e-001  8.767263e-001  0.000000e+000
    outer loop
      vertex -2.100000e+001  3.637307e+001  2.610000e+001
      vertex -2.100000e+001  3.637307e+001  2.700000e+001
      vertex -1.939344e+001  3.725446e+001  2.610000e+001
    endloop
  endfacet
  facet normal -4.809895e-001  8.767263e-001  0.000000e+000
    outer loop
      vertex -1.939344e+001  3.725446e+001  2.610000e+001
      vertex -2.100000e+001  3.637307e+001  2.700000e+001
      vertex -1.939344e+001  3.725446e+001  2.700000e+001
    endloop
  endfacet
  facet normal -4.422881e-001  8.968731e-001  0.000000e+000
    outer loop
      vertex -1.939344e+001  3.725446e+001  2.610000e+001
      vertex -1.939344e+001  3.725446e+001  2.700000e+001
      vertex -1.774997e+001  3.806493e+001  2.610000e+001
    endloop
  endfacet
  facet normal -4.422881e-001  8.968731e-001  0.000000e+000
    outer loop
      vertex -1.774997e+001  3.806493e+001  2.610000e+001
      vertex -1.939344e+001  3.725446e+001  2.700000e+001
      vertex -1.774997e+001  3.806493e+001  2.700000e+001
    endloop
  endfacet
  facet normal -4.027470e-001  9.153114e-001  0.000000e+000
    outer loop
      vertex -1.774997e+001  3.806493e+001  2.610000e+001
      vertex -1.774997e+001  3.806493e+001  2.700000e+001
      vertex -1.607270e+001  3.880294e+001  2.610000e+001
    endloop
  endfacet
  facet normal -4.027470e-001  9.153114e-001  0.000000e+000
    outer loop
      vertex -1.607270e+001  3.880294e+001  2.610000e+001
      vertex -1.774997e+001  3.806493e+001  2.700000e+001
      vertex -1.607270e+001  3.880294e+001  2.700000e+001
    endloop
  endfacet
  facet normal -3.624383e-001  9.320078e-001  0.000000e+000
    outer loop
      vertex -1.607270e+001  3.880294e+001  2.610000e+001
      vertex -1.607270e+001  3.880294e+001  2.700000e+001
      vertex -1.436485e+001  3.946709e+001  2.610000e+001
    endloop
  endfacet
  facet normal -3.624383e-001  9.320078e-001  0.000000e+000
    outer loop
      vertex -1.436485e+001  3.946709e+001  2.610000e+001
      vertex -1.607270e+001  3.880294e+001  2.700000e+001
      vertex -1.436485e+001  3.946709e+001  2.700000e+001
    endloop
  endfacet
  facet normal -3.214384e-001  9.469305e-001  0.000000e+000
    outer loop
      vertex -1.436485e+001  3.946709e+001  2.610000e+001
      vertex -1.436485e+001  3.946709e+001  2.700000e+001
      vertex -1.262964e+001  4.005611e+001  2.610000e+001
    endloop
  endfacet
  facet normal -3.214384e-001  9.469305e-001  0.000000e+000
    outer loop
      vertex -1.262964e+001  4.005611e+001  2.610000e+001
      vertex -1.436485e+001  3.946709e+001  2.700000e+001
      vertex -1.262964e+001  4.005611e+001  2.700000e+001
    endloop
  endfacet
  facet normal -2.798303e-001  9.600495e-001  0.000000e+000
    outer loop
      vertex -1.262964e+001  4.005611e+001  2.610000e+001
      vertex -1.262964e+001  4.005611e+001  2.700000e+001
      vertex -1.087040e+001  4.056889e+001  2.610000e+001
    endloop
  endfacet
  facet normal -2.798303e-001  9.600495e-001  0.000000e+000
    outer loop
      vertex -1.087040e+001  4.056889e+001  2.610000e+001
      vertex -1.262964e+001  4.005611e+001  2.700000e+001
      vertex -1.087040e+001  4.056889e+001  2.700000e+001
    endloop
  endfacet
  facet normal -2.376856e-001  9.713421e-001  0.000000e+000
    outer loop
      vertex -1.087040e+001  4.056889e+001  2.610000e+001
      vertex -1.087040e+001  4.056889e+001  2.700000e+001
      vertex -9.090464e+000  4.100443e+001  2.610000e+001
    endloop
  endfacet
  facet normal -2.376856e-001  9.713421e-001  0.000000e+000
    outer loop
      vertex -9.090464e+000  4.100443e+001  2.610000e+001
      vertex -1.087040e+001  4.056889e+001  2.700000e+001
      vertex -9.090464e+000  4.100443e+001  2.700000e+001
    endloop
  endfacet
  facet normal -1.950909e-001  9.807852e-001  0.000000e+000
    outer loop
      vertex -9.090464e+000  4.100443e+001  2.610000e+001
      vertex -9.090464e+000  4.100443e+001  2.700000e+001
      vertex -7.293223e+000  4.136193e+001  2.610000e+001
    endloop
  endfacet
  facet normal -1.950909e-001  9.807852e-001  0.000000e+000
    outer loop
      vertex -7.293223e+000  4.136193e+001  2.610000e+001
      vertex -9.090464e+000  4.100443e+001  2.700000e+001
      vertex -7.293223e+000  4.136193e+001  2.700000e+001
    endloop
  endfacet
  facet normal -1.521236e-001  9.883615e-001  0.000000e+000
    outer loop
      vertex -7.293223e+000  4.136193e+001  2.610000e+001
      vertex -7.293223e+000  4.136193e+001  2.700000e+001
      vertex -5.482100e+000  4.164069e+001  2.610000e+001
    endloop
  endfacet
  facet normal -1.521236e-001  9.883615e-001  0.000000e+000
    outer loop
      vertex -5.482100e+000  4.164069e+001  2.610000e+001
      vertex -7.293223e+000  4.136193e+001  2.700000e+001
      vertex -5.482100e+000  4.164069e+001  2.700000e+001
    endloop
  endfacet
  facet normal -1.088650e-001  9.940566e-001  0.000000e+000
    outer loop
      vertex -5.482100e+000  4.164069e+001  2.610000e+001
      vertex -5.482100e+000  4.164069e+001  2.700000e+001
      vertex -3.660541e+000  4.184018e+001  2.610000e+001
    endloop
  endfacet
  facet normal -1.088650e-001  9.940566e-001  0.000000e+000
    outer loop
      vertex -3.660541e+000  4.184018e+001  2.610000e+001
      vertex -5.482100e+000  4.164069e+001  2.700000e+001
      vertex -3.660541e+000  4.184018e+001  2.700000e+001
    endloop
  endfacet
  facet normal -6.540430e-002  9.978588e-001  0.000000e+000
    outer loop
      vertex -3.660541e+000  4.184018e+001  2.610000e+001
      vertex -3.660541e+000  4.184018e+001  2.700000e+001
      vertex -1.832014e+000  4.196003e+001  2.610000e+001
    endloop
  endfacet
  facet normal -6.540430e-002  9.978588e-001  0.000000e+000
    outer loop
      vertex -1.832014e+000  4.196003e+001  2.610000e+001
      vertex -3.660541e+000  4.184018e+001  2.700000e+001
      vertex -1.832014e+000  4.196003e+001  2.700000e+001
    endloop
  endfacet
  facet normal -2.181462e-002  9.997621e-001  0.000000e+000
    outer loop
      vertex -1.832014e+000  4.196003e+001  2.610000e+001
      vertex -1.832014e+000  4.196003e+001  2.700000e+001
      vertex  2.571673e-015  4.200000e+001  2.610000e+001
    endloop
  endfacet
  facet normal -2.181462e-002  9.997621e-001  0.000000e+000
    outer loop
      vertex  2.571673e-015  4.200000e+001  2.610000e+001
      vertex -1.832014e+000  4.196003e+001  2.700000e+001
      vertex  2.571673e-015  4.200000e+001  2.700000e+001
    endloop
  endfacet
  facet normal  2.181462e-002  9.997621e-001  0.000000e+000
    outer loop
      vertex  2.571673e-015  4.200000e+001  2.610000e+001
      vertex  2.571673e-015  4.200000e+001  2.700000e+001
      vertex  1.832014e+000  4.196003e+001  2.610000e+001
    endloop
  endfacet
  facet normal  2.181462e-002  9.997621e-001  -0.000000e+000
    outer loop
      vertex  1.832014e+000  4.196003e+001  2.610000e+001
      vertex  2.571673e-015  4.200000e+001  2.700000e+001
      vertex  1.832014e+000  4.196003e+001  2.700000e+001
    endloop
  endfacet
  facet normal  6.540430e-002  9.978588e-001  0.000000e+000
    outer loop
      vertex  1.832014e+000  4.196003e+001  2.610000e+001
      vertex  1.832014e+000  4.196003e+001  2.700000e+001
      vertex  3.660541e+000  4.184018e+001  2.610000e+001
    endloop
  endfacet
  facet normal  6.540430e-002  9.978588e-001  -0.000000e+000
    outer loop
      vertex  3.660541e+000  4.184018e+001  2.610000e+001
      vertex  1.832014e+000  4.196003e+001  2.700000e+001
      vertex  3.660541e+000  4.184018e+001  2.700000e+001
    endloop
  endfacet
  facet normal  1.088650e-001  9.940566e-001  0.000000e+000
    outer loop
      vertex  3.660541e+000  4.184018e+001  2.610000e+001
      vertex  3.660541e+000  4.184018e+001  2.700000e+001
      vertex  5.482100e+000  4.164069e+001  2.610000e+001
    endloop
  endfacet
  facet normal  1.088650e-001  9.940566e-001  -0.000000e+000
    outer loop
      vertex  5.482100e+000  4.164069e+001  2.610000e+001
      vertex  3.660541e+000  4.184018e+001  2.700000e+001
      vertex  5.482100e+000  4.164069e+001  2.700000e+001
    endloop
  endfacet
  facet normal  1.521236e-001  9.883615e-001  0.000000e+000
    outer loop
      vertex  5.482100e+000  4.164069e+001  2.610000e+001
      vertex  5.482100e+000  4.164069e+001  2.700000e+001
      vertex  7.293223e+000  4.136193e+001  2.610000e+001
    endloop
  endfacet
  facet normal  1.521236e-001  9.883615e-001  -0.000000e+000
    outer loop
      vertex  7.293223e+000  4.136193e+001  2.610000e+001
      vertex  5.482100e+000  4.164069e+001  2.700000e+001
      vertex  7.293223e+000  4.136193e+001  2.700000e+001
    endloop
  endfacet
  facet normal  1.950909e-001  9.807852e-001  0.000000e+000
    outer loop
      vertex  7.293223e+000  4.136193e+001  2.610000e+001
      vertex  7.293223e+000  4.136193e+001  2.700000e+001
      vertex  9.090464e+000  4.100443e+001  2.610000e+001
    endloop
  endfacet
  facet normal  1.950909e-001  9.807852e-001  -0.000000e+000
    outer loop
      vertex  9.090464e+000  4.100443e+001  2.610000e+001
      vertex  7.293223e+000  4.136193e+001  2.700000e+001
      vertex  9.090464e+000  4.100443e+001  2.700000e+001
    endloop
  endfacet
  facet normal  2.376856e-001  9.713421e-001  0.000000e+000
    outer loop
      vertex  9.090464e+000  4.100443e+001  2.610000e+001
      vertex  9.090464e+000  4.100443e+001  2.700000e+001
      vertex  1.087040e+001  4.056889e+001  2.610000e+001
    endloop
  endfacet
  facet normal  2.376856e-001  9.713421e-001  -0.000000e+000
    outer loop
      vertex  1.087040e+001  4.056889e+001  2.610000e+001
      vertex  9.090464e+000  4.100443e+001  2.700000e+001
      vertex  1.087040e+001  4.056889e+001  2.700000e+001
    endloop
  endfacet
  facet normal  2.798303e-001  9.600495e-001  0.000000e+000
    outer loop
      vertex  1.087040e+001  4.056889e+001  2.610000e+001
      vertex  1.087040e+001  4.056889e+001  2.700000e+001
      vertex  1.262964e+001  4.005611e+001  2.610000e+001
    endloop
  endfacet
  facet normal  2.798303e-001  9.600495e-001  -0.000000e+000
    outer loop
      vertex  1.262964e+001  4.005611e+001  2.610000e+001
      vertex  1.087040e+001  4.056889e+001  2.700000e+001
      vertex  1.262964e+001  4.005611e+001  2.700000e+001
    endloop
  endfacet
  facet normal  3.214384e-001  9.469305e-001  0.000000e+000
    outer loop
      vertex  1.262964e+001  4.005611e+001  2.610000e+001
      vertex  1.262964e+001  4.005611e+001  2.700000e+001
      vertex  1.436485e+001  3.946709e+001  2.610000e+001
    endloop
  endfacet
  facet normal  3.214384e-001  9.469305e-001  -0.000000e+000
    outer loop
      vertex  1.436485e+001  3.946709e+001  2.610000e+001
      vertex  1.262964e+001  4.005611e+001  2.700000e+001
      vertex  1.436485e+001  3.946709e+001  2.700000e+001
    endloop
  endfacet
  facet normal  3.624383e-001  9.320078e-001  0.000000e+000
    outer loop
      vertex  1.436485e+001  3.946709e+001  2.610000e+001
      vertex  1.436485e+001  3.946709e+001  2.700000e+001
      vertex  1.607270e+001  3.880294e+001  2.610000e+001
    endloop
  endfacet
  facet normal  3.624383e-001  9.320078e-001  -0.000000e+000
    outer loop
      vertex  1.607270e+001  3.880294e+001  2.610000e+001
      vertex  1.436485e+001  3.946709e+001  2.700000e+001
      vertex  1.607270e+001  3.880294e+001  2.700000e+001
    endloop
  endfacet
  facet normal  4.027470e-001  9.153114e-001  0.000000e+000
    outer loop
      vertex  1.607270e+001  3.880294e+001  2.610000e+001
      vertex  1.607270e+001  3.880294e+001  2.700000e+001
      vertex  1.774997e+001  3.806493e+001  2.610000e+001
    endloop
  endfacet
  facet normal  4.027470e-001  9.153114e-001  -0.000000e+000
    outer loop
      vertex  1.774997e+001  3.806493e+001  2.610000e+001
      vertex  1.607270e+001  3.880294e+001  2.700000e+001
      vertex  1.774997e+001  3.806493e+001  2.700000e+001
    endloop
  endfacet
  facet normal  4.422881e-001  8.968731e-001  0.000000e+000
    outer loop
      vertex  1.774997e+001  3.806493e+001  2.610000e+001
      vertex  1.774997e+001  3.806493e+001  2.700000e+001
      vertex  1.939344e+001  3.725446e+001  2.610000e+001
    endloop
  endfacet
  facet normal  4.422881e-001  8.968731e-001  -0.000000e+000
    outer loop
      vertex  1.939344e+001  3.725446e+001  2.610000e+001
      vertex  1.774997e+001  3.806493e+001  2.700000e+001
      vertex  1.939344e+001  3.725446e+001  2.700000e+001
    endloop
  endfacet
  facet normal  4.809895e-001  8.767263e-001  0.000000e+000
    outer loop
      vertex  1.939344e+001  3.725446e+001  2.610000e+001
      vertex  1.939344e+001  3.725446e+001  2.700000e+001
      vertex  2.100000e+001  3.637307e+001  2.610000e+001
    endloop
  endfacet
  facet normal  4.809895e-001  8.767263e-001  -0.000000e+000
    outer loop
      vertex  2.100000e+001  3.637307e+001  2.610000e+001
      vertex  1.939344e+001  3.725446e+001  2.700000e+001
      vertex  2.100000e+001  3.637307e+001  2.700000e+001
    endloop
  endfacet
  facet normal  5.187733e-001  8.549119e-001  0.000000e+000
    outer loop
      vertex  2.100000e+001  3.637307e+001  2.610000e+001
      vertex  2.100000e+001  3.637307e+001  2.700000e+001
      vertex  2.256658e+001  3.542244e+001  2.610000e+001
    endloop
  endfacet
  facet normal  5.187733e-001  8.549119e-001  -0.000000e+000
    outer loop
      vertex  2.256658e+001  3.542244e+001  2.610000e+001
      vertex  2.100000e+001  3.637307e+001  2.700000e+001
      vertex  2.256658e+001  3.542244e+001  2.700000e+001
    endloop
  endfacet
  facet normal  5.555704e-001  8.314695e-001  0.000000e+000
    outer loop
      vertex  2.256658e+001  3.542244e+001  2.610000e+001
      vertex  2.256658e+001  3.542244e+001  2.700000e+001
      vertex  2.409021e+001  3.440438e+001  2.610000e+001
    endloop
  endfacet
  facet normal  5.555704e-001  8.314695e-001  -0.000000e+000
    outer loop
      vertex  2.409021e+001  3.440438e+001  2.610000e+001
      vertex  2.256658e+001  3.542244e+001  2.700000e+001
      vertex  2.409021e+001  3.440438e+001  2.700000e+001
    endloop
  endfacet
  facet normal  5.913097e-001  8.064446e-001  0.000000e+000
    outer loop
      vertex  2.409021e+001  3.440438e+001  2.610000e+001
      vertex  2.409021e+001  3.440438e+001  2.700000e+001
      vertex  2.556798e+001  3.332084e+001  2.610000e+001
    endloop
  endfacet
  facet normal  5.913097e-001  8.064446e-001  -0.000000e+000
    outer loop
      vertex  2.556798e+001  3.332084e+001  2.610000e+001
      vertex  2.409021e+001  3.440438e+001  2.700000e+001
      vertex  2.556798e+001  3.332084e+001  2.700000e+001
    endloop
  endfacet
  facet normal  6.259230e-001  7.798849e-001  0.000000e+000
    outer loop
      vertex  2.556798e+001  3.332084e+001  2.610000e+001
      vertex  2.556798e+001  3.332084e+001  2.700000e+001
      vertex  2.699708e+001  3.217387e+001  2.610000e+001
    endloop
  endfacet
  facet normal  6.259230e-001  7.798849e-001  -0.000000e+000
    outer loop
      vertex  2.699708e+001  3.217387e+001  2.610000e+001
      vertex  2.556798e+001  3.332084e+001  2.700000e+001
      vertex  2.699708e+001  3.217387e+001  2.700000e+001
    endloop
  endfacet
  facet normal  6.593457e-001  7.518398e-001  0.000000e+000
    outer loop
      vertex  2.699708e+001  3.217387e+001  2.610000e+001
      vertex  2.699708e+001  3.217387e+001  2.700000e+001
      vertex  2.837479e+001  3.096565e+001  2.610000e+001
    endloop
  endfacet
  facet normal  6.593457e-001  7.518398e-001  -0.000000e+000
    outer loop
      vertex  2.837479e+001  3.096565e+001  2.610000e+001
      vertex  2.699708e+001  3.217387e+001  2.700000e+001
      vertex  2.837479e+001  3.096565e+001  2.700000e+001
    endloop
  endfacet
  facet normal  6.915134e-001  7.223637e-001  0.000000e+000
    outer loop
      vertex  2.837479e+001  3.096565e+001  2.610000e+001
      vertex  2.837479e+001  3.096565e+001  2.700000e+001
      vertex  2.969848e+001  2.969848e+001  2.610000e+001
    endloop
  endfacet
  facet normal  6.915134e-001  7.223637e-001  -0.000000e+000
    outer loop
      vertex  2.969848e+001  2.969848e+001  2.610000e+001
      vertex  2.837479e+001  3.096565e+001  2.700000e+001
      vertex  2.969848e+001  2.969848e+001  2.700000e+001
    endloop
  endfacet
  facet normal  7.223637e-001  6.915134e-001  0.000000e+000
    outer loop
      vertex  2.969848e+001  2.969848e+001  2.610000e+001
      vertex  2.969848e+001  2.969848e+001  2.700000e+001
      vertex  3.096565e+001  2.837479e+001  2.610000e+001
    endloop
  endfacet
  facet normal  7.223637e-001  6.915134e-001  -0.000000e+000
    outer loop
      vertex  3.096565e+001  2.837479e+001  2.610000e+001
      vertex  2.969848e+001  2.969848e+001  2.700000e+001
      vertex  3.096565e+001  2.837479e+001  2.700000e+001
    endloop
  endfacet
  facet normal  7.518398e-001  6.593457e-001  0.000000e+000
    outer loop
      vertex  3.096565e+001  2.837479e+001  2.610000e+001
      vertex  3.096565e+001  2.837479e+001  2.700000e+001
      vertex  3.217387e+001  2.699708e+001  2.610000e+001
    endloop
  endfacet
  facet normal  7.518398e-001  6.593457e-001  -0.000000e+000
    outer loop
      vertex  3.217387e+001  2.699708e+001  2.610000e+001
      vertex  3.096565e+001  2.837479e+001  2.700000e+001
      vertex  3.217387e+001  2.699708e+001  2.700000e+001
    endloop
  endfacet
  facet normal  7.798849e-001  6.259230e-001  0.000000e+000
    outer loop
      vertex  3.217387e+001  2.699708e+001  2.610000e+001
      vertex  3.217387e+001  2.699708e+001  2.700000e+001
      vertex  3.332084e+001  2.556798e+001  2.610000e+001
    endloop
  endfacet
  facet normal  7.798849e-001  6.259230e-001  -0.000000e+000
    outer loop
      vertex  3.332084e+001  2.556798e+001  2.610000e+001
      vertex  3.217387e+001  2.699708e+001  2.700000e+001
      vertex  3.332084e+001  2.556798e+001  2.700000e+001
    endloop
  endfacet
  facet normal  8.064446e-001  5.913097e-001  0.000000e+000
    outer loop
      vertex  3.332084e+001  2.556798e+001  2.610000e+001
      vertex  3.332084e+001  2.556798e+001  2.700000e+001
      vertex  3.440438e+001  2.409021e+001  2.610000e+001
    endloop
  endfacet
  facet normal  8.064446e-001  5.913097e-001  -0.000000e+000
    outer loop
      vertex  3.440438e+001  2.409021e+001  2.610000e+001
      vertex  3.332084e+001  2.556798e+001  2.700000e+001
      vertex  3.440438e+001  2.409021e+001  2.700000e+001
    endloop
  endfacet
  facet normal  8.314695e-001  5.555704e-001  0.000000e+000
    outer loop
      vertex  3.440438e+001  2.409021e+001  2.610000e+001
      vertex  3.440438e+001  2.409021e+001  2.700000e+001
      vertex  3.542244e+001  2.256658e+001  2.610000e+001
    endloop
  endfacet
  facet normal  8.314695e-001  5.555704e-001  -0.000000e+000
    outer loop
      vertex  3.542244e+001  2.256658e+001  2.610000e+001
      vertex  3.440438e+001  2.409021e+001  2.700000e+001
      vertex  3.542244e+001  2.256658e+001  2.700000e+001
    endloop
  endfacet
  facet normal  8.549119e-001  5.187733e-001  0.000000e+000
    outer loop
      vertex  3.542244e+001  2.256658e+001  2.610000e+001
      vertex  3.542244e+001  2.256658e+001  2.700000e+001
      vertex  3.637307e+001  2.100000e+001  2.610000e+001
    endloop
  endfacet
  facet normal  8.549119e-001  5.187733e-001  -0.000000e+000
    outer loop
      vertex  3.637307e+001  2.100000e+001  2.610000e+001
      vertex  3.542244e+001  2.256658e+001  2.700000e+001
      vertex  3.637307e+001  2.100000e+001  2.700000e+001
    endloop
  endfacet
  facet normal  8.767263e-001  4.809895e-001  0.000000e+000
    outer loop
      vertex  3.637307e+001  2.100000e+001  2.610000e+001
      vertex  3.637307e+001  2.100000e+001  2.700000e+001
      vertex  3.725446e+001  1.939344e+001  2.610000e+001
    endloop
  endfacet
  facet normal  8.767263e-001  4.809895e-001  -0.000000e+000
    outer loop
      vertex  3.725446e+001  1.939344e+001  2.610000e+001
      vertex  3.637307e+001  2.100000e+001  2.700000e+001
      vertex  3.725446e+001  1.939344e+001  2.700000e+001
    endloop
  endfacet
  facet normal  8.968731e-001  4.422881e-001  0.000000e+000
    outer loop
      vertex  3.725446e+001  1.939344e+001  2.610000e+001
      vertex  3.725446e+001  1.939344e+001  2.700000e+001
      vertex  3.806493e+001  1.774997e+001  2.610000e+001
    endloop
  endfacet
  facet normal  8.968731e-001  4.422881e-001  -0.000000e+000
    outer loop
      vertex  3.806493e+001  1.774997e+001  2.610000e+001
      vertex  3.725446e+001  1.939344e+001  2.700000e+001
      vertex  3.806493e+001  1.774997e+001  2.700000e+001
    endloop
  endfacet
  facet normal  9.153114e-001  4.027470e-001  0.000000e+000
    outer loop
      vertex  3.806493e+001  1.774997e+001  2.610000e+001
      vertex  3.806493e+001  1.774997e+001  2.700000e+001
      vertex  3.880294e+001  1.607270e+001  2.610000e+001
    endloop
  endfacet
  facet normal  9.153114e-001  4.027470e-001  -0.000000e+000
    outer loop
      vertex  3.880294e+001  1.607270e+001  2.610000e+001
      vertex  3.806493e+001  1.774997e+001  2.700000e+001
      vertex  3.880294e+001  1.607270e+001  2.700000e+001
    endloop
  endfacet
  facet normal  9.320078e-001  3.624383e-001  0.000000e+000
    outer loop
      vertex  3.880294e+001  1.607270e+001  2.610000e+001
      vertex  3.880294e+001  1.607270e+001  2.700000e+001
      vertex  3.946709e+001  1.436485e+001  2.610000e+001
    endloop
  endfacet
  facet normal  9.320078e-001  3.624383e-001  -0.000000e+000
    outer loop
      vertex  3.946709e+001  1.436485e+001  2.610000e+001
      vertex  3.880294e+001  1.607270e+001  2.700000e+001
      vertex  3.946709e+001  1.436485e+001  2.700000e+001
    endloop
  endfacet
  facet normal  9.469305e-001  3.214384e-001  0.000000e+000
    outer loop
      vertex  3.946709e+001  1.436485e+001  2.610000e+001
      vertex  3.946709e+001  1.436485e+001  2.700000e+001
      vertex  4.005611e+001  1.262964e+001  2.610000e+001
    endloop
  endfacet
  facet normal  9.469305e-001  3.214384e-001  -0.000000e+000
    outer loop
      vertex  4.005611e+001  1.262964e+001  2.610000e+001
      vertex  3.946709e+001  1.436485e+001  2.700000e+001
      vertex  4.005611e+001  1.262964e+001  2.700000e+001
    endloop
  endfacet
  facet normal  9.600495e-001  2.798303e-001  0.000000e+000
    outer loop
      vertex  4.005611e+001  1.262964e+001  2.610000e+001
      vertex  4.005611e+001  1.262964e+001  2.700000e+001
      vertex  4.056889e+001  1.087040e+001  2.610000e+001
    endloop
  endfacet
  facet normal  9.600495e-001  2.798303e-001  -0.000000e+000
    outer loop
      vertex  4.056889e+001  1.087040e+001  2.610000e+001
      vertex  4.005611e+001  1.262964e+001  2.700000e+001
      vertex  4.056889e+001  1.087040e+001  2.700000e+001
    endloop
  endfacet
  facet normal  9.713421e-001  2.376856e-001  0.000000e+000
    outer loop
      vertex  4.056889e+001  1.087040e+001  2.610000e+001
      vertex  4.056889e+001  1.087040e+001  2.700000e+001
      vertex  4.100443e+001  9.090464e+000  2.610000e+001
    endloop
  endfacet
  facet normal  9.713421e-001  2.376856e-001  -0.000000e+000
    outer loop
      vertex  4.100443e+001  9.090464e+000  2.610000e+001
      vertex  4.056889e+001  1.087040e+001  2.700000e+001
      vertex  4.100443e+001  9.090464e+000  2.700000e+001
    endloop
  endfacet
  facet normal  9.807852e-001  1.950909e-001  0.000000e+000
    outer loop
      vertex  4.100443e+001  9.090464e+000  2.610000e+001
      vertex  4.100443e+001  9.090464e+000  2.700000e+001
      vertex  4.136193e+001  7.293223e+000  2.610000e+001
    endloop
  endfacet
  facet normal  9.807852e-001  1.950909e-001  -0.000000e+000
    outer loop
      vertex  4.136193e+001  7.293223e+000  2.610000e+001
      vertex  4.100443e+001  9.090464e+000  2.700000e+001
      vertex  4.136193e+001  7.293223e+000  2.700000e+001
    endloop
  endfacet
  facet normal  9.883615e-001  1.521236e-001  0.000000e+000
    outer loop
      vertex  4.136193e+001  7.293223e+000  2.610000e+001
      vertex  4.136193e+001  7.293223e+000  2.700000e+001
      vertex  4.164069e+001  5.482100e+000  2.610000e+001
    endloop
  endfacet
  facet normal  9.883615e-001  1.521236e-001  -0.000000e+000
    outer loop
      vertex  4.164069e+001  5.482100e+000  2.610000e+001
      vertex  4.136193e+001  7.293223e+000  2.700000e+001
      vertex  4.164069e+001  5.482100e+000  2.700000e+001
    endloop
  endfacet
  facet normal  9.940566e-001  1.088650e-001  0.000000e+000
    outer loop
      vertex  4.164069e+001  5.482100e+000  2.610000e+001
      vertex  4.164069e+001  5.482100e+000  2.700000e+001
      vertex  4.184018e+001  3.660541e+000  2.610000e+001
    endloop
  endfacet
  facet normal  9.940566e-001  1.088650e-001  -0.000000e+000
    outer loop
      vertex  4.184018e+001  3.660541e+000  2.610000e+001
      vertex  4.164069e+001  5.482100e+000  2.700000e+001
      vertex  4.184018e+001  3.660541e+000  2.700000e+001
    endloop
  endfacet
  facet normal  9.978588e-001  6.540430e-002  0.000000e+000
    outer loop
      vertex  4.184018e+001  3.660541e+000  2.610000e+001
      vertex  4.184018e+001  3.660541e+000  2.700000e+001
      vertex  4.196003e+001  1.832014e+000  2.610000e+001
    endloop
  endfacet
  facet normal  9.978588e-001  6.540430e-002  -0.000000e+000
    outer loop
      vertex  4.196003e+001  1.832014e+000  2.610000e+001
      vertex  4.184018e+001  3.660541e+000  2.700000e+001
      vertex  4.196003e+001  1.832014e+000  2.700000e+001
    endloop
  endfacet
  facet normal  9.997621e-001  2.181462e-002  0.000000e+000
    outer loop
      vertex  4.196003e+001  1.832014e+000  2.610000e+001
      vertex  4.196003e+001  1.832014e+000  2.700000e+001
      vertex  4.200000e+001  0.000000e+000  2.610000e+001
    endloop
  endfacet
  facet normal  9.997621e-001  2.181462e-002  -0.000000e+000
    outer loop
      vertex  4.200000e+001  0.000000e+000  2.610000e+001
      vertex  4.196003e+001  1.832014e+000  2.700000e+001
      vertex  4.200000e+001  0.000000e+000  2.700000e+001
    endloop
  endfacet
endsolid CATIA STL
