policy,outcome,hit,error_m,landing_xy,release_xy,decision_s,release_s,fall_s,seed,blocked_reason,return,episode_s
random,miss,False,0.11804813164844714,"[0.11725552202538912, 0.013656644545516884]","[0.1614776328294465, 0.043445369228637266]",3.5,3.7033815454456507,0.4622859271479248,83000000,,-13.584600866055693,3.7033815454456507
random,miss,False,0.13062754208983557,"[-0.10732705500264059, 0.07446111748350225]","[-0.1384009673467411, 0.08608222159216526]",1.3,1.51887218088801,0.4959576380492992,83000001,,-14.98972172026985,1.51887218088801
random,miss,False,0.23134793596306544,"[0.1050816909533602, 0.20610605449804992]","[0.10950324895770877, 0.272085823186079]",1.8,2.0143748230810017,0.4408840858080289,83000002,,-16.45,2.0143748230810017
random,miss,False,0.10441744051176595,"[-0.0028656317966227196, -0.10437811091140885]","[-0.006485133115237782, -0.10247957961753028]",4.4,4.649753471910756,0.5250559254996726,83000003,,-11.914376176892613,4.649753471910756
random,miss,False,0.14862959698165906,"[-0.1365416133137689, 0.05871239164438463]","[-0.18288521402782837, 0.10286391689398124]",2.8000000000000003,3.0185010969216663,0.46710665922428424,83000004,,-16.7,3.0185010969216663
random,miss,False,0.08739925075680427,"[0.08041915613751198, 0.034225551258982245]","[0.1347179857545298, 0.0639031348186007]",3.5,3.742176460315842,0.5269530685098599,83000005,,-9.64914314553172,3.742176460315842
random,miss,False,0.12034511974192158,"[0.033448023220997034, -0.11560353622750943]","[-0.0007758311911908594, -0.22824593389339662]",1.6,1.7771926458067016,0.4968122301956346,83000006,,-13.451842403560903,1.7771926458067016
random,miss,False,0.19288703598321894,"[0.05748459772454035, 0.1841220510282225]","[0.09077909482082411, 0.2521542563746129]",2.5,2.620773699689781,0.5345236097616086,83000007,,-16.625,2.620773699689781
random,miss,False,0.053079594443304484,"[-0.0364767720401421, -0.038560192528009865]","[-0.08788233003494839, -0.0478786025371392]",3.1,3.212148215763173,0.4853199913713945,83000008,,-6.53590209141605,3.212148215763173
random,miss,False,0.0737212161915528,"[-0.011482735191439025, -0.07282145637986756]","[-0.0032935735174529357, -0.10980629756656912]",3.2,3.356079220491459,0.4447978710276123,83000009,,-8.196761072976042,3.356079220491459
random,miss,False,0.15048936746434727,"[-0.1002646192716411, -0.1122232410961838]","[-0.12912469907233254, -0.19107697446751387]",2.6,2.7191146069127394,0.5294060458925003,83000010,,-16.65,2.7191146069127394
random,miss,False,0.10552825124394562,"[-0.018069685417153064, 0.10396969885274476]","[-0.05447456695209754, 0.17038256503076102]",2.5,2.6451343308885344,0.48322866199604647,83000011,,-11.585132381628316,2.6451343308885344
random,hit,True,0.030396817214967505,"[-0.00024065316145411436, -0.030395864568326183]","[0.058087803219325655, -0.03118260749756002]",3.1,3.3390697465185712,0.5160665375533326,83000012,,6.647520939499909,3.3390697465185712
random,miss,False,0.47765440041516016,"[0.4621533168933328, 0.12069812724502765]","[0.5612509972495306, 0.15117848644139353]",0.4,0.5400487272182621,0.5134749376196087,83000013,,-16.1,0.5400487272182621
random,miss,False,0.945191536087583,"[0.40725667346934213, -0.8529531299000492]","[0.49140981802701245, -0.9926113842477002]",0.2,0.44247749187158636,0.483021964218676,83000014,,-16.05,0.44247749187158636
random,miss,False,0.08093298110073105,"[0.06013987705719048, 0.05416034174003431]","[0.08996943480175783, 0.08422512785933803]",3.4000000000000004,3.5365393483918695,0.49562453996544603,83000015,,-8.943842143657056,3.5365393483918695
random,miss,False,0.10535217435186123,"[-0.05430571549264249, 0.09027718374814944]","[-0.062129665657246175, 0.1267792856596297]",3.2,3.448854727750497,0.5402063630896315,83000016,,-11.736925400415604,3.448854727750497
random,miss,False,1.0977808212339215,"[-0.9789526502027278, -0.4967639682284524]","[-1.087381722577299, -0.5146352475850926]",0.30000000000000004,0.45855776960805106,0.49171295070897647,83000017,,-16.075,0.45855776960805106
random,miss,False,0.24007827888840907,"[-0.23636232485044045, 0.04207649445136305]","[-0.31359215587862704, 0.09301404586777925]",1.1,1.249458751167873,0.4969807718036644,83000018,,-16.275,1.249458751167873
random,miss,False,0.11609948976324085,"[0.05186202326124825, -0.10387214288024779]","[0.08543680465181505, -0.1882449177590322]",2.0,2.153694585372859,0.49473964842663176,83000019,,-12.92443220205304,2.153694585372859
random,miss,False,0.1230180353863407,"[0.07487525354169434, -0.097607035798563]","[0.08298223762907599, -0.20818740746475572]",2.4000000000000004,2.575282721818929,0.5304057781720826,83000020,,-14.058398143946855,2.575282721818929
random,miss,False,0.14302547779383534,"[-0.11390718091468152, -0.08649532608311794]","[-0.20794592062487263, -0.0991209284596809]",0.6000000000000001,0.8254598215013648,0.5402245586401606,83000021,,-16.15,0.8254598215013648
random,miss,False,0.20261567260733837,"[-0.13370250519203186, 0.15223912404995907]","[-0.20484040111656032, 0.18639347745773913]",2.0,2.239241338212445,0.5272230499339544,83000022,,-16.5,2.239241338212445
random,miss,False,0.16467326195676968,"[-0.11849787861125788, 0.11434830986120645]","[-0.18989809502002386, 0.1264721854648482]",2.1,2.2830597338021468,0.47466774164743797,83000023,,-16.525,2.2830597338021468
random,miss,False,0.10337601461399573,"[-0.05752873159174822, -0.08588972836677067]","[-0.09618950794973426, -0.15096055238101774]",3.0,3.1790951954711377,0.5081928333068967,83000024,,-11.429125248420661,3.1790951954711377
random,miss,False,0.1709140291793879,"[0.07848045534396583, -0.1518302456671148]","[0.12604908959946087, -0.23326154091578802]",2.3000000000000003,2.4369411439648716,0.5337507643384644,83000025,,-16.575,2.4369411439648716
random,miss,False,0.09559043568523705,"[-0.09327341513366723, -0.020918925015306553]","[-0.09828392249628883, -0.09023065056376232]",3.1,3.316223975542368,0.5381985592234351,83000026,,-10.485957121558402,3.316223975542368
random,miss,False,0.2434188938033945,"[0.14034558438095218, 0.19888658779625457]","[0.15599558743798936, 0.2795777031381302]",1.9000000000000001,2.070314105923799,0.4456627553436034,83000027,,-16.475,2.070314105923799
random,miss,False,0.054043861290650856,"[-0.02191361881001637, 0.04940174342927997]","[-0.018192075508148012, 0.06969478212267365]",3.4000000000000004,3.5152505124462756,0.47511785433046017,83000028,,-6.675461839501945,3.5152505124462756
random,miss,False,0.08738483652279543,"[0.0038751761079288682, 0.08729886977646514]","[-0.011240673309841936, 0.12712408539873912]",3.8000000000000003,3.975974775423257,0.47871902705839275,83000029,,-9.722568533822303,3.975974775423257
random,miss,False,0.07236852161436141,"[0.07089332615967164, -0.014537511020347019]","[0.14243978103703703, -0.05423117450736499]",2.3000000000000003,2.5029967127497166,0.47592188174969974,83000030,,-7.8482518254051845,2.5029967127497166
random,miss,False,0.2138099430032802,"[0.17461880215988973, -0.12338138295266114]","[0.21553266487610628, -0.20360621774417223]",2.6,2.8183779052407028,0.4842003692729105,83000031,,-16.65,2.8183779052407028
random,miss,False,0.28864993844265685,"[-0.0008208033884007232, 0.28864877142428164]","[0.04682866377118457, 0.3660217971443355]",0.8,0.9145432143931792,0.4803656528438544,83000032,,-16.2,0.9145432143931792
random,miss,False,0.20764906568141026,"[-0.11293268238016307, 0.1742536763709272]","[-0.14868187768494068, 0.21620937968694587]",2.0,2.1228042140817087,0.5099503024598051,83000033,,-16.5,2.1228042140817087
random,miss,False,0.9792724933699334,"[0.9658949476904174, -0.16131201535252102]","[1.1474500839261716, -0.1840211284598671]",0.2,0.3568925759125489,0.4895110140745138,83000034,,-16.05,0.3568925759125489
random,miss,False,0.22054087559988572,"[0.1666365628589574, -0.14446637577276247]","[0.17800933023734872, -0.19352766749549905]",1.9000000000000001,2.129668753797673,0.5410280881409171,83000035,,-16.475,2.129668753797673
random,miss,False,0.1687226632167526,"[0.12988692811450214, -0.10768808192150087]","[0.17641649462046663, -0.18668706583316916]",2.1,2.263590267528681,0.44904434070751414,83000036,,-16.525,2.263590267528681
random,miss,False,0.165606422348001,"[-0.08736266568938822, -0.14068849194780883]","[-0.09153452442336107, -0.18968894269427528]",2.4000000000000004,2.51426799042665,0.4434482234409218,83000037,,-16.6,2.51426799042665
random,miss,False,0.2083192979417169,"[-0.09168763008470418, 0.18705696561309945]","[-0.14856279241753956, 0.2190470049437809]",2.1,2.316070885322109,0.44077765033572636,83000038,,-16.525,2.316070885322109
random,miss,False,0.16691385616958984,"[0.1658425690643165, 0.01888061618565292]","[0.1931200706581624, -0.030060224591376063]",2.6,2.750397315483396,0.49425897350189807,83000039,,-16.65,2.750397315483396
random,miss,False,0.21356847725160252,"[-0.06464673306287366, 0.2035492431326283]","[-0.12720120412278763, 0.3072536056485486]",0.7000000000000001,0.8627518037371238,0.4511477526138576,83000040,,-16.175,0.8627518037371238
random,miss,False,0.20399380285700713,"[-0.11914140520471253, -0.16558622276599583]","[-0.1303028186194817, -0.22409579548703742]",0.8,0.9375874283682717,0.4568907764551894,83000041,,-16.2,0.9375874283682717
random,miss,False,0.09015069576608226,"[-0.06557506446356212, 0.06186322710389747]","[-0.14399302629815405, 0.030996498066996114]",3.0,3.174852929588681,0.4756038780666632,83000042,,-9.82946746694295,3.174852929588681
random,miss,False,0.08998697623697569,"[0.08993004882290692, 0.0032003454475420757]","[0.13758102995248142, 0.0032722149572713124]",2.3000000000000003,2.544802961956248,0.5176341772426085,83000043,,-9.636034932671265,2.544802961956248
random,miss,False,0.21765545542174905,"[-0.08856362234010594, -0.1988224888508543]","[-0.0874892410832434, -0.2702642045792914]",2.4000000000000004,2.584415396937947,0.46549994516589616,83000044,,-16.6,2.584415396937947
random,miss,False,0.45669897428778444,"[-0.3386877937861452, -0.3063731898449797]","[-0.41754336816566695, -0.42460685109429397]",0.2,0.3913321305544397,0.4538085570048718,83000045,,-16.05,0.3913321305544397
random,miss,False,0.20358740990589294,"[0.12558925102282764, 0.1602347449828384]","[0.18381248339040596, 0.22181694914393585]",2.7,2.835881045378573,0.4789763632523171,83000046,,-16.675,2.835881045378573
random,miss,False,0.137814153413679,"[0.11904149145608628, -0.06943964424620555]","[0.12799302754875824, -0.1412724361729749]",2.2,2.4000270998573514,0.5041140632256864,83000047,,-16.420463050705656,2.4000270998573514
random,miss,False,0.17912914685281564,"[-0.178849735800507, -0.010001162747722586]","[-0.21293002160810615, 0.00012301751158742737]",2.6,2.8496792030519726,0.47344407741346156,83000048,,-16.65,2.8496792030519726
random,miss,False,0.283649353775125,"[0.03679772521065372, 0.2812523481081842]","[0.029493601686815613, 0.3940185528355372]",1.7000000000000002,1.8168266944538551,0.49545199750482516,83000049,,-16.425,1.8168266944538551
random,miss,False,0.1507064184871479,"[0.04183831042576455, 0.14478252779234346]","[0.02026127788977658, 0.18346987753016158]",2.2,2.3408291610736986,0.45829687078111053,83000050,,-16.55,2.3408291610736986
random,miss,False,0.8654997382771806,"[0.26156392738418816, 0.8250297624020768]","[0.30098756446119584, 0.9653890997871013]",0.2,0.31197241557859945,0.527312441085715,83000051,,-16.05,0.31197241557859945
random,miss,False,0.12161877985266564,"[0.03478999112381406, -0.11653662141342562]","[0.09807709570604242, -0.1847571096587692]",2.3000000000000003,2.460711265397033,0.49938674799073585,83000052,,-13.81945475803197,2.460711265397033
random,miss,False,0.9334112726215111,"[0.14199603357678342, 0.9225474135812045]","[0.20580134667903896, 1.0260380277938737]",0.2,0.4422115416260526,0.5092380352422398,83000053,,-16.05,0.4422115416260526
random,miss,False,0.10571593428469897,"[-0.07330352750452973, -0.07617382501279192]","[-0.15452752648040907, -0.08820704278208209]",2.7,2.899654695125765,0.5099898403562257,83000054,,-11.659911726054244,2.899654695125765
random,miss,False,0.236286605822448,"[-0.16608599723209427, 0.1680678482474078]","[-0.21151585070334228, 0.21935428723802572]",2.5,2.6585486533722182,0.5309077778675511,83000055,,-16.625,2.6585486533722182
random,miss,False,0.13393933098680946,"[-0.06842067397676767, -0.11514493370426232]","[-0.04422620347697061, -0.20789465911804517]",1.4000000000000001,1.521030398405129,0.49672789452111865,83000056,,-15.56234024074631,1.521030398405129
random,miss,False,0.12133941243977528,"[-0.08808810129329152, 0.0834490228928578]","[-0.10279624644551975, 0.1265845258663564]",3.5,3.6282895989984763,0.47900752535631985,83000057,,-14.077033132018682,3.6282895989984763
random,miss,False,0.40217997441080766,"[0.29533400349157707, 0.2729955277998434]","[0.36107126268243944, 0.30428224538007953]",0.2,0.3440106057414172,0.48209059804791554,83000058,,-16.05,0.3440106057414172
random,miss,False,0.09958766652706137,"[-0.053925119385269726, -0.08372445773840274]","[-0.1403813909806298, -0.11101819165876262]",3.0,3.170022392187866,0.5094993708967288,83000059,,-10.948564577690737,3.170022392187866
random,miss,False,0.19109271406217748,"[0.04968561644524638, 0.18452036442112557]","[0.07246008755929409, 0.22648635288225055]",2.1,2.213637572815686,0.5260740979003284,83000060,,-16.525,2.213637572815686
random,miss,False,1.0148229309879067,"[0.7472941228747526, 0.686598190483881]","[0.8931638596059744, 0.7686015680104168]",0.2,0.3201290003158681,0.5358608227023741,83000061,,-16.05,0.3201290003158681
random,miss,False,0.2535142649700075,"[-0.23151979151031432, -0.10328634315486136]","[-0.3127645458265448, -0.1503980928844859]",1.6,1.7751416688025567,0.45596802517199364,83000062,,-16.4,1.7751416688025567
random,miss,False,0.1617870255271198,"[0.08354427619382068, 0.1385474487104094]","[0.17446326285360883, 0.1982537496664193]",2.8000000000000003,2.921022229287876,0.5250699483291668,83000063,,-16.7,2.921022229287876
random,miss,False,0.10242424681662228,"[-0.07265155879957545, -0.07219748846008558]","[-0.054565321423778554, -0.05301634011660985]",5.2,5.436344356971141,0.5222268620180294,83000064,,-11.856703959970224,5.436344356971141
random,miss,False,0.1809740029538438,"[-0.10999251328394105, -0.14371234034215682]","[-0.20129599468531917, -0.1511600243664136]",1.7000000000000002,1.930675124790482,0.45232029946653424,83000065,,-16.425,1.930675124790482
random,hit,True,0.033427502532557316,"[0.025599358935818495, -0.021495830936236342]","[-0.022610802029088717, -0.004015854292129954]",3.6,3.8135677798368888,0.5258577108440873,83000066,,6.401626296522421,3.8135677798368888
random,miss,False,0.396142411612213,"[-0.3184244274988668, 0.23565800272844306]","[-0.39840784759982134, 0.2976852075429789]",0.2,0.3125131575936098,0.49143641322734666,83000067,,-16.05,0.3125131575936098
random,miss,False,0.7483598070612509,"[-0.5102547028439097, -0.5474326799255101]","[-0.5823096585296103, -0.6231389359093127]",0.2,0.31784908128763256,0.44540696850938083,83000068,,-16.05,0.31784908128763256
random,miss,False,0.13222550386527573,"[0.08108429117680666, 0.10444578304929732]","[0.15083333206781774, 0.17096749947713868]",2.2,2.3637487686962313,0.46834011309038664,83000069,,-15.47723992026628,2.3637487686962313
random,miss,False,1.3122905668211253,"[1.3117073977560583, 0.03911821110097205]","[1.4363963027912792, 0.008363551463974783]",0.30000000000000004,0.4145844830344322,0.45949510123322695,83000070,,-16.075,0.4145844830344322
random,miss,False,1.1844978760892924,"[-0.11850946188387543, 1.1785545069720105]","[-0.16015023645983348, 1.3216229361318215]",0.2,0.34401880938350893,0.5061712627549747,83000071,,-16.05,0.34401880938350893
random,miss,False,0.1269160810014459,"[0.061574553753655614, 0.11097867338729436]","[0.1540268199395255, 0.18020250195463444]",2.0,2.129653146891132,0.520544851196176,83000072,,-14.567307260478488,2.129653146891132
random,miss,False,0.11946442803079049,"[-0.04941375354556443, 0.10876594377498014]","[-0.12842179101017948, 0.21637475854214558]",0.6000000000000001,0.8090383218418753,0.5277208766368097,83000073,,-13.069843477952451,0.8090383218418753
random,miss,False,0.06819561255960353,"[-0.03512894371566887, -0.058451679922829625]","[-0.08353479030265187, -0.007739663779669168]",3.6,3.761078909136003,0.542406357349646,83000074,,-7.806650982737223,3.761078909136003
random,miss,False,0.06487825177260251,"[-0.06476099171446147, 0.0038989107746464913]","[-0.04656301489237934, 0.030152239947426912]",4.3,4.454580490041071,0.4598372679740011,83000075,,-7.705742220668251,4.454580490041071
random,miss,False,0.18811433035712777,"[0.11509883409850222, 0.1487926734583261]","[0.14934527049247942, 0.21830026259329718]",1.1,1.2431848446849236,0.47802191834865954,83000076,,-16.275,1.2431848446849236
random,miss,False,0.22272890827111208,"[0.16071313363544215, 0.1542058859340913]","[0.23229529909411364, 0.17124891433414585]",1.8,2.0182879080180394,0.46224472549709095,83000077,,-16.45,2.0182879080180394
random,miss,False,0.08488936493935494,"[0.08350430262510848, 0.015272056930920722]","[0.14380769225043302, 0.05075073078215338]",2.2,2.4389871397009686,0.456059521880431,83000078,,-9.053877674879367,2.4389871397009686
random,miss,False,0.20964470889719972,"[-0.17856473029643322, -0.10984325679236606]","[-0.2756611991488026, -0.13946933914448262]",1.8,1.9672945121677428,0.5228871334736145,83000079,,-16.45,1.9672945121677428
random,miss,False,0.07538239287566624,"[0.07506220791550176, 0.006940468176663592]","[0.12081797444543513, -0.028024972463112932]",2.3000000000000003,2.4109102333178978,0.4465346790611072,83000080,,-8.12656572228831,2.4109102333178978
random,miss,False,0.14624484794600587,"[-0.004279643615854881, -0.14618221574894685]","[-0.017789770652875736, -0.19835605954218385]",2.1,2.2704408929589057,0.5370414639535577,83000081,,-16.525,2.2704408929589057
random,miss,False,0.07331790011805495,"[0.06181302889984325, 0.039429226925571666]","[0.13772771195529443, 0.024991894543981326]",1.8,2.048497340834858,0.4773688694556458,83000082,,-7.809696548575675,2.048497340834858
random,miss,False,0.23451536550553004,"[-0.06451007589729688, 0.22546819457723377]","[-0.1451954879217797, 0.28740026778209593]",1.8,1.9941680703479685,0.5251180758171506,83000083,,-16.45,1.9941680703479685
random,miss,False,0.09791961603434911,"[0.00376550295437425, 0.09784718796069183]","[0.020323326597670527, 0.1382489754188246]",3.1,3.2679638480411635,0.49943715096190033,83000084,,-10.767657002696472,3.2679638480411635
random,miss,False,0.1432101924947362,"[0.07676944286874028, -0.12089504487778903]","[0.0645277936104386, -0.19176902110736965]",2.2,2.316413948489373,0.4570351547052172,83000085,,-16.55,2.316413948489373
random,miss,False,0.11043132468370988,"[0.02834916476516583, 0.10673051264055856]","[0.07237822744038261, 0.13229246906070544]",3.3000000000000003,3.531530572405041,0.44515945268561263,83000086,,-12.446923419624346,3.531530572405041
random,miss,False,0.2270935245722237,"[0.170176029587293, -0.1503714994822488]","[0.2260341332453169, -0.1878989296248533]",2.7,2.824427718106642,0.537887303960902,83000087,,-16.675,2.824427718106642
random,miss,False,0.12925285788815397,"[0.12463942802858691, -0.03422446862935975]","[0.15260140453254012, -0.06193764281208187]",2.2,2.3337357010469213,0.5307254208830273,83000088,,-14.991438295159577,2.3337357010469213
random,miss,False,0.23051541211543589,"[0.10271522851067297, 0.20636602689093347]","[0.10073813526438938, 0.30482098023674187]",1.8,2.026481499326367,0.5165874876510149,83000089,,-16.45,2.026481499326367
random,miss,False,0.12474748964497108,"[0.08355034496602823, -0.09263517705914881]","[0.17454624838971336, -0.14186638590777395]",2.8000000000000003,2.986695708167133,0.5368200933228889,83000090,,-14.426210107951356,2.986695708167133
random,miss,False,0.17771163829650494,"[0.015164627141162582, 0.17706343628682156]","[-0.0012655533859599194, 0.26960593572492025]",1.4000000000000001,1.5904704252247075,0.4860849347763171,83000091,,-16.35,1.5904704252247075
random,miss,False,0.10194828085163914,"[-0.09160162412079709, -0.04475035672524742]","[-0.19971719423212342, -0.06885926312721802]",1.1,1.3302853272679998,0.5059524232376278,83000092,,-10.77090748037793,1.3302853272679998
random,hit,True,0.03964532532254997,"[-0.03869968902588919, 0.008607316029419027]","[-0.005621895425203777, 0.06658079955544463]",3.2,3.391577143811876,0.4709870947653434,83000093,,6.217655112543236,3.391577143811876
random,miss,False,0.22290755677092602,"[-0.21399704719225476, 0.062394251807193726]","[-0.2884936912720584, 0.10497926693118728]",0.6000000000000001,0.790040025550292,0.5161165690298178,83000094,,-16.15,0.790040025550292
random,miss,False,0.17589309741551198,"[-0.07515750846501842, 0.15902745247206054]","[-0.10776432977545285, 0.19457441400025557]",3.3000000000000003,3.4137435444968336,0.5185114900979737,83000095,,-16.825,3.4137435444968336
random,miss,False,0.08451772369232212,"[-0.0781771512898436, 0.03211819786875679]","[-0.18053164616021444, 0.07506453283595275]",2.7,2.9348704429328896,0.4930005153785746,83000096,,-9.139528511332317,2.9348704429328896
random,hit,True,0.031281928754666476,"[0.023916397596941225, 0.020163456861288773]","[0.004865271123970644, 0.06596768698811394]",3.2,3.4408355769352323,0.5403833954996736,83000097,,6.588400583367481,3.4408355769352323
random,miss,False,0.07453602253362965,"[0.06143523472118614, 0.04220581227611325]","[0.06034405578796714, 0.10110993365117082]",3.4000000000000004,3.5576894348929287,0.4622999782185881,83000098,,-8.322261659458592,3.5576894348929287
random,miss,False,0.11339655930594218,"[-0.07201818615352254, -0.08759087010403901]","[-0.16123315140757236, -0.08756313407895386]",2.0,2.193562588286987,0.5087357824707772,83000099,,-12.536737289016287,2.193562588286987
random,miss,False,0.11181318277875393,"[-0.07297927446375732, 0.0847125335582558]","[-0.1552420117933527, 0.14903503225775497]",2.6,2.7138941779692134,0.5317771903935327,83000100,,-12.463867401946898,2.7138941779692134
random,miss,False,0.15405718036376223,"[0.0813063033778593, -0.13085449878647762]","[0.08661715791418192, -0.1970608460240856]",3.1,3.347124493611991,0.5113166885530577,83000101,,-16.775,3.347124493611991
random,miss,False,0.46737025940110494,"[-0.3969176165621334, -0.2467617576434633]","[-0.5052403680687263, -0.3734176557985605]",0.30000000000000004,0.46084809161337537,0.5235041721346035,83000102,,-16.075,0.46084809161337537
random,miss,False,0.1764795189560119,"[-0.16930176191513258, 0.0498190126696338]","[-0.2299882616399564, 0.032421093353453403]",2.9000000000000004,3.010303660716169,0.529990233391591,83000103,,-16.725,3.010303660716169
random,miss,False,0.18350855910471472,"[-0.09261375237874274, -0.1584237486458943]","[-0.12005924365429725, -0.2392852728191854]",1.7000000000000002,1.882922179523825,0.46525111864847196,83000104,,-16.425,1.882922179523825
random,miss,False,0.1201834419359772,"[-0.09069686070612842, 0.07885517848329013]","[-0.1656388332256612, 0.056671370984111874]",2.3000000000000003,2.500818501899537,0.4698303231639482,83000105,,-13.6025373222365,2.500818501899537
random,miss,False,0.9749558189418126,"[-0.8868378259324086, -0.40504014539793387]","[-1.1035674982499792, -0.5194050223270175]",0.2,0.43356934589529905,0.5401329133308209,83000106,,-16.05,0.43356934589529905
random,miss,False,0.1974867030003415,"[0.08439136861453309, 0.1785471779819303]","[0.16096668585254084, 0.2372644317284657]",1.4000000000000001,1.6009528220166052,0.4946528047482535,83000107,,-16.35,1.6009528220166052
random,miss,False,0.14422115123599616,"[0.016514701588525055, 0.14327248547881777]","[0.018770498576053923, 0.22320150383302725]",1.0,1.2248403989864192,0.44546504768799133,83000108,,-16.25,1.2248403989864192
random,miss,False,0.1275276604232527,"[0.06447605861737035, 0.11002791481345939]","[0.11878792032303684, 0.12132583951097067]",3.2,3.4309327119894837,0.4820334439946322,83000109,,-14.964565108142784,3.4309327119894837
random,miss,False,0.043487655930778996,"[0.04208665422018323, 0.010949418016705327]","[0.037487543817593706, 0.03914879605048608]",4.4,4.628098462329609,0.511992386781532,83000110,,-6.281985136471135,4.628098462329609
random,miss,False,0.10735027446610179,"[0.06998013557068104, 0.08140554068032771]","[0.057989295756434175, 0.16335104219592914]",2.2,2.4195161474351434,0.4710842190710454,83000111,,-11.752550892467116,2.4195161474351434
random,miss,False,0.08661071736751383,"[-0.07361040566724815, 0.04563906813705252]","[-0.12919701709253228, 0.0838603482305103]",3.3000000000000003,3.501598577475887,0.5231475428192557,83000112,,-9.513385226822102,3.501598577475887
random,miss,False,0.08159975392725748,"[0.023199781039202158, -0.07823228234381283]","[-0.002325239934566417, -0.13673910473554474]",3.5,3.700476958332124,0.515097201078072,83000113,,-9.036574900618108,3.700476958332124
random,miss,False,0.16158052996234457,"[-0.059981062255706104, -0.1500351286652204]","[-0.10405654320633304, -0.23059018978517354]",2.6,2.7706309792446806,0.5105192383363223,83000114,,-16.65,2.7706309792446806
random,miss,False,1.1513967192533137,"[0.3990044726333245, -1.080050848768657]","[0.4058738252768006, -1.1576031212593303]",0.2,0.34646036963338805,0.4678886886380484,83000115,,-16.05,0.34646036963338805
random,miss,False,0.25670563446829264,"[0.16176944960742473, -0.19931991355978343]","[0.18221985787778805, -0.24753250732333823]",0.7000000000000001,0.8661577065402999,0.44022953049591473,83000116,,-16.175,0.8661577065402999
random,miss,False,0.3490366387499998,"[-0.017372509186999036, -0.3486040319824851]","[-0.01625244981194693, -0.39948147391928424]",0.2,0.43651890639199925,0.5153412612355962,83000117,,-16.05,0.43651890639199925
random,miss,False,0.19771486122987325,"[-0.04960526596357666, -0.1913909191676315]","[-0.08336905316432815, -0.2634353144797444]",2.5,2.68630709240192,0.516994524422626,83000118,,-16.625,2.68630709240192
random,miss,False,0.17841339302822912,"[0.14495084976511052, -0.10402206479501219]","[0.1617380989010112, -0.22333103167549506]",2.1,2.2644209665850363,0.532594833574738,83000119,,-16.525,2.2644209665850363
random,miss,False,0.09353919475542563,"[0.0925425513856415, -0.013618264886884349]","[0.12737423938581968, -0.07097249669682994]",2.5,2.6649928886652248,0.5200241009136659,83000120,,-10.093488097183403,2.6649928886652248
random,miss,False,0.08920901615147554,"[-0.04630834855662218, -0.07624818303850009]","[-0.05988995490397457, -0.1452864559912069]",2.1,2.3052800201214043,0.4653026973228511,83000121,,-9.498905351696392,2.3052800201214043
random,miss,False,0.0986300039391864,"[-0.08542737641060019, -0.049295446408827215]","[-0.10349820130150786, -0.09614751124989768]",3.4000000000000004,3.5310658136968525,0.5229327353248274,83000122,,-10.929923548152452,3.5310658136968525
random,miss,False,0.18399110411546987,"[0.17257758473447332, 0.06379422889921436]","[0.24756615679186716, 0.09516193588304352]",2.5,2.628614910329754,0.4636940731822198,83000123,,-16.625,2.628614910329754
random,miss,False,0.21751169568574122,"[0.17654703570500754, -0.12705306743192502]","[0.20879868516367286, -0.1523318543733717]",2.5,2.7276603694510997,0.5060063421842143,83000124,,-16.625,2.7276603694510997
random,miss,False,0.0817320591646133,"[0.04250135899026375, -0.06981234832942218]","[0.10946268050039054, -0.1289245163935492]",2.3000000000000003,2.5198785436962217,0.4865137478028659,83000125,,-8.750080934554905,2.5198785436962217
random,miss,False,0.14506488012273394,"[0.14472496969283813, -0.009924847224529628]","[0.21599301253153708, 0.03009774562596868]",1.5,1.721043786222264,0.4848145899641212,83000126,,-16.375,1.721043786222264
random,miss,False,0.18939961822471857,"[0.15140435158725768, -0.11379339921151493]","[0.2379551239182064, -0.14638300030240764]",2.3000000000000003,2.5194669621594747,0.501761100404425,83000127,,-16.575,2.5194669621594747
random,hit,True,0.02635692149542937,"[-0.025871407994718376, 0.005035628966380342]","[-0.09260965742361549, -0.002995470072249007]",2.7,2.864994784702086,0.5065669108192697,83000128,,6.890820430802359,2.864994784702086
random,miss,False,0.1517294824625857,"[0.11677833232383453, 0.09687443908497308]","[0.11849195405787946, 0.13344436900301937]",2.7,2.853880643091073,0.4669605673842761,83000129,,-16.675,2.853880643091073
random,miss,False,0.05556949555330157,"[0.01612388986052582, 0.05317883988781662]","[-0.05040588073892038, 0.10618260099781572]",3.1,3.3278773192985835,0.5392267859817543,83000130,,-6.704980522530252,3.3278773192985835
random,miss,False,0.10713947556921594,"[0.1019384903004782, -0.032975921829509605]","[0.13472630946267372, -0.07166532644955446]",3.1,3.3255892071376834,0.49290253714879345,83000131,,-11.949292015779134,3.3255892071376834
random,miss,False,0.19960860287304177,"[-0.17576663807231213, -0.09460276571900285]","[-0.2834856970706041, -0.10812830542142406]",0.2,0.4290194014695403,0.4735307836796413,83000132,,-16.05,0.4290194014695403
random,miss,False,0.17360064575617457,"[-0.15379070824912822, -0.08053323700927673]","[-0.20679655654565443, -0.15101649693758656]",0.6000000000000001,0.8037947024052913,0.4795987040254268,83000133,,-16.15,0.8037947024052913
random,miss,False,0.14503399760921284,"[-0.06328624607730005, -0.130497936841747]","[-0.1328366637786666, -0.19379745795113454]",2.7,2.8572644737131556,0.5261262759198057,83000134,,-16.675,2.8572644737131556
random,hit,True,0.038888394747691714,"[0.03539892700050069, -0.016100410344631576]","[0.09629430983873612, -0.013195701298329776]",3.8000000000000003,3.9104252318371095,0.5042561244951144,83000135,,6.104807971217315,3.9104252318371095
random,miss,False,0.04781574967135791,"[-0.0010662304071057602, 0.04780386040219898]","[0.012175907248796143, 0.028223189982063586]",5.300000000000001,5.529286629299154,0.4565323419244282,83000136,,-6.753966197896227,5.529286629299154
random,miss,False,0.1300563657453316,"[-0.07038798602251335, 0.10936265219250094]","[-0.05723175227665968, 0.16505670117865515]",2.1,2.2592344034269587,0.513352285577941,83000137,,-15.096661419302167,2.2592344034269587
random,miss,False,0.2520012114639174,"[0.12476970418282468, -0.21894549892019344]","[0.17976188041109398, -0.2760044703290314]",1.6,1.742922661536495,0.49216968873555467,83000138,,-16.4,1.742922661536495
random,miss,False,0.1555559456227835,"[0.09969363154617905, -0.11941035150996362]","[0.12171853347178352, -0.23119734423270646]",2.1,2.267988716261897,0.4947205216617079,83000139,,-16.525,2.267988716261897
random,miss,False,0.09987638684734153,"[0.08141123691998443, -0.05785761101910429]","[0.08416644768151472, -0.11919479868853154]",3.5,3.6781113148642506,0.4468487683975867,83000140,,-11.109557906049885,3.6781113148642506
random,miss,False,0.04048859226065993,"[-0.03396074129737285, 0.02204527508975302]","[0.003574134725396874, 0.05205127965883589]",3.4000000000000004,3.6164710791265615,0.5349420017167079,83000141,,-5.874578814531232,3.6164710791265615
random,miss,False,1.2924414455676676,"[0.9177044898309275, -0.910067777456822]","[1.0030377389888927, -0.9427101259051638]",0.2,0.31508426030643716,0.4446637985606567,83000142,,-16.05,0.31508426030643716
random,miss,False,0.07988109432844775,"[-0.02965611539919033, -0.07417212448447377]","[0.015775421645839116, -0.1458231861857614]",3.3000000000000003,3.4674548485881735,0.5228403950128591,83000143,,-8.813118269443981,3.4674548485881735
random,miss,False,0.22700714343863002,"[-0.09250974825322732, 0.20730216991216288]","[-0.0915862188489771, 0.26501643989957374]",1.9000000000000001,2.0543701033045263,0.49538053342888516,83000144,,-16.475,2.0543701033045263
random,miss,False,0.11245856910326496,"[-0.05686192948608483, 0.09702396992430962]","[-0.03227363366940923, 0.17085337608959053]",2.0,2.174235130988763,0.5318341899030188,83000145,,-12.404331102971137,2.174235130988763
random,miss,False,0.2539098997299532,"[-0.25224574399888744, -0.02902278097155101]","[-0.32232533186794576, 0.02763771652838406]",0.4,0.5312580796207164,0.5262105888283398,83000146,,-16.1,0.5312580796207164
random,miss,False,0.07991208848855676,"[0.07759703954436703, 0.019095584320802154]","[0.09492446827758833, 0.03713078224810567]",2.7,2.9266148777784986,0.49438734812020424,83000147,,-8.666213679126828,2.9266148777784986
random,miss,False,0.12240728341381896,"[-0.1177790572322126, 0.03334121638816115]","[-0.2219927908009583, 0.0063369887065311235]",0.7000000000000001,0.8955651529506573,0.5233867275634485,83000148,,-13.539714395469375,0.8955651529506573
random,miss,False,0.16687762781426874,"[0.16687423770412615, -0.0010636990102449728]","[0.2720921798105931, -0.02802697266025056]",1.5,1.7159875452000006,0.4911015924040232,83000149,,-16.375,1.7159875452000006
random,miss,False,0.3881154812803742,"[0.26476153830627064, 0.28378681196136246]","[0.4048388888206211, 0.33391397515799476]",0.30000000000000004,0.5120023712994854,0.46716763044763737,83000150,,-16.075,0.5120023712994854
random,miss,False,0.6975728905273334,"[-0.42529013878486077, 0.5529342053545006]","[-0.4709502357988343, 0.6552348886901131]",0.30000000000000004,0.41341108663882514,0.4452466970670611,83000151,,-16.075,0.41341108663882514
random,miss,False,0.11214487602906838,"[0.06564473884167983, -0.09092437232108214]","[0.04954369905717472, -0.1531155422509684]",3.3000000000000003,3.517705478791945,0.4840869976969122,83000152,,-12.685295762234448,3.517705478791945
random,miss,False,0.05333190809031168,"[-0.0167540004973257, -0.050631965080263894]","[0.03558017911514735, -0.022369613956291765]",5.0,5.206167557287082,0.5287460396896837,83000153,,-7.027682762845908,5.206167557287082
random,miss,False,0.15291629646809815,"[0.1416431783176762, -0.05762468014302783]","[0.2199248468402491, -0.05522322611507128]",2.5,2.613131114732112,0.48948632559141236,83000154,,-16.625,2.613131114732112
random,miss,False,0.45575784881521125,"[-0.2832111414055431, 0.35708075576882947]","[-0.36363614502881814, 0.4788250793454359]",0.2,0.4215423825004987,0.5202280228881468,83000155,,-16.05,0.4215423825004987
random,miss,False,0.13879711647574655,"[0.1371388384614447, -0.02139108523258529]","[0.20170251221399788, -0.04541886897043909]",2.6,2.727228624145666,0.46367880526494876,83000156,,-16.65,2.727228624145666
random,miss,False,1.2071752115558774,"[1.1705180127584307, -0.2952280020645593]","[1.3446121426890336, -0.33790245448682343]",0.30000000000000004,0.4640915841304536,0.532859152751318,83000157,,-16.075,0.4640915841304536
random,miss,False,0.4078690349047892,"[-0.3135770157338094, 0.2608191036669714]","[-0.41085941736969195, 0.27663720557907334]",0.2,0.4273261185328949,0.5089209473130293,83000158,,-16.05,0.4273261185328949
random,miss,False,0.20151343757495396,"[-0.07769328228104408, -0.18593391140852406]","[-0.08570930598168888, -0.2918117671172099]",0.7000000000000001,0.9341664224032884,0.48854917055900193,83000159,,-16.175,0.9341664224032884
random,miss,False,1.0160961187558333,"[0.44367429199095365, -0.9141140219781088]","[0.5399132227330607, -1.057702506476038]",0.2,0.3758959443424009,0.5022483299001518,83000160,,-16.05,0.3758959443424009
random,miss,False,0.2227423417854157,"[0.22046729241461688, 0.03175411468485227]","[0.28795728967482526, -0.012167422547309254]",2.1,2.221488029588311,0.4932934575958605,83000161,,-16.525,2.221488029588311
random,miss,False,0.10050183784491414,"[0.10014334072287316, -0.008481197973632483]","[0.1057468895506533, -0.05001816077149216]",2.8000000000000003,2.9595560280055997,0.5186650468685953,83000162,,-11.012887131378385,2.9595560280055997
random,miss,False,0.1815373222076225,"[-0.15645057163663892, 0.09208158333175567]","[-0.24761316641048053, 0.10594870741914056]",1.9000000000000001,2.1165316637186633,0.45358297825921723,83000163,,-16.475,2.1165316637186633
random,miss,False,0.2310183087814775,"[-0.11110519078022274, -0.20254652693626812]","[-0.13897665314877822, -0.29006980366566526]",1.9000000000000001,2.0397186031797263,0.49609744555871843,83000164,,-16.475,2.0397186031797263
random,miss,False,0.7540485938502283,"[0.07505883226180413, 0.7503035742864357]","[0.15807890868019545, 0.8968193886026112]",0.2,0.3255163103826536,0.540522376145639,83000165,,-16.05,0.3255163103826536
random,miss,False,0.17276115640351764,"[0.16953888599388667, -0.03321119235788715]","[0.2690877331902461, -0.011850993559237341]",1.6,1.7480806547365741,0.5029886200996466,83000166,,-16.4,1.7480806547365741
random,miss,False,0.19310499415125365,"[0.09223406126265218, 0.16965381430770435]","[0.14201565786703102, 0.23204599278516627]",1.4000000000000001,1.6034649907206262,0.5234482569111163,83000167,,-16.35,1.6034649907206262
random,miss,False,0.10771312429860155,"[0.03189088523385013, 0.10288385969221503]","[0.08652154603924304, 0.16563948402473697]",3.1,3.278557180722419,0.5051428986977717,83000168,,-12.026323216353742,3.278557180722419
random,miss,False,0.2685180340837291,"[-0.15116265302937376, -0.22192743624282207]","[-0.20244150623197033, -0.29068079317339435]",2.0,2.1467518548699935,0.46836362236808154,83000169,,-16.5,2.1467518548699935
random,miss,False,0.13274916969856868,"[0.10974228586616012, 0.0746925213694743]","[0.16751393884938437, 0.14813835644868517]",2.9000000000000004,3.037176892394681,0.47035985456189583,83000170,,-15.738963784787115,3.037176892394681
random,miss,False,0.08189379608318519,"[-0.022956116200914492, -0.07861049908176661]","[-0.015955480673795777, -0.11860346440264388]",4.0,4.138791032203185,0.498918621686907,83000171,,-9.191621148071448,4.138791032203185
random,miss,False,0.06133087514921183,"[-0.057793637413372595, -0.020527340819010836]","[-0.14330605204162752, 0.01882356962194784]",3.3000000000000003,3.49927462535826,0.49374734418945554,83000172,,-7.175922654105131,3.49927462535826
random,miss,False,0.1481895503778806,"[0.12995189816724756, -0.07122251753432847]","[0.1591888522629859, -0.12522644296422597]",3.1,3.2826298705422245,0.49674219283563736,83000173,,-16.775,3.2826298705422245
random,miss,False,0.9697207672950439,"[0.13863317573219702, 0.9597599747383168]","[0.18885777610268378, 1.0888473640465184]",0.2,0.3758416493180834,0.4633196518189206,83000174,,-16.05,0.3758416493180834
random,hit,True,0.014793947998165765,"[0.005874512686833956, 0.013577591762336198]","[0.03393960297293922, 0.013408345701682926]",4.6000000000000005,4.808396774991348,0.5164730014958451,83000175,,6.71321193914223,4.808396774991348
random,miss,False,0.21071676932525696,"[-0.20067617077653227, 0.06426998799861104]","[-0.30818416287856304, 0.1057958605734885]",0.9,1.021891446707966,0.5143002000863127,83000176,,-16.225,1.021891446707966
random,miss,False,0.5981588837511148,"[0.17462423451924042, -0.5721017627388933]","[0.23900414565840652, -0.7305666294408918]",0.2,0.4349465460053236,0.4920893254589145,83000177,,-16.05,0.4349465460053236
random,miss,False,0.17255237903732815,"[0.05261522413487519, 0.16433490712772686]","[0.09772582182006492, 0.20486852082888513]",2.8000000000000003,3.0365843037018405,0.5066458514480928,83000178,,-16.7,3.0365843037018405
random,miss,False,0.1442273688147257,"[0.07835281469839063, 0.12108827500653635]","[0.13069075004508712, 0.1740760312651449]",2.0,2.178385626491508,0.4738265270545066,83000179,,-16.5,2.178385626491508
random,miss,False,0.2000830009403785,"[0.06762925541404885, -0.18830690661111943]","[0.08958939066696103, -0.25006583941722876]",2.0,2.172265240668182,0.47823080614957086,83000180,,-16.5,2.172265240668182
random,miss,False,0.21260730893867208,"[-0.21160025088555567, -0.020668856749076578]","[-0.28009595832071676, -0.04648298189118413]",2.9000000000000004,3.0283777257135918,0.5309929098793726,83000181,,-16.725,3.0283777257135918
random,miss,False,0.1811898623587199,"[0.1618807174474901, -0.08139041430204011]","[0.26494641875697234, -0.08405359327370374]",2.0,2.112186268488136,0.4961455849017226,83000182,,-16.5,2.112186268488136
random,miss,False,0.06725793936836967,"[0.050046186648495916, 0.04493339081377233]","[0.06275591197270101, 0.021172400310487716]",4.800000000000001,5.0452574550798746,0.5263859267086715,83000183,,-8.027269005049556,5.0452574550798746
random,miss,False,0.13277260779987615,"[-0.09125305480255087, 0.0964440012192691]","[-0.11482143932847678, 0.15295475321514512]",2.9000000000000004,3.13917653368425,0.5373331423582622,83000184,,-15.742853363737332,3.13917653368425
random,miss,False,0.16391203931739004,"[0.06595776594137354, -0.1500557554551261]","[0.0493488748840169, -0.1979370680550052]",1.8,2.018537275369354,0.5096884445766693,83000185,,-16.45,2.018537275369354
random,miss,False,0.09175437156865282,"[0.018215956671689994, 0.089927991329138]","[0.06093781927101986, 0.17290191302677516]",3.0,3.2270862289736626,0.5367236302002384,83000186,,-10.011790438724002,3.2270862289736626
random,miss,False,1.202716630647917,"[1.2001304409296591, -0.078830313909433]","[1.3827115654867719, -0.0701085595773183]",0.2,0.36532681273519424,0.5242369800520742,83000187,,-16.05,0.36532681273519424
random,hit,True,0.03132527883108792,"[-0.027117239222013145, -0.0156821054333121]","[-0.07694019717760336, 0.004213119415666165]",3.1,3.3161992017727497,0.4443742120087143,83000188,,6.611704316346621,3.3161992017727497
random,miss,False,0.16289891309126087,"[-0.1335092689455568, -0.09333451125889683]","[-0.18527396862058365, -0.1704908986275019]",2.2,2.435922985175792,0.49080225019766666,83000189,,-16.55,2.435922985175792
random,miss,False,0.16744626245017663,"[-0.16517543079415742, -0.027483228895054328]","[-0.27348691528042174, -0.038852575101400964]",1.3,1.5392959991682005,0.49864466412990527,83000190,,-16.325,1.5392959991682005
random,miss,False,0.1542814896039473,"[-0.15120840002435065, -0.030639807383351064]","[-0.17001004332633818, -0.07794614189719203]",2.8000000000000003,3.011981139736747,0.4874173249974876,83000191,,-16.7,3.011981139736747
random,miss,False,1.2068042317530092,"[1.1375836029742887, -0.40283991860416046]","[1.309364904732114, -0.4309549266203523]",0.2,0.31217794649353714,0.5183694903912356,83000192,,-16.05,0.31217794649353714
random,miss,False,0.14533477648249357,"[0.02173233466191321, 0.1437007407265494]","[0.03184168250838897, 0.25807664750626164]",0.9,1.117902268994682,0.5122985304166107,83000193,,-16.225,1.117902268994682
random,miss,False,0.17825901766850474,"[0.02532024336409508, 0.17645158728706095]","[0.01034019591174698, 0.2627694331467442]",1.9000000000000001,2.0504159677800304,0.46140294603987925,83000194,,-16.475,2.0504159677800304
random,miss,False,0.10486044827654219,"[0.10166019450256528, 0.025708334571846098]","[0.2310539248040445, -0.003389864635572141]",2.5,2.612017665209661,0.5311885347952058,83000195,,-11.497321007973362,2.612017665209661
random,miss,False,1.1530029408921105,"[0.8261405831479663, -0.8043056126757999]","[0.9754751027869095, -0.8911663593835406]",0.30000000000000004,0.46936502598934393,0.4975479046548702,83000196,,-16.075,0.46936502598934393
random,miss,False,0.11665255000620006,"[-0.07851916207133083, 0.0862702649269439]","[-0.09742592005578085, 0.18887510172628302]",2.8000000000000003,3.0468278606998727,0.5388487360386925,83000197,,-13.204885889343128,3.0468278606998727
random,miss,False,0.22041093107813206,"[0.2061537988779129, -0.07798454812931928]","[0.29363697236286973, -0.08243708378744265]",2.9000000000000004,3.0130402058788115,0.5027937306001194,83000198,,-16.725,3.0130402058788115
random,miss,False,0.30519065817957947,"[-0.30354651504462854, 0.03163622993256309]","[-0.39282717314214743, -0.018401117069178248]",0.5,0.7233873576923087,0.5384399562045763,83000199,,-16.125,0.7233873576923087
random,miss,False,0.14151792260497817,"[0.11209204335615758, 0.08638689851285254]","[0.14860803355609437, 0.10512023696792085]",2.4000000000000004,2.5478212122264194,0.5026595060096848,83000200,,-16.6,2.5478212122264194
random,miss,False,0.060196063580903104,"[-0.01714588426141893, 0.057702553873551866]","[0.014722611875848626, 0.0588272067478177]",4.7,4.876836480135749,0.5201936570317128,83000201,,-7.439728794147581,4.876836480135749
random,miss,False,0.15461226508767326,"[0.15195530009660013, 0.028540134689470968]","[0.16159723129339015, 0.018922292251287935]",3.0,3.1988446196217923,0.45762504127634024,83000202,,-16.75,3.1988446196217923
random,miss,False,0.33142404275610327,"[0.13665440991241837, -0.30193951110824846]","[0.1883474951152651, -0.4112162631652548]",0.2,0.39523262352774724,0.5079348580069418,83000203,,-16.05,0.39523262352774724
random,miss,False,0.24123066947618915,"[-0.1217758178711672, 0.20823757124433318]","[-0.22020733606978915, 0.2947288740097982]",0.5,0.6177252244060158,0.5151662408198566,83000204,,-16.125,0.6177252244060158
random,miss,False,0.13271937456283586,"[-0.09443051392415736, 0.09325937177769239]","[-0.1451872572788574, 0.11611616720638812]",3.3000000000000003,3.4464353321496564,0.4584094359607702,83000205,,-15.834020240218953,3.4464353321496564
random,miss,False,0.06526712454865054,"[-0.05426370444452239, 0.036266347028706694]","[-0.14317172080624269, 0.0752773695368537]",2.0,2.216586822478392,0.5275516813476537,83000206,,-7.1623734667806636,2.216586822478392
random,miss,False,0.15144402324899484,"[0.0684465411809688, -0.13509390503721488]","[0.1555342384853957, -0.19383132461777625]",1.6,1.8138974781555726,0.4909336415387804,83000207,,-16.4,1.8138974781555726
random,miss,False,0.11147228741457882,"[-0.0366255978631055, -0.10528360006481802]","[-0.07762985771586815, -0.20210375469751934]",2.1,2.3377864868695437,0.5192752418070177,83000208,,-12.291294288399042,2.3377864868695437
random,miss,False,0.2829146721233195,"[-0.03936042125678743, 0.2801632897813945]","[0.008774512557882669, 0.40148421896846864]",0.4,0.6303404389335354,0.4729430805391912,83000209,,-16.1,0.6303404389335354
random,miss,False,0.1803913151849738,"[0.1803398589704858, 0.004308347788870029]","[0.2480652209793937, 0.017893981111399546]",2.3000000000000003,2.441499917897391,0.46357078877531677,83000210,,-16.575,2.441499917897391
random,miss,False,0.06033460039193684,"[-0.05166240916218963, -0.031165036242770686]","[-0.04478911012578464, -0.09051121159594351]",2.5,2.677451787847643,0.5063709218963526,83000211,,-6.90016500278419,2.677451787847643
random,miss,False,0.286472121294689,"[0.16278778539003652, -0.23572529182691965]","[0.26146199964574895, -0.31502158378590517]",0.30000000000000004,0.4448286198359967,0.5175232708000613,83000212,,-16.075,0.4448286198359967
random,miss,False,0.20728454511479935,"[0.12356366059771273, -0.1664298783967066]","[0.19626366164412237, -0.2756803382732018]",0.4,0.6444999567600518,0.522256880599661,83000213,,-16.1,0.6444999567600518
random,miss,False,0.34791407538359925,"[0.34777388238850354, -0.009875757107790591]","[0.4677408193650584, 0.021248998679046897]",0.30000000000000004,0.47677007870136867,0.48203229911727263,83000214,,-16.075,0.47677007870136867
random,miss,False,0.5542946445255273,"[0.15758471126758267, -0.531422253696995]","[0.22423581125774583, -0.6367611285099308]",0.2,0.31145429368467475,0.4502183494920424,83000215,,-16.05,0.31145429368467475
random,miss,False,0.13125516021249145,"[-0.021218456846472722, -0.1295287387858817]","[0.008010576154728444, -0.2304861220858843]",2.6,2.7650719746747656,0.5302953954088638,83000216,,-15.417448176504248,2.7650719746747656
random,miss,False,1.0805947347477394,"[0.6696413330093353, 0.8480951986009695]","[0.7104291238236252, 0.9333899634501073]",0.2,0.35894120686269315,0.5287344111509001,83000217,,-16.05,0.35894120686269315
random,miss,False,0.1737712029123622,"[0.1287185153757856, -0.11673891708022224]","[0.19132826706221573, -0.17593855042549106]",2.9000000000000004,3.0224167002658446,0.5326658846803285,83000218,,-16.725,3.0224167002658446
random,miss,False,0.09997933961497184,"[0.008831745641254156, 0.09958849641787984]","[0.01672852762605228, 0.11559045361196799]",3.1,3.2856360652441667,0.5218408725496049,83000219,,-11.022417718653672,3.2856360652441667
random,miss,False,0.4745324386346268,"[-0.4510718163082079, 0.14736095768194568]","[-0.5744627426400174, 0.21031261396296103]",0.30000000000000004,0.4452789006344399,0.4432807731614571,83000220,,-16.075,0.4452789006344399
random,miss,False,0.15366689605820452,"[0.0798340095027212, 0.13130135517534636]","[0.07714058368967198, 0.18452432595761076]",3.0,3.2294539603046215,0.44921113102351395,83000221,,-16.75,3.2294539603046215
random,miss,False,0.07346489451546905,"[0.008700232697740673, -0.07294790385730188]","[0.058823262446524194, -0.16254185186333148]",2.4000000000000004,2.639511555470382,0.49301336632811926,83000222,,-7.973181703855622,2.639511555470382
random,miss,False,0.5027138123821632,"[-0.4714139428638734, 0.17461406482109473]","[-0.6245883357514447, 0.23051009502977077]",0.2,0.4063593493970656,0.4730513761418976,83000223,,-16.05,0.4063593493970656
random,miss,False,0.18376187314050155,"[0.12819159545473008, 0.13166374168645145]","[0.14866681929890985, 0.15302835518108415]",2.7,2.946205023134514,0.5015942222309615,83000224,,-16.675,2.946205023134514
random,miss,False,0.18355043641688643,"[0.07542302681818479, -0.16733836898456028]","[0.07556858165141199, -0.20138853171758703]",1.9000000000000001,2.083234461738157,0.5283825643568449,83000225,,-16.475,2.083234461738157
random,miss,False,0.93584610663228,"[0.11229934489552268, -0.9290838457506584]","[0.13784079957236395, -1.078826073246306]",0.2,0.391605361351467,0.4450438832100982,83000226,,-16.05,0.391605361351467
random,miss,False,0.6758549634684249,"[0.5342647113261242, -0.41393375058881]","[0.6589764398653232, -0.5079809756276896]",0.30000000000000004,0.49292609206609955,0.46165563037942364,83000227,,-16.075,0.49292609206609955
random,miss,False,0.1325444740341362,"[-0.012852789222406333, 0.13191983704579913]","[-0.03988969372669772, 0.21555224383717608]",2.9000000000000004,3.1257360922768433,0.44438479317354096,83000228,,-15.705023498116125,3.1257360922768433
random,miss,False,0.1770782035273603,"[-0.11147164224633363, 0.13758910981390443]","[-0.12005683002383802, 0.21327696741728544]",2.6,2.778068927587259,0.5274822537827618,83000229,,-16.65,2.778068927587259
random,miss,False,0.17746517279275417,"[-0.05809740870094937, 0.16768595247246249]","[-0.12588672231153342, 0.23884499018947747]",1.6,1.7505806470121603,0.45649949435939624,83000230,,-16.4,1.7505806470121603
random,miss,False,0.17152186740150224,"[-0.16776403042956956, -0.03570687736172097]","[-0.2923236501624452, -0.06148715565450946]",0.8,0.9361023215259732,0.5001672245950568,83000231,,-16.2,0.9361023215259732
random,miss,False,0.5021624023528627,"[0.254262113185186, 0.4330333198905161]","[0.34451494296675755, 0.5259730300632526]",0.30000000000000004,0.4661422486431691,0.5235123007402281,83000232,,-16.075,0.4661422486431691
random,miss,False,0.1238212452433572,"[-0.10507294950660814, 0.06550859528029421]","[-0.1755431388098145, 0.09586506423518498]",1.1,1.2786865426383047,0.5119134601002314,83000233,,-13.857312983509756,1.2786865426383047
random,miss,False,0.05736813983958099,"[0.004068987313550661, -0.05722365604272313]","[0.004045942592212318, -0.06995178212462479]",4.3,4.4192947225758115,0.44767084654678396,83000234,,-7.131939667908575,4.4192947225758115
random,miss,False,0.21264521223226104,"[-0.1097059490194115, 0.18216089326486526]","[-0.14427205144274652, 0.23050669952730193]",1.6,1.8474623729298978,0.44581053589515524,83000235,,-16.4,1.8474623729298978
random,miss,False,0.057523608872422416,"[0.004945896822170254, -0.05731058961773017]","[0.03057627112413938, -0.11854845092360417]",3.4000000000000004,3.523016158751604,0.513148241768665,83000236,,-6.918103486067147,3.523016158751604
random,miss,False,0.891323208432508,"[0.8620541703157945, -0.2265384500069851]","[0.9736510156929584, -0.2581849650860032]",0.2,0.36372912296521626,0.4817055433583801,83000237,,-16.05,0.36372912296521626
random,miss,False,0.47492068561343104,"[0.4492658184778513, 0.15398013498811394]","[0.5546977835604278, 0.22407647370097955]",0.2,0.3752084533580502,0.46553601571368364,83000238,,-16.05,0.3752084533580502
random,miss,False,0.18714684239572965,"[0.18436796580681358, 0.03213088549899755]","[0.21269984975680556, 0.0361904375817278]",2.0,2.1191982260897753,0.4962013815482579,83000239,,-16.5,2.1191982260897753
random,miss,False,0.17414166510028536,"[0.15739697585018161, 0.07450846607679756]","[0.23501127840468874, 0.1397835304740443]",0.9,1.1345894840632225,0.4824050572447794,83000240,,-16.225,1.1345894840632225
random,miss,False,0.0731503421501354,"[0.07066331248999151, -0.01891213432227272]","[0.12040857926812386, -0.041539888521715376]",3.4000000000000004,3.592129448636833,0.4841247687589722,83000241,,-8.194357847926172,3.592129448636833
random,miss,False,0.22520011770315568,"[0.0543201400721785, -0.2185507158442957]","[0.09871583168786036, -0.2772719458784118]",1.8,1.9896423709052553,0.4766066942499549,83000242,,-16.45,1.9896423709052553
random,miss,False,0.11805890109240803,"[0.057845087333015056, -0.10291671389323914]","[0.03366146861434902, -0.17730864796719137]",3.0,3.195942413755686,0.45696548746778426,83000243,,-13.461190079466864,3.195942413755686
random,miss,False,0.12771861449107091,"[0.06495725309949524, -0.10996635738846178]","[0.04264338341185808, -0.18290736932434798]",3.1,3.3273364742689013,0.5060269305521545,83000244,,-14.970027804699242,3.3273364742689013
random,miss,False,0.4965250409371594,"[-0.49080973019412955, -0.07511940511221818]","[-0.5985058727078246, -0.16541109388283884]",0.2,0.4298250909759335,0.5388481890284115,83000245,,-16.05,0.4298250909759335
random,miss,False,0.057170069024129674,"[-0.014134387386902272, 0.05539526952205151]","[0.007941746046352713, 0.07101847927838523]",2.8000000000000003,3.002799072899503,0.47949150305074134,83000246,,-6.742760495139844,3.002799072899503
random,miss,False,0.20486132492378745,"[-0.19505301104966, 0.06262974796365403]","[-0.24026473978068297, 0.06906673821303247]",2.6,2.750639077377562,0.4973184580713959,83000247,,-16.65,2.750639077377562
random,miss,False,0.34396221082572087,"[0.10464526664897517, 0.3276573982746041]","[0.15605548155558835, 0.4504192858282497]",0.4,0.5599332924511895,0.4594006372837311,83000248,,-16.1,0.5599332924511895
random,miss,False,0.09512879820317106,"[0.07306955858371766, 0.06091246059682939]","[0.16715308829576236, 0.05271021023629477]",2.8000000000000003,2.9220679982257054,0.5422984879097382,83000249,,-10.355930154737278,2.9220679982257054
random,miss,False,0.5752917066977025,"[0.27562043000241404, 0.5049692330830065]","[0.29001429590321065, 0.6522230288726893]",0.2,0.39132949897101077,0.44539919704086717,83000250,,-16.05,0.39132949897101077
random,miss,False,1.158542446896083,"[1.1551616396193176, 0.08844313207916885]","[1.2439011708101089, 0.10815203138254834]",0.2,0.41478252956458517,0.5276793104059143,83000251,,-16.05,0.41478252956458517
random,miss,False,0.18133518585219838,"[0.10435129087312983, -0.14830123978295925]","[0.11453373581630194, -0.23367110915270245]",1.7000000000000002,1.825671526000178,0.4467296724318783,83000252,,-16.425,1.825671526000178
random,miss,False,0.11689912602263398,"[0.08764626050224898, -0.07735333661082483]","[0.12532129647363488, -0.17064909649633164]",1.7000000000000002,1.9028404655120759,0.5252958790235969,83000253,,-12.965878540534788,1.9028404655120759
random,miss,False,0.09725066920109128,"[0.023762193128713263, -0.09430297364226548]","[0.09026938837932726, -0.1614585675750299]",2.8000000000000003,2.9402397900229325,0.49065130361172565,83000254,,-10.611057912537554,2.9402397900229325
random,miss,False,0.5100696838436579,"[0.170767880636079, -0.4806343863264789]","[0.21367769975147882, -0.6717127610891251]",0.2,0.33416595065957616,0.5267063756417241,83000255,,-16.05,0.33416595065957616
random,miss,False,0.1025880633228428,"[-0.09798062849852812, 0.030399131161351026]","[-0.1773633064303342, 0.044184034170400455]",2.4000000000000004,2.598694338080824,0.4428339281117852,83000256,,-11.177694210207251,2.598694338080824
random,miss,False,0.395652882287303,"[-0.30515233692403043, 0.2518397397791966]","[-0.35962776912338806, 0.33872190362335225]",0.4,0.518166519492843,0.49933001048043596,83000257,,-16.1,0.518166519492843
random,miss,False,0.13363223178938974,"[0.07477296766910783, 0.11075457859144125]","[0.114482553853632, 0.19146814947947485]",1.4000000000000001,1.5258737158711324,0.4494663551309588,83000258,,-15.51098335813324,1.5258737158711324
random,miss,False,0.6799613805923596,"[-0.4643368609557488, 0.49672805301777473]","[-0.5528108109489352, 0.6215017469720615]",0.2,0.34759795201155924,0.46811264649795303,83000259,,-16.05,0.34759795201155924
random,miss,False,0.1748514326407871,"[0.15307475564353173, -0.08450528197224573]","[0.23961392517371294, -0.10106231071511158]",2.7,2.874658043796212,0.4424617346966236,83000260,,-16.675,2.874658043796212
random,miss,False,0.2845041507954108,"[-0.27309272534492424, -0.07976825924827252]","[-0.34822789450108615, -0.17103391888480446]",0.4,0.6113903654266026,0.5430217023049102,83000261,,-16.1,0.6113903654266026
random,miss,False,0.32006294421734544,"[0.16398270280234806, 0.2748635323987385]","[0.19113227269829125, 0.3687634409595774]",0.8,0.991122894366432,0.48230228943260683,83000262,,-16.2,0.991122894366432
random,miss,False,0.0686661203314008,"[0.016473149287253797, -0.06666086883566899]","[-0.0034109741237025593, -0.13711389946167687]",1.6,1.7558055637183616,0.44657978609131477,83000263,,-7.34689755085401,1.7558055637183616
random,miss,False,0.13384022658538566,"[0.12818503684620874, 0.03849418892720666]","[0.223609445852893, 0.08361710034383488]",2.5,2.723631294999851,0.5338227789095977,83000264,,-15.82075390776711,2.723631294999851
random,miss,False,0.41311103638627517,"[0.001957456831879714, 0.4131063988210467]","[0.013551318364294962, 0.6011541539465141]",0.30000000000000004,0.43887902870824275,0.5313576688699052,83000265,,-16.075,0.43887902870824275
random,miss,False,0.15808231953488894,"[0.1165249542248755, -0.10682675129583133]","[0.13833015255571998, -0.12597267344756255]",2.5,2.6423308259138447,0.5083177873772418,83000266,,-16.625,2.6423308259138447
random,miss,False,0.20331322592084008,"[-0.0783592605981447, -0.18760622087993406]","[-0.049760822100505045, -0.25202329114590094]",2.0,2.2066155964384104,0.5168369078087074,83000267,,-16.5,2.2066155964384104
random,miss,False,0.2417862217652965,"[-0.2065902719913836, 0.12562259571455797]","[-0.27676301808090054, 0.14333186261663577]",2.5,2.6526789450333568,0.441462469145837,83000268,,-16.625,2.6526789450333568
random,miss,False,0.1042233303096952,"[-0.015284019393865991, -0.10309656314354887]","[-0.011467082489719324, -0.19627793993488207]",3.1,3.305551670991295,0.537425379316431,83000269,,-11.564064113027394,3.305551670991295
random,miss,False,0.2613290504515355,"[-0.25634757000838604, -0.050781846763354316]","[-0.3435315739356706, -0.11962439530004113]",0.30000000000000004,0.44160303899557357,0.5404608662175231,83000270,,-16.075,0.44160303899557357
random,miss,False,0.15317221625032343,"[0.09975980978702297, 0.11623127024296362]","[0.13339541553044565, 0.13485547801757394]",3.2,3.363281824126561,0.4445477491508281,83000271,,-16.8,3.363281824126561
random,miss,False,0.12184525248075273,"[0.026813430062852042, -0.11885834224135436]","[0.024084804477678814, -0.14892063099492817]",2.4000000000000004,2.573416138113726,0.47487465750606833,83000272,,-13.878915970061486,2.573416138113726
random,miss,False,0.1565494432999471,"[-0.13269789389619613, 0.08306020198047456]","[-0.1887012986832467, 0.1814305721623743]",1.4000000000000001,1.5506385115687569,0.5372959085548837,83000273,,-16.35,1.5506385115687569
random,miss,False,0.2304619034374196,"[-0.06906250584839502, 0.21987055105661357]","[-0.12711567757448905, 0.2679701911984449]",1.9000000000000001,2.0438325087512994,0.451653619983544,83000274,,-16.475,2.0438325087512994
random,miss,False,0.05156759919472964,"[-0.01613269669079867, -0.048979111712963666]","[-0.0800367986439541, -0.035778208732139063]",3.5,3.643075182862629,0.44442538480931676,83000275,,-6.5370108041926756,3.643075182862629
random,miss,False,0.13466078581132904,"[-0.0035981204489135277, -0.1346127065494181]","[-0.03659742429100418, -0.22800822361824774]",1.3,1.5401824264640613,0.44514693620840107,83000276,,-15.658454522077896,1.5401824264640613
random,miss,False,0.4091287577130576,"[-0.29588591369200584, 0.2825559528066551]","[-0.34678054427910426, 0.4297071581603212]",0.2,0.4119679715121212,0.5410901727819056,83000277,,-16.05,0.4119679715121212
random,miss,False,0.18612720883291364,"[0.1857801743533521, 0.011360663940507498]","[0.2225591807634894, 0.07844763853136733]",2.9000000000000004,3.079647290692255,0.5061631417991993,83000278,,-16.725,3.079647290692255
random,miss,False,0.15008761095498407,"[-0.03890869102388024, -0.14495656151062247]","[-0.05421518267220583, -0.26090880007737105]",2.3000000000000003,2.4438450875168645,0.4827868239750381,83000279,,-16.575,2.4438450875168645
random,miss,False,0.24758755524016587,"[-0.24337304419189232, -0.04548800798642885]","[-0.34729863850258175, -0.054453462262959745]",0.5,0.7031997197980981,0.5367624450363704,83000280,,-16.125,0.7031997197980981
random,miss,False,0.384474456894937,"[-0.13235981837802063, 0.3609729719571732]","[-0.1558893199772477, 0.4347703993711651]",0.4,0.6325531190995963,0.4620104568179569,83000281,,-16.1,0.6325531190995963
random,miss,False,0.1989028240259301,"[-0.10066820307457246, 0.17154663008997512]","[-0.1097904023125456, 0.2178451731182927]",1.6,1.7287189586863676,0.45350043801230755,83000282,,-16.4,1.7287189586863676
random,hit,True,0.03795494545157439,"[-0.014221790783804908, -0.035189750654610635]","[-0.07154458019926994, -0.11575171316566382]",2.7,2.8875635777243636,0.47349412874927005,83000283,,6.424638822355007,2.8875635777243636
random,miss,False,0.23509176277427063,"[-0.14467360649568833, -0.18530430245367932]","[-0.17902876511577342, -0.26157206308102066]",1.5,1.6121808372852686,0.4821642832626375,83000284,,-16.375,1.6121808372852686
random,miss,False,0.10386502181371929,"[-0.023634208818809177, -0.10114033285427385]","[0.0021010383299288893, -0.21067173253207144]",2.8000000000000003,2.9971869039729047,0.5404071456538738,83000285,,-11.442464222727741,2.9971869039729047
random,miss,False,0.8015116718240921,"[0.104278100051527, 0.7946993380643367]","[0.11020121516361435, 1.0081711406080158]",0.2,0.4297448473562921,0.46207753158519443,83000286,,-16.05,0.4297448473562921
random,miss,False,0.3831378160779567,"[-0.08868628476528251, -0.3727322484083144]","[-0.13371554591694385, -0.5713433692039732]",0.2,0.4304910077408241,0.49163708514787574,83000287,,-16.05,0.4304910077408241
random,hit,True,0.024532511031021314,"[-0.02096961437982478, -0.012732610504080782]","[-0.04684001918584829, -0.045100236661409665]",4.1000000000000005,4.2932256187222295,0.5424513727339267,83000288,,6.598847439070511,4.2932256187222295
random,miss,False,0.044304223864012435,"[-0.03353585604556358, -0.02895186715021615]","[-0.056600435872772026, -0.02468162873550518]",2.9000000000000004,3.141543937113318,0.44884849967731455,83000289,,-5.951790157620331,3.141543937113318
random,miss,False,0.11390424893881575,"[0.0890981684021939, 0.0709626261752622]","[0.2150398697008842, 0.07817079897378718]",2.2,2.3643154799044543,0.5215037218820523,83000290,,-12.658861203947318,2.3643154799044543
random,miss,False,0.9299323378275564,"[-0.6355569088344522, -0.6788531273922367]","[-0.7121233908506455, -0.7713130449041392]",0.2,0.404691262014622,0.48168537304805764,83000291,,-16.05,0.404691262014622
random,miss,False,0.14726632799122866,"[0.14254899909685936, 0.036975048566617486]","[0.19760088623533628, 0.07185951549662242]",2.1,2.314663441112688,0.4456432991109162,83000292,,-16.525,2.314663441112688
random,miss,False,0.15366300976941485,"[0.08557638072922741, 0.12762838098433124]","[0.16383522834065017, 0.21844744722139345]",1.8,1.9979388956705475,0.5402464887812489,83000293,,-16.45,1.9979388956705475
random,miss,False,0.9617353708545623,"[-0.21436230375559867, -0.9375413197728166]","[-0.2913815076255998, -1.125843602211307]",0.2,0.44498030148843226,0.45354734610620207,83000294,,-16.05,0.44498030148843226
random,miss,False,0.18984666269468572,"[0.01212798713952909, 0.1894588801409245]","[-0.007346698016283959, 0.2789914871883258]",1.7000000000000002,1.9196356394354637,0.47707957826492126,83000295,,-16.425,1.9196356394354637
random,miss,False,0.6204403438698844,"[0.5689575646651013, 0.24745405616343727]","[0.6886563096992923, 0.3460066979692006]",0.30000000000000004,0.4303866917408277,0.5183442592499187,83000296,,-16.075,0.4303866917408277
random,miss,False,0.3064808250651019,"[0.09314129848578422, -0.29198492195482906]","[0.1109536662858319, -0.3709598389426173]",0.7000000000000001,0.8602457396013121,0.4474131713008105,83000297,,-16.175,0.8602457396013121
random,miss,False,0.16281437993321854,"[0.08439943650704554, 0.13923094997281182]","[0.14263151565292131, 0.193295227282673]",2.3000000000000003,2.5307811423129327,0.46702888433038486,83000298,,-16.575,2.5307811423129327
random,miss,False,0.16896334447093417,"[-0.16841421330381906, -0.013611191426884411]","[-0.24413460215401522, 0.01900769031635216]",2.6,2.7573174049290032,0.446297252216999,83000299,,-16.65,2.7573174049290032
hover,miss,False,0.05093113860431763,"[0.03744668560284324, -0.03452139361170152]","[0.037529051586954076, -0.013250969165588641]",5.9,6.103381545445651,0.4622859271479248,83000000,,-7.096238049707632,6.103381545445651
hover,miss,False,0.06895338838385208,"[-0.05341920063537069, 0.04359998592995598]","[-0.04306430960433803, 0.027606738138546166]",4.2,4.41887218088801,0.4959576380492992,83000001,,-8.021606106008967,4.41887218088801
hover,miss,False,0.06910714557772656,"[0.057322925534862075, 0.0385989608412681]","[0.032052380568953605, 0.0197166732255932]",8.8,9.014374823081003,0.4408840858080289,83000002,,-9.184873481188177,9.014374823081003
hover,miss,False,0.07038573955623656,"[0.013929383265228731, -0.06899365633685992]","[0.008471602563096828, -0.050489889465907406]",6.4,6.649753471910756,0.5250559254996726,83000003,,-8.696345208048976,6.649753471910756
hover,miss,False,0.04303118818139734,"[-0.042877055391882746, -0.0036388565819840627]","[-0.033014209007544426, 0.005368167143182381]",6.0,6.218501096921666,0.46710665922428424,83000004,,-6.657301972689268,6.218501096921666
hover,hit,True,0.01991237633903118,"[0.018110662592762502, 0.008276873317764496]","[0.026150177026513045, 0.01599574078690943]",5.800000000000001,6.042176460315843,0.5269530685098599,83000005,,6.302185792832995,6.042176460315843
hover,miss,False,0.04690226514809651,"[0.03858771592845819, 0.02666103252777287]","[0.012304726549712007, -0.009679432451904429]",4.2,4.377192645806701,0.4968122301956346,83000006,,-6.424889047513968,4.377192645806701
hover,miss,False,0.05407723944322913,"[0.003640391951756413, 0.05395456766797343]","[-0.0022757795140218445, 0.030559393898012953]",7.800000000000001,7.920773699689782,0.5345236097616086,83000007,,-7.777717391125208,7.920773699689782
hover,hit,True,0.027992333330853766,"[0.01878135958838753, -0.020756475069657433]","[-4.0329881431377945e-06, -0.01676816359758575]",5.2,5.312148215763173,0.4853199913713945,83000008,,6.210268296683983,5.312148215763173
hover,hit,True,0.03358381039905988,"[-0.011202882498914143, -0.03166019179720056]","[-0.003196058226353257, -0.04766297663790975]",4.5,4.656079220491459,0.4447978710276123,83000009,,6.1700797994249985,4.656079220491459
hover,hit,True,0.03807470774489422,"[-0.03806012582481186, 0.0010536565183196425]","[-0.025040045554611062, -0.0022024336379125754]",6.300000000000001,6.41911460691274,0.5294060458925003,83000010,,5.518947893838059,6.41911460691274
hover,hit,True,0.0337544559950838,"[0.020176376158629064, 0.027060619812368555]","[0.003616649237334249, 0.04528455951717207]",4.1000000000000005,4.245134330888535,0.48322866199604647,83000011,,6.262897937797469,4.245134330888535
hover,hit,True,0.039815344520819626,"[-0.01667598748960751, -0.03615484892179768]","[0.015051264933801559, -0.02262972018419723]",3.9000000000000004,4.1390697465185715,0.5160665375533326,83000012,,6.034211462930274,4.1390697465185715
hover,miss,False,0.0539917418583941,"[0.048654733535062195, 0.02340566370636732]","[0.029978415648127504, 0.0174439858786863]",6.0,6.140048727218262,0.5134749376196087,83000013,,-7.321942618064664,6.140048727218262
hover,miss,False,0.04836494567963543,"[-0.01332487057615736, -0.04649318008829619]","[-0.00430297351833242, -0.03454037622715763]",6.5,6.742477491871586,0.483021964218676,83000014,,-7.086979981621302,6.742477491871586
hover,hit,True,0.02374342388995652,"[0.02283367791756656, 0.006509480069482605]","[0.027925021531046763, 0.013158781831823545]",5.2,5.336539348391869,0.49562453996544603,83000015,,6.347656138738651,5.336539348391869
hover,miss,False,0.06455562719305608,"[-0.03009547821336754, 0.057111217754461874]","[-0.026872085988290204, 0.060974024878869396]",4.4,4.648854727750497,0.5402063630896315,83000016,,-7.7046431264305255,4.648854727750497
hover,miss,False,0.061480120530602464,"[-0.02931881613168165, -0.05403898815757056]","[-0.02921283851191149, -0.04574618072082085]",6.2,6.358557769608051,0.49171295070897647,83000017,,-7.912378262785879,6.358557769608051
hover,miss,False,0.05572532654442301,"[-0.04890799667010451, -0.02670804897778238]","[-0.03410379767870583, -0.010631276448719681]",5.7,5.849458751167873,0.4969807718036644,83000018,,-7.365820011551609,5.849458751167873
hover,hit,True,0.012831818321038515,"[-0.0036605274786702807, 0.012298621874097906]","[0.005889675458886384, -0.015140757484000353]",4.2,4.3536945853728595,0.49473964842663176,83000019,,6.847090274109913,4.3536945853728595
hover,miss,False,0.060887608930536595,"[0.05748075822670002, 0.020081418151157007]","[0.030973923000079735, -0.021122676595843368]",4.800000000000001,4.975282721818929,0.5304057781720826,83000020,,-7.517063075798724,4.975282721818929
hover,miss,False,0.04271323201798289,"[-0.0039901727522786284, -0.04252644719264721]","[-0.020415651056730807, -0.024904399798837202]",3.5,3.7254598215013646,0.5402245586401606,83000021,,-6.015262618388775,3.7254598215013646
hover,miss,False,0.08625914420690031,"[-0.02267088784412688, 0.08322662316630325]","[-0.01911307429040955, 0.05250645466815806]",5.800000000000001,6.039241338212446,0.5272230499339544,83000022,,-10.100399974566763,6.039241338212446
hover,miss,False,0.06748960387190912,"[-0.011992352527157885, 0.06641558636082032]","[-0.024751352274259203, 0.047418012391773935]",5.0,5.183059733802147,0.47466774164743797,83000023,,-8.096779144242007,5.183059733802147
hover,hit,True,0.013119793235284944,"[-0.0032998675284502954, -0.012698025391032573]","[-0.012473731829231546, -0.027493626769133365]",5.1000000000000005,5.279095195471139,0.5081928333068967,83000024,,6.617419390914607,5.279095195471139
hover,hit,True,0.02140078595093856,"[0.0028894413500831495, -0.021204828884061264]","[0.009854659657888606, -0.020449514675132938]",5.6000000000000005,5.736941143964872,0.5337507643384644,83000025,,6.313753975426319,5.736941143964872
hover,miss,False,0.05549949746617671,"[-0.05012605921694281, 0.023823778171769845]","[-0.02391681296316879, -0.005939522496408937]",5.5,5.716223975542368,0.5381985592234351,83000026,,-7.300121386873846,5.716223975542368
hover,miss,False,0.05192845414299791,"[0.05089564759210527, -0.010305212557811005]","[0.03133759574600045, 0.003329716561612914]",6.800000000000001,6.9703141059238,0.4456627553436034,83000027,,-7.385352718550896,6.9703141059238
hover,hit,True,0.036176189379247874,"[-0.018793460106774712, 0.030911527545856965]","[-0.009509180596050798, 0.03286698039525232]",4.5,4.615250512446275,0.47511785433046017,83000028,,6.057052076247996,4.615250512446275
hover,hit,True,0.033453012422129204,"[0.012785737005529513, 0.030913249090649852]","[0.0027128940143435476, 0.03819777223956705]",5.7,5.8759747754232565,0.47871902705839275,83000029,,5.875559974928044,5.8759747754232565
hover,hit,True,0.039494069901501026,"[-0.018275928896918883, 0.03501102655363614]","[0.005693071627957666, 0.014327086860711772]",4.5,4.702996712749716,0.47592188174969974,83000030,,5.900136526634594,4.702996712749716
hover,miss,False,0.06480130229903837,"[0.0606364304735099, 0.02285677315551247]","[0.03639252563981525, 0.012625433236659222]",7.4,7.618377905240703,0.4842003692729105,83000031,,-8.474505487282094,7.618377905240703
hover,miss,False,0.08371589380854992,"[-0.06390524763619188, 0.05407837091408542]","[-0.0392716819446276, 0.035309291711865545]",6.7,6.814543214393179,0.4803656528438544,83000032,,-10.05521929760275,6.814543214393179
hover,miss,False,0.06118975582143092,"[-0.03938410199220739, 0.04683031846735345]","[-0.026369338248531812, 0.024243657644534213]",7.1000000000000005,7.222804214081709,0.5099503024598051,83000033,,-8.11511638592896,7.222804214081709
hover,hit,True,0.00983463653945383,"[0.009221384199376001, -0.003418501032712882]","[0.023423231653548995, 0.003212491562787575]",5.4,5.556892575912549,0.4895110140745138,83000034,,6.589549952585525,5.556892575912549
hover,miss,False,0.08841519136606285,"[0.08338635957379155, -0.02939321522610034]","[0.03956235196743303, -0.01462251725455583]",7.800000000000001,8.029668753797672,0.5410280881409171,83000035,,-10.835778790185945,8.029668753797672
hover,hit,True,0.027372379019028913,"[0.013690425522442665, 0.023702729424600548]","[0.01042839023818963, 0.007265849887985223]",5.9,6.0635902675286815,0.44904434070751414,83000036,,6.056720541774142,6.0635902675286815
hover,miss,False,0.045504302241708636,"[-0.041863023140916306, -0.01783616595594118]","[-0.023929760738995193, -0.0179166992166575]",5.800000000000001,5.914267990426651,0.4434482234409218,83000037,,-6.74415095156548,5.914267990426651
hover,miss,False,0.08248629220100033,"[0.01964383457877874, 0.08011309608366403]","[0.010192430447719218, 0.05643304136212636]",7.4,7.616070885322109,0.44077765033572636,83000038,,-10.102492750668002,7.616070885322109
hover,miss,False,0.09425199177103076,"[0.06728936003461304, 0.06599681794555455]","[0.04041468207310682, 0.0302006741777973]",6.0,6.150397315483396,0.49425897350189807,83000039,,-11.05214872050403,6.150397315483396
hover,miss,False,0.04189276022775465,"[0.0397791356330196, -0.013138634928712034]","[0.01691179241105878, 0.01650891457620307]",3.4000000000000004,3.562751803737124,0.4511477526138576,83000040,,-5.9468770996875895,3.562751803737124
hover,miss,False,0.062486227030205135,"[-0.05737101845111442, -0.024760751409281342]","[-0.039261066336724604, -0.023048585359792984]",4.6000000000000005,4.737587428368272,0.4568907764551894,83000041,,-7.590330355293961,4.737587428368272
hover,miss,False,0.06021824171090576,"[0.02120325609824357, 0.05636185381608173]","[-0.0033890321682372854, 0.02626943790504556]",5.5,5.674852929588681,0.4756038780666632,83000042,,-7.641397896720668,5.674852929588681
hover,miss,False,0.044508544189598064,"[0.04419603051112726, 0.0052651109140180044]","[0.041056232093077835, 0.004115443971453764]",4.0,4.244802961956248,0.5176341772426085,83000043,,-6.238131566173378,4.244802961956248
hover,miss,False,0.07150518066774607,"[-0.0659659035022443, -0.027595116188550477]","[-0.04558620651947509, -0.02005667292254975]",7.9,8.084415396937947,0.46549994516589616,83000044,,-9.170619288954377,8.084415396937947
hover,hit,True,0.010116690836166084,"[0.0018903600828701628, 0.009938509557859163]","[-0.009975739876996237, -0.008591398860236268]",4.2,4.3913321305544395,0.4538085570048718,83000045,,6.886032854078396,4.3913321305544395
hover,miss,False,0.04898005048334737,"[0.01796564562791724, 0.045566225677834624]","[0.024934054458056916, 0.041983894733521473]",5.7,5.835881045378573,0.4789763632523171,83000046,,-6.924403340844535,5.835881045378573
hover,miss,False,0.08079100366057905,"[0.07471894848158436, 0.0307288953639736]","[0.0419493624415793, 0.020054976903931286]",6.4,6.600027099857352,0.5041140632256864,83000047,,-9.679491420302309,6.600027099857352
hover,miss,False,0.0840700139329164,"[-0.07718904260073911, -0.03331094332290875]","[-0.044097714148552125, -0.019385254956874196]",8.0,8.249679203051972,0.47344407741346156,83000048,,-10.417354526675467,8.249679203051972
hover,hit,True,0.03941224609937576,"[0.020323371500108434, 0.03376811681847746]","[0.011840208384522294, 0.025283677487682697]",6.4,6.516826694453855,0.49545199750482516,83000049,,5.429171785876402,6.516826694453855
hover,miss,False,0.06419389083045367,"[0.05254762372571166, 0.03687279296084348]","[0.0323665443950565, 0.030582693524104344]",5.4,5.540829161073699,0.45829687078111053,83000050,,-7.925534762470127,5.540829161073699
hover,miss,False,0.046504666578285336,"[0.030735824704180015, 0.03489975778299051]","[0.016570350968207498, 0.026503563998335398]",6.4,6.5119724155786,0.527312441085715,83000051,,-6.951677508473429,6.5119724155786
hover,miss,False,0.04115674834474482,"[-0.005866590085025956, -0.04073648309669026]","[0.025580927025410295, -0.06419722312802076]",3.7,3.8607112653970326,0.49938674799073585,83000052,,-5.98367370894541,3.8607112653970326
hover,miss,False,0.10593189850814189,"[-0.027788994712083417, 0.10222200787712533]","[-0.016289396308341877, 0.08402767930906464]",4.7,4.942211541626053,0.5092380352422398,83000053,,-12.188479450962046,4.942211541626053
hover,miss,False,0.049066671035450427,"[0.021136028649311744, -0.04428099478824502]","[0.003987293507423051, -0.026236948754484436]",5.6000000000000005,5.799654695125765,0.5099898403562257,83000054,,-6.904711379063192,5.799654695125765
hover,miss,False,0.06905743915876943,"[-0.029508477363746427, 0.062435403953529485]","[-0.013027571423802925, 0.03331817469055066]",9.0,9.158548653372218,0.5309077778675511,83000055,,-9.230581189479459,9.158548653372218
hover,miss,False,0.07449257249373874,"[-0.07210277953685823, 0.01871717232367483]","[-0.043928910999348536, -0.00553144199995718]",4.3,4.4210303984051285,0.49672789452111865,83000056,,-8.543214597959327,4.4210303984051285
hover,miss,False,0.04430512940330909,"[-0.04405431546067354, 0.004707630055072801]","[-0.031086395372638215, 0.010192292456514668]",6.5,6.628289598998476,0.47900752535631985,83000057,,-6.851840307152476,6.628289598998476
hover,miss,False,0.08173143736997152,"[0.06582780205698457, 0.04844304213102263]","[0.04370014556711644, 0.027554964926059966]",8.0,8.144010605741418,0.48209059804791554,83000058,,-10.175017409100981,8.144010605741418
hover,miss,False,0.044556812936838656,"[0.040966076904239146, -0.01752398705102229]","[0.0013606104655969897, -0.014499604342990398]",5.5,5.6700223921878665,0.5094993708967288,83000059,,-6.615818486930269,5.6700223921878665
hover,miss,False,0.0682785452801078,"[0.0011395987009475265, 0.06826903441801802]","[0.001217460944799631, 0.0518847406514109]",5.300000000000001,5.413637572815686,0.5260740979003284,83000060,,-8.238724840979831,5.413637572815686
hover,hit,True,0.03250597925806766,"[-0.027925269718136775, -0.016637848379380017]","[0.010281610493019705, 0.007751937606196045]",4.9,5.020129000315868,0.5358608227023741,83000061,,6.114600820296297,5.020129000315868
hover,miss,False,0.06026136711677642,"[-0.06025928817612741, -0.0005005549813287859]","[-0.05934921450820102, -0.008826128288010774]",4.7,4.875141668802557,0.45596802517199364,83000062,,-7.444645229239313,4.875141668802557
hover,miss,False,0.05873103358429099,"[-0.05383726327262291, 0.02347090516348709]","[-0.018388766243913127, 0.016711578039457043]",7.4,7.521022229287876,0.5250699483291668,83000063,,-8.005833941174446,7.521022229287876
hover,miss,False,0.09092512922611892,"[-0.0577477594418669, -0.07023229601992731]","[-0.030401382647750178, -0.028953834496979303]",7.9,8.136344356971142,0.5222268620180294,83000064,,-11.142111952991513,8.136344356971142
hover,timeout,False,,,,,,,83000065,,-10.999999999999993,12.0
hover,hit,True,0.031192435339557133,"[0.020869898688406913, -0.023182220582767393]","[-0.01928922539019509, -0.004816972360347423]",3.7,3.913567779836889,0.5258577108440873,83000066,,6.466894985992217,3.913567779836889
hover,miss,False,0.05783976432906273,"[-0.012743018474453693, 0.05641855916098221]","[-0.025110106001310833, 0.04533460073301682]",4.4,4.51251315759361,0.49143641322734666,83000067,,-7.1908989610259475,4.51251315759361
hover,miss,False,0.06231705200909718,"[-0.04282037671800326, -0.04527505172645093]","[-0.028582077781928894, -0.024201757607749196]",6.4,6.517849081287633,0.44540696850938083,83000068,,-8.027134356940325,6.517849081287633
hover,hit,True,0.02668638429421411,"[-0.025953929049189153, 0.006209402033057039]","[-0.0018497167154549882, 0.021975399988264373]",5.0,5.163748768696231,0.46834011309038664,83000069,,6.3048980583134515,5.163748768696231
hover,hit,True,0.0368965312971602,"[0.011868155834485167, 0.03493566800349892]","[0.015408047553067968, 0.023941022918769282]",6.6000000000000005,6.714584483034432,0.45949510123322695,83000070,,5.499153736398551,6.714584483034432
hover,miss,False,0.07658033165866278,"[0.07143508478895545, 0.0275966638952163]","[0.029899010719879007, 0.04077060609776413]",5.4,5.544018809383509,0.5061712627549747,83000071,,-9.015341998094241,5.544018809383509
hover,miss,False,0.04654745127539139,"[-0.043044862223268185, 0.017714543641166564]","[-0.016975481146370527, 0.025257410386378118]",4.800000000000001,4.929653146891133,0.520544851196176,83000072,,-6.554165762646834,4.929653146891133
hover,hit,True,0.015489363492330854,"[0.015310914803718184, 0.0023444123508536696]","[-0.016770618861482373, 0.04357171022709702]",2.3000000000000003,2.5090383218418753,0.5277208766368097,83000073,,7.27504976162653,2.5090383218418753
hover,miss,False,0.08132935216325274,"[0.012492665278203322, -0.08036415144541226]","[-0.010319477734192298, -0.03588581510276529]",5.2,5.361078909136003,0.542406357349646,83000074,,-9.434039702058987,5.361078909136003
hover,miss,False,0.06436765738738369,"[-0.061312812354930066, -0.01959424299810396]","[-0.03520673113820126, -0.004059205644455181]",5.800000000000001,5.954580490041072,0.4598372679740011,83000075,,-8.039497073462256,5.954580490041072
hover,hit,True,0.03073964282573322,"[0.029376382430391465, 0.009052833609265076]","[0.026000166210196227, 0.020008972084198006]",4.3,4.443184844684923,0.47802191834865954,83000076,,6.334421474341467,4.443184844684923
hover,miss,False,0.08206733126564737,"[0.03065830510453267, 0.07612565394913129]","[0.02091066401548526, 0.04687878523059102]",6.0,6.2182879080180395,0.46224472549709095,83000077,,-9.709404288165937,6.2182879080180395
hover,miss,False,0.04205126689563122,"[-0.0028709149091410424, -0.04195315119406505]","[0.014244999388932311, -0.021396559246628522]",4.6000000000000005,4.838987139700969,0.456059521880431,83000078,,-6.255193154704756,4.838987139700969
hover,miss,False,0.04169502377513825,"[-0.016115617422046574, -0.03845467309333903]","[-0.02019518617680338, -0.029340510177976654]",5.5,5.667294512167743,0.5228871334736145,83000079,,-6.461546879755839,5.667294512167743
hover,miss,False,0.05650846679864394,"[0.040231463431225564, 0.039681685575532255]","[0.05594426573868187, 0.008949119811743898]",3.4000000000000004,3.510910233317898,0.4465346790611072,83000080,,-6.845754262458404,3.510910233317898
hover,miss,False,0.04075450181936225,"[0.014179874436199585, -0.038208121905139676]","[0.007196909140986918, -0.027618431936918604]",5.300000000000001,5.470440892958906,0.5370414639535577,83000081,,-6.36308088659025,5.470440892958906
hover,miss,False,0.04965650159184578,"[-0.024062982362177063, 0.04343663235310189]","[0.008779467699842738, 0.023409038246247106]",3.5,3.7484973408348576,0.4773688694556458,83000082,,-6.416105093963115,3.7484973408348576
hover,miss,False,0.0988854270528862,"[0.0633993959301931, 0.07588704948222912]","[0.027406670917649242, 0.041133703110964745]",6.6000000000000005,6.794168070347969,0.5251180758171506,83000083,,-11.761454802144797,6.794168070347969
hover,hit,True,0.029612895797561975,"[-0.017619588373295247, 0.02380070803721819]","[-0.005000704805188244, 0.019663974608244025]",5.9,6.067963848041163,0.49943715096190033,83000084,,5.976922751551712,6.067963848041163
hover,miss,False,0.07485397751579045,"[0.07328610219922196, -0.015240248501243545]","[0.05102762274022717, -0.03276449095044566]",4.3,4.416413948489373,0.4570351547052172,83000085,,-8.57694871870904,4.416413948489373
hover,miss,False,0.05063963968035093,"[-0.01725622486376878, 0.04760877871156558]","[0.0014738631833668275, 0.04905696855051946]",5.0,5.231530572405041,0.44515945268561263,83000086,,-6.852733191847358,5.231530572405041
hover,miss,False,0.06485952682695359,"[0.03924579290389353, -0.051638415540767826]","[0.02372267356522302, -0.029341543390869095]",6.6000000000000005,6.724427718106643,0.537887303960902,83000087,,-8.279223887635194,6.724427718106643
hover,miss,False,0.061685620516500825,"[0.0604276077603339, 0.012394353507504192]","[0.04439174704186499, 0.006941597665432325]",5.5,5.633735701046922,0.5307254208830273,83000088,,-7.753197361566091,5.633735701046922
hover,miss,False,0.07436936231984578,"[0.0703327379558791, 0.024168326865758448]","[0.04045336496459203, 0.01921010955333862]",7.9,8.126481499326367,0.5165874876510149,83000089,,-9.431751282412808,8.126481499326367
hover,miss,False,0.04406343586604572,"[-0.01874793570920097, -0.03987607411675316]","[0.009241203406522014, -0.03682156008611666]",5.1000000000000005,5.286695708167134,0.5368200933228889,83000090,,-6.488491487700702,5.286695708167134
hover,miss,False,0.044027133317108155,"[0.011046782834329541, 0.042618740679818044]","[0.004120338139971799, 0.044868393417785514]",4.1000000000000005,4.290470425224708,0.4860849347763171,83000091,,-6.2364927925765095,4.290470425224708
hover,hit,True,0.027668114813997904,"[0.022533146241532173, -0.01605558774440521]","[-0.013809983563356013, -0.016475873888360342]",3.3000000000000003,3.530285327268,0.5059524232376278,83000092,,6.696547139149644,3.530285327268
hover,miss,False,0.06204578554398996,"[-0.05337589822637122, -0.031633731874359305]","[-0.027244168126195442, -0.002977838375801121]",4.6000000000000005,4.791577143811876,0.4709870947653434,83000093,,-7.556049689856746,4.791577143811876
hover,miss,False,0.05906126829279489,"[-0.058975530326640435, 0.0031812316867864156]","[-0.04107224250755942, 0.0045008389188820365]",4.9,5.090040025550293,0.5161165690298178,83000094,,-7.405145882720936,5.090040025550293
hover,miss,False,0.05291058330629676,"[-0.023908834295775894, 0.047200608771812466]","[-0.02248381852490157, 0.03081009479886758]",7.6000000000000005,7.713743544496833,0.5185114900979737,83000095,,-7.649706141132853,7.713743544496833
hover,hit,True,0.011206221638344203,"[0.007967490430116422, -0.007880260126017228]","[-0.030899206030871804, 0.0077091006843315]",4.3,4.534870442932889,0.4930005153785746,83000096,,6.846512872870191,4.534870442932889
hover,hit,True,0.035154338052915554,"[0.034138789942841974, -0.00838871296309381]","[0.01001219531046399, 0.014841424674512308]",4.4,4.640835576935233,0.5403833954996736,83000097,,6.127607822538334,4.640835576935233
hover,miss,False,0.046358762574916244,"[0.044237184636247984, -0.013863850941782392]","[0.036631612836592775, 0.016150277760532454]",5.1000000000000005,5.257689434892929,0.4622999782185881,83000098,,-6.618209292173408,5.257689434892929
hover,miss,False,0.07045288987306056,"[0.036869695427319785, -0.06003528338037786]","[-0.004058791465306175, -0.03361859492120603]",4.6000000000000005,4.793562588286988,0.5087357824707772,83000099,,-8.252256057165999,4.793562588286988
hover,hit,True,0.026143200504216747,"[0.016130278640092643, 0.02057379507034737]","[-0.014349495730690498, 0.029292205099158603]",4.7,4.813894177969213,0.5317771903935327,83000100,,6.397833167122701,4.813894177969213
hover,miss,False,0.06592395373982372,"[0.05660710697784933, -0.0337876177954105]","[0.028984438602986502, -0.022609636315426056]",7.0,7.247124493611991,0.5113166885530577,83000101,,-8.46622979793151,7.247124493611991
hover,hit,True,0.03527274348666068,"[-0.017460626665219844, 0.030647886542689642]","[-0.023583323518693536, 0.002448750544797552]",4.2,4.360848091613375,0.5235041721346035,83000102,,6.172395979327648,4.360848091613375
hover,miss,False,0.06296168575598407,"[-0.037921147655023635, 0.05026092352674374]","[-0.024764528030769506, 0.03137751777180544]",7.7,7.810303660716168,0.529990233391591,83000103,,-8.402608670772052,7.810303660716168
hover,hit,True,0.03533468784423658,"[-0.0352766219758584, 0.0020248721001644935]","[-0.019583230990384337, -0.014337293308269555]",4.6000000000000005,4.782922179523825,0.46525111864847196,83000104,,6.069662396843976,4.782922179523825
hover,miss,False,0.07472699500934715,"[-0.008178398093241071, 0.07427810974813148]","[-0.04619099778798037, 0.040007192896838455]",3.9000000000000004,4.100818501899537,0.4698303231639482,83000105,,-8.465077364454373,4.100818501899537
hover,hit,True,0.03635416541307531,"[-0.023318841394088616, 0.027890087467029936]","[-0.035750289158687984, 0.0055369522499112015]",5.4,5.6335693458953,0.5401329133308209,83000106,,5.823984160699226,5.6335693458953
hover,miss,False,0.06014216535656417,"[-0.041594472498238236, 0.043439382032547505]","[-0.01623575499044007, 0.027937232274489094]",5.2,5.400952822016605,0.4946528047482535,83000107,,-7.560675033610192,5.400952822016605
hover,hit,True,0.004506425860856987,"[-0.0005105555942613652, 0.004477410750039476]","[0.004849147372416235, 0.01592716922247088]",3.8000000000000003,4.024840398986419,0.44546504768799133,83000108,,7.0373075787253745,4.024840398986419
hover,miss,False,0.05388478265504998,"[-0.014149396570853734, 0.051993887895239066]","[0.0030583512877757624, 0.03140777998063721]",6.2,6.430932711989484,0.4820334439946322,83000109,,-7.364731126113734,6.430932711989484
hover,hit,True,0.029553593756282557,"[0.02910517881208744, -0.005128690888306654]","[0.030854472734629136, 0.014269255215601033]",5.1000000000000005,5.328098462329609,0.511992386781532,83000110,,6.179115685055386,5.328098462329609
hover,miss,False,0.06346082183247352,"[0.056136783157910944, -0.029596241050759038]","[0.034728178365642584, 0.0043182374612287175]",4.3,4.519516147435143,0.4710842190710454,83000111,,-7.592047442283093,4.519516147435143
hover,hit,True,0.021067972560166806,"[-0.014963457775547015, 0.014830859691715888]","[-0.028568336223894333, 0.021555194919092947]",5.5,5.701598577475886,0.5231475428192557,83000112,,6.3475878326275375,5.701598577475886
hover,hit,True,0.03941891974717124,"[0.0378861515983913, -0.010885345704094055]","[0.014026033838726734, -0.028995657734867678]",5.4,5.600476958332124,0.515097201078072,83000113,,5.678842978728797,5.600476958332124
hover,hit,True,0.03037740703590804,"[-0.015390772264432084, -0.02618990239251806]","[-0.017803697028993273, -0.035641926178700795]",5.6000000000000005,5.7706309792446815,0.5105192383363223,83000114,,6.023258213609228,5.7706309792446815
hover,miss,False,0.06289261006404578,"[0.03054854659176398, -0.05497514621898643]","[0.025299621099194147, -0.04081800038248158]",6.1000000000000005,6.246460369633389,0.4678886886380484,83000115,,-7.997175250417569,6.246460369633389
hover,miss,False,0.05799359320951678,"[0.038224524452716804, -0.0436135596313184]","[0.017243057273687593, -0.025665795444947008]",7.7,7.8661577065403,0.44022953049591473,83000116,,-8.027035533344318,7.8661577065403
hover,miss,False,0.07195398498447411,"[0.03933883535773318, -0.06024808700567254]","[0.019303235508103853, -0.039884813300466074]",4.6000000000000005,4.8365189063919996,0.5153412612355962,83000117,,-8.385859971966203,4.8365189063919996
hover,miss,False,0.05166161953067676,"[0.006496992478822343, -0.05125145872326492]","[0.0012609743963431508, -0.039318898438853445]",6.300000000000001,6.486307092401921,0.516994524422626,83000118,,-7.24307683283275,6.486307092401921
hover,miss,False,0.09409422757147895,"[0.08116448369370882, 0.04760304873647217]","[0.048294657831474956, 0.011192613550764424]",6.0,6.164420966585036,0.532594833574738,83000119,,-11.033577288920792,6.164420966585036
hover,miss,False,0.05707706619834097,"[0.035168106406384486, 0.044955486623981904]","[0.033648852161777584, 0.014969368872401629]",4.800000000000001,4.9649928886652255,0.5200241009136659,83000120,,-7.236119678631123,4.9649928886652255
hover,hit,True,0.024168608526961392,"[-0.022899879289400835, 0.007727688312838564]","[-0.01755346377282231, -0.01988527472561078]",4.3,4.505280020121404,0.4653026973228511,83000121,,6.559923976169055,4.505280020121404
hover,hit,True,0.026143783215650262,"[-0.02589782542918423, 0.0035777141957421595]","[-0.026082225585780133, -0.014350301291734808]",5.4,5.531065813696852,0.5229327353248274,83000122,,6.222814124483179,5.531065813696852
hover,hit,True,0.034415994494917,"[0.03301758779019465, 0.00971079675366273]","[0.03575071432557719, 0.011447421147873761]",5.4,5.528614910329754,0.4636940731822198,83000123,,5.909712076828653,5.528614910329754
hover,miss,False,0.06739729632474595,"[0.05191176376808194, -0.04298330297188047]","[0.02407428692243852, -0.014483317762390485]",8.6,8.827660369451099,0.5060063421842143,83000124,,-8.988997219928505,8.827660369451099
hover,hit,True,0.02971320349619235,"[-0.02876650194539178, 0.007440620124150163]","[-0.0030043003109315874, -0.009044977313511263]",4.7,4.919878543696222,0.4865137478028659,83000125,,6.2732034612461645,4.919878543696222
hover,miss,False,0.056506469140937744,"[0.026884198635404553, -0.049701317070152795]","[0.024880400741914457, -0.027458849582713718]",4.800000000000001,5.021043786222265,0.4848145899641212,83000126,,-7.195613159234842,5.021043786222265
hover,hit,True,0.037079066359430424,"[-0.0022825124108940484, -0.03700874625248955]","[0.004929223047413431, -0.02504188865157507]",6.300000000000001,6.519466962159475,0.501761100404425,83000127,,5.5657142736955985,6.519466962159475
hover,hit,True,0.02389597550512858,"[0.02028841001379722, 0.012625294628394136]","[-0.018578832615425422, 0.0026799663336743284]",3.9000000000000004,4.064994784702086,0.5065669108192697,83000128,,6.668113971661434,4.064994784702086
hover,miss,False,0.0692752854704442,"[0.06327136987731011, 0.02820990838092447]","[0.04305766616209691, 0.02688109518599257]",5.800000000000001,5.953880643091074,0.4669605673842761,83000129,,-8.44941573563221,5.953880643091074
hover,hit,True,0.0345438661130763,"[0.034433885329159156, 0.002754310653586313]","[-0.0016733601475923815, 0.03192022229409328]",4.4,4.627877319298584,0.5392267859817543,83000130,,6.154200821226162,4.627877319298584
hover,hit,True,0.036723410554627606,"[0.030001758230436687, 0.02117789852289785]","[0.022791584669585405, 0.0066950034080357065]",6.4,6.625589207137684,0.49290253714879345,83000131,,5.557119448272667,6.625589207137684
hover,hit,True,0.03921915063800673,"[0.0025929941198750694, -0.039133338194702445]","[-0.01780849922143854, -0.02841797565586463]",3.6,3.8290194014695405,0.4735307836796413,83000132,,6.138661389520835,3.8290194014695405
hover,miss,False,0.04921674094139427,"[-0.025577872802456672, 0.0420483056946848]","[-0.019049097566749676, 0.023207656813673185]",4.2,4.403794702405292,0.4795987040254268,83000133,,-6.563929743057697,4.403794702405292
hover,miss,False,0.041010950226132215,"[0.020921917247460883, -0.03527281413696237]","[-0.004932423255049681, -0.04139136814855909]",5.0,5.157264473713155,0.5261262759198057,83000134,,-6.3011862740314335,5.157264473713155
hover,hit,True,0.023192086319232454,"[0.015232609003738434, -0.017488295822576765]","[0.053144254628832516, -0.012129097084996094]",4.4,4.51042523183711,0.5042561244951144,83000135,,6.563829457600795,4.51042523183711
hover,miss,False,0.04781574967135791,"[-0.0010662304071057602, 0.04780386040219898]","[0.012175907248796143, 0.028223189982063586]",5.300000000000001,5.529286629299154,0.4565323419244282,83000136,,-6.753966197896227,5.529286629299154
hover,miss,False,0.07378422250075073,"[-0.06981101716131016, 0.023885840427825624]","[-0.04497853280938874, 0.018972114946669363]",5.1000000000000005,5.259234403426959,0.513352285577941,83000137,,-8.67756968127518,5.259234403426959
hover,miss,False,0.0852266363767214,"[0.00991136067268028, -0.0846483577968642]","[0.01907976031487761, -0.058788741439415926]",5.0,5.1429226615364945,0.49216968873555467,83000138,,-9.789737217556183,5.1429226615364945
hover,miss,False,0.056922527164093344,"[0.033128179914231885, 0.04628928379568243]","[0.01714790250331715, 0.014961278205163527]",5.800000000000001,5.967988716261897,0.4947205216617079,83000139,,-7.47510881171684,5.967988716261897
hover,miss,False,0.05070064645610631,"[0.04957727887556883, 0.010613621924732482]","[0.039301230330119105, -0.016442798605254653]",5.300000000000001,5.478111314864251,0.4468487683975867,83000140,,-6.931597219416927,5.478111314864251
hover,miss,False,0.04420809615350335,"[-0.04330834944053494, 0.008873704652168399]","[-0.00558253141905693, 0.03268300412411006]",3.9000000000000004,4.116471079126561,0.5349420017167079,83000141,,-6.1964723534483745,4.116471079126561
hover,miss,False,0.06171927569393117,"[0.03779365635820506, -0.048794554319733154]","[0.026558474320067804, -0.03759902753430786]",8.0,8.115084260306437,0.4446637985606567,83000142,,-8.380793120114673,8.115084260306437
hover,miss,False,0.05827018894251547,"[-0.05630373766237448, 0.015010131399923366]","[-0.025631600209850752, -0.004306384927061745]",6.1000000000000005,6.267454848588174,0.5228403950128591,83000143,,-7.6471343246227805,6.267454848588174
hover,miss,False,0.07161534572995004,"[-0.04698871780742789, 0.05404459402044004]","[-0.027905584490486607, 0.030920646532278384]",9.0,9.154370103304526,0.49538053342888516,83000144,,-9.455473590012668,9.154370103304526
hover,miss,False,0.06313805067036818,"[-0.06056454523293282, -0.01784234578697581]","[-0.03533755621171643, 0.003747473667222101]",4.5,4.674235130988762,0.5318341899030188,83000145,,-7.616508401533737,4.674235130988762
hover,miss,False,0.07336501422894239,"[-0.040373760934301034, -0.06125671180232274]","[-0.027217001943730806, -0.02834563626652288]",4.9,5.0312580796207165,0.5262105888283398,83000146,,-8.589015820508074,5.0312580796207165
hover,hit,True,0.03356343987256191,"[0.03246531781935011, -0.00851514151189908]","[0.02062127200386335, -0.0005670034477579227]",5.800000000000001,6.026614877778499,0.49438734812020424,83000147,,5.845934689950576,6.026614877778499
hover,miss,False,0.060173321385528084,"[0.0262403216667879, 0.05415047668663271]","[-0.005828407016846518, 0.028516570314132423]",3.4000000000000004,3.5955651529506576,0.5233867275634485,83000148,,-7.113017879103782,3.5955651529506576
hover,hit,True,0.024240066055246708,"[-0.0004644113953469198, 0.0242356168565728]","[0.019827879465299014, 0.014053865551142575]",4.800000000000001,5.015987545200002,0.4911015924040232,83000149,,6.432761998523299,5.015987545200002
hover,miss,False,0.0707061403591125,"[-0.05360620368213442, 0.04610567439341968]","[-0.017885855177536825, 0.044213322062295814]",3.9000000000000004,4.112002371299486,0.46716763044763737,83000150,,-8.099598927801573,4.112002371299486
hover,miss,False,0.0411425930645643,"[-0.041139852918585754, -0.00047483251096119925]","[-0.0297638435225583, -0.0028990772744073726]",7.5,7.613411086638825,0.4452466970670611,83000151,,-6.932945602547707,7.613411086638825
hover,miss,False,0.05910638606226964,"[0.05807915606322618, -0.01097162268424683]","[0.033070182763750025, -0.02281781064675795]",5.6000000000000005,5.817705478791945,0.4840869976969122,83000152,,-7.583478045838788,5.817705478791945
hover,miss,False,0.06769778551616859,"[-0.02583911520904475, -0.06257260014580565]","[0.012885448260677501, -0.027282590518324525]",5.9,6.106167557287082,0.5287460396896837,83000153,,-8.339368852370725,6.106167557287082
hover,miss,False,0.04477122918548196,"[0.013788449914547515, -0.04259508905652113]","[0.026029101724602113, -0.027795135310610543]",5.5,5.613131114732112,0.48948632559141236,83000154,,-6.627789351736844,5.613131114732112
hover,hit,True,0.030031881985790498,"[-0.026046511576509543, 0.014949687966750417]","[-0.02882883975646637, 0.023073745905060734]",4.6000000000000005,4.821542382500499,0.5202280228881468,83000155,,6.28630379024472,4.821542382500499
hover,hit,True,0.028462888242086155,"[0.01756354568576976, 0.022397720197050518]","[0.025617709420475546, 0.00979408205757106]",5.6000000000000005,5.727228624145666,0.46367880526494876,83000156,,6.093664995574072,5.727228624145666
hover,hit,True,0.02646008971784114,"[-0.0009529987340999579, 0.026442922328838887]","[0.012549957691082497, 0.013593423459086547]",6.0,6.164091584130453,0.532859152751318,83000157,,6.062414782577376,6.164091584130453
hover,miss,False,0.06055786689821717,"[0.0030034700227790714, 0.060483339946504726]","[-0.005491414590898247, 0.034533737093098586]",5.2,5.427326118532895,0.5089209473130293,83000158,,-7.592034527038866,5.427326118532895
hover,miss,False,0.05086875816208676,"[-0.04985289255948262, -0.010115318106987573]","[-0.028037721078896807, -0.021190732380341016]",3.9000000000000004,4.134166422403289,0.48854917055900193,83000159,,-6.592269098095543,4.134166422403289
hover,miss,False,0.061164226547700956,"[-0.00632143232450641, -0.06083668385559137]","[-0.00037956964239918567, -0.03907460082025981]",6.6000000000000005,6.775895944342402,0.5022483299001518,83000160,,-7.988164130736552,6.775895944342402
hover,miss,False,0.08366911495575813,"[0.05470764065864731, 0.06330556729896816]","[0.03296438807072256, 0.0339310990139616]",6.6000000000000005,6.721488029588311,0.4932934575958605,83000161,,-10.025325498424916,6.721488029588311
hover,miss,False,0.0739609059531112,"[0.05936452225736653, 0.04411427327475308]","[0.038063152809803526, 0.020504358432686266]",6.7,6.859556028005599,0.5186650468685953,83000162,,-9.093884755878097,6.859556028005599
hover,miss,False,0.051080598516425414,"[0.01770670941590395, 0.04791346351973504]","[0.005571835033462133, 0.029367269713752274]",6.2,6.416531663718663,0.45358297825921723,83000163,,-7.180767215497649,6.416531663718663
hover,miss,False,0.05377603943910664,"[-0.047112424805678024, -0.02592839845971375]","[-0.0339631206542307, -0.03495701933010165]",5.2,5.339718603179726,0.49609744555871843,83000164,,-7.10741401109772,5.339718603179726
hover,miss,False,0.0666805404152951,"[-0.06071193184227772, 0.027574549897585413]","[-0.025998115078710554, 0.046795566221347784]",4.5,4.625516310382654,0.540522376145639,83000165,,-7.903934043797378,4.625516310382654
hover,miss,False,0.04638119209683236,"[-0.004037022667540788, -0.04620516668409526]","[0.009300735240587332, -0.02442748634322563]",5.0,5.148080654736574,0.5029886200996466,83000166,,-6.594509362702041,5.148080654736574
hover,hit,True,0.034459572681807556,"[-0.0019812239833324613, 0.03440257113851588]","[0.008764259368843438, 0.023573241888377804]",5.6000000000000005,5.803464990720626,0.5234482569111163,83000167,,5.857836156617015,5.803464990720626
hover,hit,True,0.037680044174386876,"[-0.030481103995613087, 0.022151479142313864]","[0.004126510954851795, 0.031197907507981782]",5.2,5.378557180722419,0.5051428986977717,83000168,,5.81263391938516,5.378557180722419
hover,miss,False,0.06431422686096536,"[-0.04242158975736056, -0.048339719684560856]","[-0.03194321655835926, -0.03126502618316673]",7.4,7.546751854869994,0.46836362236808154,83000169,,-8.435199860452322,7.546751854869994
hover,hit,True,0.02461874645453706,"[0.011268467693960615, -0.021888451585777992]","[0.022502173838299125, 0.008853024631883276]",5.5,5.637176892394681,0.47035985456189583,83000170,,6.2461983268795125,5.637176892394681
hover,hit,True,0.021191795018110915,"[-0.017263246273682337, -0.012291155526793385]","[-0.011502956398604436, -0.01958692950274822]",6.2,6.3387910322031855,0.498918621686907,83000171,,6.169317389943982,6.3387910322031855
hover,hit,True,0.03752660315103963,"[0.0054111766222532665, -0.03713441950022105]","[-0.03059552727001591, -0.00866993303970902]",4.7,4.8992746253582595,0.49374734418945554,83000172,,5.944846284965239,4.8992746253582595
hover,miss,False,0.0655601542855712,"[0.0631383459665083, 0.017654548948115446]","[0.038729394576305635, 0.013401911008755756]",7.7,7.882629870542225,0.49674219283563736,83000173,,-8.611333643717435,7.882629870542225
hover,hit,True,0.025852989207778503,"[-0.019861205033013057, 0.01655021406550769]","[-0.010547305775503613, 0.01941465394932372]",5.800000000000001,5.975841649318084,0.4633196518189206,83000174,,6.132264343139056,5.975841649318084
hover,hit,True,0.021859604597373742,"[-0.011908970399931953, 0.01833081387083148]","[0.010286418294668073, 0.013634168864951671]",5.4,5.6083967749913475,0.5164730014958451,83000175,,6.351348554279049,5.6083967749913475
hover,hit,True,0.009120109042768608,"[-0.005978224521447809, -0.006887468368214104]","[-0.015048987088764093, 0.0009062182037063382]",4.6000000000000005,4.721891446707967,0.5143002000863127,83000176,,6.7980147569050065,4.721891446707967
hover,hit,True,0.013973559637086972,"[-0.01273184570150765, -0.005758513173053214]","[-0.009693335279596746, -0.011948791993220069]",5.7,5.934946546005324,0.4920893254589145,83000177,,6.452962269417985,5.934946546005324
hover,miss,False,0.0669898821643497,"[-0.022411582996509402, 0.06312974940536378]","[-0.013237020869264676, 0.03163420291214684]",7.300000000000001,7.536584303701841,0.5066458514480928,83000178,,-8.62977769524591,7.536584303701841
hover,hit,True,0.03218397885757964,"[0.004969455973046363, 0.03179800312027608]","[0.017631215846895323, 0.02626509349517691]",4.7,4.878385626491508,0.4738265270545066,83000179,,6.1776196905592915,4.878385626491508
hover,miss,False,0.0752698399939126,"[0.02652914011028107, -0.07043971562774995]","[0.021956991682228477, -0.06196184425149384]",4.800000000000001,4.972265240668183,0.47823080614957086,83000180,,-8.740968007943252,4.972265240668183
hover,miss,False,0.06727644738453063,"[-0.06429671610154858, 0.01980031997823225]","[-0.048115798495782236, 0.011882016510071888]",7.1000000000000005,7.2283777257135915,0.5309929098793726,83000181,,-8.603825232927196,7.2283777257135915
hover,miss,False,0.0458666633304028,"[-0.01439848447157685, -0.0435480705655977]","[0.012177659871861063, -0.027653926395377195]",5.5,5.612186268488136,0.4961455849017226,83000182,,-6.689844253165322,5.612186268488136
hover,miss,False,0.07939896498571009,"[0.05247584407222434, 0.05958591637047814]","[0.042435739443888655, 0.02787201836416295]",5.7,5.945257455079874,0.5263859267086715,83000183,,-9.365122275501259,5.945257455079874
hover,miss,False,0.05444436677090789,"[-0.04207469417504302, 0.03455299094379154]","[-0.023554283667121215, 0.0181600103535846]",7.300000000000001,7.539176533684251,0.5373331423582622,83000184,,-7.677618170678209,7.539176533684251
hover,miss,False,0.08180782796618664,"[0.06011496220238274, -0.05548614273808626]","[0.03225376168623953, -0.03336789880154349]",5.7,5.918537275369354,0.5096884445766693,83000185,,-9.607825447840744,5.918537275369354
hover,hit,True,0.025397992187226413,"[-0.018383293723930952, 0.01752462607310338]","[-0.0004569032088305863, 0.033277116258824076]",5.2,5.427086228973662,0.5367236302002384,83000186,,6.296838745535991,5.427086228973662
hover,miss,False,0.04262375263525811,"[-0.014911421379263767, -0.039930361896202596]","[0.008351842944706589, -0.019318866634221513]",6.1000000000000005,6.265326812735195,0.5242369800520742,83000187,,-6.6604901804447945,6.265326812735195
hover,miss,False,0.04639167158430675,"[0.02459685826119337, -0.03933423135215607]","[-0.0025266233454713516, -0.016371953318313752]",4.7,4.91619920177275,0.4443742120087143,83000188,,-6.5201169952413585,4.91619920177275
hover,miss,False,0.042685221249428335,"[-0.042532404863521375, 0.0036086908482372646]","[-0.03742760776763433, -0.01182640747169946]",4.800000000000001,5.035922985175793,0.49080225019766666,83000189,,-6.3387675706954045,5.035922985175793
hover,hit,True,0.022145239838125764,"[-0.004724888421198892, -0.021635320124632616]","[-0.011906644596305194, -0.01951124241979215]",4.6000000000000005,4.839295999168201,0.49864466412990527,83000190,,6.5434927203199305,4.839295999168201
hover,miss,False,0.06918756334937794,"[-0.06827810507593178, 0.0111812025052856]","[-0.04141526029651786, 0.003110541332878158]",6.2,6.411981139736747,0.4874173249974876,83000191,,-8.541824326390113,6.411981139736747
hover,hit,True,0.023097753986801937,"[0.004287482357264706, 0.02269633746380611]","[0.03919211427831174, 0.0020171785152092647]",4.800000000000001,4.912177946493538,0.5183694903912356,83000192,,6.466558600478235,4.912177946493538
hover,hit,True,0.013983867044734722,"[-0.010449217792053732, -0.009293136448963048]","[-0.006351417062476716, 0.019006100397224633]",3.7,3.9179022689946823,0.5122985304166107,83000193,,6.9527821640469885,3.9179022689946823
hover,miss,False,0.04271282124665105,"[0.03564273578077651, 0.023536790029868554]","[0.023449579938188164, 0.027231680831544307]",4.800000000000001,4.950415967780031,0.46140294603987925,83000194,,-6.340240686780229,4.950415967780031
hover,miss,False,0.05377674243737362,"[-0.03167854802097675, 0.04345581229776163]","[0.007680243033137746, 0.025137592169469647]",4.7,4.812017665209662,0.5311885347952058,83000195,,-6.982461266984763,4.812017665209662
hover,miss,False,0.054644750884771824,"[-0.0024311497888100664, -0.05459064306237049]","[-0.0019783856305119335, -0.035420611965687576]",7.9,8.069365025989343,0.4975479046548702,83000196,,-7.841280499536729,8.069365025989343
hover,hit,True,0.030531511663734336,"[-0.007045966410908058, -0.029707365447126093]","[-0.0033751274785257107, -0.005354969737361709]",6.6000000000000005,6.846827860699873,0.5388487360386925,83000197,,5.767391747204536,6.846827860699873
hover,miss,False,0.04479974649163202,"[0.026014502824840968, -0.036472769684942175]","[0.027601690573142434, -0.017626968871286952]",6.9,7.013040205878812,0.5027937306001194,83000198,,-6.9793858035715575,7.013040205878812
hover,miss,False,0.08809619495553009,"[-0.047980657684615916, 0.07388366567648409]","[-0.024746288918677153, 0.03416973469989794]",6.9,7.123387357692309,0.5384399562045763,83000199,,-10.575587228526725,7.123387357692309
hover,miss,False,0.04506789136922266,"[0.03344393061828107, 0.030209573602877224]","[0.025422755365398585, 0.02458531344263061]",5.9,6.047821212226419,0.5026595060096848,83000200,,-6.744446770292533,6.047821212226419
hover,miss,False,0.06940463037496425,"[-0.038185991508988965, 0.057955437794574835]","[-0.008977763807199418, 0.03699826390140441]",6.2,6.376836480135749,0.5201936570317128,83000201,,-8.56062669842838,6.376836480135749
hover,miss,False,0.09371559054648804,"[0.08324398145095291, 0.043047084264447075]","[0.047850448524917925, 0.026336088236479413]",9.0,9.198844619621791,0.45762504127634024,83000202,,-11.739132444673121,9.198844619621791
hover,miss,False,0.04337234856647928,"[-0.018597987461419524, -0.03918259157530368]","[-0.0016032098344223866, -0.03862954053092118]",4.1000000000000005,4.295232623527748,0.5079348580069418,83000203,,-6.20072538760761,4.295232623527748
hover,miss,False,0.043899198255309475,"[0.0367474527326989, 0.024015918161024503]","[0.018041307280712723, 0.024748986609971303]",4.2,4.317725224406016,0.5151662408198566,83000204,,-6.2544622546618545,4.317725224406016
hover,miss,False,0.05810093705757608,"[-0.015125195540956905, 0.05609765901369]","[-0.019432618993798487, 0.04467881685157403]",6.1000000000000005,6.246435332149657,0.4584094359607702,83000205,,-7.634824304355259,6.246435332149657
hover,hit,True,0.009669859163744588,"[0.008114522942578722, 0.005259343462925649]","[-0.03355227319323059, 0.027021156266973552]",3.3000000000000003,3.5165868224783923,0.5275516813476537,83000206,,7.116558639845841,3.5165868224783923
hover,miss,False,0.042270935027296966,"[-0.03085245389714686, -0.028895640442917845]","[-0.006461525733354456, -0.030722942917334493]",4.6000000000000005,4.813897478155573,0.4909336415387804,83000207,,-6.266769967551225,4.813897478155573
hover,hit,True,0.014504608536566169,"[-0.0023081811627025245, -0.014319775435361178]","[-0.010218053907348187, -0.032780896859836435]",4.1000000000000005,4.337786486869544,0.5192752418070177,83000208,,6.843510207000607,4.337786486869544
hover,miss,False,0.06741690345627269,"[-0.06545650677895525, 0.016139535059256735]","[-0.03262215037670356, 0.037565948864864876]",3.4000000000000004,3.6303404389335356,0.4729430805391912,83000209,,-7.690649294770245,3.6303404389335356
hover,hit,True,0.03583433134634265,"[0.03432937139875444, -0.010275872829392971]","[0.03235843046966055, -0.007211832561706414]",6.4,6.541499917897391,0.46357078877531677,83000210,,5.597437935600329,6.541499917897391
hover,hit,True,0.039964175000863765,"[-0.034477552725449265, 0.020209741254244948]","[-0.013395457736204971, -0.005558963321524737]",4.9,5.077451787847644,0.5063709218963526,83000211,,5.776790447812711,5.077451787847644
hover,miss,False,0.04725649602145184,"[-0.012970820902319907, -0.0454415473036013]","[0.006315027654125088, -0.03955644745154659]",4.5,4.644828619835996,0.5175232708000613,83000212,,-6.520735260140934,4.644828619835996
hover,hit,True,0.039940094751513965,"[0.01954946008615107, -0.03482857704672845]","[0.031709268595500655, -0.05358483389802831]",3.0,3.244499956760052,0.522256880599661,83000213,,6.252993019525054,3.244499956760052
hover,miss,False,0.06306158119687218,"[0.034743029048347106, -0.052627796415918957]","[0.04393866114586939, -0.028341994713865098]",3.8000000000000003,3.976770078701369,0.48203229911727263,83000214,,-7.435476889406064,3.976770078701369
hover,miss,False,0.06844190492238311,"[-0.04612552697673723, -0.05056411880496699]","[-0.021519476884034897, -0.04249294954185796]",5.6000000000000005,5.7114542936846755,0.4502183494920424,83000215,,-8.32768396837783,5.7114542936846755
hover,hit,True,0.03902718101182466,"[-0.03832108985759679, 0.007390191462724065]","[-0.02065328787295677, -0.012412073755371962]",5.6000000000000005,5.7650719746747665,0.5302953954088638,83000216,,5.648049463918921,5.7650719746747665
hover,miss,False,0.06045101833002351,"[0.012813314786829608, 0.05907744562276243]","[0.008004836719916808, 0.03138937263084571]",8.9,9.058941206862693,0.5287344111509001,83000217,,-8.508953510710521,9.058941206862693
hover,miss,False,0.04316492464877496,"[0.03325800027766221, -0.02751574344744187]","[0.03149216497462515, -0.024546514006085207]",6.300000000000001,6.4224167002658445,0.5326658846803285,83000218,,-6.739506699959011,6.4224167002658445
hover,miss,False,0.04489622428939732,"[0.008756028755722123, 0.04403411082187123]","[0.004472890954048389, 0.02929950092113618]",6.4,6.585636065244167,0.5218408725496049,83000219,,-6.859794347152416,6.585636065244167
hover,miss,False,0.04911271110541055,"[-0.02745554689610856, -0.04072163229487615]","[-0.03538225622311936, -0.01677846491829057]",4.6000000000000005,4.745278900634441,0.4432807731614571,83000220,,-6.657536495077197,4.745278900634441
hover,miss,False,0.048769968232360704,"[0.04133618426572365, 0.02588106782448539]","[0.021592015367110848, 0.020584214987476854]",6.4,6.629453960304622,0.44921113102351395,83000221,,-7.086568625865919,6.629453960304622
hover,miss,False,0.0424675078399426,"[-0.039959327195334834, 0.014378504520003485]","[-0.004883808265065889, -0.021907164526876313]",4.2,4.439511555470381,0.49301336632811926,83000222,,-6.177180763834741,4.439511555470381
hover,hit,True,0.012192647783105505,"[-0.009118606266622394, -0.008093928571292337]","[-0.015097413320405317, 0.0011430813569070055]",4.9,5.106359349397066,0.4730513761418976,83000223,,6.682087087523208,5.106359349397066
hover,miss,False,0.0856512482194846,"[0.05207690731583031, 0.06800097091934926]","[0.031020480503949233, 0.04089641024078777]",6.6000000000000005,6.846205023134514,0.5015942222309615,83000224,,-10.23508520097235,6.846205023134514
hover,miss,False,0.08590546978984148,"[0.04718307756323434, -0.07178793026320776]","[0.025599965975967837, -0.04673704316900492]",4.9,5.083234461738157,0.5283825643568449,83000225,,-9.837343587383355,5.083234461738157
hover,hit,True,0.019892956231537882,"[-0.017478883553903937, -0.009498333397967684]","[0.0007049776381093248, -0.038352992854113865]",4.7,4.891605361351467,0.4450438832100982,83000226,,6.577668932731324,4.891605361351467
hover,miss,False,0.0666447004983933,"[0.05660582013849301, -0.035175236047098865]","[0.038329845454330144, -0.027528620959278872]",5.800000000000001,5.9929260920661,0.46165563037942364,83000227,,-8.225947565325338,5.9929260920661
hover,hit,True,0.027989448363411443,"[0.02665276722062561, 0.008546298565532368]","[0.012025915619506652, 0.025622185006849058]",5.300000000000001,5.525736092276844,0.44438479317354096,83000228,,6.185369237694953,5.525736092276844
hover,miss,False,0.07066315437770863,"[-0.06994526103102958, 0.010046981930361933]","[-0.0429587522864979, 0.014296272211331222]",6.9,7.0780689275872595,0.5274822537827618,83000229,,-8.845800866629926,7.0780689275872595
hover,miss,False,0.04534081005724178,"[0.04395757636764849, 0.011113979329170454]","[0.012479697753822655, 0.024515645687935076]",4.7,4.85058064701216,0.45649949435939624,83000230,,-6.459868160404298,4.85058064701216
hover,hit,True,0.01448325905950356,"[0.0005896696686161496, -0.014471250210904587]","[-0.03864285687708288, -0.01766551659610307]",2.9000000000000004,3.0361023215259735,0.5001672245950568,83000231,,7.143897004384567,3.0361023215259735
hover,miss,False,0.09153581591457423,"[-0.008199358708692109, 0.0911678458224884]","[0.01398162725241707, 0.07035357049289427]",4.1000000000000005,4.2661422486431695,0.5235123007402281,83000232,,-10.261753496966763,4.2661422486431695
hover,hit,True,0.016138635976735136,"[-0.0037285192701076025, 0.015702029016722838]","[-0.015332541010602635, 0.00922655704822621]",4.5,4.678686542638305,0.5119134601002314,83000233,,6.712215268006519,4.678686542638305
hover,miss,False,0.050668989242602304,"[0.0026978865003765493, -0.050597113349459315]","[0.0038177946906554072, -0.05364052976176827]",4.800000000000001,4.919294722575812,0.44767084654678396,83000234,,-6.804591544291842,4.919294722575812
hover,miss,False,0.07784502074592681,"[-0.035039490570006535, 0.0695131739710409]","[-0.027000274132609928, 0.04946895678166591]",6.0,6.247462372929898,0.44581053589515524,83000235,,-9.287404534333607,6.247462372929898
hover,hit,True,0.017433942252221803,"[-0.011977606805445379, 0.012668041587710122]","[-0.0008049217938295716, -0.0202573664477928]",5.0,5.123016158751604,0.513148241768665,83000236,,6.560036035966373,5.123016158751604
hover,miss,False,0.06373336905710777,"[0.05827795810813709, -0.02579964980606754]","[0.045855066369760736, -0.022690301644867565]",5.7,5.863729122965216,0.4817055433583801,83000237,,-7.963713957105938,5.863729122965216
hover,miss,False,0.06582293437210356,"[0.06578631830453416, -0.0021952251111822287]","[0.0362635165455741, 0.003642744227408439]",5.4,5.575208453358051,0.46553601571368364,83000238,,-8.057911680846408,5.575208453358051
hover,miss,False,0.08034012379243326,"[0.08033268237236062, 0.00109345043093983]","[0.04614129624043915, 0.002905462944855424]",6.0,6.119198226089775,0.4962013815482579,83000239,,-9.534084681864686,6.119198226089775
hover,hit,True,0.02323765064299894,"[0.016901053404550746, -0.015948128455169675]","[0.02880381895911526, 4.2604420672479504e-05]",4.2,4.434589484063222,0.4824050572447794,83000240,,6.612507245371207,4.434589484063222
hover,hit,True,0.014050250695821097,"[-0.008671504296738727, 0.01105506932800799]","[0.008404245159551946, -0.003422406463712135]",5.4,5.592129448636833,0.4841247687589722,83000241,,6.526619034615363,5.592129448636833
hover,miss,False,0.06044924982991296,"[-0.03199128729366693, -0.051290051104412995]","[-0.021033457266016214, -0.036631969565057224]",7.0,7.189642370905255,0.4766066942499549,83000242,,-8.033819878124518,7.189642370905255
hover,miss,False,0.07307953088750192,"[0.07263364592612018, -0.008060478535195835]","[0.049808911977622355, -0.030352635271196936]",4.800000000000001,4.995942413755687,0.45696548746778426,83000243,,-8.537886146710841,4.995942413755687
hover,miss,False,0.06658585310643525,"[0.06465998547467833, -0.015898494026987606]","[0.036993793085789095, -0.040744135613189056]",5.2,5.427336474268901,0.5060269305521545,83000244,,-8.071047396194857,5.427336474268901
hover,miss,False,0.1118711139716103,"[-0.0751828802795579, 0.08284129799875595]","[-0.03829440232524252, 0.04114611121381573]",10.600000000000001,10.829825090975936,0.5388481890284115,83000245,,-14.471966338280632,10.829825090975936
hover,miss,False,0.04763923943813339,"[-0.029081234454488653, 0.037732995333618374]","[-0.010886026089390072, 0.038731275747971375]",3.7,3.902799072899503,0.47949150305074134,83000246,,-6.343435708902378,3.902799072899503
hover,miss,False,0.06362402733575927,"[-0.057350956034196626, 0.027547861920393903]","[-0.03941774304639681, 0.011941190743420895]",6.7,6.850639077377562,0.4973184580713959,83000247,,-8.2050105340134,6.850639077377562
hover,hit,True,0.02142906019444096,"[-0.02114171104313381, -0.0034975241222338985]","[-0.002394231305331007, 0.02583155791958843]",3.4000000000000004,3.55993329245119,0.4594006372837311,83000248,,6.862997111989391,3.55993329245119
hover,miss,False,0.05457193281002421,"[-0.01805552072644513, 0.0514984856274309]","[0.011102058221579877, 0.03370423385604424]",5.0,5.122067998225705,0.5422984879097382,83000249,,-7.111309906638622,5.122067998225705
hover,miss,False,0.0711747058588644,"[0.05819780829640517, -0.040973819245839656]","[0.0438235429348148, -0.007978198383458096]",4.6000000000000005,4.791329498971011,0.44539919704086717,83000250,,-8.316149221309916,4.791329498971011
hover,timeout,False,,,,,,,83000251,,-10.999999999999993,12.0
hover,miss,False,0.06052997455928013,"[0.05986937843549562, 0.008918259129141301]","[0.04376307966772514, -0.010934986708329672]",4.4,4.5256715260001785,0.4467296724318783,83000252,,-7.389923637591938,4.5256715260001785
hover,hit,True,0.034076143232087575,"[0.020154235435648225, 0.0274770873925569]","[0.01935265948151728, -0.002852776567845149]",4.4,4.6028404655120765,0.5252958790235969,83000253,,6.1742602890164076,4.6028404655120765
hover,miss,False,0.04147400816552077,"[-0.039008770190522096, -0.014085780118144625]","[-0.0023240144520930983, -0.037837356485359824]",4.5,4.640239790022933,0.49065130361172565,83000254,,-6.200058345821052,4.640239790022933
hover,hit,True,0.013960134334877071,"[0.013534603794385827, -0.003420504462328687]","[0.01499477455044311, -0.03000780351832457]",4.5,4.634165950659576,0.5267063756417241,83000255,,6.753196655845117,4.634165950659576
hover,hit,True,0.01730883730041443,"[-0.005564795698194944, 0.01638990230384455]","[-0.03586022039692276, 0.012619289153516755]",4.3,4.498694338080823,0.4428339281117852,83000256,,6.737752594567364,4.498694338080823
hover,miss,False,0.05357655982069404,"[-0.03434217899223896, -0.04112253037308658]","[-0.03043669921426531, -0.014754294417254262]",4.5,4.618166519492843,0.49933001048043596,83000257,,-6.919029851387754,4.618166519492843
hover,hit,True,0.021455277841959455,"[0.017056688276112182, -0.013015311457172801]","[0.030940579468416836, 0.0198220402388182]",3.5,3.6258737158711325,0.4494663551309588,83000258,,6.837294407952703,3.6258737158711325
hover,miss,False,0.05917482841269494,"[-0.05881259657204267, -0.006537492036403798]","[-0.049156580397496305, 0.007500644776953507]",5.1000000000000005,5.24759795201156,0.46811264649795303,83000259,,-7.46353769854493,5.24759795201156
hover,miss,False,0.05458681033747609,"[-0.006809450663186847, -0.05416042138393322]","[0.011743290005892401, -0.041902687420084614]",5.6000000000000005,5.7746580437962125,0.4424617346966236,83000260,,-7.262324914262241,5.7746580437962125
hover,miss,False,0.10235381650276547,"[-0.08078834727176105, 0.06284541906757503]","[-0.042380917291599166, 0.01714966140820363]",5.1000000000000005,5.311390365426603,0.5430217023049102,83000261,,-11.822689845426112,5.311390365426603
hover,miss,False,0.08438525741014888,"[0.06441468356542933, 0.0545125692784948]","[0.042042440729960315, 0.0338703177470397]",7.4,7.591122894366432,0.48230228943260683,83000262,,-10.300544792610676,7.591122894366432
hover,hit,True,0.039451000263339385,"[0.0344820036697602, 0.019166972757758277]","[0.013726434246639635, -0.013560342998788581]",3.5,3.6558055637183617,0.44657978609131477,83000263,,6.152261611388747,3.6558055637183617
hover,hit,True,0.01080713211588856,"[0.004079606650085152, -0.010007542862803583]","[0.03492906496933389, 0.010967980292726946]",4.7,4.923631294999851,0.5338227789095977,83000264,,6.752003684643581,4.923631294999851
hover,hit,True,0.01281309222741053,"[7.172472372730943e-05, -0.012812891476639235]","[0.0025602828961610313, 0.026980945798538145]",3.8000000000000003,3.938879028708243,0.5313576688699052,83000265,,6.94739041723242,3.938879028708243
hover,miss,False,0.07087581157189358,"[0.055857702642432755, -0.04362680049561422]","[0.03424162620587526, -0.024570202112983254]",6.0,6.142330825913844,0.5083177873772418,83000266,,-8.639612916234102,6.142330825913844
hover,miss,False,0.09455090905402037,"[-0.0792673300551856, -0.051541874130302055]","[-0.041250207230835834, -0.03150447224695276]",9.200000000000001,9.406615596438412,0.5168369078087074,83000267,,-11.887421501838515,9.406615596438412
hover,miss,False,0.05957735810969185,"[-0.019566783681043656, 0.056272573921135945]","[-0.01151321508929469, 0.03280225607499949]",9.8,9.952678945033357,0.441462469145837,83000268,,-8.668413499581536,9.952678945033357
hover,hit,True,0.019704932898940635,"[-0.019653276068857306, 0.001425875279620785]","[-0.01257074172800518, -0.01982176818115653]",5.4,5.605551670991296,0.537425379316431,83000269,,6.407322262155155,5.605551670991296
hover,miss,False,0.043296375473057945,"[-0.02712806026837611, 0.03374380647140105]","[-0.029380773245853017, 0.0031893331951554976]",4.0,4.141603038995574,0.5404608662175231,83000270,,-6.171610080690009,4.141603038995574
hover,miss,False,0.057016421965878146,"[0.023878432331034982, 0.05177540770677962]","[0.017700738280260878, 0.03765034078300338]",7.4,7.563281824126562,0.4445477491508281,83000271,,-7.8817952336194175,7.563281824126562
hover,miss,False,0.05810190670904085,"[0.03761014753679005, -0.04428666125919825]","[0.023752005507693255, -0.03306094444440058]",6.1000000000000005,6.273416138113727,0.47487465750606833,83000272,,-7.634894727016302,6.273416138113727
hover,hit,True,0.03455462976067156,"[-0.020475347265519646, -0.02783491678186708]","[-0.0205317396778206, -0.0028668316924768313]",4.7,4.850638511568757,0.5372959085548837,83000273,,6.07873597631432,4.850638511568757
hover,miss,False,0.07425333516929625,"[0.03540370316261307, 0.06526971415700722]","[0.01903164356308054, 0.046046126242735345]",6.800000000000001,6.9438325087513,0.451653619983544,83000274,,-9.145973614852402,6.9438325087513
hover,miss,False,0.054881345742569344,"[0.03361446241396626, -0.04338237000367181]","[0.00045214801177451136, -0.024881571589629524]",5.2,5.34307518286263,0.44442538480931676,83000275,,-7.182476319072146,5.34307518286263
hover,hit,True,0.038670922741207266,"[0.03817645393391172, 0.006164302936126484]","[0.026589409266622337, -0.00460097119571474]",4.5,4.740182426464061,0.44514693620840107,83000276,,5.940349833964737,4.740182426464061
hover,miss,False,0.06178677338502911,"[-0.061651416390994, -0.004087569243109868]","[-0.03995797916499219, 0.014097228585071963]",5.1000000000000005,5.3119679715121215,0.5410901727819056,83000277,,-7.661003353333087,5.3119679715121215
hover,miss,False,0.08207751426794742,"[0.06150640631165547, -0.05434777208893351]","[0.030580183121702055, -0.028787160099703966]",9.3,9.479647290692256,0.5061631417991993,83000278,,-10.53544896775319,9.479647290692256
hover,hit,True,0.025462842612856005,"[-0.01575152381609056, 0.020006145340824844]","[-0.012255821725332558, -0.01611802984576327]",5.0,5.143845087516864,0.4827868239750381,83000279,,6.344777278795577,5.143845087516864
hover,miss,False,0.05322385977271027,"[-0.03934757246970222, -0.03584058858119741]","[-0.03278621765076753, -0.018616043742344636]",4.4,4.6031997197980985,0.5367624450363704,83000280,,-6.870487030690704,4.6031997197980985
hover,miss,False,0.0695322758655823,"[-0.04736935884735144, 0.05090069969497754]","[-0.028215048288288858, 0.03840060301462747]",4.9,5.1325531190995966,0.4620104568179569,83000281,,-8.24671086690465,5.1325531190995966
hover,miss,False,0.05751817055590772,"[-0.03531867779964658, 0.04539747727113525]","[-0.02056248735327397, 0.03726947905736639]",5.9,6.028718958686368,0.45350043801230755,83000282,,-7.5427124650615545,6.028718958686368
hover,hit,True,0.016074091253986393,"[0.015929916382129677, -0.0021480627783746]","[-0.02799628828861625, -0.04527892555615721]",3.6,3.7875635777243635,0.47349412874927005,83000283,,6.938514743974073,3.7875635777243635
hover,miss,False,0.051083831554826924,"[-0.038282097098628926, -0.03382364392038619]","[-0.02628845315480835, -0.030419233171056236]",6.2,6.312180837285269,0.4821642832626375,83000284,,-7.180973653951206,6.312180837285269
hover,hit,True,0.02365568135438733,"[-0.019464365984381934, 0.013443575311885746]","[-0.008844716172907177, -0.021417074118208958]",5.0,5.197186903972904,0.5404071456538738,83000285,,6.4002554622873085,5.197186903972904
hover,hit,True,0.021014463444316074,"[0.020876091582148343, 0.0024075867806273715]","[0.01229627755934723, 0.02163131978400286]",5.2,5.429744847356292,0.46207753158519443,83000286,,6.423995203842191,5.429744847356292
hover,hit,True,0.023609704944044956,"[0.019093364426149992, 0.01388746205881733]","[0.00028405355832895884, -0.025246939528519502]",4.2,4.430491007740824,0.49163708514787574,83000287,,6.601613645284461,4.430491007740824
hover,hit,True,0.023060287712593004,"[-0.022798709123136363, -0.0034634854851993656]","[-0.031425751141832894, -0.021660031224132622]",4.800000000000001,4.99322561872223,0.5424513727339267,83000288,,6.467639456632771,4.99322561872223
hover,hit,True,0.01682565444202541,"[-0.012112324375715688, -0.01167879469893589]","[-0.01691358161908696, -0.0081907683886137]",4.2,4.441543937113318,0.44884849967731455,83000289,,6.773060845373468,4.441543937113318
hover,hit,True,0.037614331486350246,"[-0.01494605398311262, 0.03451743622430442]","[0.026668643329577787, 0.021126667663797005]",4.3,4.464315479904454,0.5215037218820523,83000290,,6.0407262917718505,4.464315479904454
hover,miss,False,0.040590476354562595,"[-0.028449792845785082, -0.028951615805032728]","[-0.02392781767782992, -0.017812627638431423]",7.300000000000001,7.504691262014623,0.48168537304805764,83000291,,-6.854741731681438,7.504691262014623
hover,hit,True,0.030023268620553475,"[0.028878865276578645, -0.008210225270912558]","[0.02894334048884422, -0.0054626678539101275]",5.1000000000000005,5.314663441112688,0.4456432991109162,83000292,,6.1616270883363065,5.314663441112688
hover,hit,True,0.015483897830239443,"[-0.015051589780986266, -0.003633281861100724]","[0.013165620780689266, 0.021271802436381614]",4.3,4.497938895670547,0.5402464887812489,83000293,,6.7751555674891915,4.497938895670547
hover,miss,False,0.04775196756485794,"[0.03835577357067898, -0.02844442019289633]","[0.020030161758060043, -0.04348945726884037]",4.800000000000001,5.044980301488433,0.45354734610620207,83000294,,-6.625156503947027,5.044980301488433
hover,hit,True,0.025913782597124346,"[0.015348401920871169, 0.020879432151436086]","[0.00954051798687841, 0.017727639481561485]",6.4,6.619635639435464,0.47707957826492126,83000295,,5.980297419693111,6.619635639435464
hover,hit,True,0.030170932130235653,"[0.030151842459103836, -0.0010730992166007626]","[0.0359276736033963, 0.010107068611227895]",4.9,5.030386691740828,0.5183442592499187,83000296,,6.206071783995447,5.030386691740828
hover,miss,False,0.07528070946457516,"[0.03378016360023993, -0.06727619017624883]","[0.02343086504935614, -0.04865289137909809]",7.1000000000000005,7.260245739601313,0.4474131713008105,83000297,,-9.316990760931107,7.260245739601313
hover,miss,False,0.04572694553314953,"[-0.01546508589860529, 0.043032367654364356]","[0.004584533289486908, 0.03494319393083656]",5.4,5.630781142312933,0.46702888433038486,83000298,,-6.6568459673697635,5.630781142312933
hover,miss,False,0.047652992356115836,"[-0.03217508178087615, -0.035150701172038744]","[-0.037810548356078846, -0.01610421898350075]",5.5,5.657317404929003,0.446297252216999,83000299,,-6.79425480030752,5.657317404929003
ballistic,miss,False,0.044690732115611996,"[0.036339523060261864, -0.0260134696029209]","[0.03886953435301538, -0.010660180287626702]",5.800000000000001,6.003381545445651,0.4622859271479248,83000000,,-6.69828846064337,6.003381545445651
ballistic,miss,False,0.06183587263307569,"[-0.049077863374619626, 0.03761699710072733]","[-0.04432403778141654, 0.027518564810518092]",4.0,4.21887218088801,0.4959576380492992,83000001,,-7.389796965183724,4.21887218088801
ballistic,miss,False,0.06946879163814859,"[0.05424223536275996, 0.04340153124620671]","[0.03101432630299883, 0.020215318124614128]",8.6,8.814374823081002,0.4408840858080289,83000002,,-9.16619563229031,8.814374823081002
ballistic,miss,False,0.07038573955623656,"[0.013929383265228731, -0.06899365633685992]","[0.008471602563096828, -0.050489889465907406]",6.4,6.649753471910756,0.5250559254996726,83000003,,-8.696345208048976,6.649753471910756
ballistic,miss,False,0.0524525304447164,"[-0.05239587637676507, 0.002437229731611876]","[-0.04363430163680321, 0.012052070915920582]",5.4,5.618501096921666,0.46710665922428424,83000004,,-7.069542468783688,5.618501096921666
ballistic,hit,True,0.01991237633903118,"[0.018110662592762502, 0.008276873317764496]","[0.026150177026513045, 0.01599574078690943]",5.800000000000001,6.042176460315843,0.5269530685098599,83000005,,6.302185792832995,6.042176460315843
ballistic,hit,True,0.03581948759442079,"[0.03516749615188577, 0.006803154116581847]","[0.013814009151119598, -0.036154252032753784]",3.5,3.6771926458067017,0.4968122301956346,83000006,,6.323102692795709,3.6771926458067017
ballistic,miss,False,0.05917738716378753,"[-0.0011490420406056016, 0.05916623068881206]","[0.002145529611503827, 0.04526320707717464]",5.9,6.020773699689782,0.5345236097616086,83000007,,-7.663726969708002,6.020773699689782
ballistic,miss,False,0.04830223699700665,"[-0.028392396929934227, -0.039076564530266214]","[-0.0722716624058336, -0.042938058269746435]",3.3000000000000003,3.4121482157631733,0.4853199913713945,83000008,,-6.283191311821874,3.4121482157631733
ballistic,miss,False,0.05278946841004063,"[-0.00929176989387677, -0.05196528636747731]","[-0.0025841753045011545, -0.0746269985885246]",3.8000000000000003,3.956079220491459,0.4447978710276123,83000009,,-6.691704984384174,3.956079220491459
ballistic,miss,False,0.04234247555928318,"[-0.04042841014470572, -0.012586853842797611]","[-0.03377830065783338, -0.017506245665453286]",5.2,5.3191146069127395,0.5294060458925003,83000010,,-6.420553272805307,5.3191146069127395
ballistic,hit,True,0.03052003239366636,"[0.02404283059335459, 0.01879932643393631]","[0.0072353497323693755, 0.037787480451788716]",4.3,4.445134330888535,0.48322866199604647,83000011,,6.342829764180973,4.445134330888535
ballistic,hit,True,0.03420298146909512,"[-0.007262620751560742, -0.03342302022849317]","[0.039813822915457445, -0.02662386774093733]",3.4000000000000004,3.6390697465185715,0.5160665375533326,83000012,,6.41884753664046,3.6390697465185715
ballistic,miss,False,0.08480452658113012,"[0.07958548063014914, 0.029290937190840458]","[0.06765228399245227, 0.02454326749525254]",4.3,4.440048727218262,0.5134749376196087,83000013,,-9.569879830406002,4.440048727218262
ballistic,miss,False,0.07046374763817226,"[0.005220947410895238, -0.07027006076095774]","[0.016865854505813044, -0.07014860502037704]",4.7,4.942477491871586,0.483021964218676,83000014,,-8.278212332010018,4.942477491871586
ballistic,hit,True,0.035932143702963076,"[0.03336770755523579, 0.013330980594039189]","[0.04283856150121883, 0.02700466158258657]",4.6000000000000005,4.73653934839187,0.49562453996544603,83000015,,6.043050655568507,4.73653934839187
ballistic,miss,False,0.04898249402531909,"[-0.024986818793783352, 0.04213007960480321]","[-0.02152040392833575, 0.04379600929428498]",5.2,5.448854727750497,0.5402063630896315,83000016,,-6.799552950587762,5.448854727750497
ballistic,miss,False,0.061480120530602464,"[-0.02931881613168165, -0.05403898815757056]","[-0.02921283851191149, -0.04574618072082085]",6.2,6.358557769608051,0.49171295070897647,83000017,,-7.912378262785879,6.358557769608051
ballistic,miss,False,0.05782183517756228,"[-0.05130696570611286, -0.026663831182576474]","[-0.04177273126301344, -0.0075955478509248595]",5.0,5.149458751167873,0.4969807718036644,83000018,,-7.339602889563237,5.149458751167873
ballistic,hit,True,0.03373736375079877,"[0.010269250538706087, -0.03213646225437697]","[0.0331944206270296, -0.07905279896365944]",3.0,3.153694585372859,0.49473964842663176,83000019,,6.5386189294664305,3.153694585372859
ballistic,miss,False,0.05145766295355902,"[0.05080963795419512, 0.008140747361618274]","[0.03310062284921666, -0.03420240259107012]",4.4,4.575282721818929,0.5304057781720826,83000020,,-6.754931922901299,4.575282721818929
ballistic,miss,False,0.057835933809177696,"[-0.021132352723300413, -0.053836965998815364]","[-0.05906169132771019, -0.04366278188462051]",2.2,2.4254598215013647,0.5402245586401606,83000021,,-6.640622024737239,2.4254598215013647
ballistic,miss,False,0.08625914420690031,"[-0.02267088784412688, 0.08322662316630325]","[-0.01911307429040955, 0.05250645466815806]",5.800000000000001,6.039241338212446,0.5272230499339544,83000022,,-10.100399974566763,6.039241338212446
ballistic,miss,False,0.0801110454040989,"[-0.02675900125490962, 0.07550983676036746]","[-0.045264683056972774, 0.05818802375744444]",4.2,4.383059733802147,0.47466774164743797,83000023,,-9.061112247335997,4.383059733802147
ballistic,hit,True,0.03498926192862877,"[-0.01729730584651809, -0.030414661937332166]","[-0.03402107008577382, -0.06025540577118285]",4.2,4.379095195471138,0.5081928333068967,83000024,,6.18484471855613,4.379095195471138
ballistic,hit,True,0.0398016623575722,"[0.015064891783101865, -0.0368404853658256]","[0.026609899099702995, -0.04950790589114701]",4.4,4.536941143964872,0.5337507643384644,83000025,,5.909892295983637,4.536941143964872
ballistic,miss,False,0.080337668418594,"[-0.08023322133638398, -0.004095260788127289]","[-0.06440576539422281, -0.05009256736147745]",3.8000000000000003,4.016223975542368,0.5381985592234351,83000026,,-8.983838104334973,4.016223975542368
ballistic,miss,False,0.06820921648092226,"[0.06644742688183425, 0.015402489205469612]","[0.049129521535578924, 0.034673770079998535]",4.800000000000001,4.9703141059238,0.4456627553436034,83000027,,-8.107810758088323,4.9703141059238
ballistic,miss,False,0.05379511601998596,"[-0.025861072114466074, 0.047171171881713256]","[-0.01728995952254779, 0.06003069660504623]",3.6,3.7152505124462754,0.47511785433046017,83000028,,-6.708696567252344,3.7152505124462754
ballistic,miss,False,0.04788950749072403,"[0.015414813363011065, 0.0453408034411351]","[0.0005968730487627416, 0.06290322172301627]",4.9,5.075974775423257,0.47871902705839275,83000029,,-6.65837807981507,5.075974775423257
ballistic,hit,True,0.025142827416020315,"[0.0030376943568298787, 0.02495864947200202]","[0.037401169874430595, -0.0020557945027827335]",3.6,3.8029967127497164,0.47592188174969974,83000030,,6.704898893455136,3.8029967127497164
ballistic,miss,False,0.07028700039995761,"[0.06983959108730073, 0.00791795061756927]","[0.04643753859707674, -0.00882360236900127]",5.7,5.918377905240702,0.4842003692729105,83000031,,-8.512664015764775,5.918377905240702
ballistic,miss,False,0.08133705157497959,"[-0.06196253619191103, 0.05269117637306085]","[-0.03851472750186799, 0.03319584269065927]",7.5,7.614543214393179,0.4803656528438544,83000032,,-10.009822474319304,7.614543214393179
ballistic,miss,False,0.07523973155142472,"[-0.04139050299712105, 0.0628318666408676]","[-0.030998706422043165, 0.04446828550251225]",4.800000000000001,4.922804214081709,0.5099503024598051,83000033,,-8.738135752456534,4.922804214081709
ballistic,hit,True,0.03184024424845682,"[0.03146326920258276, -0.0048850634476120276]","[0.053107631920617376, -0.0045822447821311525]",4.5,4.656892575912549,0.4895110140745138,83000034,,6.241374278874133,4.656892575912549
ballistic,miss,False,0.09545885043500917,"[0.08614293772712087, -0.04113133119794235]","[0.04412971480862767, -0.029683081275800854]",5.5,5.7296687537976725,0.5410280881409171,83000035,,-11.070245078983405,5.7296687537976725
ballistic,hit,True,0.03850320058224354,"[0.038502392630535835, -0.000249432958004607]","[0.0399129320814604, -0.0253966180445759]",4.1000000000000005,4.263590267528682,0.44904434070751414,83000036,,6.0484397155772,4.263590267528682
ballistic,miss,False,0.053290075519439005,"[-0.0447832866409649, -0.02888406803933074]","[-0.02634739106883824, -0.024918349921589526]",5.300000000000001,5.414267990426651,0.4434482234409218,83000037,,-7.0998950930421945,5.414267990426651
ballistic,miss,False,0.07864980296799011,"[0.019780816425857453, 0.07612168421961113]","[0.007693613491228116, 0.056657518312115296]",6.300000000000001,6.516070885322109,0.44077765033572636,83000038,,-9.44111969181479,6.516070885322109
ballistic,miss,False,0.09425199177103076,"[0.06728936003461304, 0.06599681794555455]","[0.04041468207310682, 0.0302006741777973]",6.0,6.150397315483396,0.49425897350189807,83000039,,-11.05214872050403,6.150397315483396
ballistic,hit,True,0.03197090148597159,"[0.02911537893230713, 0.013207318102244167]","[-9.838232168137007e-05, 0.05187716195673596]",2.7,2.862751803737124,0.4511477526138576,83000040,,6.686163411358937,2.862751803737124
ballistic,miss,False,0.0853604510214,"[-0.07193405739387718, -0.04595539125533818]","[-0.05545844906229122, -0.05553771117579977]",3.0,3.1375874283682714,0.4568907764551894,83000041,,-9.304004124110516,3.1375874283682714
ballistic,miss,False,0.0637555935289455,"[0.03335417747464149, 0.05433483736258199]","[0.0037666883789277544, 0.025515628105486743]",5.800000000000001,5.974852929588682,0.4756038780666632,83000042,,-7.990484816392572,5.974852929588682
ballistic,hit,True,0.03766929834792186,"[0.03732313334908459, 0.005095071641419644]","[0.04455056556782454, 0.005110588645582196]",3.8000000000000003,4.044802961956249,0.5176341772426085,83000043,,6.163139976234532,4.044802961956249
ballistic,miss,False,0.08029661146645838,"[-0.07074502749120372, -0.03798271841593495]","[-0.04838111172704797, -0.03427251842767867]",5.800000000000001,5.984415396937947,0.46549994516589616,83000044,,-9.479716133122109,5.984415396937947
ballistic,miss,False,0.04361657444158146,"[-0.03312674337246603, -0.02837295260547966]","[-0.06117035178485526, -0.05897149255850358]",2.8000000000000003,2.99133213055444,0.4538085570048718,83000045,,-5.889003478761261,2.99133213055444
ballistic,miss,False,0.058814515586571164,"[0.027079498763343385, 0.05220965418779468]","[0.03781910623736333, 0.055668872769785896]",5.1000000000000005,5.235881045378574,0.4789763632523171,83000046,,-7.436967027301889,5.235881045378574
ballistic,miss,False,0.09988363868187522,"[0.09914763711735328, -0.012103195048293214]","[0.0774421041021324, -0.04544166757187612]",3.4000000000000004,3.6000270998573516,0.5041140632256864,83000047,,-11.085463297707124,3.6000270998573516
ballistic,miss,False,0.09244049125536738,"[-0.08950191785263537, -0.023122524175222803]","[-0.06004658655260606, -0.013630457456949883]",6.0,6.249679203051972,0.47344407741346156,83000048,,-10.84077776470853,6.249679203051972
ballistic,miss,False,0.05309237943934453,"[0.01873979958950074, 0.04967515139258945]","[0.010769380518277125, 0.05111809726548984]",4.9,5.016826694453855,0.49545199750482516,83000049,,-6.986750471582083,5.016826694453855
ballistic,miss,False,0.07106316948642379,"[0.04955430736727066, 0.05093470996095155]","[0.029472558655426674, 0.054829461434362445]",4.3,4.440829161073698,0.45829687078111053,83000050,,-8.23123378591012,4.440829161073698
ballistic,miss,False,0.08585785969702167,"[0.05372384722194772, 0.06697253400780262]","[0.039660155564344206, 0.07830342516717484]",4.2,4.3119724155786,0.527312441085715,83000051,,-9.657232544845911,4.3119724155786
ballistic,miss,False,0.05099623136112566,"[-0.00552388217069745, -0.050696176767106485]","[0.03377323698463634, -0.07962943337451929]",3.4000000000000004,3.5607112653970328,0.49938674799073585,83000052,,-6.475384758148411,3.5607112653970328
ballistic,miss,False,0.07727538962895517,"[-0.03272373701219977, 0.07000459183698751]","[-0.02280771689685837, 0.050983746556625555]",7.4,7.642211541626053,0.5092380352422398,83000053,,-9.582178651441767,7.642211541626053
ballistic,miss,False,0.04936945628962017,"[0.0008750629993080211, -0.04936170052864831]","[-0.029867903447154384, -0.041640144661730556]",4.4,4.599654695125765,0.5099898403562257,83000054,,-6.623339508957947,4.599654695125765
ballistic,miss,False,0.10371090527024175,"[-0.06517716644772166, 0.08067148719231004]","[-0.05675732438650784, 0.05965758811978623]",5.0,5.158548653372218,0.5309077778675511,83000055,,-11.97246991998316,5.158548653372218
ballistic,miss,False,0.07449257249373874,"[-0.07210277953685823, 0.01871717232367483]","[-0.043928910999348536, -0.00553144199995718]",4.3,4.4210303984051285,0.49672789452111865,83000056,,-8.543214597959327,4.4210303984051285
ballistic,miss,False,0.04430512940330909,"[-0.04405431546067354, 0.004707630055072801]","[-0.031086395372638215, 0.010192292456514668]",6.5,6.628289598998476,0.47900752535631985,83000057,,-6.851840307152476,6.628289598998476
ballistic,miss,False,0.10045753512134563,"[0.07749296920974258, 0.06392617684262276]","[0.06751715358848065, 0.047974799284307326]",3.7,3.8440106057414174,0.48209059804791554,83000058,,-11.232322726660243,3.8440106057414174
ballistic,hit,True,0.03221618597698993,"[0.023793956765729943, -0.0217193522079867]","[-0.019073968645186887, -0.027662947043112653]",4.800000000000001,4.970022392187867,0.5094993708967288,83000059,,6.151323350684999,4.970022392187867
ballistic,miss,False,0.0682785452801078,"[0.0011395987009475265, 0.06826903441801802]","[0.001217460944799631, 0.0518847406514109]",5.300000000000001,5.413637572815686,0.5260740979003284,83000060,,-8.238724840979831,5.413637572815686
ballistic,hit,True,0.017240462002002695,"[0.012643666327613906, 0.011720547420596916]","[0.06885164469951952, 0.05645506560362398]",3.6,3.7201290003158682,0.5358608227023741,83000061,,6.914229043723438,3.7201290003158682
ballistic,miss,False,0.06026136711677642,"[-0.06025928817612741, -0.0005005549813287859]","[-0.05934921450820102, -0.008826128288010774]",4.7,4.875141668802557,0.45596802517199364,83000062,,-7.444645229239313,4.875141668802557
ballistic,miss,False,0.06371082684756518,"[-0.020009959969049564, 0.06048694867190332]","[0.03570240090551987, 0.06698075481616417]",4.5,4.621022229287876,0.5250699483291668,83000063,,-7.66191841100027,4.621022229287876
ballistic,miss,False,0.09092512922611892,"[-0.0577477594418669, -0.07023229601992731]","[-0.030401382647750178, -0.028953834496979303]",7.9,8.136344356971142,0.5222268620180294,83000064,,-11.142111952991513,8.136344356971142
ballistic,miss,False,0.0957661732807215,"[0.01498671387907248, -0.09458624821790952]","[-0.02438985280824489, -0.06990710621068687]",3.6,3.8306751247904822,0.45232029946653424,83000065,,-10.631974965520735,3.8306751247904822
ballistic,hit,True,0.02556777465427633,"[-0.015481687493995797, -0.020347689134398265]","[-0.07564908605445929, 0.002770779931877138]",2.7,2.913567779836889,0.5258577108440873,83000066,,6.91643056201759,2.913567779836889
ballistic,miss,False,0.07242696321632165,"[-0.022284168262378598, 0.06891357519090421]","[-0.04224264193621406, 0.06120794425047335]",3.5,3.61251315759361,0.49143641322734666,83000067,,-8.153540625461506,3.61251315759361
ballistic,miss,False,0.06892838761016568,"[-0.0451116604711653, -0.052115839320417204]","[-0.03368375123842279, -0.03400805564663158]",5.5,5.617849081287632,0.44540696850938083,83000068,,-8.344451636585774,5.617849081287632
ballistic,hit,True,0.022692470783912008,"[-0.0035669381755192783, 0.02241038112863597]","[0.027536673533751894, 0.04507382294694137]",4.0,4.163748768696231,0.46834011309038664,83000069,,6.678157356075813,4.163748768696231
ballistic,hit,True,0.035523260020649636,"[0.009145320578226916, 0.03432586654428616]","[0.017301331722728526, 0.023058542326011518]",6.5,6.614584483034432,0.45949510123322695,83000070,,5.586311248440824,6.614584483034432
ballistic,miss,False,0.08612054077561308,"[0.061027687609752024, 0.06076486557617449]","[0.024074584989201175, 0.08530900838976123]",4.4,4.544018809383509,0.5061712627549747,83000071,,-9.735467214677522,4.544018809383509
ballistic,miss,False,0.04809812801313026,"[-0.014815413419532061, 0.04575951751904531]","[0.028427340038140583, 0.07007304310424538]",3.3000000000000003,3.429653146891132,0.520544851196176,83000072,,-6.270893698979666,3.429653146891132
ballistic,hit,True,0.02644049334311291,"[0.007522244251590926, 0.025347890043287732]","[-0.03709835766634023, 0.08048461917063303]",1.7000000000000002,1.9090383218418754,0.5277208766368097,83000073,,7.138062694858001,1.9090383218418754
ballistic,miss,False,0.07202398920999342,"[-0.048046658646788074, -0.053656067826484216]","[-0.09125019165115725, -0.004360091032918869]",3.5,3.6610789091360028,0.542406357349646,83000074,,-8.11715938857578,3.6610789091360028
ballistic,miss,False,0.06305272015238839,"[-0.06294463073343305, -0.0036903902838534147]","[-0.042984626237508664, 0.0209304018456775]",4.6000000000000005,4.7545804900410715,0.4598372679740011,83000075,,-7.634778449134627,4.7545804900410715
ballistic,hit,True,0.03620713455829935,"[0.03402705076455239, 0.012374021544727089]","[0.025333816847529687, 0.01969418421912212]",4.4,4.543184844684924,0.47802191834865954,83000076,,6.080652129423253,4.543184844684924
ballistic,miss,False,0.08135006106401975,"[0.036284787007071564, 0.07280966053327809]","[0.037058388123283784, 0.04881954038463892]",4.9,5.11828790801804,0.46224472549709095,83000077,,-9.361145271949837,5.11828790801804
ballistic,hit,True,0.036214473179995786,"[0.027831050008920083, -0.023171549864124837]","[0.053455144823289946, 0.00020231456396402553]",3.4000000000000004,3.6389871397009688,0.456059521880431,83000078,,6.330319957684603,3.6389871397009688
ballistic,miss,False,0.05589828457678869,"[-0.03777189821080073, -0.04120560549464795]","[-0.04926298018216055, -0.04022754325382675]",4.3,4.467294512167743,0.5228871334736145,83000079,,-7.027886386642282,4.467294512167743
ballistic,miss,False,0.059009331876548006,"[0.05306172825329454, 0.02581771181360014]","[0.08205356936009986, -0.009473426016418112]",2.8000000000000003,2.9109102333178978,0.4465346790611072,83000080,,-6.876313280322866,2.9109102333178978
ballistic,miss,False,0.0515967976275095,"[0.01576703480009603, -0.04912870992634277]","[0.003230630474060539, -0.04507119455031422]",4.4,4.5704408929589055,0.5370414639535577,83000081,,-6.763893453383856,4.5704408929589055
ballistic,miss,False,0.0454027391565002,"[0.006187063429423205, 0.04497920596268336]","[0.05452532613492577, 0.02601402482303379]",2.6,2.8484973408348577,0.4773688694556458,83000082,,-5.938380451820748,2.8484973408348577
ballistic,miss,False,0.0988854270528862,"[0.0633993959301931, 0.07588704948222912]","[0.027406670917649242, 0.041133703110964745]",6.6000000000000005,6.794168070347969,0.5251180758171506,83000083,,-11.761454802144797,6.794168070347969
ballistic,hit,True,0.03696272826480283,"[-0.009158672499349554, 0.03581008236275522]","[0.0033563771474961063, 0.040846328888808195]",4.7,4.867963848041163,0.49943715096190033,83000084,,5.971097949513966,4.867963848041163
ballistic,miss,False,0.08516904531946186,"[0.07437307968880487, -0.04150194330668419]","[0.05127266902543516, -0.06582045775517731]",3.5,3.616413948489373,0.4570351547052172,83000085,,-9.408603925392843,3.616413948489373
ballistic,miss,False,0.057937509877798714,"[-0.017761537949808587, 0.05514782697892577]","[0.007651001391615092, 0.060543445996642076]",4.6000000000000005,4.8315305724050415,0.44515945268561263,83000086,,-7.247971906775016,4.8315305724050415
ballistic,miss,False,0.09195460956547648,"[0.06349332011414299, -0.06651502477803178]","[0.05773843566551511, -0.051586258388623685]",5.0,5.1244277181066415,0.537887303960902,83000087,,-10.53478138771201,5.1244277181066415
ballistic,miss,False,0.06047561385071616,"[0.0600796793000945, 0.006908835344595271]","[0.05528148289771012, -0.004188236850395967]",4.4,4.533735701046922,0.5307254208830273,83000088,,-7.385812419138082,4.533735701046922
ballistic,miss,False,0.0906820659212063,"[0.08293188432131432, 0.03668159814749277]","[0.04975969436749411, 0.04106322041678433]",5.1000000000000005,5.326481499326367,0.5165874876510149,83000089,,-10.414523174836251,5.326481499326367
ballistic,miss,False,0.0519908175730566,"[-0.02016994619459221, -0.047918872925206676]","[0.020667879310295692, -0.04516063188013951]",4.7,4.886695708167133,0.5368200933228889,83000090,,-6.864403194946782,4.886695708167133
ballistic,miss,False,0.06035322459282711,"[0.01653507943597289, 0.05804397356141547]","[0.005206654749247211, 0.0728440420794243]",3.2,3.3904704252247075,0.4860849347763171,83000091,,-7.076569824220146,3.3904704252247075
ballistic,hit,True,0.013695816183478104,"[0.006674265901044266, -0.011959496461547973]","[-0.03770386806472563, -0.02000601069212231]",2.8000000000000003,3.030285327268,0.5059524232376278,83000092,,7.182765386917737,3.030285327268
ballistic,miss,False,0.0410472839280482,"[-0.040945716365737114, -0.0028857978387980543]","[-0.012063256861759616, 0.04330319811010075]",3.5,3.691577143811876,0.4709870947653434,83000093,,-5.928049698668628,3.691577143811876
ballistic,miss,False,0.056169380656542395,"[-0.0561549061405051, -0.0012750841896211357]","[-0.041074827296267866, 0.005240261120091015]",4.6000000000000005,4.790040025550292,0.5161165690298178,83000094,,-7.121874577087224,4.790040025550292
ballistic,miss,False,0.08209989115698513,"[-0.02553786298985687, 0.0780269804740649]","[-0.0323984339224596, 0.07260190977851713]",5.2,5.313743544496833,0.5185114900979737,83000095,,-9.512745079993001,5.313743544496833
ballistic,hit,True,0.024532904660058794,"[-0.02419302801704927, 0.004069497072833876]","[-0.08244502050411824, 0.03241074726394765]",3.5,3.7348704429328894,0.4930005153785746,83000096,,6.748835368087791,3.7348704429328894
ballistic,hit,True,0.02913321670038426,"[0.02839201844757719, -0.0065297476049220315]","[0.008356343296660323, 0.022952509244586916]",4.1000000000000005,4.340835576935233,0.5403833954996736,83000097,,6.444534802930282,4.340835576935233
ballistic,miss,False,0.06861943703640708,"[0.05697012362946695, 0.038249603302997634]","[0.054959232208727574, 0.08603725961892926]",3.6,3.7576894348929284,0.4622999782185881,83000098,,-7.842891961995898,3.7576894348929284
ballistic,miss,False,0.07267515170212155,"[0.040460607194928444, -0.060370662911252565]","[-0.008386980224463214, -0.034298060608344866]",4.4,4.5935625882869875,0.5087357824707772,83000099,,-8.401048546828989,4.5935625882869875
ballistic,hit,True,0.03979182694101702,"[-0.016439173084187603, 0.03623731612042991]","[-0.06451299785890399, 0.06477766771794936]",3.6,3.7138941779692134,0.5317771903935327,83000100,,6.110381567935095,3.7138941779692134
ballistic,miss,False,0.07909908003633713,"[0.06046114534579509, -0.05100112122365065]","[0.034053334411077864, -0.04705007257904896]",5.4,5.647124493611991,0.5113166885530577,83000101,,-9.260415289121791,5.647124493611991
ballistic,hit,True,0.03527274348666068,"[-0.017460626665219844, 0.030647886542689642]","[-0.023583323518693536, 0.002448750544797552]",4.2,4.360848091613375,0.5235041721346035,83000102,,6.172395979327648,4.360848091613375
ballistic,miss,False,0.0769106955934601,"[-0.0554971263400247, 0.05324776112353664]","[-0.048830535107652465, 0.03298548359328902]",5.6000000000000005,5.710303660716169,0.529990233391591,83000103,,-9.097034435418676,5.710303660716169
ballistic,hit,True,0.03533468784423658,"[-0.0352766219758584, 0.0020248721001644935]","[-0.019583230990384337, -0.014337293308269555]",4.6000000000000005,4.782922179523825,0.46525111864847196,83000104,,6.069662396843976,4.782922179523825
ballistic,miss,False,0.07166818560128982,"[0.004078845883205173, 0.07155202193957894]","[-0.03536859342085441, 0.0397272463195229]",4.2,4.400818501899537,0.4698303231639482,83000105,,-8.260205517113079,4.400818501899537
ballistic,miss,False,0.07555621092761108,"[-0.07232581238124684, 0.021856758065420805]","[-0.10350174582166707, -0.02035178920967596]",3.9000000000000004,4.1335693458953,0.5401329133308209,83000106,,-8.542963131086037,4.1335693458953
ballistic,miss,False,0.07647697239803805,"[-0.02794865994137427, 0.07118707547477769]","[0.007972616322612175, 0.06708416015673767]",3.5,3.700952822016605,0.4946528047482535,83000107,,-8.53045456698142,3.700952822016605
ballistic,hit,True,0.030936315833617934,"[0.004874942300214222, 0.030549804826331406]","[0.009333330138584603, 0.0557143471695101]",2.7,2.9248403989864196,0.44546504768799133,83000108,,6.72684022665165,2.9248403989864196
ballistic,miss,False,0.05392709008331916,"[-0.020623314006350563, 0.049827803124860764]","[0.007148753932870816, 0.034269126488345486]",5.800000000000001,6.030932711989484,0.4820334439946322,83000109,,-7.267581903034012,6.030932711989484
ballistic,hit,True,0.03750938949659013,"[0.03405068006681271, 0.01573230712243024]","[0.03766485165370757, 0.04958968108623949]",4.2,4.428098462329609,0.511992386781532,83000110,,6.070653562245683,4.428098462329609
ballistic,miss,False,0.05915522023305182,"[0.056784041749197454, -0.016580491049612005]","[0.0356218740686793, 0.024073071087512506]",3.8000000000000003,4.0195161474351435,0.4710842190710454,83000111,,-7.13708755051304,4.0195161474351435
ballistic,miss,False,0.0708417121804499,"[-0.060146628812561, 0.03742901584521975]","[-0.09144987276385746, 0.05951117117053821]",3.8000000000000003,4.001598577475887,0.5231475428192557,83000112,,-8.086592615411066,4.001598577475887
ballistic,miss,False,0.04481118633361947,"[0.028047875364909977, -0.034947948554111735]","[0.0037030489772390957, -0.07017716861036369]",4.4,4.600476958332124,0.515097201078072,83000113,,-6.355026512891477,4.600476958332124
ballistic,miss,False,0.07051342056871089,"[-0.029163850087960005, -0.06419978448832127]","[-0.04320811312846752, -0.08904783294684396]",4.0,4.170630979244681,0.5105192383363223,83000114,,-8.107589050187437,4.170630979244681
ballistic,miss,False,0.06481445667211885,"[0.03455494399969898, -0.05483493082770908]","[0.02547695089561637, -0.040212407745012675]",6.2,6.346460369633388,0.4678886886380484,83000115,,-8.175571121063731,6.346460369633388
ballistic,miss,False,0.07572618452854903,"[0.0547769598764041, -0.05228708913250644]","[0.03630154766156088, -0.03386430065158922]",4.9,5.0661577065403005,0.44022953049591473,83000116,,-8.80903438953241,5.0661577065403005
ballistic,miss,False,0.07195398498447411,"[0.03933883535773318, -0.06024808700567254]","[0.019303235508103853, -0.039884813300466074]",4.6000000000000005,4.8365189063919996,0.5153412612355962,83000117,,-8.385859971966203,4.8365189063919996
ballistic,miss,False,0.08545132963130422,"[-0.006960812372531336, -0.0851673460128483]","[-0.019341136368042383, -0.08873373566789954]",4.2,4.38630709240192,0.516994524422626,83000118,,-9.613706084848634,4.38630709240192
ballistic,miss,False,0.09162098076972326,"[0.08425935180467908, 0.03598285356473724]","[0.05318631044967632, 0.0025119449167372854]",5.4,5.564420966585036,0.532594833574738,83000119,,-10.59650257325375,5.564420966585036
ballistic,miss,False,0.05676833568313982,"[0.0462070492447143, 0.032978061439845024]","[0.05504423256245664, -0.003230026685420131]",3.9000000000000004,4.064992888665225,0.5200241009136659,83000120,,-6.9891524601460295,4.064992888665225
ballistic,hit,True,0.024168608526961392,"[-0.022899879289400835, 0.007727688312838564]","[-0.01755346377282231, -0.01988527472561078]",4.3,4.505280020121404,0.4653026973228511,83000121,,6.559923976169055,4.505280020121404
ballistic,hit,True,0.03219813875799036,"[-0.03217275828679156, 0.001278187661685963]","[-0.03701595254629486, -0.021357762915530272]",5.0,5.131065813696852,0.5229327353248274,83000122,,6.10204991282575,5.131065813696852
ballistic,miss,False,0.04477529373946165,"[0.042504860416964406, 0.014077065404033832]","[0.05151453615382059, 0.014965506693534155]",4.800000000000001,4.928614910329754,0.4636940731822198,83000123,,-6.453016830909421,4.928614910329754
ballistic,miss,False,0.08617244197848392,"[0.07170297434279777, -0.047795117187127624]","[0.0459713562626179, -0.029222388587940885]",5.7,5.927660369451099,0.5060063421842143,83000124,,-10.066056097834485,5.927660369451099
ballistic,hit,True,0.01614083345726892,"[-0.002733009334980316, -0.015907770575105812]","[0.026776766681572542, -0.04015584353000032]",3.6,3.8198785436962215,0.4865137478028659,83000125,,6.937170934565442,3.8198785436962215
ballistic,miss,False,0.06897323463754948,"[0.05811247565569024, -0.03715167922898323]","[0.07398149419516745, -0.014619866153838102]",3.2,3.4210437862222642,0.4848145899641212,83000126,,-7.773316935229035,3.4210437862222642
ballistic,miss,False,0.056225756527333075,"[0.027458015658621097, -0.049065192073015025]","[0.045972303126790695, -0.04206249295766613]",4.4,4.619466962159475,0.501761100404425,83000127,,-7.0758348106693365,4.619466962159475
ballistic,hit,True,0.02635692149542937,"[-0.025871407994718376, 0.005035628966380342]","[-0.09260965742361549, -0.002995470072249007]",2.7,2.864994784702086,0.5065669108192697,83000128,,6.890820430802359,2.864994784702086
ballistic,miss,False,0.06698241430825248,"[0.060269565506762865, 0.029227098730260713]","[0.04371633926561856, 0.02885788327051577]",5.6000000000000005,5.753880643091073,0.4669605673842761,83000129,,-8.20415239160149,5.753880643091073
ballistic,hit,True,0.0325835715893292,"[0.024600921893843927, 0.021365481026411073]","[-0.024639652476336163, 0.06942203129399034]",3.6,3.8278773192985835,0.5392267859817543,83000130,,6.436444289051911,3.8278773192985835
ballistic,miss,False,0.040263567796646776,"[0.04013877704509722, 0.0031675651594163037]","[0.04230965961345136, -0.013058123732688852]",5.0,5.225589207137683,0.49290253714879345,83000131,,-6.263221807321981,5.225589207137683
ballistic,miss,False,0.051172788484506355,"[-0.017887040577585847, -0.04794484394234508]","[-0.047101834179279864, -0.036445012359167445]",2.7,2.9290194014695405,0.4735307836796413,83000132,,-6.3116589258000175,2.9290194014695405
ballistic,miss,False,0.05362205393588445,"[-0.021385203002381614, 0.04917314064456153]","[-0.024877932869370123, 0.019927817811870547]",3.8000000000000003,4.003794702405291,0.4795987040254268,83000133,,-6.747077917689313,4.003794702405291
ballistic,miss,False,0.041010950226132215,"[0.020921917247460883, -0.03527281413696237]","[-0.004932423255049681, -0.04139136814855909]",5.0,5.157264473713155,0.5261262759198057,83000134,,-6.3011862740314335,5.157264473713155
ballistic,hit,True,0.0287304500236245,"[0.02379531929448972, -0.01610035832623828]","[0.07920501534687538, -0.011787757085514149]",4.0,4.11042523183711,0.5042561244951144,83000135,,6.484100775900009,4.11042523183711
ballistic,miss,False,0.04770297384270934,"[0.009149291482492751, 0.04681734912195048]","[0.03164447018595152, 0.02473311102636263]",4.6000000000000005,4.829286629299154,0.4565323419244282,83000136,,-6.572233570898883,4.829286629299154
ballistic,miss,False,0.08233326737751957,"[-0.07226275960227502, 0.03945707150463574]","[-0.04696290072866094, 0.045936217555427046]",3.9000000000000004,4.059234403426959,0.513352285577941,83000137,,-9.211729323161332,4.059234403426959
ballistic,miss,False,0.07997979804505921,"[0.004123624242496529, -0.07987342373051973]","[0.012321857824975788, -0.056665249220920165]",5.4,5.542922661536495,0.49216968873555467,83000138,,-9.347980059580285,5.542922661536495
ballistic,miss,False,0.06484594044100486,"[0.0645725830213757, -0.005947899934085461]","[0.053454454863158085, -0.05436995603355261]",3.6,3.767988716261897,0.4947205216617079,83000139,,-7.5281224947989696,3.767988716261897
ballistic,miss,False,0.05642299561774158,"[0.05639314131063475, -0.0018352241275839051]","[0.04972246933976446, -0.036949653715801604]",4.7,4.878111314864251,0.4468487683975867,83000140,,-7.164721521549803,4.878111314864251
ballistic,miss,False,0.057337494657631195,"[-0.02402851327207789, 0.0520597622309924]","[0.02304161533504251, 0.09566203385368852]",2.6,2.8164710791265612,0.5349420017167079,83000141,,-6.7047426835086785,2.8164710791265612
ballistic,miss,False,0.06707607456377601,"[0.035037582941195376, -0.0571976184864728]","[0.031201755233503235, -0.04774147369001268]",7.0,7.115084260306437,0.4446637985606567,83000142,,-8.561999861803272,7.115084260306437
ballistic,miss,False,0.05675599767546887,"[-0.04278146316289376, -0.03729597406932539]","[-0.007492784992059173, -0.0767999198136079]",4.1000000000000005,4.267454848588174,0.5228403950128591,83000143,,-7.038277045086142,4.267454848588174
ballistic,miss,False,0.10249730350021856,"[-0.0664994587338426, 0.0779969179706601]","[-0.04974963784455598, 0.0671352790782796]",4.4,4.554370103304526,0.49538053342888516,83000144,,-11.666060765509949,4.554370103304526
ballistic,miss,False,0.06992403157896414,"[-0.0661371672942974, 0.022699015276925402]","[-0.042192434641767626, 0.06307429084048714]",3.1,3.274235130988763,0.5318341899030188,83000145,,-7.830856370159983,3.274235130988763
ballistic,miss,False,0.10292920138851754,"[-0.08008932964498702, -0.0646538457904447]","[-0.07746792325103455, -0.02420686695113706]",2.7,2.8312580796207167,0.5262105888283398,83000146,,-11.296512811548752,2.8312580796207167
ballistic,miss,False,0.08026492947327181,"[0.07879666833832785, 0.015282145207033554]","[0.07809339614343322, 0.030077839022831815]",3.1,3.3266148777784985,0.49438734812020424,83000147,,-8.80153681459331,3.3266148777784985
ballistic,miss,False,0.049060859553869726,"[-0.005853695053643748, 0.048710391030903015]","[-0.0585850630393141, 0.02137333470358315]",2.2,2.3955651529506574,0.5233867275634485,83000148,,-6.054354962602831,2.3955651529506574
ballistic,miss,False,0.0686737500230856,"[0.06530923966231911, 0.021231748796625628]","[0.10236778806081676, 0.005361739702095489]",2.9000000000000004,3.1159875452000008,0.4911015924040232,83000149,,-7.672552463895781,3.1159875452000008
ballistic,miss,False,0.066477901741794,"[-0.04359733732521834, 0.050185491908944564]","[-0.001952126979177321, 0.05342726492032821]",3.4000000000000004,3.6120023712994858,0.46716763044763737,83000150,,-7.612069637494761,3.6120023712994858
ballistic,miss,False,0.05659547285751988,"[-0.05524758294747392, 0.012278115752356236]","[-0.045267746796571334, 0.014550495487701143]",5.4,5.5134110866388255,0.4452466970670611,83000151,,-7.351904717478918,5.5134110866388255
ballistic,miss,False,0.08108216243616692,"[0.0659615760095639, -0.04715281068673938]","[0.04053663130169152, -0.06868865382691584]",4.4,4.617705478791945,0.4840869976969122,83000152,,-9.2089481658281,4.617705478791945
ballistic,miss,False,0.048634294583287226,"[0.001688481913475287, -0.04860497544945196]","[0.06124157446431991, -0.02006478050713955]",4.5,4.706167557287082,0.5287460396896837,83000153,,-6.603309131008726,4.706167557287082
ballistic,miss,False,0.04749490418440957,"[0.02080208405097285, -0.04269706339577122]","[0.03834647823302138, -0.02954655127628835]",5.0,5.113131114732112,0.48948632559141236,83000154,,-6.6598537021789035,5.113131114732112
ballistic,miss,False,0.04376408691676855,"[-0.029297198283173342, 0.03251106698364262]","[-0.03723899622707193, 0.047060777374601986]",3.7,3.921542382500499,0.5202280228881468,83000155,,-6.122059564786546,3.921542382500499
ballistic,miss,False,0.048282051811869287,"[0.04686037198352326, 0.01163022204129648]","[0.0716457115259433, -0.004861152292102833]",4.1000000000000005,4.227228624145666,0.46367880526494876,83000156,,-6.4819728294775185,4.227228624145666
ballistic,miss,False,0.07317023870188635,"[0.07315324324101205, 0.0015769702002108275]","[0.12380650730075735, -0.020475014947906576]",3.9000000000000004,4.064091584130454,0.532859152751318,83000157,,-8.321177394806892,4.064091584130454
ballistic,miss,False,0.09743067259700408,"[-0.03590719606232192, 0.09057267376889441]","[-0.060240378581338, 0.07127298931627832]",3.0,3.2273261185328947,0.5089209473130293,83000158,,-10.682959976690377,3.2273261185328947
ballistic,miss,False,0.044597541577973014,"[-0.04459063874802227, -0.0007846342093015581]","[-0.028173512128622846, -0.015123465477908066]",4.1000000000000005,4.334166422403289,0.48854917055900193,83000159,,-6.268087946749395,4.334166422403289
ballistic,miss,False,0.07506235566488297,"[0.003342105782390442, -0.07498791613920672]","[0.013933578865987256, -0.06307403357205785]",5.1000000000000005,5.275895944342402,0.5022483299001518,83000160,,-8.796473273725866,5.275895944342402
ballistic,miss,False,0.07869046240311944,"[0.05536318197835247, 0.055920541435581464]","[0.04120244672821608, 0.031770869971046736]",5.7,5.821488029588311,0.4932934575958605,83000161,,-9.295118045760471,5.821488029588311
ballistic,miss,False,0.06880713067899605,"[0.06099928576325126, 0.031835646194943966]","[0.040024542628768596, 0.013888321882613873]",5.6000000000000005,5.7595560280055995,0.5186650468685953,83000162,,-8.359013270172772,5.7595560280055995
ballistic,miss,False,0.056999700248008524,"[-0.012714560390724244, 0.055563529247460955]","[-0.03609706988711309, 0.040612883531855284]",4.2,4.416531663718663,0.45358297825921723,83000163,,-7.080603642726764,4.416531663718663
ballistic,miss,False,0.08481397789012392,"[-0.05941568553106241, -0.06052426916882457]","[-0.05025664273712682, -0.07903863316017772]",3.9000000000000004,4.039718603179726,0.49609744555871843,83000164,,-9.470881778466516,4.039718603179726
ballistic,miss,False,0.06836332587463988,"[-0.06325257665303961, 0.02593561010258974]","[-0.02399013066954163, 0.057346779469807416]",4.2,4.325516310382654,0.540522376145639,83000165,,-7.970965202901379,4.325516310382654
ballistic,miss,False,0.054112013390903636,"[0.03571683235171848, -0.04064994317310383]","[0.05780747513082274, -0.02372784342622664]",3.6,3.748080654736574,0.5029886200996466,83000166,,-6.730068745760835,3.748080654736574
ballistic,miss,False,0.05670011054911455,"[0.0042086178995209556, 0.05654370054796239]","[0.019784526590142626, 0.05059279688038117]",4.0,4.203464990720626,0.5234482569111163,83000167,,-7.009314085176133,4.203464990720626
ballistic,hit,True,0.03476091726114193,"[-0.015263487418669355, 0.031230551078328367]","[0.019078496234279138, 0.04838467750776258]",4.6000000000000005,4.778557180722419,0.5051428986977717,83000168,,6.094799144477529,4.778557180722419
ballistic,miss,False,0.057516861498133315,"[-0.03817365369333528, -0.04302280232965724]","[-0.03191312163397533, -0.031491529669865646]",7.0,7.1467518548699935,0.46836362236808154,83000169,,-7.817618347872154,7.1467518548699935
ballistic,hit,True,0.038321677308976856,"[0.03783423807569192, 0.006092731817929915]","[0.060799683826210246, 0.046356767763763414]",4.3,4.437176892394681,0.47035985456189583,83000170,,6.007155655141655,4.437176892394681
ballistic,miss,False,0.04848873525893215,"[-0.017892521907033027, -0.04506678496206661]","[-0.014209030438849746, -0.06355281479083552]",4.9,5.038791032203186,0.498918621686907,83000171,,-6.694473404381756,5.038791032203186
ballistic,miss,False,0.04374395796800923,"[-0.03864181245597942, -0.020502297159681205]","[-0.10710745421080003, 0.01090419736404542]",3.6,3.79927462535826,0.49374734418945554,83000172,,-6.095958661691849,3.79927462535826
ballistic,miss,False,0.07105158910482601,"[0.07103034932529434, 0.0017371784731822475]","[0.05951348363856385, -0.013283645594428005]",5.0,5.1826298705422245,0.49674219283563736,83000173,,-8.405205196450643,5.1826298705422245
ballistic,hit,True,0.034743674154662195,"[-0.01957467244654762, 0.02870461796254587]","[-0.009444198883891919, 0.038333107126408354]",4.9,5.075841649318083,0.4633196518189206,83000174,,6.020548191396662,5.075841649318083
ballistic,hit,True,0.03593967858450923,"[0.026399946233883254, 0.02438654004991082]","[0.06965538937835719, 0.020031012174748838]",3.8000000000000003,4.008396774991348,0.5164730014958451,83000175,,6.2427121895263555,4.008396774991348
ballistic,miss,False,0.04500712904330826,"[-0.04309643219800245, 0.01297455958882534]","[-0.059435562906628395, 0.021007146957600413]",3.1,3.221891446707966,0.5143002000863127,83000176,,-6.041026040450626,3.221891446707966
ballistic,hit,True,0.03847719252559432,"[-0.004860990179885963, -0.03816890251399303]","[0.004839874438250097, -0.04634031195558433]",4.3,4.534946546005323,0.4920893254589145,83000177,,5.9996910345927175,4.534946546005323
ballistic,miss,False,0.0669898821643497,"[-0.022411582996509402, 0.06312974940536378]","[-0.013237020869264676, 0.03163420291214684]",7.300000000000001,7.536584303701841,0.5066458514480928,83000178,,-8.62977769524591,7.536584303701841
ballistic,miss,False,0.04476353069541049,"[0.019110782365600154, 0.04047902762781763]","[0.03652769404219444, 0.047865810248636925]",3.7,3.878385626491508,0.4738265270545066,83000179,,-6.177358550199349,3.878385626491508
ballistic,miss,False,0.0752698399939126,"[0.02652914011028107, -0.07043971562774995]","[0.021956991682228477, -0.06196184425149384]",4.800000000000001,4.972265240668183,0.47823080614957086,83000180,,-8.740968007943252,4.972265240668183
ballistic,miss,False,0.06727644738453063,"[-0.06429671610154858, 0.01980031997823225]","[-0.048115798495782236, 0.011882016510071888]",7.1000000000000005,7.2283777257135915,0.5309929098793726,83000181,,-8.603825232927196,7.2283777257135915
ballistic,miss,False,0.06663829900423367,"[0.03980220294775509, -0.05344574384067795]","[0.08243601460865439, -0.04600418296591756]",3.6,3.7121862684881366,0.4961455849017226,83000182,,-7.675414308861031,3.7121862684881366
ballistic,miss,False,0.07839149268755555,"[0.06078076654300875, 0.04950681310918066]","[0.06217173966469458, 0.022240136315127623]",4.9,5.145257455079874,0.5263859267086715,83000183,,-9.065766328614421,5.145257455079874
ballistic,miss,False,0.06257722300450422,"[-0.05007822160826922, 0.037524399522291224]","[-0.02666391783195496, 0.024369393385017733]",6.4,6.6391765336842505,0.5373331423582622,83000184,,-8.047443024347155,6.6391765336842505
ballistic,miss,False,0.09063967845434527,"[0.05851220590941703, -0.0692233563901743]","[0.02984875098662349, -0.053186319716686914]",4.1000000000000005,4.318537275369354,0.5096884445766693,83000185,,-10.15971956894194,4.318537275369354
ballistic,miss,False,0.07328159406101739,"[0.010276641711173741, 0.07255744388595772]","[0.03537923383102352, 0.11228275800672438]",3.6,3.8270862289736627,0.5367236302002384,83000186,,-8.256370017577337,3.8270862289736627
ballistic,miss,False,0.05544504978449096,"[0.037658197040222, -0.04069414873522355]","[0.08169011162310813, -0.021078607682167974]",4.2,4.365326812735194,0.5242369800520742,83000187,,-6.971345966002925,4.365326812735194
ballistic,miss,False,0.053413907995582814,"[-0.049698433875564746, -0.019573227574334898]","[-0.10167426690180917, 0.008320493516439306]",2.8000000000000003,3.01619920177275,0.4443742120087143,83000188,,-6.483153479600366,3.01619920177275
ballistic,miss,False,0.0540328077250293,"[-0.0534812632112083, -0.007700571146573715]","[-0.0537137759093296, -0.02903594616932957]",4.1000000000000005,4.3359229851757926,0.49080225019766666,83000189,,-6.849715194156241,4.3359229851757926
ballistic,miss,False,0.053132428813889285,"[-0.044928797607449666, -0.028362971233843563]","[-0.07633285249977317, -0.025793752505782468]",2.9000000000000004,3.139295999168201,0.49864466412990527,83000190,,-6.489409369789383,3.139295999168201
ballistic,miss,False,0.08590432294132218,"[-0.08585740100202272, -0.0028389070405422673]","[-0.06137778645471342, -0.009210750470977152]",5.0,5.211981139736747,0.4874173249974876,83000191,,-9.862220437504357,5.211981139736747
ballistic,hit,True,0.026912818997726795,"[0.02525033679285492, 0.009312374469049308]","[0.08511497912040226, -0.016895168204906167]",4.0,4.112177946493537,0.5183694903912356,83000192,,6.547312608497247,4.112177946493537
ballistic,hit,True,0.02104979411418826,"[-0.005344030437716384, 0.020360136810210178]","[0.0029084171277676957, 0.06257501262761597]",2.6,2.817902268994682,0.5122985304166107,83000193,,7.073066354843928,2.817902268994682
ballistic,miss,False,0.04231153025411708,"[0.03556961657819527, 0.022914361630323496]","[0.023139615365134508, 0.02996138825322335]",4.6000000000000005,4.750415967780031,0.46140294603987925,83000194,,-6.2689159952781655,4.750415967780031
ballistic,miss,False,0.041037828205600986,"[0.004853736913691634, 0.04074978014425461]","[0.06706953825111124, 0.01746405849163589]",3.7,3.812017665209661,0.5311885347952058,83000195,,-5.977564589895263,3.812017665209661
ballistic,miss,False,0.061208538075214806,"[-0.0033243450890523413, -0.061118195842432346]","[0.007159160538649942, -0.049731343079800386]",6.2,6.369365025989344,0.4975479046548702,83000196,,-7.891553208315637,6.369365025989344
ballistic,hit,True,0.03744277821161656,"[-0.03739598612803696, -0.0018713261917620988]","[-0.03645681945639051, 0.04323684176005589]",4.5,4.746827860699873,0.5388487360386925,83000197,,5.998773974872307,4.746827860699873
ballistic,miss,False,0.0639421124076533,"[0.05501207238893237, -0.03259241676568086]","[0.05647429745755696, -0.02288982877135242]",5.6000000000000005,5.713040205878812,0.5027937306001194,83000198,,-7.9553710869706045,5.713040205878812
ballistic,miss,False,0.09064632800192288,"[-0.05346373615154533, 0.07320099519098175]","[-0.03814586259915144, 0.037181964146009806]",4.9,5.123387357692309,0.5384399562045763,83000199,,-10.360472987645116,5.123387357692309
ballistic,miss,False,0.0673285782560078,"[0.04833716101216347, 0.046868500245469236]","[0.047049051358791796, 0.04429085204983449]",4.3,4.447821212226419,0.5026595060096848,83000200,,-7.908210906234604,4.447821212226419
ballistic,miss,False,0.08575501288281531,"[-0.009819756673713084, 0.08519093034707913]","[0.029215809067730927, 0.07685845158423026]",4.1000000000000005,4.276836480135749,0.5201936570317128,83000201,,-9.621201396582387,4.276836480135749
ballistic,miss,False,0.09371559054648804,"[0.08324398145095291, 0.043047084264447075]","[0.047850448524917925, 0.026336088236479413]",9.0,9.198844619621791,0.45762504127634024,83000202,,-11.739132444673121,9.198844619621791
ballistic,miss,False,0.06924371464438857,"[0.0033110598483734877, -0.06916450607380928]","[0.027503684668749778, -0.08865291946534083]",2.5,2.695232623527747,0.5079348580069418,83000203,,-7.621682511095945,2.695232623527747
ballistic,miss,False,0.05538531633232845,"[0.015766723132347213, 0.05309372568298439]","[-0.011039460442668417, 0.06102647059725785]",2.9000000000000004,3.017725224406016,0.5151662408198566,83000204,,-6.642208290770056,3.017725224406016
ballistic,miss,False,0.06092632344403904,"[-0.019766391633467703, 0.0576307786707766]","[-0.0262535846902274, 0.049562813675334]",5.5,5.646435332149656,0.4584094359607702,83000205,,-7.695010555254787,5.646435332149656
ballistic,hit,True,0.029585852561524052,"[-0.0225546719960725, 0.019147047891041123]","[-0.08227155482528706, 0.046968549541344905]",2.6,2.816586822478392,0.5275516813476537,83000206,,6.80292333012985,2.816586822478392
ballistic,miss,False,0.05892525499595819,"[-0.007311783757670255, -0.058469851159548586]","[0.03306184830961786, -0.07714115794213507]",3.1,3.3138974781555723,0.4909336415387804,83000207,,-6.945116047711685,3.3138974781555723
ballistic,hit,True,0.0222083546641147,"[-0.0041320298639453, -0.021820571626118536]","[-0.018899820838275225, -0.057328390758445265]",3.5,3.7377864868695436,0.5192752418070177,83000208,,6.8167431144455595,3.7377864868695436
ballistic,miss,False,0.06741690345627269,"[-0.06545650677895525, 0.016139535059256735]","[-0.03262215037670356, 0.037565948864864876]",3.4000000000000004,3.6303404389335356,0.4729430805391912,83000209,,-7.690649294770245,3.6303404389335356
ballistic,miss,False,0.044119691505251524,"[0.043389202153585396, -0.007995268287797737]","[0.04473677002621397, -0.0015716620144689613]",5.4,5.541499917897391,0.46357078877531677,83000210,,-6.566591986574101,5.541499917897391
ballistic,miss,False,0.06700388708052292,"[-0.05625868150978304, -0.036393428509557346]","[-0.0414323826339751, -0.07775494339243855]",2.7,2.8774517878476433,0.5063709218963526,83000211,,-7.480950552437166,2.8774517878476433
ballistic,miss,False,0.05493070736657616,"[-0.005112636736778781, -0.05469226231735312]","[0.01886938289671755, -0.05405405011359031]",3.5,3.6448286198359967,0.5175232708000613,83000212,,-6.760864132370266,3.6448286198359967
ballistic,miss,False,0.06196591794490377,"[0.03642768106555116, -0.05012782699201146]","[0.05590048759808646, -0.08351764950321164]",2.2,2.444499956760052,0.522256880599661,83000213,,-6.949859366721591,2.444499956760052
ballistic,miss,False,0.07771223143490269,"[0.06429214824281648, -0.043654445236603195]","[0.08530092958968084, -0.020564222878870466]",2.8000000000000003,2.976770078701369,0.48203229911727263,83000214,,-8.474494321619924,2.976770078701369
ballistic,miss,False,0.07897077391879719,"[-0.03833251825251059, -0.06904347310032079]","[-0.010519917674760612, -0.06347758893641921]",4.5,4.611454293684675,0.4502183494920424,83000215,,-9.02273945833361,4.611454293684675
ballistic,miss,False,0.04277137024540008,"[-0.041420208101914005, -0.010665667980170407]","[-0.02287703996916736, -0.03538751291750469]",4.800000000000001,4.965071974674767,0.5302953954088638,83000216,,-6.343368820418185,4.965071974674767
ballistic,miss,False,0.07265355892445373,"[0.01665538638627828, 0.07071872261793793]","[0.01384011256807828, 0.045998164835023225]",6.300000000000001,6.4589412068626935,0.5287344111509001,83000217,,-8.874087265243167,6.4589412068626935
ballistic,miss,False,0.04781846310210161,"[0.03479326975969761, -0.032802954026672125]","[0.03870993002411435, -0.033674198449579244]",5.800000000000001,5.9224167002658445,0.5326658846803285,83000218,,-6.879128383404407,5.9224167002658445
ballistic,miss,False,0.06581098233096788,"[0.013016446706980198, 0.06451091001134081]","[0.009377926903717054, 0.05812539134956397]",4.4,4.585636065244167,0.5218408725496049,83000219,,-7.806928372104354,4.585636065244167
ballistic,miss,False,0.04770794915194892,"[-0.03507126731921839, -0.03234276767546135]","[-0.04711560597287405, -0.008241160676485889]",4.1000000000000005,4.245278900634441,0.4432807731614571,83000220,,-6.44753025767809,4.245278900634441
ballistic,miss,False,0.048082814041094706,"[0.040332212616790916, 0.026177655195690572]","[0.022044782403242688, 0.02348726163717649]",6.1000000000000005,6.3294539603046225,0.44921113102351395,83000221,,-6.969973128819057,6.3294539603046225
ballistic,hit,True,0.021542497368809192,"[-0.021294068940358193, -0.0032621803825698403]","[0.01777442755951579, -0.059773390549313826]",3.4000000000000004,3.639511555470382,0.49301336632811926,83000222,,6.85995050444678,3.639511555470382
ballistic,miss,False,0.08151564206834275,"[-0.08102978054110198, 0.008886763599591355]","[-0.10520273025488998, 0.03201766013886821]",2.8000000000000003,3.0063593493970657,0.4730513761418976,83000223,,-8.852999938633857,3.0063593493970657
ballistic,miss,False,0.07654367508214209,"[0.039681981213433144, 0.06545437007608643]","[0.019248135377975047, 0.036018752253261864]",9.1,9.346205023134512,0.5015942222309615,83000224,,-9.936833871925334,9.346205023134512
ballistic,miss,False,0.1053358164780329,"[0.055524730265648414, -0.08951334292730227]","[0.03483994983135896, -0.07376654082871824]",3.6,3.7832344617381573,0.5283825643568449,83000225,,-11.834771395683642,3.7832344617381573
ballistic,hit,True,0.024283972082411526,"[-0.012111377556381295, -0.021048178871012235]","[0.00515913667731456, -0.06111328633753216]",4.2,4.391605361351467,0.4450438832100982,83000226,,6.581430437437911,4.391605361351467
ballistic,miss,False,0.06648603627493666,"[0.054064962335858675, -0.03869590245974856]","[0.03509484894556764, -0.027775323602495777]",6.4,6.5929260920661,0.46165563037942364,83000227,,-8.362745637220119,6.5929260920661
ballistic,miss,False,0.0644509187021611,"[0.009919280723118457, 0.06368303378050193]","[-0.009420975728835074, 0.10471535947389006]",3.8000000000000003,4.025736092276843,0.44438479317354096,83000228,,-7.546200575970363,4.025736092276843
ballistic,miss,False,0.06737509968867644,"[-0.06413683123413533, 0.02063664064965837]","[-0.04459178725228247, 0.023973836993624296]",6.2,6.378068927587259,0.5274822537827618,83000229,,-8.387127536286929,6.378068927587259
ballistic,miss,False,0.0442924202147563,"[0.02492477102667197, 0.03661385363149482]","[-0.010631368003268624, 0.056039177422122416]",3.6,3.7505806470121605,0.45649949435939624,83000230,,-6.126136555300346,3.7505806470121605
ballistic,hit,True,0.02791438215638879,"[-0.02543669413976435, -0.011497274564565063]","[-0.08487155788927153, -0.021506030249640463]",2.2,2.3361023215259733,0.5001672245950568,83000231,,6.962992043016928,2.3361023215259733
ballistic,miss,False,0.07381767443488726,"[-0.029671027176533873, 0.06759200548337353]","[-0.009120433102515327, 0.03880976545848609]",7.1000000000000005,7.2661422486431695,0.5235123007402281,83000232,,-9.18065566185938,7.2661422486431695
ballistic,hit,True,0.02889399985778125,"[-0.018835122477417976, 0.02191121605575845]","[-0.03464687064661838, 0.022294133841785538]",3.3000000000000003,3.4786865426383047,0.5119134601002314,83000233,,6.653210482636585,3.4786865426383047
ballistic,miss,False,0.050668989242602304,"[0.0026978865003765493, -0.050597113349459315]","[0.0038177946906554072, -0.05364052976176827]",4.800000000000001,4.919294722575812,0.44767084654678396,83000234,,-6.804591544291842,4.919294722575812
ballistic,miss,False,0.08267763571643458,"[-0.034225330876023266, 0.07526100035268059]","[-0.027500408828576586, 0.05426865314021019]",5.0,5.247462372929898,0.44581053589515524,83000235,,-9.522244654787162,5.247462372929898
ballistic,miss,False,0.07333113966408936,"[0.0117858785341226, -0.07237782195958295]","[0.03897126793301394, -0.13869442512767863]",3.2,3.323016158751604,0.513148241768665,83000236,,-8.160910027771362,3.323016158751604
ballistic,miss,False,0.06639041653710384,"[0.062155481046334074, -0.02333202914169611]","[0.05794170821779822, -0.022829730406619626]",5.0,5.163729122965217,0.4817055433583801,83000237,,-8.004804629981344,5.163729122965217
ballistic,miss,False,0.06582293437210356,"[0.06578631830453416, -0.0021952251111822287]","[0.0362635165455741, 0.003642744227408439]",5.4,5.575208453358051,0.46553601571368364,83000238,,-8.057911680846408,5.575208453358051
ballistic,miss,False,0.08517989997894992,"[0.08472346431395009, 0.008806245230899398]","[0.05731741149615119, 0.008877361711407378]",4.9,5.019198226089776,0.4962013815482579,83000239,,-9.759759600264944,5.019198226089776
ballistic,miss,False,0.052579072137024466,"[0.052560625728575935, 0.0013926413073667918]","[0.07068585423642701, 0.02244786018057076]",2.8000000000000003,3.034589484063223,0.4824050572447794,83000240,,-6.427849266744015,3.034589484063223
ballistic,hit,True,0.029545729167463255,"[0.02941426950764034, -0.002784036883553914]","[0.06400889583455646, -0.020974168065515553]",4.1000000000000005,4.2921294486368335,0.4841247687589722,83000241,,6.429406179976819,4.2921294486368335
ballistic,miss,False,0.08406083375094503,"[-0.017961690460607235, -0.08211943403787772]","[-0.006240791615652483, -0.06960495578378559]",4.800000000000001,4.989642370905256,0.4766066942499549,83000242,,-9.616389856815012,4.989642370905256
ballistic,miss,False,0.07653609606594408,"[0.0735003924947083, -0.021341656546277024]","[0.04644792977308243, -0.05253051421420622]",4.3,4.495942413755686,0.45696548746778426,83000243,,-8.736108750634639,4.495942413755686
ballistic,miss,False,0.0564931539283923,"[0.05253576173353129, -0.020771860288733297]","[0.032994144053797456, -0.054146785696320206]",4.800000000000001,5.0273364742689015,0.5060269305521545,83000244,,-7.194672775485641,5.0273364742689015
ballistic,miss,False,0.11706143089255744,"[-0.09708573373723499, 0.0654044257471596]","[-0.07245129776584829, 0.027207822651179096]",4.2,4.429825090975934,0.5388481890284115,83000245,,-13.614611626633126,4.429825090975934
ballistic,miss,False,0.057170069024129674,"[-0.014134387386902272, 0.05539526952205151]","[0.007941746046352713, 0.07101847927838523]",2.8000000000000003,3.002799072899503,0.47949150305074134,83000246,,-6.742760495139844,3.002799072899503
ballistic,miss,False,0.06911475002414891,"[-0.06484251563202326, 0.023922726379144395]","[-0.05264131927283522, 0.012875852992006892]",5.800000000000001,5.950639077377563,0.4973184580713959,83000247,,-8.435530419312869,5.950639077377563
ballistic,hit,True,0.024988748663554387,"[-0.0011829193748645744, 0.024960734394702033]","[0.017231271106909876, 0.07027860617894927]",2.6,2.7599332924511897,0.4594006372837311,83000248,,6.959726525143568,2.7599332924511897
ballistic,miss,False,0.07187407189718042,"[0.04304055074778093, 0.057562081289758406]","[0.1162149636977369, 0.0469489809508871]",3.2,3.3220679982257053,0.5422984879097382,83000249,,-8.028676381925663,3.3220679982257053
ballistic,miss,False,0.0711747058588644,"[0.05819780829640517, -0.040973819245839656]","[0.0438235429348148, -0.007978198383458096]",4.6000000000000005,4.791329498971011,0.44539919704086717,83000250,,-8.316149221309916,4.791329498971011
ballistic,miss,False,0.09417538384182886,"[0.05698210693556603, -0.07498028014711279]","[0.038876568695438415, -0.04421869801211366]",6.800000000000001,7.014782529564586,0.5276793104059143,83000251,,-11.243126826097372,7.014782529564586
ballistic,miss,False,0.06052997455928013,"[0.05986937843549562, 0.008918259129141301]","[0.04376307966772514, -0.010934986708329672]",4.4,4.5256715260001785,0.4467296724318783,83000252,,-7.389923637591938,4.5256715260001785
ballistic,hit,True,0.03243179479271399,"[0.0324279364234447, 0.00050025272986675]","[0.04466623839574495, -0.04572154880749164]",3.2,3.402840465512076,0.5252958790235969,83000253,,6.542611679077055,3.402840465512076
ballistic,hit,True,0.03942068818131608,"[-0.03217222925300573, -0.022780217768506868]","[0.012136818648495078, -0.057417043138097514]",4.0,4.140239790022933,0.49065130361172565,83000254,,6.028755839569653,4.140239790022933
ballistic,hit,True,0.013960134334877071,"[0.013534603794385827, -0.003420504462328687]","[0.01499477455044311, -0.03000780351832457]",4.5,4.634165950659576,0.5267063756417241,83000255,,6.753196655845117,4.634165950659576
ballistic,hit,True,0.016385741602221608,"[-0.007720318897168468, 0.014452999826361288]","[-0.04296917829569931, 0.013498650886611322]",4.1000000000000005,4.298694338080824,0.4428339281117852,83000256,,6.807192170090764,4.298694338080824
ballistic,miss,False,0.05297063389021394,"[-0.0422768554338961, -0.031914817081608524]","[-0.04407633140993343, -0.0026672222119871027]",3.9000000000000004,4.018166519492843,0.49933001048043596,83000257,,-6.728680034206927,4.018166519492843
ballistic,hit,True,0.022200988320106665,"[0.022101642782653225, 0.002097920088445976]","[0.03948352070089234, 0.04016317355779711]",3.0,3.1258737158711325,0.4494663551309588,83000258,,6.941947573506555,3.1258737158711325
ballistic,miss,False,0.0585572463150496,"[-0.058443532254674496, -0.0036475517265984678]","[-0.05195867380298061, 0.013927868876640943]",4.800000000000001,4.94759795201156,0.46811264649795303,83000259,,-7.343094435000868,4.94759795201156
ballistic,miss,False,0.056700835198722134,"[0.010115458793968739, -0.05579123771364252]","[0.0352935341453765, -0.04513160750484923]",4.9,5.074658043796212,0.4424617346966236,83000260,,-7.234365445145404,5.074658043796212
ballistic,miss,False,0.09923785945905778,"[-0.08220721643466221, 0.055588904613063796]","[-0.05234791789519731, 0.010088797199380639]",4.3,4.511390365426602,0.5430217023049102,83000261,,-11.230095468759814,4.511390365426602
ballistic,miss,False,0.08438525741014888,"[0.06441468356542933, 0.0545125692784948]","[0.042042440729960315, 0.0338703177470397]",7.4,7.591122894366432,0.48230228943260683,83000262,,-10.300544792610676,7.591122894366432
ballistic,hit,True,0.03754810828474022,"[0.030692889007340893, 0.02162884648208567]","[0.012489066252495226, -0.015727769328164068]",3.4000000000000004,3.555805563718362,0.44657978609131477,83000263,,6.268837227648389,3.555805563718362
ballistic,miss,False,0.040725366635705564,"[0.040325671259929696, 0.005691724259723082]","[0.08507827570958892, 0.028648776107985104]",3.7,3.923631294999851,0.5338227789095977,83000264,,-5.9615971797579,3.923631294999851
ballistic,hit,True,0.015712313850924937,"[0.001493075309857525, -0.015641212634225694]","[0.002117164231540458, 0.030251398958368363]",3.7,3.838879028708243,0.5313576688699052,83000265,,6.92070199590627,3.838879028708243
ballistic,miss,False,0.07304498945753213,"[0.0540714718987009, -0.049110552955133564]","[0.03994364806905179, -0.03122220726954423]",5.2,5.3423308259138444,0.5083177873772418,83000266,,-8.63473155303186,5.3423308259138444
ballistic,miss,False,0.1143749022504808,"[-0.09091610034173929, -0.06939654864226197]","[-0.04892905875064406, -0.0529445423844036]",5.0,5.206615596438411,0.5168369078087074,83000267,,-13.4260114155044,5.206615596438411
ballistic,miss,False,0.06094484318503293,"[-0.02107707932938757, 0.0571841817095511]","[-0.016369670811454767, 0.03251212207684319]",7.6000000000000005,7.752678945033358,0.441462469145837,83000268,,-8.221421194280156,7.752678945033358
ballistic,hit,True,0.028215544928814854,"[-0.01798765075904002, -0.02173847731099804]","[-0.011207724976393024, -0.06165942252569839]",4.4,4.605551670991296,0.537425379316431,83000269,,6.402426890231268,4.605551670991296
ballistic,miss,False,0.040333851976945743,"[-0.03279896122230208, 0.023474406446939062]","[-0.03746529906770624, -0.0008245896242028241]",3.6,3.7416030389955734,0.5404608662175231,83000270,,-5.916762259561357,3.7416030389955734
ballistic,miss,False,0.06611738295211472,"[0.03337037527488861, 0.05707824789225483]","[0.031979238810576384, 0.04369556410418377]",6.1000000000000005,6.263281824126562,0.4445477491508281,83000271,,-8.257192705272868,6.263281824126562
ballistic,miss,False,0.05945710045792142,"[0.03216643166029011, -0.05000467447256552]","[0.020500940063917353, -0.036150510770303464]",5.6000000000000005,5.773416138113727,0.47487465750606833,83000272,,-7.6094667467895984,5.773416138113727
ballistic,hit,True,0.0355506130291232,"[-0.03242793380883896, -0.01456966697066283]","[-0.04273986563662904, 0.0169305006687138]",3.6,3.750638511568757,0.5372959085548837,83000273,,6.310096195783459,3.750638511568757
ballistic,miss,False,0.07404041998178981,"[0.03258146760236205, 0.06648632761670667]","[0.016456890081341796, 0.04615236806628823]",6.6000000000000005,6.7438325087513,0.451653619983544,83000274,,-9.076239869424885,6.7438325087513
ballistic,miss,False,0.050539809057918585,"[-0.012947858066763268, -0.04885309888936241]","[-0.0649825609097753, -0.03311866922106211]",3.7,3.8430751828626293,0.44442538480931676,83000275,,-6.521420187256794,3.8430751828626293
ballistic,miss,False,0.04144107011364885,"[0.03834581105299549, -0.015714994968256554]","[0.022233005949186965, -0.041182090887307385]",3.3000000000000003,3.5401824264640616,0.44514693620840107,83000276,,-5.898351432602725,3.5401824264640616
ballistic,miss,False,0.10335901444012222,"[-0.09668912911110823, 0.036528046454318286]","[-0.07800125427637634, 0.07022350046976444]",3.0,3.211967971512121,0.5410901727819056,83000277,,-11.426928666270868,3.211967971512121
ballistic,miss,False,0.08108205641701564,"[0.07038170881657846, -0.040258103990010126]","[0.04634682139704526, -0.014640275423899458]",6.1000000000000005,6.279647290692256,0.5061631417991993,83000278,,-9.633937420507566,6.279647290692256
ballistic,hit,True,0.02612938395329078,"[-0.014752288633508748, -0.021566517703424867]","[-0.016199352600931777, -0.07815805589903528]",3.8000000000000003,3.9438450875168645,0.4827868239750381,83000279,,6.623284558888444,3.9438450875168645
ballistic,miss,False,0.05322385977271027,"[-0.03934757246970222, -0.03584058858119741]","[-0.03278621765076753, -0.018616043742344636]",4.4,4.6031997197980985,0.5367624450363704,83000280,,-6.870487030690704,4.6031997197980985
ballistic,miss,False,0.06293733273225259,"[-0.042945588790015476, 0.04600852372038436]","[-0.027508139625020467, 0.03782816223450164]",4.800000000000001,5.032553119099597,0.4620104568179569,83000281,,-7.67569240715642,5.032553119099597
ballistic,miss,False,0.08094778946369559,"[-0.0490597846285747, 0.06438697190625331]","[-0.036068945768414254, 0.05915332348646357]",4.0,4.128718958686368,0.45350043801230755,83000282,,-9.09534038691174,4.128718958686368
ballistic,hit,True,0.016635397838550565,"[0.01649160402566846, 0.00218253474368877]","[-0.031361713775114874, -0.04897348946157128]",3.5,3.6875635777243634,0.47349412874927005,83000283,,6.952039711720717,3.6875635777243634
ballistic,miss,False,0.06456140606283482,"[-0.042710851103861525, -0.04841444361751992]","[-0.03630086362611984, -0.0484106693397554]",4.6000000000000005,4.71218083728527,0.4821642832626375,83000284,,-7.755109470506403,4.71218083728527
ballistic,hit,True,0.026253915650368713,"[-0.025867677664844338, -0.004486796095699984]","[-0.005711321383025034, -0.05387951172149282]",4.3,4.497186903972904,0.5404071456538738,83000285,,6.494207445639578,4.497186903972904
ballistic,hit,True,0.02157564190905784,"[0.01941142537995183, 0.009418327266901214]","[0.015192121516242704, 0.046523517970330594]",4.4,4.629744847356292,0.46207753158519443,83000286,,6.609057297632567,4.629744847356292
ballistic,hit,True,0.022019564819915845,"[0.0035067772769303007, -0.021738531412873338]","[-0.014779938050454605, -0.06979739559892738]",3.1,3.3304910077408243,0.49163708514787574,83000287,,6.921961728213453,3.3304910077408243
ballistic,hit,True,0.0315860691565242,"[-0.03144387711197216, -0.002993719580709292]","[-0.040317298286089084, -0.032991792364748224]",4.4,4.593225618722229,0.5424513727339267,83000288,,6.276450147024544,4.593225618722229
ballistic,hit,True,0.019383701269785898,"[-0.01157663294154164, -0.015547007578730782]","[-0.02466712689390091, -0.01465488328066008]",3.7,3.941543937113318,0.44884849967731455,83000289,,6.840170078177312,3.941543937113318
ballistic,hit,True,0.03913357501091739,"[0.006421363825264398, 0.03860314468743037]","[0.06734514854827359, 0.0331580344766606]",3.5,3.664315479904454,0.5215037218820523,83000290,,6.167852066790564,3.664315479904454
ballistic,miss,False,0.040590476354562595,"[-0.028449792845785082, -0.028951615805032728]","[-0.02392781767782992, -0.017812627638431423]",7.300000000000001,7.504691262014623,0.48168537304805764,83000291,,-6.854741731681438,7.504691262014623
ballistic,miss,False,0.052323435125275236,"[0.05231980049519856, -0.0006167166703657124]","[0.058460639457559804, 0.00791042116834381]",4.0,4.2146634411126875,0.4456432991109162,83000292,,-6.711088664568054,4.2146634411126875
ballistic,hit,True,0.015483897830239443,"[-0.015051589780986266, -0.003633281861100724]","[0.013165620780689266, 0.021271802436381614]",4.3,4.497938895670547,0.5402464887812489,83000293,,6.7751555674891915,4.497938895670547
ballistic,miss,False,0.06077445007099554,"[0.0365863425433748, -0.04852806735004778]","[0.012145719746413444, -0.07544669857646832]",4.2,4.444980301488433,0.45354734610620207,83000294,,-7.358458613394957,4.444980301488433
ballistic,miss,False,0.051921343877347544,"[0.025298457805034494, 0.045341084930961506]","[0.011407583167055521, 0.05727565007994374]",4.1000000000000005,4.3196356394354645,0.47707957826492126,83000295,,-6.709891218768609,4.3196356394354645
ballistic,miss,False,0.06929120316063625,"[0.06584901801175835, 0.02156797770621277]","[0.08952997509271982, 0.039512743749782156]",3.3000000000000003,3.430386691740828,0.5183442592499187,83000296,,-7.825794272155355,3.430386691740828
ballistic,miss,False,0.07528070946457516,"[0.03378016360023993, -0.06727619017624883]","[0.02343086504935614, -0.04865289137909809]",7.1000000000000005,7.260245739601313,0.4474131713008105,83000297,,-9.316990760931107,7.260245739601313
ballistic,miss,False,0.047427646472052415,"[-0.0029625553198826537, 0.04733502842351128]","[0.014515142259309305, 0.04930442773233015]",4.6000000000000005,4.830781142312933,0.46702888433038486,83000298,,-6.555863531173742,4.830781142312933
ballistic,miss,False,0.047652992356115836,"[-0.03217508178087615, -0.035150701172038744]","[-0.037810548356078846, -0.01610421898350075]",5.5,5.657317404929003,0.446297252216999,83000299,,-6.79425480030752,5.657317404929003
q_learning,miss,False,0.044690732115611996,"[0.036339523060261864, -0.0260134696029209]","[0.03886953435301538, -0.010660180287626702]",5.800000000000001,6.003381545445651,0.4622859271479248,83000000,,-6.69828846064337,6.003381545445651
q_learning,miss,False,0.06183587263307569,"[-0.049077863374619626, 0.03761699710072733]","[-0.04432403778141654, 0.027518564810518092]",4.0,4.21887218088801,0.4959576380492992,83000001,,-7.389796965183724,4.21887218088801
q_learning,timeout,False,,,,,,,83000002,,-10.999999999999993,12.0
q_learning,timeout,False,,,,,,,83000003,,-10.999999999999993,12.0
q_learning,miss,False,0.0524525304447164,"[-0.05239587637676507, 0.002437229731611876]","[-0.04363430163680321, 0.012052070915920582]",5.4,5.618501096921666,0.46710665922428424,83000004,,-7.069542468783688,5.618501096921666
q_learning,hit,True,0.015550275162647806,"[0.015054249927607916, 0.003896231095710091]","[0.02434575264687027, 0.014741117483963546]",5.9,6.142176460315842,0.5269530685098599,83000005,,6.373868088978713,6.142176460315842
q_learning,hit,True,0.0393271030066783,"[0.03275120871573693, 0.021771067005457556]","[0.01157874905395738, -0.015535490639264628]",4.0,4.177192645806701,0.4968122301956346,83000006,,6.03336185568882,4.177192645806701
q_learning,miss,False,0.05917738716378753,"[-0.0011490420406056016, 0.05916623068881206]","[0.002145529611503827, 0.04526320707717464]",5.9,6.020773699689782,0.5345236097616086,83000007,,-7.663726969708002,6.020773699689782
q_learning,miss,False,0.046514692030538485,"[-0.024532687753514748, -0.03951915745919171]","[-0.0656274848945051, -0.04112414039730519]",3.4000000000000004,3.5121482157631734,0.4853199913713945,83000008,,-6.2022603591849,3.5121482157631734
q_learning,miss,False,0.05278946841004063,"[-0.00929176989387677, -0.05196528636747731]","[-0.0025841753045011545, -0.0746269985885246]",3.8000000000000003,3.956079220491459,0.4447978710276123,83000009,,-6.691704984384174,3.956079220491459
q_learning,hit,True,0.038086403535196156,"[-0.0380331639539513, -0.0020131005681936296]","[-0.025102690857549084, -0.0017154215266308604]",6.5,6.619114606912739,0.5294060458925003,83000010,,5.468391166096375,6.619114606912739
q_learning,timeout,False,,,,,,,83000011,,-10.999999999999993,12.0
q_learning,hit,True,0.03420298146909512,"[-0.007262620751560742, -0.03342302022849317]","[0.039813822915457445, -0.02662386774093733]",3.4000000000000004,3.6390697465185715,0.5160665375533326,83000012,,6.41884753664046,3.6390697465185715
q_learning,miss,False,0.05948881823585458,"[0.05542530827237301, 0.021609134596530334]","[0.032114581157713755, 0.015183858992128743]",6.6000000000000005,6.740048727218262,0.5134749376196087,83000013,,-7.861824684436588,6.740048727218262
q_learning,miss,False,0.04915401028143335,"[-0.016601884855593066, -0.04626547466512026]","[-0.003305629113612721, -0.03686325851344401]",6.1000000000000005,6.342477491871587,0.483021964218676,83000014,,-7.035072954217033,6.342477491871587
q_learning,hit,True,0.020727356474551643,"[0.020707794400532054, -0.000900309662522413]","[0.02382301678071541, 0.0067619170344006005]",5.6000000000000005,5.73653934839187,0.49562453996544603,83000015,,6.33148543348554,5.73653934839187
q_learning,miss,False,0.04898249402531909,"[-0.024986818793783352, 0.04213007960480321]","[-0.02152040392833575, 0.04379600929428498]",5.2,5.448854727750497,0.5402063630896315,83000016,,-6.799552950587762,5.448854727750497
q_learning,miss,False,0.061480120530602464,"[-0.02931881613168165, -0.05403898815757056]","[-0.02921283851191149, -0.04574618072082085]",6.2,6.358557769608051,0.49171295070897647,83000017,,-7.912378262785879,6.358557769608051
q_learning,timeout,False,,,,,,,83000018,,-10.999999999999993,12.0
q_learning,hit,True,0.01584667526132624,"[-0.003316947796495426, 0.01549564371535604]","[0.005518887704611564, -0.010893325043243767]",4.4,4.55369458537286,0.49473964842663176,83000019,,6.743051801976295,4.55369458537286
q_learning,timeout,False,,,,,,,83000020,,-10.999999999999993,12.0
q_learning,miss,False,0.057835933809177696,"[-0.021132352723300413, -0.053836965998815364]","[-0.05906169132771019, -0.04366278188462051]",2.2,2.4254598215013647,0.5402245586401606,83000021,,-6.640622024737239,2.4254598215013647
q_learning,timeout,False,,,,,,,83000022,,-10.999999999999993,12.0
q_learning,timeout,False,,,,,,,83000023,,-10.999999999999993,12.0
q_learning,timeout,False,,,,,,,83000024,,-10.999999999999993,12.0
q_learning,hit,True,0.027797083406396857,"[0.006271834215575409, -0.027080286953326788]","[0.01715487151805671, -0.030878343796757107]",5.0,5.136941143964871,0.5337507643384644,83000025,,6.267076346311136,5.136941143964871
q_learning,miss,False,0.062416127666429955,"[-0.04602839369878631, 0.04215637515704608]","[-0.019073355449968687, 0.0030969718746855657]",6.300000000000001,6.516223975542369,0.5381985592234351,83000026,,-8.00985812054505,6.516223975542369
q_learning,miss,False,0.06820921648092226,"[0.06644742688183425, 0.015402489205469612]","[0.049129521535578924, 0.034673770079998535]",4.800000000000001,4.9703141059238,0.4456627553436034,83000027,,-8.107810758088323,4.9703141059238
q_learning,hit,True,0.03484370899666371,"[-0.017287236316421983, 0.030252859653004116]","[-0.010806901560913462, 0.03684058475026676]",4.3,4.415250512446275,0.47511785433046017,83000028,,6.166197464597385,4.415250512446275
q_learning,hit,True,0.026801334921538394,"[0.011725913764940213, 0.02410009335985359]","[0.002515442188136499, 0.03978217168999317]",5.6000000000000005,5.775974775423257,0.47871902705839275,83000029,,6.151055279014706,5.775974775423257
q_learning,hit,True,0.028923676262842236,"[-0.0016434989948148765, 0.028876945122567]","[0.03274347450850905, 0.0007000236518280301]",3.7,3.9029967127497165,0.47592188174969974,83000030,,6.5521380946514345,3.9029967127497165
q_learning,miss,False,0.06573752791036426,"[0.06163949324603257, 0.02284721970258579]","[0.03901624057402364, 0.00911537102735762]",7.0,7.218377905240702,0.4842003692729105,83000031,,-8.450889109853698,7.218377905240702
q_learning,timeout,False,,,,,,,83000032,,-10.999999999999993,12.0
q_learning,miss,False,0.06274747780918515,"[-0.04053923257009824, 0.047893805382759766]","[-0.029066475894977198, 0.026890551312602696]",6.2,6.3228042140817085,0.5099503024598051,83000033,,-8.010778732133863,6.3228042140817085
q_learning,hit,True,0.012152338030210973,"[0.011773917632212569, -0.0030090169807406994]","[0.02815470294161619, 0.0029102405148064706]",5.2,5.356892575912549,0.4895110140745138,83000034,,6.60770042524968,5.356892575912549
q_learning,miss,False,0.09545885043500917,"[0.08614293772712087, -0.04113133119794235]","[0.04412971480862767, -0.029683081275800854]",5.5,5.7296687537976725,0.5410280881409171,83000035,,-11.070245078983405,5.7296687537976725
q_learning,miss,False,0.04013341198543966,"[0.04012628853121627, 0.0007561258510418584]","[0.03803949047642937, -0.022644084611033136]",4.2,4.363590267528681,0.44904434070751414,83000036,,-6.056681723495645,4.363590267528681
q_learning,miss,False,0.053290075519439005,"[-0.0447832866409649, -0.02888406803933074]","[-0.02634739106883824, -0.024918349921589526]",5.300000000000001,5.414267990426651,0.4434482234409218,83000037,,-7.0998950930421945,5.414267990426651
q_learning,miss,False,0.07864980296799011,"[0.019780816425857453, 0.07612168421961113]","[0.007693613491228116, 0.056657518312115296]",6.300000000000001,6.516070885322109,0.44077765033572636,83000038,,-9.44111969181479,6.516070885322109
q_learning,timeout,False,,,,,,,83000039,,-10.999999999999993,12.0
q_learning,hit,True,0.03197090148597159,"[0.02911537893230713, 0.013207318102244167]","[-9.838232168137007e-05, 0.05187716195673596]",2.7,2.862751803737124,0.4511477526138576,83000040,,6.686163411358937,2.862751803737124
q_learning,miss,False,0.062486227030205135,"[-0.05737101845111442, -0.024760751409281342]","[-0.039261066336724604, -0.023048585359792984]",4.6000000000000005,4.737587428368272,0.4568907764551894,83000041,,-7.590330355293961,4.737587428368272
q_learning,miss,False,0.0637555935289455,"[0.03335417747464149, 0.05433483736258199]","[0.0037666883789277544, 0.025515628105486743]",5.800000000000001,5.974852929588682,0.4756038780666632,83000042,,-7.990484816392572,5.974852929588682
q_learning,hit,True,0.03766929834792186,"[0.03732313334908459, 0.005095071641419644]","[0.04455056556782454, 0.005110588645582196]",3.8000000000000003,4.044802961956249,0.5176341772426085,83000043,,6.163139976234532,4.044802961956249
q_learning,miss,False,0.08029661146645838,"[-0.07074502749120372, -0.03798271841593495]","[-0.04838111172704797, -0.03427251842767867]",5.800000000000001,5.984415396937947,0.46549994516589616,83000044,,-9.479716133122109,5.984415396937947
q_learning,miss,False,0.04361657444158146,"[-0.03312674337246603, -0.02837295260547966]","[-0.06117035178485526, -0.05897149255850358]",2.8000000000000003,2.99133213055444,0.4538085570048718,83000045,,-5.889003478761261,2.99133213055444
q_learning,miss,False,0.05921315268043893,"[0.026387547221178444, 0.05300844085621695]","[0.035886866400019785, 0.05340790285701727]",5.2,5.335881045378573,0.4789763632523171,83000046,,-7.491373406473107,5.335881045378573
q_learning,miss,False,0.09988363868187522,"[0.09914763711735328, -0.012103195048293214]","[0.0774421041021324, -0.04544166757187612]",3.4000000000000004,3.6000270998573516,0.5041140632256864,83000047,,-11.085463297707124,3.6000270998573516
q_learning,miss,False,0.09244049125536738,"[-0.08950191785263537, -0.023122524175222803]","[-0.06004658655260606, -0.013630457456949883]",6.0,6.249679203051972,0.47344407741346156,83000048,,-10.84077776470853,6.249679203051972
q_learning,hit,True,0.03263355091737077,"[0.020703275264208634, 0.025225444273808885]","[0.011586111026181109, 0.023185057553679313]",6.6000000000000005,6.7168266944538555,0.49545199750482516,83000049,,5.684407096577107,6.7168266944538555
q_learning,miss,False,0.07106316948642379,"[0.04955430736727066, 0.05093470996095155]","[0.029472558655426674, 0.054829461434362445]",4.3,4.440829161073698,0.45829687078111053,83000050,,-8.23123378591012,4.440829161073698
q_learning,miss,False,0.05702174443202383,"[0.03490194047871836, 0.04509250368842965]","[0.025272062298167697, 0.046832920854746884]",5.2,5.3119724155786,0.527312441085715,83000051,,-7.3321745862944,5.3119724155786
q_learning,miss,False,0.05099623136112566,"[-0.00552388217069745, -0.050696176767106485]","[0.03377323698463634, -0.07962943337451929]",3.4000000000000004,3.5607112653970328,0.49938674799073585,83000052,,-6.475384758148411,3.5607112653970328
q_learning,timeout,False,,,,,,,83000053,,-10.999999999999993,12.0
q_learning,miss,False,0.04357032925086678,"[0.024472459155207918, -0.03604819460008527]","[-0.001899195012232055, -0.026779365950322022]",5.300000000000001,5.499654695125765,0.5099898403562257,83000054,,-6.511483494393085,5.499654695125765
q_learning,miss,False,0.08820535612764199,"[-0.045874591464665423, 0.07533728630335843]","[-0.03475267085856547, 0.04566598545325303]",6.4,6.558548653372219,0.5309077778675511,83000055,,-10.462615531002593,6.558548653372219
q_learning,miss,False,0.07449257249373874,"[-0.07210277953685823, 0.01871717232367483]","[-0.043928910999348536, -0.00553144199995718]",4.3,4.4210303984051285,0.49672789452111865,83000056,,-8.543214597959327,4.4210303984051285
q_learning,miss,False,0.04328232964963145,"[-0.043127750130792605, 0.0036547542400664585]","[-0.031045960234510825, 0.008998857156781358]",6.6000000000000005,6.728289598998477,0.47900752535631985,83000057,,-6.820850037437102,6.728289598998477
q_learning,timeout,False,,,,,,,83000058,,-10.999999999999993,12.0
q_learning,hit,True,0.03221618597698993,"[0.023793956765729943, -0.0217193522079867]","[-0.019073968645186887, -0.027662947043112653]",4.800000000000001,4.970022392187867,0.5094993708967288,83000059,,6.151323350684999,4.970022392187867
q_learning,miss,False,0.06987493018336924,"[0.004554155637715511, 0.06972636183365793]","[0.0015815672868512848, 0.05110996303051191]",5.4,5.513637572815686,0.5260740979003284,83000060,,-8.401566167581702,5.513637572815686
q_learning,hit,True,0.017240462002002695,"[0.012643666327613906, 0.011720547420596916]","[0.06885164469951952, 0.05645506560362398]",3.6,3.7201290003158682,0.5358608227023741,83000061,,6.914229043723438,3.7201290003158682
q_learning,hit,True,0.02815186868006595,"[-0.026926137316392984, 0.008216498000877714]","[-0.024609530466905977, 0.000522632249170759]",6.5,6.675141668802556,0.45596802517199364,83000062,,5.879670181137703,6.675141668802556
q_learning,miss,False,0.05309112749329112,"[-0.04837816918338533, 0.021868254730833862]","[-0.011076865216738008, 0.017625846302211527]",6.5,6.621022229287876,0.5250699483291668,83000063,,-7.386667386568055,6.621022229287876
q_learning,timeout,False,,,,,,,83000064,,-10.999999999999993,12.0
q_learning,miss,False,0.09367137056594677,"[0.04700144560164847, -0.08102585868139997]","[0.014388391288052624, -0.056011248936816714]",4.800000000000001,5.030675124790482,0.45232029946653424,83000065,,-10.683953539814324,5.030675124790482
q_learning,hit,True,0.02556777465427633,"[-0.015481687493995797, -0.020347689134398265]","[-0.07564908605445929, 0.002770779931877138]",2.7,2.913567779836889,0.5258577108440873,83000066,,6.91643056201759,2.913567779836889
q_learning,miss,False,0.07242696321632165,"[-0.022284168262378598, 0.06891357519090421]","[-0.04224264193621406, 0.06120794425047335]",3.5,3.61251315759361,0.49143641322734666,83000067,,-8.153540625461506,3.61251315759361
q_learning,miss,False,0.06892838761016568,"[-0.0451116604711653, -0.052115839320417204]","[-0.03368375123842279, -0.03400805564663158]",5.5,5.617849081287632,0.44540696850938083,83000068,,-8.344451636585774,5.617849081287632
q_learning,hit,True,0.022692470783912008,"[-0.0035669381755192783, 0.02241038112863597]","[0.027536673533751894, 0.04507382294694137]",4.0,4.163748768696231,0.46834011309038664,83000069,,6.678157356075813,4.163748768696231
q_learning,hit,True,0.035523260020649636,"[0.009145320578226916, 0.03432586654428616]","[0.017301331722728526, 0.023058542326011518]",6.5,6.614584483034432,0.45949510123322695,83000070,,5.586311248440824,6.614584483034432
q_learning,miss,False,0.07658033165866278,"[0.07143508478895545, 0.0275966638952163]","[0.029899010719879007, 0.04077060609776413]",5.4,5.544018809383509,0.5061712627549747,83000071,,-9.015341998094241,5.544018809383509
q_learning,miss,False,0.04809812801313026,"[-0.014815413419532061, 0.04575951751904531]","[0.028427340038140583, 0.07007304310424538]",3.3000000000000003,3.429653146891132,0.520544851196176,83000072,,-6.270893698979666,3.429653146891132
q_learning,hit,True,0.01372111512752738,"[0.010941482417444415, 0.008279671663273577]","[-0.026046285854075313, 0.05899324811461447]",2.0,2.209038321841875,0.5277208766368097,83000073,,7.382331874785712,2.209038321841875
q_learning,miss,False,0.07202398920999342,"[-0.048046658646788074, -0.053656067826484216]","[-0.09125019165115725, -0.004360091032918869]",3.5,3.6610789091360028,0.542406357349646,83000074,,-8.11715938857578,3.6610789091360028
q_learning,miss,False,0.06305272015238839,"[-0.06294463073343305, -0.0036903902838534147]","[-0.042984626237508664, 0.0209304018456775]",4.6000000000000005,4.7545804900410715,0.4598372679740011,83000075,,-7.634778449134627,4.7545804900410715
q_learning,hit,True,0.03620713455829935,"[0.03402705076455239, 0.012374021544727089]","[0.025333816847529687, 0.01969418421912212]",4.4,4.543184844684924,0.47802191834865954,83000076,,6.080652129423253,4.543184844684924
q_learning,miss,False,0.07704616090881908,"[0.030158856547677228, 0.070898196609817]","[0.027545713748294877, 0.04607260586358302]",5.4,5.61828790801804,0.46224472549709095,83000077,,-9.060069319242276,5.61828790801804
q_learning,hit,True,0.036214473179995786,"[0.027831050008920083, -0.023171549864124837]","[0.053455144823289946, 0.00020231456396402553]",3.4000000000000004,3.6389871397009688,0.456059521880431,83000078,,6.330319957684603,3.6389871397009688
q_learning,miss,False,0.04368264120544256,"[-0.015541747427914315, -0.040824346039714424]","[-0.02949507393068805, -0.032260921915504184]",5.0,5.167294512167743,0.5228871334736145,83000079,,-6.442608214177142,5.167294512167743
q_learning,miss,False,0.059009331876548006,"[0.05306172825329454, 0.02581771181360014]","[0.08205356936009986, -0.009473426016418112]",2.8000000000000003,2.9109102333178978,0.4465346790611072,83000080,,-6.876313280322866,2.9109102333178978
q_learning,miss,False,0.05110147658325188,"[0.016202154060820484, -0.04846494725859173]","[0.004811223916248331, -0.04136623997768204]",4.6000000000000005,4.770440892958906,0.5370414639535577,83000081,,-6.782100568117899,4.770440892958906
q_learning,miss,False,0.0454027391565002,"[0.006187063429423205, 0.04497920596268336]","[0.05452532613492577, 0.02601402482303379]",2.6,2.8484973408348577,0.4773688694556458,83000082,,-5.938380451820748,2.8484973408348577
q_learning,miss,False,0.09397102280674532,"[0.05952089682504912, 0.07271737047286368]","[0.027616829209634423, 0.03999183165927349]",6.9,7.094168070347969,0.5251180758171506,83000083,,-11.244095704591153,7.094168070347969
q_learning,hit,True,0.033648928045574386,"[-0.009129790903320084, 0.032386683631978996]","[0.0021992767069336505, 0.03316134782314528]",5.0,5.167963848041163,0.49943715096190033,83000084,,6.042343525864849,5.167963848041163
q_learning,miss,False,0.08516904531946186,"[0.07437307968880487, -0.04150194330668419]","[0.05127266902543516, -0.06582045775517731]",3.5,3.616413948489373,0.4570351547052172,83000085,,-9.408603925392843,3.616413948489373
q_learning,miss,False,0.057937509877798714,"[-0.017761537949808587, 0.05514782697892577]","[0.007651001391615092, 0.060543445996642076]",4.6000000000000005,4.8315305724050415,0.44515945268561263,83000086,,-7.247971906775016,4.8315305724050415
q_learning,miss,False,0.09195460956547648,"[0.06349332011414299, -0.06651502477803178]","[0.05773843566551511, -0.051586258388623685]",5.0,5.1244277181066415,0.537887303960902,83000087,,-10.53478138771201,5.1244277181066415
q_learning,miss,False,0.06213970502091358,"[0.061762702260339294, 0.006834584814517385]","[0.05175249108209533, -0.0017372715262634515]",4.6000000000000005,4.733735701046922,0.5307254208830273,83000088,,-7.563339337553845,4.733735701046922
q_learning,miss,False,0.08670286509593104,"[0.08031368113808608, 0.03266648799447308]","[0.04863995173495801, 0.03629198069722855]",5.5,5.726481499326367,0.5165874876510149,83000089,,-10.073366759902012,5.726481499326367
q_learning,miss,False,0.04484051278768906,"[-0.018258539227924572, -0.04095482062377084]","[0.007567113097829384, -0.036177029182719506]",5.2,5.386695708167133,0.5368200933228889,83000090,,-6.556669741914316,5.386695708167133
q_learning,miss,False,0.06035322459282711,"[0.01653507943597289, 0.05804397356141547]","[0.005206654749247211, 0.0728440420794243]",3.2,3.3904704252247075,0.4860849347763171,83000091,,-7.076569824220146,3.3904704252247075
q_learning,hit,True,0.013695816183478104,"[0.006674265901044266, -0.011959496461547973]","[-0.03770386806472563, -0.02000601069212231]",2.8000000000000003,3.030285327268,0.5059524232376278,83000092,,7.182765386917737,3.030285327268
q_learning,miss,False,0.0410472839280482,"[-0.040945716365737114, -0.0028857978387980543]","[-0.012063256861759616, 0.04330319811010075]",3.5,3.691577143811876,0.4709870947653434,83000093,,-5.928049698668628,3.691577143811876
q_learning,miss,False,0.056169380656542395,"[-0.0561549061405051, -0.0012750841896211357]","[-0.041074827296267866, 0.005240261120091015]",4.6000000000000005,4.790040025550292,0.5161165690298178,83000094,,-7.121874577087224,4.790040025550292
q_learning,miss,False,0.06751891204791854,"[-0.02166301312706916, 0.0639493342138211]","[-0.024128835282524033, 0.053159103576079225]",6.1000000000000005,6.213743544496833,0.5185114900979737,83000095,,-8.374252177584099,6.213743544496833
q_learning,hit,True,0.017454906367056575,"[-0.01706753743275001, 0.0036569006363844983]","[-0.07402784507058195, 0.028744067288621285]",3.6,3.8348704429328895,0.4930005153785746,83000096,,6.909578902323305,3.8348704429328895
q_learning,miss,False,0.040708678896742866,"[0.033887247230626666, -0.022557726229576046]","[0.014358820939545297, 0.0012011385789523544]",5.2,5.440835576935233,0.5403833954996736,83000097,,-6.335747835948823,5.440835576935233
q_learning,miss,False,0.04801014423418809,"[0.04428432782372418, -0.018543792993572603]","[0.036055702487406575, 0.013180167612779193]",5.2,5.3576894348929285,0.4622999782185881,83000098,,-6.7406087183672145,5.3576894348929285
q_learning,miss,False,0.08066985363060333,"[0.05933258206904862, -0.054655923647877136]","[0.011041092675287023, -0.029931426847460144]",5.1000000000000005,5.293562588286988,0.5087357824707772,83000099,,-9.342265802989353,5.293562588286988
q_learning,hit,True,0.028099394500943547,"[0.021852262938783645, 0.01766506653748916]","[-0.011219873743728542, 0.027776868151945616]",4.800000000000001,4.913894177969214,0.5317771903935327,83000100,,6.306515017925214,4.913894177969214
q_learning,timeout,False,,,,,,,83000101,,-10.999999999999993,12.0
q_learning,hit,True,0.037005153278152826,"[-0.004798966549482926, 0.03669265988173287]","[-0.009198769300178253, 0.012827227788140109]",5.1000000000000005,5.260848091613376,0.5235041721346035,83000102,,5.86913664428776,5.260848091613376
q_learning,miss,False,0.07726900391418073,"[-0.054736378659721, 0.054538315128992716]","[-0.04612804484583563, 0.033639087448657574]",5.800000000000001,5.910303660716169,0.529990233391591,83000103,,-9.181561853681048,5.910303660716169
q_learning,hit,True,0.030731310986505708,"[-0.029595219797119543, 0.008278673813450427]","[-0.017747439668859777, -0.01040805046507049]",4.800000000000001,4.982922179523825,0.46525111864847196,83000104,,6.209741578156672,4.982922179523825
q_learning,miss,False,0.071885238068987,"[0.026010311646495393, 0.06701455916655069]","[-0.015976984342296413, 0.0389189472260893]",4.800000000000001,5.000818501899538,0.4698303231639482,83000105,,-8.429679657646835,5.000818501899538
q_learning,hit,True,0.0395752315660095,"[-0.01732892240665042, 0.03557959248962196]","[-0.03647229209764265, 0.006093037112999149]",5.300000000000001,5.5335693458953,0.5401329133308209,83000106,,5.696125654060454,5.5335693458953
q_learning,miss,False,0.07647697239803805,"[-0.02794865994137427, 0.07118707547477769]","[0.007972616322612175, 0.06708416015673767]",3.5,3.700952822016605,0.4946528047482535,83000107,,-8.53045456698142,3.700952822016605
q_learning,hit,True,0.030936315833617934,"[0.004874942300214222, 0.030549804826331406]","[0.009333330138584603, 0.0557143471695101]",2.7,2.9248403989864196,0.44546504768799133,83000108,,6.72684022665165,2.9248403989864196
q_learning,miss,False,0.05392709008331916,"[-0.020623314006350563, 0.049827803124860764]","[0.007148753932870816, 0.034269126488345486]",5.800000000000001,6.030932711989484,0.4820334439946322,83000109,,-7.267581903034012,6.030932711989484
q_learning,hit,True,0.034317492840598304,"[0.034269622791619214, -0.0018119791899049512]","[0.0332468356860922, 0.01989926460283222]",4.9,5.128098462329609,0.511992386781532,83000110,,6.038943553209678,5.128098462329609
q_learning,miss,False,0.05915522023305182,"[0.056784041749197454, -0.016580491049612005]","[0.0356218740686793, 0.024073071087512506]",3.8000000000000003,4.0195161474351435,0.4710842190710454,83000111,,-7.13708755051304,4.0195161474351435
q_learning,hit,True,0.021658249440512027,"[-0.012452523603092597, 0.01772045215963355]","[-0.03462423819606661, 0.023476612574789234]",5.2,5.401598577475887,0.5231475428192557,83000112,,6.40682514448285,5.401598577475887
q_learning,hit,True,0.03467885947853627,"[0.032873952459085476, -0.011042035340002004]","[0.011416180097616246, -0.03415596463393028]",5.2,5.400476958332124,0.515097201078072,83000113,,5.9483604407924595,5.400476958332124
q_learning,hit,True,0.03865720789987447,"[-0.01644221184415917, -0.03498618859329934]","[-0.021935820164586547, -0.05068613447929536]",5.0,5.170630979244681,0.5105192383363223,83000114,,5.816012673366178,5.170630979244681
q_learning,miss,False,0.06481445667211885,"[0.03455494399969898, -0.05483493082770908]","[0.02547695089561637, -0.040212407745012675]",6.2,6.346460369633388,0.4678886886380484,83000115,,-8.175571121063731,6.346460369633388
q_learning,miss,False,0.07572618452854903,"[0.0547769598764041, -0.05228708913250644]","[0.03630154766156088, -0.03386430065158922]",4.9,5.0661577065403005,0.44022953049591473,83000116,,-8.80903438953241,5.0661577065403005
q_learning,miss,False,0.05259679087095109,"[0.030777631205568375, -0.04265160990275265]","[0.015367178224727059, -0.024298876065724583]",6.5,6.736518906391999,0.5153412612355962,83000117,,-7.3540140062016,6.736518906391999
q_learning,miss,False,0.05706362462546219,"[0.004341866101713283, -0.05689820255641164]","[-0.002428813936853902, -0.052485981124675]",5.300000000000001,5.486307092401921,0.516994524422626,83000118,,-7.360160784622283,5.486307092401921
q_learning,miss,False,0.09162098076972326,"[0.08425935180467908, 0.03598285356473724]","[0.05318631044967632, 0.0025119449167372854]",5.4,5.564420966585036,0.532594833574738,83000119,,-10.59650257325375,5.564420966585036
q_learning,miss,False,0.05707706619834097,"[0.035168106406384486, 0.044955486623981904]","[0.033648852161777584, 0.014969368872401629]",4.800000000000001,4.9649928886652255,0.5200241009136659,83000120,,-7.236119678631123,4.9649928886652255
q_learning,hit,True,0.024779502664805896,"[-0.020165690223571106, 0.014400301737189095]","[-0.01679544162310158, -0.016517942188135955]",4.4,4.605280020121405,0.4653026973228511,83000121,,6.516235154803049,4.605280020121405
q_learning,hit,True,0.03219813875799036,"[-0.03217275828679156, 0.001278187661685963]","[-0.03701595254629486, -0.021357762915530272]",5.0,5.131065813696852,0.5229327353248274,83000122,,6.10204991282575,5.131065813696852
q_learning,hit,True,0.02892997670956965,"[0.028784010776166637, 0.002902460344908324]","[0.026994680169542686, 0.005330425736860688]",6.4,6.528614910329754,0.4636940731822198,83000123,,5.87691027973985,6.528614910329754
q_learning,miss,False,0.08617244197848392,"[0.07170297434279777, -0.047795117187127624]","[0.0459713562626179, -0.029222388587940885]",5.7,5.927660369451099,0.5060063421842143,83000124,,-10.066056097834485,5.927660369451099
q_learning,hit,True,0.02971320349619235,"[-0.02876650194539178, 0.007440620124150163]","[-0.0030043003109315874, -0.009044977313511263]",4.7,4.919878543696222,0.4865137478028659,83000125,,6.2732034612461645,4.919878543696222
q_learning,miss,False,0.06897323463754948,"[0.05811247565569024, -0.03715167922898323]","[0.07398149419516745, -0.014619866153838102]",3.2,3.4210437862222642,0.4848145899641212,83000126,,-7.773316935229035,3.4210437862222642
q_learning,miss,False,0.04751409885464126,"[0.022693156480545797, -0.041744583348239134]","[0.03536500294372029, -0.03643740853456831]",4.7,4.919466962159475,0.501761100404425,83000127,,-6.585993493730388,4.919466962159475
q_learning,hit,True,0.01362039548724252,"[-0.013062950185755678, 0.0038567480697294827]","[-0.06807421178218989, -0.0021088895432820713]",3.0,3.1649947847020856,0.5065669108192697,83000128,,7.13405301673194,3.1649947847020856
q_learning,miss,False,0.0678773384048479,"[0.062474581593634566, 0.02653789222275455]","[0.043236098514536254, 0.02761701566540995]",5.7,5.853880643091073,0.4669605673842761,83000129,,-8.3045831680789,5.853880643091073
q_learning,hit,True,0.0325835715893292,"[0.024600921893843927, 0.021365481026411073]","[-0.024639652476336163, 0.06942203129399034]",3.6,3.8278773192985835,0.5392267859817543,83000130,,6.436444289051911,3.8278773192985835
q_learning,hit,True,0.031051305933572686,"[0.025955110213338878, 0.017044525631232984]","[0.028461325437917018, 0.001387047168737718]",5.9,6.125589207137684,0.49290253714879345,83000131,,5.922385249887298,6.125589207137684
q_learning,miss,False,0.051172788484506355,"[-0.017887040577585847, -0.04794484394234508]","[-0.047101834179279864, -0.036445012359167445]",2.7,2.9290194014695405,0.4735307836796413,83000132,,-6.3116589258000175,2.9290194014695405
q_learning,miss,False,0.05362205393588445,"[-0.021385203002381614, 0.04917314064456153]","[-0.024877932869370123, 0.019927817811870547]",3.8000000000000003,4.003794702405291,0.4795987040254268,83000133,,-6.747077917689313,4.003794702405291
q_learning,miss,False,0.04264925678038178,"[0.027184585450061527, -0.03286270557679699]","[-0.0018857791063080498, -0.03927986542665324]",5.1000000000000005,5.257264473713156,0.5261262759198057,83000134,,-6.4118494399493375,5.257264473713156
q_learning,hit,True,0.01720189794102091,"[-0.002318248658435912, -0.017044970399826442]","[0.03937344794259853, -0.010358060906008546]",4.7,4.81042523183711,0.5042561244951144,83000135,,6.640059192016688,4.81042523183711
q_learning,miss,False,0.04865722953166291,"[-0.0063804419847207985, 0.048237080610009364]","[0.009755214250219017, 0.028832326998644575]",5.4,5.629286629299154,0.4565323419244282,83000136,,-6.82970374106058,5.629286629299154
q_learning,miss,False,0.06340736397868713,"[-0.06254034171725695, 0.010449854765231924]","[-0.03843165366587317, 0.005933505246435166]",6.5,6.659234403426959,0.513352285577941,83000137,,-8.137808629203567,6.659234403426959
q_learning,miss,False,0.07997979804505921,"[0.004123624242496529, -0.07987342373051973]","[0.012321857824975788, -0.056665249220920165]",5.4,5.542922661536495,0.49216968873555467,83000138,,-9.347980059580285,5.542922661536495
q_learning,miss,False,0.056922527164093344,"[0.033128179914231885, 0.04628928379568243]","[0.01714790250331715, 0.014961278205163527]",5.800000000000001,5.967988716261897,0.4947205216617079,83000139,,-7.47510881171684,5.967988716261897
q_learning,miss,False,0.05422665384577681,"[0.04011061042870799, 0.03649203910918274]","[0.031045789340699223, 0.009600977429109142]",6.2,6.378111314864251,0.4468487683975867,83000140,,-7.387831242068561,6.378111314864251
q_learning,miss,False,0.057337494657631195,"[-0.02402851327207789, 0.0520597622309924]","[0.02304161533504251, 0.09566203385368852]",2.6,2.8164710791265612,0.5349420017167079,83000141,,-6.7047426835086785,2.8164710791265612
q_learning,miss,False,0.06707607456377601,"[0.035037582941195376, -0.0571976184864728]","[0.031201755233503235, -0.04774147369001268]",7.0,7.115084260306437,0.4446637985606567,83000142,,-8.561999861803272,7.115084260306437
q_learning,miss,False,0.05281420508504776,"[-0.052586689948296975, -0.004896968352681802]","[-0.02088012146253783, -0.03327403405813703]",5.0,5.167454848588173,0.5228403950128591,83000143,,-6.993337661728427,5.167454848588173
q_learning,miss,False,0.10249730350021856,"[-0.0664994587338426, 0.0779969179706601]","[-0.04974963784455598, 0.0671352790782796]",4.4,4.554370103304526,0.49538053342888516,83000144,,-11.666060765509949,4.554370103304526
q_learning,miss,False,0.06992403157896414,"[-0.0661371672942974, 0.022699015276925402]","[-0.042192434641767626, 0.06307429084048714]",3.1,3.274235130988763,0.5318341899030188,83000145,,-7.830856370159983,3.274235130988763
q_learning,miss,False,0.10292920138851754,"[-0.08008932964498702, -0.0646538457904447]","[-0.07746792325103455, -0.02420686695113706]",2.7,2.8312580796207167,0.5262105888283398,83000146,,-11.296512811548752,2.8312580796207167
q_learning,miss,False,0.08026492947327181,"[0.07879666833832785, 0.015282145207033554]","[0.07809339614343322, 0.030077839022831815]",3.1,3.3266148777784985,0.49438734812020424,83000147,,-8.80153681459331,3.3266148777784985
q_learning,miss,False,0.049060859553869726,"[-0.005853695053643748, 0.048710391030903015]","[-0.0585850630393141, 0.02137333470358315]",2.2,2.3955651529506574,0.5233867275634485,83000148,,-6.054354962602831,2.3955651529506574
q_learning,hit,True,0.018464986011802673,"[-0.0008380176179114962, 0.018445959852719466]","[0.021933972216959835, 0.012884280216132433]",4.7,4.915987545200001,0.4911015924040232,83000149,,6.611902682239958,4.915987545200001
q_learning,timeout,False,,,,,,,83000150,,-10.999999999999993,12.0
q_learning,hit,True,0.03908324090396976,"[-0.039068306815352505, -0.001080334271980738]","[-0.028613611755280544, 0.001973477629756742]",6.800000000000001,6.913411086638826,0.4452466970670611,83000151,,5.345312675276418,6.913411086638826
q_learning,miss,False,0.08108216243616692,"[0.0659615760095639, -0.04715281068673938]","[0.04053663130169152, -0.06868865382691584]",4.4,4.617705478791945,0.4840869976969122,83000152,,-9.2089481658281,4.617705478791945
q_learning,miss,False,0.05333190809031168,"[-0.0167540004973257, -0.050631965080263894]","[0.03558017911514735, -0.022369613956291765]",5.0,5.206167557287082,0.5287460396896837,83000153,,-7.027682762845908,5.206167557287082
q_learning,miss,False,0.04749490418440957,"[0.02080208405097285, -0.04269706339577122]","[0.03834647823302138, -0.02954655127628835]",5.0,5.113131114732112,0.48948632559141236,83000154,,-6.6598537021789035,5.113131114732112
q_learning,miss,False,0.04517116691147084,"[-0.03404019692916087, 0.02969342205216343]","[-0.036303389906473735, 0.04389461308979936]",3.8000000000000003,4.021542382500499,0.5202280228881468,83000155,,-6.225271450089974,4.021542382500499
q_learning,miss,False,0.0451825475789095,"[0.0413939906979251, 0.018110774136422533]","[0.059465782324641794, 3.113409634686098e-05]",4.4,4.527228624145666,0.46367880526494876,83000156,,-6.375914128575262,4.527228624145666
q_learning,hit,True,0.029567394316895722,"[-0.01712297556089723, 0.02410465752985745]","[-0.0003293903256902653, 0.014462989138413415]",6.7,6.8640915841304535,0.532859152751318,83000157,,5.778605745818253,6.8640915841304535
q_learning,miss,False,0.09743067259700408,"[-0.03590719606232192, 0.09057267376889441]","[-0.060240378581338, 0.07127298931627832]",3.0,3.2273261185328947,0.5089209473130293,83000158,,-10.682959976690377,3.2273261185328947
q_learning,miss,False,0.04322377327839045,"[-0.042717345455062755, 0.006597194380532511]","[-0.028203328624857943, -0.007067782971530321]",4.5,4.734166422403288,0.48854917055900193,83000159,,-6.292684110263563,4.734166422403288
q_learning,miss,False,0.058932201709138786,"[-0.009266966705553742, -0.058199035441876344]","[0.0014069758108552766, -0.03938383533161318]",6.4,6.575895944342402,0.5022483299001518,83000160,,-7.770627748929135,6.575895944342402
q_learning,miss,False,0.0795738799249931,"[0.05085159320188733, 0.061205537618315105]","[0.03584072125929401, 0.030948203090454048]",6.1000000000000005,6.221488029588311,0.4932934575958605,83000161,,-9.48250147894826,6.221488029588311
q_learning,miss,False,0.06880713067899605,"[0.06099928576325126, 0.031835646194943966]","[0.040024542628768596, 0.013888321882613873]",5.6000000000000005,5.7595560280055995,0.5186650468685953,83000162,,-8.359013270172772,5.7595560280055995
q_learning,miss,False,0.05700438833841201,"[-0.0066830440381271256, 0.056611281669124366]","[-0.025333554949499834, 0.03821939338451373]",4.7,4.916531663718663,0.45358297825921723,83000163,,-7.205937681147802,4.916531663718663
q_learning,miss,False,0.06774618073067899,"[-0.05048417883705904, -0.045176240334291455]","[-0.041031421767169965, -0.05365793093920773]",4.6000000000000005,4.7397186031797265,0.49609744555871843,83000164,,-8.018465627246139,4.7397186031797265
q_learning,miss,False,0.059901172825152435,"[-0.05809873658873839, 0.014583803091826615]","[-0.025586417028718902, 0.03550530529225133]",4.9,5.025516310382654,0.540522376145639,83000165,,-7.467594066142988,5.025516310382654
q_learning,miss,False,0.047266377920573595,"[0.029455872726298467, -0.03696568738252534]","[0.04977866150744157, -0.022457779009274564]",3.8000000000000003,3.9480806547365743,0.5029886200996466,83000166,,-6.346319051081554,3.9480806547365743
q_learning,miss,False,0.05670011054911455,"[0.0042086178995209556, 0.05654370054796239]","[0.019784526590142626, 0.05059279688038117]",4.0,4.203464990720626,0.5234482569111163,83000167,,-7.009314085176133,4.203464990720626
q_learning,hit,True,0.03476091726114193,"[-0.015263487418669355, 0.031230551078328367]","[0.019078496234279138, 0.04838467750776258]",4.6000000000000005,4.778557180722419,0.5051428986977717,83000168,,6.094799144477529,4.778557180722419
q_learning,miss,False,0.057516861498133315,"[-0.03817365369333528, -0.04302280232965724]","[-0.03191312163397533, -0.031491529669865646]",7.0,7.1467518548699935,0.46836362236808154,83000169,,-7.817618347872154,7.1467518548699935
q_learning,hit,True,0.038321677308976856,"[0.03783423807569192, 0.006092731817929915]","[0.060799683826210246, 0.046356767763763414]",4.3,4.437176892394681,0.47035985456189583,83000170,,6.007155655141655,4.437176892394681
q_learning,hit,True,0.01832947255402484,"[-0.017363987148781818, -0.005870393036730148]","[-0.011097465774428342, -0.021166679548909842]",6.1000000000000005,6.238791032203186,0.498918621686907,83000171,,6.265019022432033,6.238791032203186
q_learning,miss,False,0.04374395796800923,"[-0.03864181245597942, -0.020502297159681205]","[-0.10710745421080003, 0.01090419736404542]",3.6,3.79927462535826,0.49374734418945554,83000172,,-6.095958661691849,3.79927462535826
q_learning,timeout,False,,,,,,,83000173,,-10.999999999999993,12.0
q_learning,hit,True,0.02673637586262404,"[-0.021077013381953613, 0.01644972039775916]","[-0.010537406954455208, 0.020752942790126877]",5.7,5.875841649318083,0.4633196518189206,83000174,,6.12822887858281,5.875841649318083
q_learning,hit,True,0.02493075586896466,"[0.00683900505047897, 0.02397437377946375]","[0.03180131050044838, 0.014858529988797635]",4.7,4.908396774991347,0.5164730014958451,83000175,,6.436535882376303,4.908396774991347
q_learning,miss,False,0.04500712904330826,"[-0.04309643219800245, 0.01297455958882534]","[-0.059435562906628395, 0.021007146957600413]",3.1,3.221891446707966,0.5143002000863127,83000176,,-6.041026040450626,3.221891446707966
q_learning,hit,True,0.013973559637086972,"[-0.01273184570150765, -0.005758513173053214]","[-0.009693335279596746, -0.011948791993220069]",5.7,5.934946546005324,0.4920893254589145,83000177,,6.452962269417985,5.934946546005324
q_learning,timeout,False,,,,,,,83000178,,-10.999999999999993,12.0
q_learning,hit,True,0.03497199063633527,"[0.016369963338131434, 0.030904116705969036]","[0.029356191626362556, 0.03631915644214983]",4.1000000000000005,4.2783856264915086,0.4738265270545066,83000179,,6.210599919332548,4.2783856264915086
q_learning,miss,False,0.0752698399939126,"[0.02652914011028107, -0.07043971562774995]","[0.021956991682228477, -0.06196184425149384]",4.800000000000001,4.972265240668183,0.47823080614957086,83000180,,-8.740968007943252,4.972265240668183
q_learning,timeout,False,,,,,,,83000181,,-10.999999999999993,12.0
q_learning,miss,False,0.043562802669655,"[-0.004166141077221755, -0.04336313001802322]","[0.02222445369132657, -0.029401964520862467]",5.1000000000000005,5.212186268488137,0.4961455849017226,83000182,,-6.461073610272063,5.212186268488137
q_learning,miss,False,0.07839149268755555,"[0.06078076654300875, 0.04950681310918066]","[0.06217173966469458, 0.022240136315127623]",4.9,5.145257455079874,0.5263859267086715,83000183,,-9.065766328614421,5.145257455079874
q_learning,miss,False,0.06257722300450422,"[-0.05007822160826922, 0.037524399522291224]","[-0.02666391783195496, 0.024369393385017733]",6.4,6.6391765336842505,0.5373331423582622,83000184,,-8.047443024347155,6.6391765336842505
q_learning,timeout,False,,,,,,,83000185,,-10.999999999999993,12.0
q_learning,miss,False,0.07328159406101739,"[0.010276641711173741, 0.07255744388595772]","[0.03537923383102352, 0.11228275800672438]",3.6,3.8270862289736627,0.5367236302002384,83000186,,-8.256370017577337,3.8270862289736627
q_learning,hit,True,0.03553961525369213,"[-0.010894600664364151, -0.03382856675569485]","[0.01905782263166611, -0.01978020199235548]",5.6000000000000005,5.765326812735195,0.5242369800520742,83000187,,5.810584842262209,5.765326812735195
q_learning,miss,False,0.053413907995582814,"[-0.049698433875564746, -0.019573227574334898]","[-0.10167426690180917, 0.008320493516439306]",2.8000000000000003,3.01619920177275,0.4443742120087143,83000188,,-6.483153479600366,3.01619920177275
q_learning,miss,False,0.04815770878297336,"[-0.04809017382295827, -0.0025495287610317954]","[-0.04584174347173289, -0.02060541620785538]",4.4,4.635922985175792,0.49080225019766666,83000189,,-6.5494780720160435,4.635922985175792
q_learning,miss,False,0.053132428813889285,"[-0.044928797607449666, -0.028362971233843563]","[-0.07633285249977317, -0.025793752505782468]",2.9000000000000004,3.139295999168201,0.49864466412990527,83000190,,-6.489409369789383,3.139295999168201
q_learning,miss,False,0.06922453765969155,"[-0.06662290932333989, 0.01879958955647926]","[-0.037867737785647976, 0.007019268459526873]",6.800000000000001,7.011981139736748,0.4874173249974876,83000191,,-8.695022883873781,7.011981139736748
q_learning,hit,True,0.026912818997726795,"[0.02525033679285492, 0.009312374469049308]","[0.08511497912040226, -0.016895168204906167]",4.0,4.112177946493537,0.5183694903912356,83000192,,6.547312608497247,4.112177946493537
q_learning,hit,True,0.02104979411418826,"[-0.005344030437716384, 0.020360136810210178]","[0.0029084171277676957, 0.06257501262761597]",2.6,2.817902268994682,0.5122985304166107,83000193,,7.073066354843928,2.817902268994682
q_learning,miss,False,0.04164992895704237,"[0.03862758286826375, 0.015576470199698423]","[0.027612237544578776, 0.02002773964781579]",5.5,5.65041596778003,0.46140294603987925,83000194,,-6.459197863829172,5.65041596778003
q_learning,miss,False,0.041037828205600986,"[0.004853736913691634, 0.04074978014425461]","[0.06706953825111124, 0.01746405849163589]",3.7,3.812017665209661,0.5311885347952058,83000195,,-5.977564589895263,3.812017665209661
q_learning,miss,False,0.06213594387543811,"[-0.004209741134020936, -0.06199317382483435]","[0.0029197209860165746, -0.04553022558713257]",6.5,6.669365025989344,0.4975479046548702,83000196,,-8.038047200807245,6.669365025989344
q_learning,miss,False,0.04317288696547118,"[-0.02989415774569963, -0.03114863562996906]","[-0.023058178366485285, 0.011476654516987646]",5.5,5.746827860699873,0.5388487360386925,83000197,,-6.539936355583344,5.746827860699873
q_learning,miss,False,0.0639421124076533,"[0.05501207238893237, -0.03259241676568086]","[0.05647429745755696, -0.02288982877135242]",5.6000000000000005,5.713040205878812,0.5027937306001194,83000198,,-7.9553710869706045,5.713040205878812
q_learning,miss,False,0.09064632800192288,"[-0.05346373615154533, 0.07320099519098175]","[-0.03814586259915144, 0.037181964146009806]",4.9,5.123387357692309,0.5384399562045763,83000199,,-10.360472987645116,5.123387357692309
q_learning,miss,False,0.0673285782560078,"[0.04833716101216347, 0.046868500245469236]","[0.047049051358791796, 0.04429085204983449]",4.3,4.447821212226419,0.5026595060096848,83000200,,-7.908210906234604,4.447821212226419
q_learning,miss,False,0.08575501288281531,"[-0.009819756673713084, 0.08519093034707913]","[0.029215809067730927, 0.07685845158423026]",4.1000000000000005,4.276836480135749,0.5201936570317128,83000201,,-9.621201396582387,4.276836480135749
q_learning,timeout,False,,,,,,,83000202,,-10.999999999999993,12.0
q_learning,miss,False,0.06924371464438857,"[0.0033110598483734877, -0.06916450607380928]","[0.027503684668749778, -0.08865291946534083]",2.5,2.695232623527747,0.5079348580069418,83000203,,-7.621682511095945,2.695232623527747
q_learning,miss,False,0.05538531633232845,"[0.015766723132347213, 0.05309372568298439]","[-0.011039460442668417, 0.06102647059725785]",2.9000000000000004,3.017725224406016,0.5151662408198566,83000204,,-6.642208290770056,3.017725224406016
q_learning,miss,False,0.05437744720037165,"[-0.014410374592882358, 0.05243327062202031]","[-0.02022240998785442, 0.044802721908390526]",6.0,6.146435332149656,0.4584094359607702,83000205,,-7.348066727518253,6.146435332149656
q_learning,hit,True,0.030189967149782147,"[0.02962185253319026, -0.005829233998292993]","[-0.008991840533288123, 0.014325146391081095]",3.9000000000000004,4.116586822478392,0.5275516813476537,83000206,,6.455353677184421,4.116586822478392
q_learning,miss,False,0.05892525499595819,"[-0.007311783757670255, -0.058469851159548586]","[0.03306184830961786, -0.07714115794213507]",3.1,3.3138974781555723,0.4909336415387804,83000207,,-6.945116047711685,3.3138974781555723
q_learning,hit,True,0.0222083546641147,"[-0.0041320298639453, -0.021820571626118536]","[-0.018899820838275225, -0.057328390758445265]",3.5,3.7377864868695436,0.5192752418070177,83000208,,6.8167431144455595,3.7377864868695436
q_learning,miss,False,0.0645103710786642,"[-0.06447961992064147, 0.001991630386535055]","[-0.03599238877466335, 0.018570913441092053]",4.3,4.5303404389335356,0.4729430805391912,83000209,,-7.675992485441847,4.5303404389335356
q_learning,miss,False,0.04355586083320382,"[0.04222758616234179, -0.010674454544538504]","[0.04332712150435436, -0.002395588055044481]",5.5,5.641499917897391,0.46357078877531677,83000210,,-6.560695633075886,5.641499917897391
q_learning,miss,False,0.06700388708052292,"[-0.05625868150978304, -0.036393428509557346]","[-0.0414323826339751, -0.07775494339243855]",2.7,2.8774517878476433,0.5063709218963526,83000211,,-7.480950552437166,2.8774517878476433
q_learning,miss,False,0.05493070736657616,"[-0.005112636736778781, -0.05469226231735312]","[0.01886938289671755, -0.05405405011359031]",3.5,3.6448286198359967,0.5175232708000613,83000212,,-6.760864132370266,3.6448286198359967
q_learning,miss,False,0.045831368475895064,"[0.0221369019212172, -0.0401306853879133]","[0.042313182381818276, -0.06586169418493791]",2.6,2.844499956760052,0.522256880599661,83000213,,-5.962821460233293,2.844499956760052
q_learning,miss,False,0.07771223143490269,"[0.06429214824281648, -0.043654445236603195]","[0.08530092958968084, -0.020564222878870466]",2.8000000000000003,2.976770078701369,0.48203229911727263,83000214,,-8.474494321619924,2.976770078701369
q_learning,miss,False,0.06684234650957496,"[-0.04466953487743823, -0.04972456073953211]","[-0.02494101611903947, -0.037814114504583364]",6.2,6.311454293684675,0.4502183494920424,83000215,,-8.342437054316303,6.311454293684675
q_learning,timeout,False,,,,,,,83000216,,-10.999999999999993,12.0
q_learning,miss,False,0.07265355892445373,"[0.01665538638627828, 0.07071872261793793]","[0.01384011256807828, 0.045998164835023225]",6.300000000000001,6.4589412068626935,0.5287344111509001,83000217,,-8.874087265243167,6.4589412068626935
q_learning,miss,False,0.04781846310210161,"[0.03479326975969761, -0.032802954026672125]","[0.03870993002411435, -0.033674198449579244]",5.800000000000001,5.9224167002658445,0.5326658846803285,83000218,,-6.879128383404407,5.9224167002658445
q_learning,miss,False,0.06581098233096788,"[0.013016446706980198, 0.06451091001134081]","[0.009377926903717054, 0.05812539134956397]",4.4,4.585636065244167,0.5218408725496049,83000219,,-7.806928372104354,4.585636065244167
q_learning,miss,False,0.050545727217356555,"[-0.012999518219155954, -0.04884550200377975]","[-0.019303380822691396, -0.024912402443772144]",5.2,5.34527890063444,0.4432807731614571,83000220,,-6.8967940874571365,5.34527890063444
q_learning,miss,False,0.048082814041094706,"[0.040332212616790916, 0.026177655195690572]","[0.022044782403242688, 0.02348726163717649]",6.1000000000000005,6.3294539603046225,0.44921113102351395,83000221,,-6.969973128819057,6.3294539603046225
q_learning,hit,True,0.02343723716585652,"[-0.023121441517946914, -0.0038344527772247727]","[0.014564595449392773, -0.05406721454535718]",3.5,3.7395115554703815,0.49301336632811926,83000222,,6.781684946269621,3.7395115554703815
q_learning,miss,False,0.08151564206834275,"[-0.08102978054110198, 0.008886763599591355]","[-0.10520273025488998, 0.03201766013886821]",2.8000000000000003,3.0063593493970657,0.4730513761418976,83000223,,-8.852999938633857,3.0063593493970657
q_learning,timeout,False,,,,,,,83000224,,-10.999999999999993,12.0
q_learning,miss,False,0.08057770285328099,"[0.04569496747967737, -0.06636818623514489]","[0.026786651671260694, -0.049931446056126524]",4.5,4.683234461738157,0.5283825643568449,83000225,,-9.182978873194779,4.683234461738157
q_learning,hit,True,0.02931877077417955,"[-0.019003650543752526, 0.02232602933169755]","[-0.0011360949555119237, -0.012595639591607343]",5.4,5.591605361351467,0.4450438832100982,83000226,,6.1127560501819485,5.591605361351467
q_learning,miss,False,0.0538942151921356,"[0.042132592722904844, -0.0336070091144994]","[0.027772274815089676, -0.02340333506350761]",7.1000000000000005,7.2929260920661,0.46165563037942364,83000227,,-7.590366519485134,7.2929260920661
q_learning,miss,False,0.0644509187021611,"[0.009919280723118457, 0.06368303378050193]","[-0.009420975728835074, 0.10471535947389006]",3.8000000000000003,4.025736092276843,0.44438479317354096,83000228,,-7.546200575970363,4.025736092276843
q_learning,miss,False,0.06546859527028082,"[-0.06406106192128574, 0.013502492813589229]","[-0.043075791520334084, 0.01924268172500661]",6.5,6.678068927587259,0.5274822537827618,83000229,,-8.303835604164895,6.678068927587259
q_learning,miss,False,0.04534081005724178,"[0.04395757636764849, 0.011113979329170454]","[0.012479697753822655, 0.024515645687935076]",4.7,4.85058064701216,0.45649949435939624,83000230,,-6.459868160404298,4.85058064701216
q_learning,hit,True,0.018545080072881328,"[-0.009627906621891863, -0.015850028674728348]","[-0.06221670064176979, -0.019497751117547642]",2.5,2.636102321525973,0.5001672245950568,83000231,,7.160050003181512,2.636102321525973
q_learning,timeout,False,,,,,,,83000232,,-10.999999999999993,12.0
q_learning,hit,True,0.018991322550123292,"[-0.0024485919284102237, 0.018832809927648762]","[-0.020886233147056066, 0.01151112799339112]",4.1000000000000005,4.278686542638305,0.5119134601002314,83000233,,6.7495810423732365,4.278686542638305
q_learning,miss,False,0.04401313435234369,"[0.0015864821178095331, -0.04398453216765329]","[0.0005001749645408698, -0.0450320945293735]",5.2,5.319294722575812,0.44767084654678396,83000234,,-6.51072249719841,5.319294722575812
q_learning,miss,False,0.07607947628315653,"[-0.02851933945510403, 0.07053179416804824]","[-0.024942701193174474, 0.04910081721872091]",6.2,6.447462372929898,0.44581053589515524,83000235,,-9.16755419469961,6.447462372929898
q_learning,miss,False,0.07333113966408936,"[0.0117858785341226, -0.07237782195958295]","[0.03897126793301394, -0.13869442512767863]",3.2,3.323016158751604,0.513148241768665,83000236,,-8.160910027771362,3.323016158751604
q_learning,miss,False,0.06639041653710384,"[0.062155481046334074, -0.02333202914169611]","[0.05794170821779822, -0.022829730406619626]",5.0,5.163729122965217,0.4817055433583801,83000237,,-8.004804629981344,5.163729122965217
q_learning,miss,False,0.05990429760794123,"[0.059869108715836665, -0.0020529718634514174]","[0.03217719956137404, 0.003614768566060777]",5.9,6.075208453358051,0.46553601571368364,83000238,,-7.717828044937995,6.075208453358051
q_learning,miss,False,0.08517989997894992,"[0.08472346431395009, 0.008806245230899398]","[0.05731741149615119, 0.008877361711407378]",4.9,5.019198226089776,0.4962013815482579,83000239,,-9.759759600264944,5.019198226089776
q_learning,miss,False,0.052579072137024466,"[0.052560625728575935, 0.0013926413073667918]","[0.07068585423642701, 0.02244786018057076]",2.8000000000000003,3.034589484063223,0.4824050572447794,83000240,,-6.427849266744015,3.034589484063223
q_learning,hit,True,0.029545729167463255,"[0.02941426950764034, -0.002784036883553914]","[0.06400889583455646, -0.020974168065515553]",4.1000000000000005,4.2921294486368335,0.4841247687589722,83000241,,6.429406179976819,4.2921294486368335
q_learning,miss,False,0.08406083375094503,"[-0.017961690460607235, -0.08211943403787772]","[-0.006240791615652483, -0.06960495578378559]",4.800000000000001,4.989642370905256,0.4766066942499549,83000242,,-9.616389856815012,4.989642370905256
q_learning,miss,False,0.07307953088750192,"[0.07263364592612018, -0.008060478535195835]","[0.049808911977622355, -0.030352635271196936]",4.800000000000001,4.995942413755687,0.45696548746778426,83000243,,-8.537886146710841,4.995942413755687
q_learning,miss,False,0.05933439197859671,"[0.05773297890304569, 0.013692085978777765]","[0.03807712142324, -0.008672447960629806]",6.6000000000000005,6.827336474268901,0.5060269305521545,83000244,,-7.8503562946685985,6.827336474268901
q_learning,timeout,False,,,,,,,83000245,,-10.999999999999993,12.0
q_learning,miss,False,0.057170069024129674,"[-0.014134387386902272, 0.05539526952205151]","[0.007941746046352713, 0.07101847927838523]",2.8000000000000003,3.002799072899503,0.47949150305074134,83000246,,-6.742760495139844,3.002799072899503
q_learning,miss,False,0.06911475002414891,"[-0.06484251563202326, 0.023922726379144395]","[-0.05264131927283522, 0.012875852992006892]",5.800000000000001,5.950639077377563,0.4973184580713959,83000247,,-8.435530419312869,5.950639077377563
q_learning,hit,True,0.024988748663554387,"[-0.0011829193748645744, 0.024960734394702033]","[0.017231271106909876, 0.07027860617894927]",2.6,2.7599332924511897,0.4594006372837311,83000248,,6.959726525143568,2.7599332924511897
q_learning,miss,False,0.045892849828067975,"[-0.00762738657498635, 0.04525457589434815]","[0.026691842647920683, 0.03447820322532389]",4.5,4.622067998225705,0.5422984879097382,83000249,,-6.441346040838499,4.622067998225705
q_learning,miss,False,0.0711747058588644,"[0.05819780829640517, -0.040973819245839656]","[0.0438235429348148, -0.007978198383458096]",4.6000000000000005,4.791329498971011,0.44539919704086717,83000250,,-8.316149221309916,4.791329498971011
q_learning,miss,False,0.09314047105324864,"[0.05763447374656004, -0.07316703345071557]","[0.03846503868692512, -0.04527092693457895]",7.1000000000000005,7.314782529564586,0.5276793104059143,83000251,,-11.196967092513152,7.314782529564586
q_learning,miss,False,0.05491913783791746,"[0.051573921975959176, 0.01887438139060066]","[0.03713255004688538, 0.006089693604366035]",5.4,5.5256715260001785,0.4467296724318783,83000252,,-7.23506981303761,5.5256715260001785
q_learning,hit,True,0.03243179479271399,"[0.0324279364234447, 0.00050025272986675]","[0.04466623839574495, -0.04572154880749164]",3.2,3.402840465512076,0.5252958790235969,83000253,,6.542611679077055,3.402840465512076
q_learning,miss,False,0.04147400816552077,"[-0.039008770190522096, -0.014085780118144625]","[-0.0023240144520930983, -0.037837356485359824]",4.5,4.640239790022933,0.49065130361172565,83000254,,-6.200058345821052,4.640239790022933
q_learning,hit,True,0.01925353177454406,"[0.01914496655278626, -0.0020417496139519993]","[0.01507709800427473, -0.028095056553759396]",4.6000000000000005,4.734165950659577,0.5267063756417241,83000255,,6.618313446379139,4.734165950659577
q_learning,hit,True,0.01399478541124568,"[0.001176452569318004, 0.01394524930071026]","[-0.031868440965907935, 0.011919611550900674]",4.4,4.598694338080824,0.4428339281117852,83000256,,6.77759123830824,4.598694338080824
q_learning,miss,False,0.05290031943555608,"[-0.03245390577315388, -0.041775444898302656]","[-0.031798668866442226, -0.012737983510827893]",4.4,4.518166519492843,0.49933001048043596,83000257,,-6.84902737273992,4.518166519492843
q_learning,hit,True,0.022200988320106665,"[0.022101642782653225, 0.002097920088445976]","[0.03948352070089234, 0.04016317355779711]",3.0,3.1258737158711325,0.4494663551309588,83000258,,6.941947573506555,3.1258737158711325
q_learning,miss,False,0.0585572463150496,"[-0.058443532254674496, -0.0036475517265984678]","[-0.05195867380298061, 0.013927868876640943]",4.800000000000001,4.94759795201156,0.46811264649795303,83000259,,-7.343094435000868,4.94759795201156
q_learning,miss,False,0.05458681033747609,"[-0.006809450663186847, -0.05416042138393322]","[0.011743290005892401, -0.041902687420084614]",5.6000000000000005,5.7746580437962125,0.4424617346966236,83000260,,-7.262324914262241,5.7746580437962125
q_learning,miss,False,0.09923785945905778,"[-0.08220721643466221, 0.055588904613063796]","[-0.05234791789519731, 0.010088797199380639]",4.3,4.511390365426602,0.5430217023049102,83000261,,-11.230095468759814,4.511390365426602
q_learning,timeout,False,,,,,,,83000262,,-10.999999999999993,12.0
q_learning,hit,True,0.03754810828474022,"[0.030692889007340893, 0.02162884648208567]","[0.012489066252495226, -0.015727769328164068]",3.4000000000000004,3.555805563718362,0.44657978609131477,83000263,,6.268837227648389,3.555805563718362
q_learning,hit,True,0.018242327215084658,"[-0.009624813540192519, -0.015496627585986092]","[0.025397262520469192, 0.005925414103064893]",5.0,5.223631294999851,0.5338227789095977,83000264,,6.542010936111113,5.223631294999851
q_learning,hit,True,0.02300880232655787,"[-0.0024027657872968122, -0.022883000263820535]","[0.0031359881332778394, 0.01604556249401387]",4.1000000000000005,4.238879028708244,0.5313576688699052,83000265,,6.644121884685865,4.238879028708244
q_learning,miss,False,0.0684298762896389,"[0.05139778321026214, -0.04517649665574102]","[0.0345466468356447, -0.028327373183746]",5.6000000000000005,5.742330825913845,0.5083177873772418,83000266,,-8.326654980634551,5.742330825913845
q_learning,timeout,False,,,,,,,83000267,,-10.999999999999993,12.0
q_learning,timeout,False,,,,,,,83000268,,-10.999999999999993,12.0
q_learning,hit,True,0.017456105771825815,"[-0.01584232115115497, -0.0073305176666343536]","[-0.011978066830184084, -0.03336184788444281]",5.0,5.205551670991295,0.537425379316431,83000269,,6.559552732051769,5.205551670991295
q_learning,miss,False,0.040333851976945743,"[-0.03279896122230208, 0.023474406446939062]","[-0.03746529906770624, -0.0008245896242028241]",3.6,3.7416030389955734,0.5404608662175231,83000270,,-5.916762259561357,3.7416030389955734
q_learning,miss,False,0.06611738295211472,"[0.03337037527488861, 0.05707824789225483]","[0.031979238810576384, 0.04369556410418377]",6.1000000000000005,6.263281824126562,0.4445477491508281,83000271,,-8.257192705272868,6.263281824126562
q_learning,timeout,False,,,,,,,83000272,,-10.999999999999993,12.0
q_learning,hit,True,0.02912674557855485,"[-0.02007523393716535, -0.021103371540252734]","[-0.02825927075211679, 0.004055474314367738]",4.2,4.350638511568757,0.5372959085548837,83000273,,6.419770432501334,4.350638511568757
q_learning,miss,False,0.07404041998178981,"[0.03258146760236205, 0.06648632761670667]","[0.016456890081341796, 0.04615236806628823]",6.6000000000000005,6.7438325087513,0.451653619983544,83000274,,-9.076239869424885,6.7438325087513
q_learning,miss,False,0.05199876020880223,"[0.026378396598991244, -0.04481128491930176]","[-0.013227379475599071, -0.028107697919248893]",4.7,4.84307518286263,0.44442538480931676,83000275,,-6.864919414532821,4.84307518286263
q_learning,miss,False,0.04144107011364885,"[0.03834581105299549, -0.015714994968256554]","[0.022233005949186965, -0.041182090887307385]",3.3000000000000003,3.5401824264640616,0.44514693620840107,83000276,,-5.898351432602725,3.5401824264640616
q_learning,miss,False,0.10335901444012222,"[-0.09668912911110823, 0.036528046454318286]","[-0.07800125427637634, 0.07022350046976444]",3.0,3.211967971512121,0.5410901727819056,83000277,,-11.426928666270868,3.211967971512121
q_learning,timeout,False,,,,,,,83000278,,-10.999999999999993,12.0
q_learning,hit,True,0.0382759964411257,"[-0.020354630521387765, 0.03241513411816858]","[-0.012034232767136582, -0.004049759523297133]",5.5,5.643845087516864,0.4827868239750381,83000279,,5.709342560274334,5.643845087516864
q_learning,miss,False,0.05322385977271027,"[-0.03934757246970222, -0.03584058858119741]","[-0.03278621765076753, -0.018616043742344636]",4.4,4.6031997197980985,0.5367624450363704,83000280,,-6.870487030690704,4.6031997197980985
q_learning,miss,False,0.0695322758655823,"[-0.04736935884735144, 0.05090069969497754]","[-0.028215048288288858, 0.03840060301462747]",4.9,5.1325531190995966,0.4620104568179569,83000281,,-8.24671086690465,5.1325531190995966
q_learning,miss,False,0.08094778946369559,"[-0.0490597846285747, 0.06438697190625331]","[-0.036068945768414254, 0.05915332348646357]",4.0,4.128718958686368,0.45350043801230755,83000282,,-9.09534038691174,4.128718958686368
q_learning,hit,True,0.016635397838550565,"[0.01649160402566846, 0.00218253474368877]","[-0.031361713775114874, -0.04897348946157128]",3.5,3.6875635777243634,0.47349412874927005,83000283,,6.952039711720717,3.6875635777243634
q_learning,miss,False,0.05596884071155464,"[-0.03329574318604561, -0.04498782742347394]","[-0.029316064649469842, -0.04198444231093371]",5.0,5.112180837285269,0.4821642832626375,83000284,,-7.20781945662211,5.112180837285269
q_learning,hit,True,0.026925763977390004,"[-0.026851099579536325, -0.0020038006727060714]","[-0.0073178190018499956, -0.0437917198291269]",4.5,4.697186903972904,0.5404071456538738,83000285,,6.421877021396179,4.697186903972904
q_learning,hit,True,0.02157564190905784,"[0.01941142537995183, 0.009418327266901214]","[0.015192121516242704, 0.046523517970330594]",4.4,4.629744847356292,0.46207753158519443,83000286,,6.609057297632567,4.629744847356292
q_learning,hit,True,0.022019564819915845,"[0.0035067772769303007, -0.021738531412873338]","[-0.014779938050454605, -0.06979739559892738]",3.1,3.3304910077408243,0.49163708514787574,83000287,,6.921961728213453,3.3304910077408243
q_learning,hit,True,0.022161939585237288,"[-0.014958855999912594, 0.016351886538059957]","[-0.019171811115704124, -0.0060660275903826446]",5.4,5.593225618722229,0.5424513727339267,83000288,,6.343030271137684,5.593225618722229
q_learning,hit,True,0.019383701269785898,"[-0.01157663294154164, -0.015547007578730782]","[-0.02466712689390091, -0.01465488328066008]",3.7,3.941543937113318,0.44884849967731455,83000289,,6.840170078177312,3.941543937113318
q_learning,hit,True,0.03913357501091739,"[0.006421363825264398, 0.03860314468743037]","[0.06734514854827359, 0.0331580344766606]",3.5,3.664315479904454,0.5215037218820523,83000290,,6.167852066790564,3.664315479904454
q_learning,timeout,False,,,,,,,83000291,,-10.999999999999993,12.0
q_learning,miss,False,0.052323435125275236,"[0.05231980049519856, -0.0006167166703657124]","[0.058460639457559804, 0.00791042116834381]",4.0,4.2146634411126875,0.4456432991109162,83000292,,-6.711088664568054,4.2146634411126875
q_learning,hit,True,0.019384305207077904,"[-0.01511575803968726, -0.012135285214892048]","[0.011026848426004182, 0.01804201881918482]",4.4,4.597938895670548,0.5402464887812489,83000293,,6.665155444774284,4.597938895670548
q_learning,miss,False,0.05233108775113683,"[0.043415039771071966, -0.029217752598265027]","[0.019916307516105618, -0.05187726562528574]",4.6000000000000005,4.844980301488433,0.45354734610620207,83000294,,-6.861589215760739,4.844980301488433
q_learning,hit,True,0.03085493595191526,"[0.023022073827719314, 0.020542910924886817]","[0.013653868418575077, 0.02362544828029714]",5.7,5.919635639435464,0.47707957826492126,83000295,,5.979983079627005,5.919635639435464
q_learning,miss,False,0.06929120316063625,"[0.06584901801175835, 0.02156797770621277]","[0.08952997509271982, 0.039512743749782156]",3.3000000000000003,3.430386691740828,0.5183442592499187,83000296,,-7.825794272155355,3.430386691740828
q_learning,timeout,False,,,,,,,83000297,,-10.999999999999993,12.0
q_learning,hit,True,0.03413210200162117,"[-0.019554509554706764, 0.027975373869243536]","[-0.0022969282730804647, 0.024626332144272567]",6.7,6.930781142312933,0.46702888433038486,83000298,,5.596874758094332,6.930781142312933
q_learning,miss,False,0.04397072504423894,"[-0.022232769198105948, -0.03793584893869931]","[-0.03092898054457796, -0.017890703702159533]",5.800000000000001,5.957317404929004,0.446297252216999,83000299,,-6.658390413072537,5.957317404929004
