policy,outcome,hit,error_m,landing_xy,release_xy,decision_s,release_s,fall_s,seed,blocked_reason,return,episode_s
random,miss,False,0.22421921615276338,"[0.20860397852464435, 0.08221093014830413]","[0.2543243017599428, 0.11548686034115384]",2.9000000000000004,3.036116214992856,0.4577009825407527,84000000,,-16.624232400511154,3.036116214992856
random,miss,False,0.10338967669988455,"[0.08562718107288182, -0.05794317138040132]","[0.14774064188441932, -0.09064408731357924]",2.1,2.215372306959242,0.5063856562240971,84000001,,-7.055041478841811,2.215372306959242
random,miss,False,0.13308104155457604,"[-0.07370866791593811, -0.11080431352302467]","[-0.16995674257419935, -0.13639494577179934]",2.8000000000000003,2.976464647602689,0.4850938233654199,84000002,,-8.891849377810841,2.976464647602689
random,miss,False,0.08673051367060239,"[0.050961834344442236, 0.07017886748741516]","[0.09027700145426386, 0.048563088456707496]",3.2,3.3913133329633833,0.4968550116757089,84000003,,-6.580398106879657,3.3913133329633833
random,miss,False,0.7680536505228698,"[0.510131412588215, 0.5741710128282852]","[0.6017648789278167, 0.658961715821488]",0.2,0.4174385817476563,0.45608901182931666,84000004,,-16.05,0.4174385817476563
random,miss,False,0.19196042936913044,"[0.19055792888841233, 0.02316208499552016]","[0.2750313743401789, 0.06221702707921158]",2.8000000000000003,2.950934331753529,0.49769931852460497,84000005,,-13.421610992563531,2.950934331753529
random,miss,False,0.14013356227722404,"[-0.08560228129980915, 0.11094892839848872]","[-0.119448238896581, 0.10691743639598542]",3.3000000000000003,3.516496126715695,0.4538571055062124,84000006,,-9.472908941184526,3.516496126715695
random,miss,False,0.1533117250210586,"[-0.14086751456941488, 0.06050477971175813]","[-0.178365018200986, 0.1294742644346434]",2.7,2.910698502665874,0.5180783135438549,84000007,,-10.238191722824304,2.910698502665874
random,hit,True,0.0027434169738439476,"[-0.0027079544858815557, 0.0004396807873549187]","[0.046002050222374594, -0.02016744912538491]",3.7,3.8600267175398777,0.5289524301542182,84000008,,7.073218618534348,3.8600267175398777
random,miss,False,1.301275960068576,"[0.8877302246485786, -0.951448460242476]","[0.9678697347112486, -1.025422081645707]",0.30000000000000004,0.411048870205299,0.4504811364047068,84000009,,-16.075,0.411048870205299
random,miss,False,0.18383922174401712,"[0.10387808801298383, -0.1516779558215784]","[0.12142008411420253, -0.2615481807269595]",1.3,1.43699755931532,0.49507077581009007,84000010,,-12.324256674898436,1.43699755931532
random,miss,False,0.1000805190536521,"[-0.015545154767190678, -0.0988658609294053]","[-0.009109955090655597, -0.16603444589638305]",3.3000000000000003,3.4182062247196625,0.45876422511175596,84000011,,-7.195676992674183,3.4182062247196625
random,miss,False,0.11850561448881891,"[0.028233729760144308, 0.11509316734369468]","[0.07970607557211111, 0.11650016551695574]",3.9000000000000004,4.129316338986688,0.4852955198944593,84000012,,-8.298924417839661,4.129316338986688
random,miss,False,0.11468178548974185,"[0.11362882196136634, -0.01550492640380071]","[0.22008503007500904, -0.04054536067529944]",1.6,1.7463359819698372,0.5251670912259332,84000013,,-7.5128785616840625,1.7463359819698372
random,miss,False,0.09334760515788561,"[0.09207405291975888, 0.015366983036430852]","[0.15021515928368853, -0.04164221451853107]",1.9000000000000001,2.1285628951326627,0.503706599125373,84000014,,-6.5374320446656835,2.1285628951326627
random,miss,False,0.12487662906451943,"[-0.09000458510595348, -0.08656412158869722]","[-0.1516225079693444, -0.16850134492154012]",1.6,1.802284475787695,0.5044787359576134,84000015,,-8.090928399175759,1.802284475787695
random,miss,False,0.15675507398681596,"[0.10503623477031371, -0.11635954024439804]","[0.1928969693047361, -0.16011156261753004]",2.6,2.835022308023903,0.4822413673184232,84000016,,-10.465894253399325,2.835022308023903
random,miss,False,0.08762853423203085,"[-0.08667035591960942, 0.012923212310506513]","[-0.11085637130143128, 0.03936867746767071]",3.5,3.7185359082762246,0.5187453673871734,84000017,,-6.692457990924073,3.7185359082762246
random,miss,False,0.10244341027270387,"[-0.09740187777737355, 0.031741558149264076]","[-0.13428897217522862, 0.023825118874060774]",3.4000000000000004,3.6237100292494526,0.4460432084371241,84000018,,-7.333941374745924,3.6237100292494526
random,miss,False,0.094674434661474,"[-0.045606374040056324, -0.08296569908937179]","[-0.048391530847336356, -0.14810084543813384]",3.2,3.4490307091333294,0.4770536342997455,84000019,,-6.921478953483955,3.4490307091333294
random,miss,False,0.13522316338165216,"[0.1305275039689575, 0.035325268896001044]","[0.18050292973679505, 0.015429487973030424]",3.3000000000000003,3.491150661495395,0.536512807848933,84000020,,-9.152882583417988,3.491150661495395
random,miss,False,0.16216545909686964,"[0.16123793253660215, 0.017319504479650548]","[0.25613875108858364, 0.0398028128971779]",1.2000000000000002,1.320748042287676,0.487717213472406,84000021,,-10.524292573751126,1.320748042287676
random,miss,False,0.7195978947111114,"[0.6936332263858813, 0.19155698193012008]","[0.8898725790928382, 0.24985346998716457]",0.2,0.3692373221426045,0.5293866626314709,84000022,,-16.05,0.3692373221426045
random,miss,False,0.1845911381386087,"[0.017451722851141133, -0.1837643209353597]","[0.06355828782222409, -0.21396809396363373]",3.1,3.2354800773259003,0.4932734077464076,84000023,,-12.839825628238323,3.2354800773259003
random,miss,False,0.35771640501287855,"[0.16600562957642512, 0.31686457259257067]","[0.21009755800424257, 0.3838935593723802]",0.2,0.40314441280709157,0.531461772769295,84000024,,-16.05,0.40314441280709157
random,miss,False,0.17509580465805344,"[0.14004432772067354, -0.10510055700192933]","[0.188962659627667, -0.13505499400470033]",1.8,1.928062499186319,0.5095119656044296,84000025,,-11.706459363041706,1.928062499186319
random,miss,False,0.8500009980523887,"[0.8362347164270945, -0.15235877307248782]","[0.9819384970837297, -0.15749201161018525]",0.2,0.31685695301056455,0.5348454014510529,84000026,,-16.05,0.31685695301056455
random,miss,False,0.09564845385343697,"[0.07254958466541168, -0.06233124809779861]","[0.10745642929229482, -0.14765127143607798]",1.4000000000000001,1.6295155767637093,0.48773426303513684,84000027,,-6.515355437764038,1.6295155767637093
random,hit,True,0.03525291248699453,"[0.021713491318093747, 0.02777214672283658]","[0.06952190846463718, 0.05948001699701895]",2.9000000000000004,3.0203579586906475,0.4517311791148684,84000028,,6.980853765960782,3.0203579586906475
random,miss,False,0.19520361087110016,"[0.10555600044630062, 0.16420225475582387]","[0.13028745464087346, 0.1822258044206662]",3.3000000000000003,3.509894924733724,0.4821922528362839,84000029,,-13.843804662039265,3.509894924733724
random,miss,False,0.6535842547009895,"[0.004785786036605066, 0.6535667328169784]","[0.048046994953331604, 0.7720824610795003]",0.2,0.3202589270115508,0.5393327497692983,84000030,,-16.05,0.3202589270115508
random,miss,False,0.09498398253668278,"[0.09449224022403907, 0.009652640880678728]","[0.13996041033932688, -0.036965989417913805]",3.2,3.3207428927671314,0.4648330992564002,84000031,,-6.93537442332044,3.3207428927671314
random,miss,False,0.9270882324072036,"[-0.8696182717975244, 0.3213357310101076]","[-0.9667861501325399, 0.43887650898571945]",0.2,0.36715362084877445,0.5435389483225251,84000032,,-16.05,0.36715362084877445
random,miss,False,0.11903621815401651,"[0.05066845208552484, -0.1077141086193795]","[0.09695273114730735, -0.1886956757036681]",2.9000000000000004,3.087660870244497,0.47385625728539504,84000033,,-8.078756504712569,3.087660870244497
random,miss,False,0.24589738558440136,"[-0.24413512845842844, -0.029386447383622158]","[-0.3119425818295577, -0.0048562009613078855]",0.5,0.6345086920639119,0.5172933738390908,84000034,,-16.125,0.6345086920639119
random,miss,False,0.356740303487892,"[-0.2389747606615289, -0.2648673401901379]","[-0.2900536088557326, -0.34483714673863514]",0.2,0.31375322163084873,0.5431452737899913,84000035,,-16.05,0.31375322163084873
random,miss,False,0.18955542752007218,"[-0.1531007744627084, -0.11176498987266198]","[-0.21174614742944503, -0.1982271290881567]",1.6,1.7650387684215865,0.47727433055665947,84000036,,-12.904440260903513,1.7650387684215865
random,miss,False,0.22177769490929078,"[-0.21495975903158762, -0.054567828950401256]","[-0.31873941241357173, -0.04956888623110424]",0.4,0.5895509290757154,0.4805303317031492,84000037,,-15.741502002196084,0.5895509290757154
random,miss,False,0.16811712178321603,"[-0.021424534183904276, 0.1667463821846681]","[0.016556238328584327, 0.21744038311356187]",3.2,3.348555488128761,0.524503552826182,84000038,,-11.489554233531997,3.348555488128761
random,miss,False,1.0982066497251468,"[-0.8118085679524477, -0.7396111779168345]","[-0.94324505893995, -0.8394775227843264]",0.30000000000000004,0.4565214263277017,0.5088374970156865,84000039,,-16.075,0.4565214263277017
random,miss,False,0.11150269798263775,"[-0.017269061982356317, -0.11015730187171827]","[0.02199552989137906, -0.17627626187864445]",1.9000000000000001,2.083718798518005,0.5214509160980666,84000040,,-7.417686782818302,2.083718798518005
random,miss,False,0.18861633523839175,"[-0.02793465032821857, -0.1865362625062525]","[-0.03558271248590608, -0.2318221582969241]",1.9000000000000001,2.0727170985164634,0.46166379844271593,84000041,,-12.895383886097369,2.0727170985164634
random,miss,False,0.15434852394411086,"[-0.14372700276999376, -0.05626735748620129]","[-0.23991811239854213, -0.10774071360324725]",2.4000000000000004,2.6454782293870003,0.5036848004561436,84000042,,-10.238690377213198,2.6454782293870003
random,miss,False,0.6937817889926382,"[0.6541339637026071, -0.23117510304646094]","[0.7785937481556069, -0.3490230465127935]",0.2,0.3744032636406325,0.5148266655262759,84000043,,-16.05,0.3744032636406325
random,miss,False,1.0888022954719652,"[0.7427012986804771, -0.7961690898065268]","[0.8778303436409122, -0.8582055615164759]",0.2,0.3724548950795794,0.5287903970584906,84000044,,-16.05,0.3724548950795794
random,miss,False,0.1293695372906115,"[0.0005133384266001184, -0.12936851882296055]","[-0.036884656989641884, -0.20176579983533083]",1.5,1.742117923582061,0.47651913589347983,84000045,,-8.336296373677378,1.742117923582061
random,miss,False,0.10997821975563617,"[-0.05053545449381336, -0.09767997061692188]","[-0.043351292670115005, -0.19188052388438628]",2.8000000000000003,2.955383114308169,0.5191655744309955,84000046,,-7.5627713184897045,2.955383114308169
random,miss,False,0.12415395875048342,"[-0.10983444942232395, -0.05788436052606698]","[-0.21879789362974766, -0.09865002433090353]",1.2000000000000002,1.3962895252559735,0.5088641370498569,84000047,,-7.948332656429996,1.3962895252559735
random,miss,False,0.1087218501650595,"[0.024387257489992056, -0.10595141516483145]","[-0.030937172868473736, -0.192997428688971]",2.8000000000000003,2.9109400371115814,0.520290781239935,84000048,,-7.497737444571277,2.9109400371115814
random,miss,False,0.3807502096294212,"[0.2945523871503358, -0.24126668513677324]","[0.4014417770227041, -0.27818322558073655]",0.30000000000000004,0.4433071771964201,0.44866271201846886,84000049,,-16.075,0.4433071771964201
random,miss,False,0.15294209294910463,"[-0.11879270354831015, -0.09633056305937311]","[-0.2209600461564094, -0.10347947861946634]",2.3000000000000003,2.483064127686292,0.5047755499968837,84000050,,-10.111398531515398,2.483064127686292
random,miss,False,0.4750546205795097,"[0.41384381744404236, 0.23325991360987014]","[0.5719182032115228, 0.28160020341453557]",0.2,0.3525837120037739,0.49087859992178007,84000051,,-16.05,0.3525837120037739
random,miss,False,0.31686484043491525,"[-0.044236309434658186, 0.3137618141703121]","[-0.056283872090080914, 0.45120827244514444]",0.2,0.41557881419819204,0.5422908576082491,84000052,,-16.05,0.41557881419819204
random,miss,False,0.13319788036205285,"[0.09094008218440403, -0.09732202620803568]","[0.12461051753065827, -0.13281163548443978]",3.0,3.235826531424607,0.5178757965335641,84000053,,-8.949213096554733,3.235826531424607
random,miss,False,0.15948124716660828,"[0.15344799806982137, -0.0434508928122415]","[0.24914385799209976, -0.0705554567896561]",2.5,2.610174607272783,0.5094486332305964,84000054,,-10.644945135577942,2.610174607272783
random,miss,False,0.1896206015499496,"[0.1892584046895031, -0.011714469110848252]","[0.259176736958469, -0.06540739162481454]",2.4000000000000004,2.6021558784372023,0.4930447983295291,84000055,,-13.110289356725385,2.6021558784372023
random,miss,False,0.0849339455778572,"[0.07429940943901939, 0.041150612005599205]","[0.07139461531671357, 0.02618305176944817]",4.5,4.671812383705944,0.4641102289761526,84000056,,-6.832402393236073,4.671812383705944
random,miss,False,0.10913168940130713,"[0.1065713168832908, 0.023500639339060297]","[0.21258716057888594, 0.06849056593081179]",2.5,2.6513728147954456,0.5179820336947165,84000057,,-7.443869971972395,2.6513728147954456
random,miss,False,0.10719348552959151,"[0.101546477505255, -0.03433301976607194]","[0.19978134489829072, -0.048637050458918175]",3.1,3.3306189330759657,0.49822368958618735,84000058,,-7.49463155975923,3.3306189330759657
random,miss,False,0.08656364821285346,"[-0.06282541277766278, -0.05955025357825888]","[-0.04621977871146958, -0.08169595664711635]",3.3000000000000003,3.4505498263939396,0.4682543118662448,84000059,,-6.598553891578379,3.4505498263939396
random,miss,False,0.1822191649435844,"[0.029452609958231693, 0.1798231571277334]","[-0.009245184553772032, 0.23662251144977176]",2.6,2.8299551938083716,0.5043322769970915,84000060,,-12.508893271653779,2.8299551938083716
random,miss,False,0.2687124472285439,"[-0.064794351140434, 0.2607835718672538]","[-0.11570411903538133, 0.3364016605742336]",0.30000000000000004,0.5351092783963747,0.4808108582806277,84000061,,-16.075,0.5351092783963747
random,miss,False,1.1418765218070455,"[1.1114800485420728, 0.2617137610961015]","[1.266571966540715, 0.2775039105455958]",0.2,0.40677127865838003,0.5022668886545476,84000062,,-16.05,0.40677127865838003
random,miss,False,0.39865203963187046,"[0.39330314306333336, 0.06508522381580605]","[0.4905427694898317, 0.11662723440586086]",0.2,0.32585941832315213,0.530058207677176,84000063,,-16.05,0.32585941832315213
random,miss,False,0.10178789363012178,"[0.08662798622503093, 0.05344499314484788]","[0.09480687409744593, 0.10700364749992838]",3.6,3.7257131007389366,0.5158393363869159,84000064,,-7.352254506427689,3.7257131007389366
random,miss,False,0.43618385521940395,"[0.4312101251524413, 0.06568244453488219]","[0.5866230566074141, 0.08282378289916845]",0.2,0.42229796635889594,0.4656683806942873,84000065,,-16.05,0.42229796635889594
random,miss,False,0.866617286430066,"[-0.5252411823226333, -0.6893092350547273]","[-0.629056750242649, -0.8046326561913224]",0.2,0.3364197618730915,0.4974775366917172,84000066,,-16.05,0.3364197618730915
random,miss,False,0.12452367294794413,"[-0.09168378878934075, 0.08426285063821487]","[-0.1284689478903006, 0.1308758228911752]",2.8000000000000003,2.9239057340447014,0.50177542432176,84000067,,-8.370093520579067,2.9239057340447014
random,miss,False,0.3549703395020458,"[-0.1416957853222134, 0.32546312594227766]","[-0.17847634579794225, 0.4066686247637237]",0.2,0.3249119265539461,0.45188334280119397,84000068,,-16.05,0.3249119265539461
random,miss,False,0.15302628709822316,"[0.1523687712579243, -0.014170465356443382]","[0.17424670483816834, -0.05272077428596893]",2.5,2.71851948858889,0.4601128636618433,84000069,,-10.167495749838537,2.71851948858889
random,miss,False,0.2789073796550568,"[-0.14223756075708446, -0.2399120729265718]","[-0.17386429596226505, -0.2912972663888036]",0.4,0.5668161472957461,0.5353856103009573,84000070,,-16.1,0.5668161472957461
random,miss,False,0.19082430315900947,"[-0.18046728509245097, 0.0620118834376249]","[-0.2504080623207733, 0.13432668292478886]",2.6,2.813185143849191,0.4674898894944159,84000071,,-13.268678029851255,2.813185143849191
random,miss,False,0.09086529938947144,"[0.08534787567497618, 0.03118080741268721]","[0.09838450034142085, 0.0896670268444897]",3.3000000000000003,3.467393549638871,0.5314803161306804,84000072,,-6.779201806659947,3.467393549638871
random,miss,False,0.11760085733134841,"[0.11301632600342482, 0.03251571468929704]","[0.1898907676018355, 0.07258781194530683]",3.2,3.4392196738153786,0.50671638740995,84000073,,-8.073363702974714,3.4392196738153786
random,miss,False,0.48495027796306317,"[0.43636720628363457, -0.21156661687673733]","[0.5828551298097816, -0.2460584063328684]",0.30000000000000004,0.5353825680306151,0.503230395660508,84000074,,-16.075,0.5353825680306151
random,miss,False,0.3156417902051715,"[-0.2818746054056041, 0.14204381912410163]","[-0.3562774486904348, 0.10674542458645027]",0.2,0.3220293623880885,0.46860174440509167,84000075,,-16.05,0.3220293623880885
random,miss,False,0.1722219978809012,"[0.1531723373511787, -0.0787315160813371]","[0.22748285387403916, -0.06842080230113667]",2.6,2.7352098341101136,0.5409203697874877,84000076,,-11.670216935879086,2.7352098341101136
random,miss,False,0.9649365086483107,"[-0.814182904256602, 0.5178886599826996]","[-0.9981006997877444, 0.5413879701353475]",0.2,0.4311161944120476,0.5145420782596118,84000077,,-16.05,0.4311161944120476
random,miss,False,0.1756501549897825,"[0.175627132709058, -0.0028438010355056435]","[0.2056487837950292, -0.00870412502043914]",3.1,3.2407751494942816,0.5428620151477014,84000078,,-12.07747975099044,3.2407751494942816
random,miss,False,0.1883580281838021,"[0.02548142464192593, 0.1866264819887784]","[0.004517808840310611, 0.27656010601294456]",2.4000000000000004,2.545817526594366,0.5343564440710856,84000079,,-12.997336516281651,2.545817526594366
random,miss,False,0.13708061138891137,"[-0.13629290228395158, 0.014674426931739593]","[-0.2116902684545946, 0.005966466814090242]",2.8000000000000003,2.958995314927898,0.4655848996377897,84000080,,-9.147596217457453,2.958995314927898
random,miss,False,0.24401327458587058,"[-0.22787718149100356, -0.08726092097746677]","[-0.30522448920996864, -0.08435941411094508]",2.5,2.612821106352152,0.49929029654432927,84000081,,-16.625,2.612821106352152
random,miss,False,0.11316274711230666,"[0.08432971644213433, 0.0754606272091154]","[0.15865548952631175, 0.10622360821220754]",1.8,1.9841592396855587,0.5275799286650374,84000082,,-7.480960315740561,1.9841592396855587
random,miss,False,0.18791856518870154,"[0.18728003493898476, 0.015478231676548791]","[0.27110800259569245, 0.0034088120474220713]",2.3000000000000003,2.4393635788570864,0.44312789969029176,84000083,,-12.933198140255683,2.4393635788570864
random,miss,False,0.12748845477192114,"[0.10815912617577844, -0.06749006982530262]","[0.13786505971626006, -0.1508292050026733]",1.8,2.0256335199687396,0.4962729905066808,84000084,,-8.29693635506087,2.0256335199687396
random,miss,False,0.46085853682996475,"[-0.07587915132426738, -0.45456896656433216]","[-0.06431095600508231, -0.6304410917268719]",0.30000000000000004,0.5251082929529339,0.49011735223018627,84000085,,-16.075,0.5251082929529339
random,miss,False,0.1020339103315,"[-0.012586575282323945, -0.10125461461187324]","[-0.022791338981469275, -0.2162940747138598]",2.5,2.6930331806115553,0.5379973054178324,84000086,,-7.089122806517534,2.6930331806115553
random,hit,True,0.012088203556315659,"[0.012013464677514907, 0.0013421369755074256]","[0.04609974058166266, 0.05804240390388025]",3.6,3.773526961973064,0.5385325781789183,84000087,,7.065414280421557,3.773526961973064
random,miss,False,0.1264491942383324,"[0.08270558533885741, -0.09565137153894077]","[0.1383746291399391, -0.12035739573892656]",1.9000000000000001,2.146701410218968,0.46448341541506843,84000088,,-8.259473070656453,2.146701410218968
random,miss,False,0.3898465848430553,"[-0.11179282291339301, 0.37347386047600206]","[-0.07985701449889673, 0.5455437044135011]",0.2,0.41040140454587104,0.5319639575111772,84000089,,-16.05,0.41040140454587104
random,miss,False,0.14665437337419532,"[-0.009405395656288992, -0.14635246414846095]","[0.007343022613120656, -0.2122446153896909]",3.2,3.3293272509086784,0.501187413057754,84000090,,-9.890533782195948,3.3293272509086784
random,hit,True,0.0633844375183745,"[0.036829568135390116, 0.05158652760635646]","[0.044733051890694896, 0.11507494794728546]",3.2,3.361550972450469,0.5151426062847666,84000091,,6.249091853367876,3.361550972450469
random,miss,False,0.11342746206029133,"[0.017308212682988402, 0.11209912989474659]","[0.029119678858377435, 0.18801342549340871]",2.2,2.429289260758701,0.5099583209570653,84000092,,-7.59515719513345,2.429289260758701
random,miss,False,0.7302846853931082,"[-0.09769435824834083, 0.7237206188068404]","[-0.1358987001969935, 0.8577674893181712]",0.2,0.3838691350434145,0.49370668738886514,84000093,,-16.05,0.3838691350434145
random,miss,False,0.17557853286727734,"[-0.021105297002742815, 0.1743054435244396]","[-0.009647592022705695, 0.3108849460372063]",1.8,1.9250414528662063,0.5426397213470572,84000094,,-11.746525728716115,1.9250414528662063
random,miss,False,0.09830503105139331,"[0.011068199416942509, 0.09767995747174646]","[0.03539611875091947, 0.10805267775766514]",2.7,2.83191185074494,0.5243677450043484,84000095,,-6.962308669826131,2.83191185074494
random,miss,False,0.20867936531775233,"[-0.08621829680980471, -0.1900354777525406]","[-0.11135101814892105, -0.2458706727278242]",2.0,2.2291514463371787,0.44597757839899227,84000096,,-14.807000593945546,2.2291514463371787
random,miss,False,0.20944667741373843,"[-0.2092079110227042, 0.009998032064906195]","[-0.2657726271022419, 0.07360345564809091]",2.5,2.7019945033813046,0.5389603840052686,84000097,,-15.007937438971503,2.7019945033813046
random,miss,False,0.5306550198688497,"[0.459995320749055, 0.2645733452201548]","[0.5530797421833646, 0.3583925723606354]",0.30000000000000004,0.5153556155386382,0.4669276188035481,84000098,,-16.075,0.5153556155386382
random,miss,False,0.10961526701526737,"[-0.07530739324580221, -0.07965113486542716]","[-0.05549209648722053, -0.12589905961422668]",2.5,2.7495525834424175,0.5031961560273986,84000099,,-7.468906926113222,2.7495525834424175
random,miss,False,0.16542250456367463,"[-0.09319871676834005, -0.13666969016154856]","[-0.14936308553782385, -0.22423033884195526]",2.1,2.2730946000226147,0.5121068848113164,84000100,,-11.001829589613953,2.2730946000226147
random,miss,False,0.07316166387847967,"[0.07109701862453462, -0.01725812864044692]","[0.0719510259093716, 0.0032190730803398444]",4.9,5.010123926580448,0.5347492879019641,84000101,,-6.491894452418375,5.010123926580448
random,miss,False,0.9012545709313572,"[0.15789671243817868, -0.8873152933573724]","[0.16958995966656817, -1.0419856059617243]",0.2,0.3536081320789368,0.441775562922393,84000102,,-16.05,0.3536081320789368
random,hit,True,0.06369315897344947,"[-0.0636646061893726, -0.0019069396343899142]","[-0.05939491949015903, -0.001132432398740809]",6.0,6.2393642185263865,0.5029219711829012,84000103,,5.539806272185302,6.2393642185263865
random,miss,False,0.11415884402271592,"[0.003273996702059051, 0.11411188638436265]","[0.04989976984174602, 0.12721734521412975]",3.8000000000000003,4.01368497353628,0.5113855835888972,84000104,,-8.034554241089417,4.01368497353628
random,miss,False,0.10181683828059802,"[0.05679436348687994, 0.08450484503019699]","[0.10880803212363865, 0.11146214258593151]",3.5,3.6677727739624695,0.4974447200653143,84000105,,-7.328649362711824,3.6677727739624695
random,miss,False,0.1126945447684665,"[-0.06307297007097881, 0.09339090355595299]","[-0.06728522612774188, 0.12338248719202626]",2.9000000000000004,3.0202851799029378,0.5079643492032991,84000106,,-7.730931460490392,3.0202851799029378
random,miss,False,0.2148517858685289,"[-0.11580323221016975, -0.18097210089009216]","[-0.13643264854801684, -0.2497003663234171]",1.6,1.7337721578296779,0.5414576552120361,84000107,,-15.325749086602649,1.7337721578296779
random,miss,False,0.13548460715138627,"[-0.042616389029670645, -0.12860762870466602]","[-0.07661276702084087, -0.17073936194292066]",3.4000000000000004,3.602147866622014,0.47214674678733937,84000108,,-9.194634029577626,3.602147866622014
random,miss,False,0.31268080754891325,"[-0.23797924537669113, 0.20281806176813044]","[-0.3467792738272066, 0.2368259772627026]",0.4,0.6159940811509831,0.4610693071126057,84000109,,-16.1,0.6159940811509831
random,miss,False,0.11992643440544545,"[-0.06271592762804769, -0.10222065393528401]","[-0.06361958362303706, -0.17169558544202249]",2.5,2.668820576687258,0.4999212415061519,84000110,,-8.029106430580736,2.668820576687258
random,miss,False,0.1269430792742142,"[-0.04726676180415499, -0.11781510346372703]","[-0.061204232790017285, -0.14731295487531135]",2.4000000000000004,2.5636927413920803,0.46079684274463284,84000111,,-8.414093580028267,2.5636927413920803
random,miss,False,0.3047660105778798,"[0.16014943862545383, -0.25929612128126467]","[0.20326927712475806, -0.38262084100899113]",0.30000000000000004,0.5161273597874975,0.5022897594636893,84000112,,-16.075,0.5161273597874975
random,miss,False,0.19901376219407718,"[0.02386013310938019, 0.19757826699979775]","[-0.03576560243053249, 0.3290082326048436]",0.5,0.7450360906845122,0.5411180225361518,84000113,,-13.499314211275907,0.7450360906845122
random,miss,False,0.17553523465189125,"[0.015776943407482286, -0.17482478846265373]","[-0.0054864248331450705, -0.25703352159336174]",1.3,1.4801905849855954,0.47483327636441836,84000114,,-11.617927480306395,1.4801905849855954
random,hit,True,0.05644081948425419,"[-0.05448558284545657, 0.01472709632089965]","[-0.036449034722551954, 0.043113786692467945]",4.3,4.439041949808012,0.44662816639051306,84000115,,6.1710198570285995,4.439041949808012
random,miss,False,0.1770172003927283,"[-0.1232160074619166, 0.1270940783043185]","[-0.1527836810263972, 0.16101625350660506]",3.1,3.286409936610157,0.459542777679072,84000116,,-12.191589168018778,3.286409936610157
random,miss,False,0.1408429207131342,"[-0.09691098650053026, 0.102200729011589]","[-0.1854877443340982, 0.11203994698260628]",2.7,2.8618071226251742,0.5222997205773927,84000117,,-9.370083624853539,2.8618071226251742
random,miss,False,0.2940123234489144,"[0.10706270371607937, 0.27382626574679075]","[0.11153608030937887, 0.37767533190737806]",0.6000000000000001,0.7523800676578607,0.5303920781985795,84000118,,-16.15,0.7523800676578607
random,miss,False,0.2844026525449245,"[-0.11158945728837932, 0.26159637191038027]","[-0.10482432714055556, 0.3935380892476065]",0.30000000000000004,0.47686205799885534,0.5358084619168695,84000119,,-16.075,0.47686205799885534
random,miss,False,0.18446270444709184,"[0.17646307538935474, -0.05373334491790046]","[0.24616241389915006, -0.08856661478670118]",2.9000000000000004,3.1400006522769375,0.5410739102654122,84000120,,-12.778606942469859,3.1400006522769375
random,miss,False,0.8690392028203753,"[0.41437222221327635, 0.76388794825989]","[0.4969392096119404, 0.9119730957319616]",0.2,0.38360103172827953,0.5352862140877569,84000121,,-16.05,0.38360103172827953
random,miss,False,0.08502222688082742,"[-0.07176553581784573, 0.045590425886938096]","[-0.16712879335115421, 0.10058658614417193]",1.7000000000000002,1.9317099762624963,0.5324391406597365,84000122,,-6.135953624562105,1.9317099762624963
random,miss,False,0.16068159571320811,"[0.03348655745989795, -0.1571535098889866]","[0.04288055222185583, -0.18091117398871773]",2.4000000000000004,2.52792216016615,0.48799462042123803,84000123,,-10.710905373004227,2.52792216016615
random,miss,False,0.10639772449374073,"[-0.0345415489655547, -0.10063477119021111]","[-0.042922843484840045, -0.1892538487290918]",2.7,2.9169991618393256,0.503948563356927,84000124,,-7.354402550874783,2.9169991618393256
random,miss,False,0.12777086088683837,"[0.0005502839258001713, 0.1277696758991147]","[0.003456557133308183, 0.17161273298871982]",2.6,2.8138458597992497,0.5231467624260361,84000125,,-8.513998317577231,2.8138458597992497
random,miss,False,0.24739327498501204,"[0.13085154997032417, -0.20995548189598084]","[0.14221305335596118, -0.25791390363252764]",2.6,2.812958911234649,0.5070252910983993,84000126,,-16.65,2.812958911234649
random,miss,False,0.15987168351171552,"[-0.05412392984333102, -0.1504312314886251]","[-0.05433276144336312, -0.2022460023119874]",2.6,2.826034745386778,0.5063385063975665,84000127,,-10.699456849436716,2.826034745386778
random,miss,False,0.18764767382308722,"[0.0417045942419913, 0.18295457444493318]","[0.09021779377899236, 0.25385672991019936]",1.6,1.8310632635946154,0.4868533779983229,84000128,,-12.734118222772954,1.8310632635946154
random,miss,False,0.1195928344468508,"[-0.049925309125208886, -0.10867340778582495]","[-0.10273721136646725, -0.11757804204956211]",3.1,3.2650399088924678,0.4529505373018673,84000129,,-8.160194331605176,3.2650399088924678
random,miss,False,0.18122523203027274,"[-0.17111451553602972, 0.05968590534871726]","[-0.2048020790833339, 0.0924414635731455]",2.9000000000000004,3.0881276039054173,0.4425727543915515,84000130,,-12.498392834183713,3.0881276039054173
random,miss,False,0.23464408479642998,"[0.19484505923903953, 0.13074115427090816]","[0.26976778350080177, 0.19139183155479722]",1.0,1.1495837383695289,0.49856995196121445,84000131,,-16.25,1.1495837383695289
random,miss,False,0.13792845543172505,"[0.1014324303730282, 0.09346507843254692]","[0.16480016109891063, 0.1702137119623074]",2.4000000000000004,2.615583497629497,0.4904075348522316,84000132,,-9.102783152137599,2.615583497629497
random,miss,False,0.07430405219333354,"[0.018085670305043586, 0.07206941585698402]","[-0.013503733367348184, 0.06884374723739124]",3.3000000000000003,3.4685325820943502,0.46084306110717227,84000133,,-6.131767378070919,3.4685325820943502
random,miss,False,0.1829296324564221,"[0.14649766354545782, -0.10955220219768985]","[0.22927202619803694, -0.14879631441826674]",1.9000000000000001,2.1243910962544446,0.539414297825696,84000134,,-12.395295959915188,2.1243910962544446
random,miss,False,0.1770602501271362,"[-0.14974056625364124, 0.09448859715924937]","[-0.15763464503082397, 0.20876267611517305]",1.3,1.4483147553521263,0.5210568865058158,84000135,,-11.745196964516929,1.4483147553521263
random,miss,False,0.14219913267545867,"[0.043312893136089145, -0.13544218922416462]","[0.05372775524078666, -0.15648956121666383]",3.3000000000000003,3.5380450633021514,0.4941689917878867,84000136,,-9.610939250568686,3.5380450633021514
random,miss,False,0.06585934007255441,"[0.018665566883093947, -0.06315892088790875]","[0.02748242817362348, -0.1363165967709412]",2.3000000000000003,2.480646557482002,0.5325378761512722,84000137,,-5.601616017702336,2.480646557482002
random,miss,False,0.6928533367184699,"[0.6921613658425847, -0.030957871968936776]","[0.806834193625369, -0.03927694676530824]",0.2,0.38374264815899994,0.5038743991606731,84000138,,-16.05,0.38374264815899994
random,miss,False,0.22392574744942575,"[-0.17209621776125272, 0.14326769420583094]","[-0.20522902558710676, 0.20428634772170243]",2.6,2.84709368407577,0.5177274959172782,84000139,,-16.51810422977136,2.84709368407577
random,miss,False,0.4677949536499915,"[-0.11359360177527603, -0.4537935789498544]","[-0.16615292029547632, -0.5839877273205237]",0.30000000000000004,0.4875223138725799,0.5415403793148248,84000140,,-16.075,0.4875223138725799
random,miss,False,0.20261630114638174,"[0.19042715324317805, -0.06921607326293824]","[0.2560419514525648, -0.04041435979372312]",1.8,1.9331830052034535,0.49773223046572534,84000141,,-14.16677289709852,1.9331830052034535
random,miss,False,0.06529221932136298,"[-0.0005193970398712083, -0.06529015339715429]","[-0.058824487239540604, -0.11344842646197885]",2.2,2.418992650734948,0.503281338503466,84000142,,-5.559011574889696,2.418992650734948
random,miss,False,0.2269065567118608,"[-0.22138990312554607, 0.04973023499737593]","[-0.29739944321650635, 0.03819460343559965]",0.5,0.672954146129849,0.4993581087952595,84000143,,-16.125,0.672954146129849
random,miss,False,0.13356747150894369,"[-0.05784837175904631, -0.12039034566824558]","[-0.12138803959433339, -0.22167726348155414]",1.6,1.8167095387771386,0.5063594348081282,84000144,,-8.622548981134315,1.8167095387771386
random,miss,False,0.17416459939388118,"[0.17151393838346635, 0.030270061483644695]","[0.2345725523202627, 0.0866962002002698]",1.5,1.6259068734384927,0.45236332373017935,84000145,,-11.554481108173045,1.6259068734384927
random,miss,False,0.14154581462313037,"[-0.10240183454364594, -0.0977194040066831]","[-0.11749968703250203, -0.12352987741768316]",3.6,3.728325347452674,0.4682442828303699,84000146,,-9.642063346112565,3.728325347452674
random,miss,False,0.9673324686713558,"[-0.920764201194219, 0.2965221589443044]","[-1.0332723105247419, 0.40478776057476]",0.2,0.3335259552981219,0.5324694181620089,84000147,,-16.05,0.3335259552981219
random,miss,False,0.0806524210454361,"[-0.06092062338834653, -0.05285348301167625]","[-0.13714484407722444, -0.02984211728619962]",1.7000000000000002,1.903378597052105,0.44440774400135297,84000148,,-5.964600714908947,1.903378597052105
random,miss,False,0.23651977451950848,"[0.20950593264042694, 0.1097673354291887]","[0.2663795913567778, 0.15240481457491692]",1.6,1.757303377292246,0.44097609153339795,84000149,,-16.4,1.757303377292246
random,miss,False,0.12992916294323703,"[0.12395341616235535, 0.038950455771559075]","[0.1819381717966227, 0.07931809831920417]",2.8000000000000003,3.0474697293356394,0.4815048996899108,84000150,,-8.695641984172838,3.0474697293356394
random,miss,False,0.1572855444066056,"[-0.14015825480589456, 0.07137510832950264]","[-0.21533952395064263, 0.07043865956830889]",2.8000000000000003,2.954359237869789,0.47871446577349513,84000151,,-10.555323663735459,2.954359237869789
random,miss,False,0.12033575318602573,"[-0.028556553572787774, -0.11689831796434286]","[-0.011754770105452478, -0.14617235907194387]",3.8000000000000003,4.023456796260084,0.44735962647637495,84000152,,-8.377383075703692,4.023456796260084
random,miss,False,0.09081012749022052,"[-0.020194520094579435, -0.0885362107441906]","[-0.03266728406431531, -0.1917308698702399]",2.1,2.3295002216984133,0.5181925613663391,84000153,,-6.4768294094177765,2.3295002216984133
random,miss,False,0.33117568378824297,"[0.22623835160649203, 0.2418543813847241]","[0.2908805267805954, 0.32220512884482816]",0.30000000000000004,0.485850760201152,0.4489257991178926,84000154,,-16.075,0.485850760201152
random,miss,False,0.2242837952285414,"[-0.22122655272438052, 0.036905733589852614]","[-0.2799874600155091, 0.07339536146152559]",1.9000000000000001,2.1411675649768562,0.5132627133376776,84000155,,-16.38108776381498,2.1411675649768562
random,miss,False,0.5805258726814932,"[-0.4348099309021844, 0.38464348797483483]","[-0.5777413206351178, 0.47822460086246016]",0.2,0.35579683653561056,0.5371228978040473,84000156,,-16.05,0.35579683653561056
random,miss,False,0.14865568448984592,"[-0.11381018745567689, -0.09563343433364874]","[-0.20122328486211516, -0.10289400754033995]",1.8,1.913917451193147,0.5394194966816428,84000157,,-9.68041716713482,1.913917451193147
random,miss,False,0.14143073851205526,"[0.12069067122117715, 0.07373205324855042]","[0.17423692641226246, 0.06795998230441808]",3.6,3.753494522713628,0.4848607643820367,84000158,,-9.634355928062805,3.753494522713628
random,miss,False,0.16753711217039305,"[0.07718610276543467, -0.14869764454852208]","[0.1393221188321236, -0.2045432345493972]",2.0,2.1812649170526472,0.5037127636378668,84000159,,-11.143475492164466,2.1812649170526472
random,miss,False,0.44032706789669007,"[0.14335287134680247, -0.416338661427357]","[0.2195614762924608, -0.5928339349377019]",0.30000000000000004,0.5458694468850216,0.48243096632126814,84000160,,-16.075,0.5458694468850216
random,miss,False,0.20325311400509036,"[-0.006240617463981982, -0.20315728647142958]","[-0.052691040508651046, -0.2702047820689104]",2.6,2.8225005566750716,0.47086581324169413,84000161,,-14.427947539116273,2.8225005566750716
random,miss,False,0.07364984756250786,"[0.0722971643951301, -0.01405062512503192]","[0.10093189681664598, 0.026134672265959162]",3.4000000000000004,3.5311429149671136,0.4833720803997338,84000162,,-6.133857999048674,3.5311429149671136
random,miss,False,0.576765143586366,"[0.4885715534329579, -0.30652221458208834]","[0.5580865053523886, -0.3108752104866825]",0.2,0.35193100783261877,0.49676862272305805,84000163,,-16.05,0.35193100783261877
random,miss,False,0.3886995682448797,"[-0.3740889671209468, -0.10556893024057351]","[-0.5172300594187271, -0.15911157646603902]",0.2,0.38115598549537644,0.5061807628974285,84000164,,-16.05,0.38115598549537644
random,miss,False,0.2020388299268174,"[0.1747350142538946, -0.10142664143058616]","[0.2976612145601893, -0.12592479844330418]",2.2,2.377300653922942,0.4903860126941201,84000165,,-14.211464804307088,2.377300653922942
random,miss,False,0.20565355378417285,"[0.0018305253875935193, -0.2056454068557454]","[0.03835678771600346, -0.287249549268396]",2.7,2.833768619362822,0.48595005376438843,84000166,,-14.685268445931284,2.833768619362822
random,miss,False,0.11544796187473201,"[-0.11402699008150685, -0.018057614293740837]","[-0.19566973836414697, -0.06658342695511502]",2.8000000000000003,3.026211802359712,0.467954639945858,84000167,,-7.8546111008354025,3.026211802359712
random,miss,False,0.22888384167134784,"[0.1648546138126975, -0.1587789950934978]","[0.19967173858382004, -0.2144861377944069]",1.6,1.780745189639851,0.5091899614491333,84000168,,-16.4,1.780745189639851
random,miss,False,0.08150406224185755,"[-0.020166718345811758, 0.07896971339118111]","[-0.03623977953302497, 0.10008260644345227]",3.8000000000000003,3.9140589533707724,0.4476535866532016,84000169,,-6.522286902230672,3.9140589533707724
random,miss,False,0.12488963486456621,"[-0.042066688750139886, -0.11759172842595489]","[-0.11383044958213132, -0.14890339122389326]",1.8,2.030193692843766,0.4456735098032385,84000170,,-8.141697253634241,2.030193692843766
random,hit,True,0.042662756459715734,"[-0.04249776550698528, -0.0037484284245946214]","[-0.10253293463072102, 0.0619796737662132]",3.2,3.3611837658249284,0.5068304153020592,84000171,,6.769204547043546,3.3611837658249284
random,miss,False,0.19860769882806947,"[-0.19858304300600194, 0.0031293872015987906]","[-0.261989412099725, 0.05700175282193411]",2.0,2.206142583289476,0.5153669258470678,84000172,,-13.83609894290678,2.206142583289476
random,hit,True,0.0629724150744431,"[-0.05856352058984772, -0.023148198988915514]","[-0.09922939919231537, 0.002267519655885007]",3.5,3.6951470269295927,0.5154168056039702,84000173,,6.186414186909362,3.6951470269295927
random,miss,False,0.2152573310755028,"[0.21223478895983255, 0.03594597247152947]","[0.24804949167835083, 0.0035273983737134015]",2.0,2.1313426159398974,0.531014365695795,84000174,,-15.467033983845827,2.1313426159398974
random,hit,True,0.03865155241187971,"[-0.0023313359146707735, 0.03858117904757773]","[-0.03619009761205405, -0.014965839506141514]",3.7,3.9409645939556768,0.4964803272836742,84000175,,6.721404141100997,3.9409645939556768
random,miss,False,1.1238011906329184,"[0.016679040952444893, -1.1236774117427437]","[0.05532618684045017, -1.285347110906698]",0.30000000000000004,0.43672810230542475,0.5003701708573616,84000176,,-16.075,0.43672810230542475
random,miss,False,0.1463452141459172,"[0.0899078071104144, -0.11547080983526042]","[0.07250597419714716, -0.15003472971674667]",2.7,2.930012471528507,0.49920472679129707,84000177,,-9.744093894299258,2.930012471528507
random,miss,False,0.0987550287521782,"[-0.01329698203131642, -0.09785574062211369]","[-0.05919698569894184, -0.21247018025269285]",2.6,2.7106900310679074,0.5253100836778407,84000178,,-6.958297208010307,2.7106900310679074
random,miss,False,0.11302263330417979,"[-0.044644274993696845, -0.1038316153649661]","[-0.09646228004063821, -0.15630986444635397]",2.9000000000000004,3.0638557037231284,0.5369810449279995,84000179,,-7.748459322842862,3.0638557037231284
random,miss,False,0.1860589334492585,"[0.1675962944614124, 0.08080475727999657]","[0.20824416640177518, 0.10655070586714951]",1.9000000000000001,2.143066039553599,0.4900395389206413,84000180,,-12.668592122195408,2.143066039553599
random,miss,False,0.07725847236382234,"[-0.048775963614757945, -0.059914747144950126]","[-0.022007474301829866, -0.13284897080737948]",3.3000000000000003,3.500585457413954,0.5213177665305803,84000181,,-6.237750663193254,3.500585457413954
random,miss,False,0.11493214096116144,"[-0.11373647673688536, 0.01653514092459507]","[-0.18107810823044618, 0.011841708825779007]",2.3000000000000003,2.4116365926875343,0.48766830833372266,84000182,,-7.701484503175451,2.4116365926875343
random,miss,False,0.5692530053476629,"[0.566377918862324, -0.05714050334507886]","[0.7649094937586087, -0.040344368860273226]",0.2,0.42579382916525127,0.53707048273705,84000183,,-16.05,0.42579382916525127
random,miss,False,0.8285034996215072,"[-0.40070458157178124, 0.7251578360553435]","[-0.48000911658020434, 0.8797865970313202]",0.2,0.43844326755452345,0.4441764263315641,84000184,,-16.05,0.43844326755452345
random,hit,True,0.056470202118905764,"[0.0007604008019711228, -0.05646508228959231]","[-0.004472031356596823, -0.10255119045678264]",3.5,3.6782810094730585,0.5038602484556804,84000185,,6.370234620745546,3.6782810094730585
random,miss,False,0.11944254587129044,"[-0.005880647864010137, 0.1192976937954579]","[0.03035280290282385, 0.18506483505156743]",1.9000000000000001,2.0526913420140813,0.5305500897091335,84000186,,-7.851691541826113,2.0526913420140813
random,miss,False,0.1699110244748522,"[0.10591144755431978, 0.13286279206400262]","[0.20601242462529953, 0.1981421730267035]",2.1,2.226185135177816,0.5416760851835052,84000187,,-11.358078399548834,2.226185135177816
random,miss,False,0.19077612392036145,"[0.18707759311374172, 0.03738319960686087]","[0.24224397721352176, 0.12407120540536526]",1.7000000000000002,1.8791385981952025,0.5307234343730721,84000188,,-13.03932649895316,1.8791385981952025
random,miss,False,0.4640204719138887,"[0.2737438192764232, -0.3746722831530842]","[0.36165936500123197, -0.46520204224049216]",0.2,0.37529243757929015,0.46544795747616136,84000189,,-16.05,0.37529243757929015
random,miss,False,0.22034540034982905,"[-0.12233153722927206, -0.1832678107427752]","[-0.18709409851285141, -0.20673915603153176]",0.5,0.7218035686011792,0.4604908460902647,84000190,,-15.616620226112765,0.7218035686011792
random,miss,False,0.18561208024992798,"[0.1852088061768908, -0.012228755015805753]","[0.2764251182886595, 0.030403318369023075]",1.3,1.4719247738896912,0.5146616081106173,84000191,,-12.479282682770581,1.4719247738896912
random,hit,True,0.04184874251827809,"[-0.03603406774401073, 0.02128058298499319]","[0.0029190061786721483, 0.10203720882492279]",3.5,3.67717817823856,0.5133362364502475,84000192,,6.710487041334641,3.67717817823856
random,miss,False,0.2846841272853451,"[0.14967666526143586, 0.2421609964557353]","[0.1675773221135874, 0.3377489116707701]",0.4,0.5644021672532331,0.4693009072476831,84000193,,-16.1,0.5644021672532331
random,miss,False,0.07161510227092248,"[0.0482025070432553, 0.052964527638973705]","[0.07629518030563613, 0.06053449037742882]",4.3,4.51327742715272,0.503665391737533,84000194,,-6.288898904917086,4.51327742715272
random,miss,False,0.21000382955445385,"[-0.15855043346915199, 0.13770754690386477]","[-0.21032675357577607, 0.15690164720976585]",1.5,1.6196090365683808,0.5357568509836695,84000195,,-14.81325051539316,1.6196090365683808
random,miss,False,0.2116607452418653,"[-0.09315655588704588, 0.19005822047889825]","[-0.13079829536855392, 0.23805219655532872]",2.8000000000000003,3.019861161240581,0.5293287709519997,84000196,,-15.30361445593889,3.019861161240581
random,miss,False,0.24028250704017962,"[-0.09511692889412127, 0.2206546011921452]","[-0.11016191886930699, 0.2861719541163804]",2.8000000000000003,2.947096509522796,0.5216161001118508,84000197,,-16.7,2.947096509522796
random,miss,False,0.2624751407612617,"[-0.09920696911153318, 0.24300447896560973]","[-0.11481685291084862, 0.3001328978914587]",0.7000000000000001,0.9355464116669886,0.4475257340952733,84000198,,-16.175,0.9355464116669886
random,miss,False,0.18762451516522138,"[-0.17930769461155638, 0.055242278592335665]","[-0.2441850362705854, 0.030728350270548883]",3.1,3.293258965930309,0.462023379020086,84000199,,-13.107061228635358,3.293258965930309
random,miss,False,0.13690880131265598,"[0.003256477490551607, -0.13687006696579732]","[0.09252502658031284, -0.1709547068151679]",1.8,2.0428648035323884,0.5107573254966663,84000200,,-8.886454408726227,2.0428648035323884
random,miss,False,0.07473347281856346,"[-0.03375355865065632, 0.06667675185504815]","[-0.09284341822014841, 0.1309869418766811]",3.2,3.3817873564310106,0.5199521391845122,84000201,,-6.1219152566918265,3.3817873564310106
random,miss,False,0.6433162887133306,"[-0.5485835749112109, 0.3360236727695375]","[-0.6826612285290096, 0.3754911919862516]",0.30000000000000004,0.5372220608163009,0.5273251033705133,84000202,,-16.075,0.5372220608163009
random,miss,False,0.1843974610551602,"[-0.13926421086223953, -0.12086315905397726]","[-0.17295782784447325, -0.18089952461862702]",1.2000000000000002,1.4475351585770377,0.513369873580074,84000203,,-12.347910921559604,1.4475351585770377
random,miss,False,0.1531206333348627,"[-0.13706630346197435, 0.06825508631698757]","[-0.19312535278124765, 0.110817391148459]",2.5,2.727344806322965,0.503299078284185,84000204,,-10.174332154525317,2.727344806322965
random,miss,False,0.0820912462025331,"[0.07553142355056486, -0.03215550900716828]","[0.12265367794036885, -0.09418033980887551]",2.8000000000000003,2.9217150750323846,0.4512177075647937,84000205,,-6.29502312499051,2.9217150750323846
random,miss,False,0.4742269779979871,"[-0.13128733745623483, -0.4556916300358786]","[-0.11298102204399342, -0.5207010527506557]",0.2,0.3397205707642914,0.4527114119527812,84000206,,-16.05,0.3397205707642914
random,hit,True,0.05739616863684927,"[-0.0058255406439366095, 0.057099765764803995]","[0.02394160804215479, 0.06417019263392212]",4.7,4.81893709104086,0.5279362785784633,84000207,,6.045279248712512,4.81893709104086
random,miss,False,0.21968467326490781,"[-0.12289859407983075, 0.18209143648373555]","[-0.18990483596525504, 0.2258691488953814]",1.7000000000000002,1.9421850384980064,0.5316524614399755,84000208,,-15.84780607515013,1.9421850384980064
random,miss,False,0.1504848897805928,"[0.10689245218644242, 0.10592311229305097]","[0.1339890237780404, 0.11144520372566359]",2.8000000000000003,3.0474442448882275,0.522262952304492,84000209,,-10.059929479828915,3.0474442448882275
random,hit,True,0.04247821751237659,"[-0.0407232583871565, -0.012083674497505525]","[-0.10947101942976405, -0.04444242179711766]",2.8000000000000003,2.9983942136664674,0.5053974008823516,84000210,,6.8729233223600525,2.9983942136664674
random,miss,False,0.10772494385132672,"[0.10528534878625012, -0.02279602725759811]","[0.13146046675987605, 0.0295552456462369]",3.5,3.7392378229142524,0.5009280110078294,84000211,,-7.621665923732898,3.7392378229142524
random,hit,True,0.024999820177492037,"[0.02036949807373801, 0.014493948983314435]","[0.03111277603470567, -0.0033023138121622015]",5.1000000000000005,5.221842632419597,0.48200439143896456,84000212,,6.5770731339865245,5.221842632419597
random,miss,False,0.178384202683763,"[0.15767890863848794, 0.08341633855365037]","[0.19720812541885474, 0.09385098614955266]",2.9000000000000004,3.084198558229103,0.5067451892790642,84000213,,-12.256579589851322,3.084198558229103
random,miss,False,0.09392350509949955,"[0.0827127608079948, -0.04449970797314469]","[0.05822269074049998, -0.047622484296355]",4.7,4.896488338188075,0.517226546102554,84000214,,-7.2629585349528325,4.896488338188075
random,miss,False,0.2070933383544507,"[-0.19042143684274454, 0.08140839748782468]","[-0.24521702782730087, 0.13629475808834698]",0.6000000000000001,0.835516309454391,0.5424526197978946,84000215,,-14.300923264092544,0.835516309454391
random,miss,False,0.9606354932601696,"[-0.9458198788863862, -0.16806340355517962]","[-1.1029787774382984, -0.16790000156583346]",0.2,0.43732928880909094,0.4474935149649334,84000216,,-16.05,0.43732928880909094
random,miss,False,0.08603179044950725,"[0.08092487102301771, 0.029199900990514945]","[0.08271399690977987, -0.0004492514446841102]",4.800000000000001,4.922543830161008,0.447437730501375,84000217,,-6.9518269746622305,4.922543830161008
random,miss,False,1.0283569586876449,"[0.11687079092353034, 1.0216943049220795]","[0.14159175561797616, 1.2058685820116426]",0.2,0.40319847467680303,0.4702667545591662,84000218,,-16.05,0.40319847467680303
random,miss,False,0.2699555230154,"[0.22167795272211444, -0.1540612530244063]","[0.30871387490651847, -0.20751886970118855]",0.7000000000000001,0.8244055210406722,0.44835825775994603,84000219,,-16.175,0.8244055210406722
random,miss,False,0.19855700120432557,"[0.05823438130087681, 0.18982528693975056]","[0.07222938557347659, 0.27610638806602383]",1.2000000000000002,1.4038120031350807,0.5334317515377333,84000220,,-13.631333189882733,1.4038120031350807
random,miss,False,0.13153140670658034,"[0.031747556416265574, 0.12764248356956975]","[0.07173145107202632, 0.1573626069248233]",3.4000000000000004,3.561867420915573,0.4974373634235335,84000221,,-8.944795491174402,3.561867420915573
random,miss,False,0.20788646472642996,"[0.08226070102654401, -0.1909187242862123]","[0.12956043960492297, -0.2659368746895486]",2.1,2.280517787322479,0.4669744620242573,84000222,,-14.753824193243362,2.280517787322479
random,miss,False,0.10660051397299238,"[0.06820834370693225, -0.08192247205781292]","[0.1328875933888512, -0.1282086398641134]",2.8000000000000003,3.0228114119163836,0.5280863386887452,84000223,,-7.3896259359304475,3.0228114119163836
random,miss,False,0.15175753172508358,"[0.10839121807502725, 0.10621531094668808]","[0.16250147490494055, 0.11798152304370609]",2.8000000000000003,2.9674565456486657,0.5024574107023758,84000224,,-10.150970043855564,2.9674565456486657
random,miss,False,0.3269987922881523,"[-0.013017673962975006, -0.3267395756906467]","[0.043489727137738445, -0.40124988962761005]",0.2,0.40560250517254354,0.5240654282312229,84000225,,-16.05,0.40560250517254354
random,miss,False,0.1137308585354181,"[0.10870637989278953, 0.03343099091872406]","[0.15258173829703478, 0.022912983015423244]",2.7,2.9167051361649596,0.44413752133641976,84000226,,-7.7364693924741506,2.9167051361649596
random,miss,False,0.12165357764923676,"[0.014500778888011233, 0.12078625901359759]","[0.02697525068483133, 0.19816874292694092]",1.2000000000000002,1.4395283491278368,0.5207975457970851,84000227,,-7.80286223783642,1.4395283491278368
random,miss,False,0.19543959402743566,"[-0.044842350873000945, 0.19022565148210568]","[-0.07487703525439637, 0.25136597146427914]",2.1,2.3143235972675513,0.47088732051868126,84000228,,-13.565623648191448,2.3143235972675513
random,miss,False,0.12970249790754235,"[0.07155654561389538, 0.10817762589030383]","[0.1298411809843456, 0.20792058281591502]",2.1,2.318411710363358,0.4722732163450696,84000229,,-8.506713127445213,2.318411710363358
random,miss,False,0.25287688360039356,"[-0.05239454107015214, -0.24738943050481188]","[-0.07177365042359472, -0.3140254778808478]",1.0,1.1419189432408567,0.49364047563247937,84000230,,-16.25,1.1419189432408567
random,miss,False,0.10496496612512211,"[0.10041534075436284, 0.030568013589915018]","[0.20572125016139, -0.014114826771592695]",2.8000000000000003,2.986529185802077,0.5071792495588702,84000231,,-7.307726417431486,2.986529185802077
random,miss,False,0.24432107241176004,"[-0.22063252933303157, -0.10494795579019853]","[-0.2748143327315279, -0.1046811160844485]",1.3,1.4493386154174692,0.48998137164726663,84000232,,-16.325,1.4493386154174692
random,miss,False,0.1438647902948365,"[-0.03646281296522865, 0.1391673135374828]","[-0.04882759411613248, 0.181548738262435]",3.5,3.6443185520886994,0.44519909865603535,84000233,,-9.77371665954492,3.6443185520886994
random,miss,False,0.09307468434758509,"[0.022824575526499996, 0.09023267489350906]","[0.06085936094373279, 0.18056902413325382]",1.9000000000000001,2.0245476038319232,0.4798268914000223,84000234,,-6.525389790864521,2.0245476038319232
random,miss,False,0.7159482886640649,"[-0.014682735802064598, 0.7157977153570483]","[-0.04700247828046074, 0.8630591575293993]",0.2,0.4222292280479969,0.48155645241099887,84000235,,-16.05,0.4222292280479969
random,miss,False,0.12221166726737333,"[0.018859195129903653, -0.12074776343818294]","[0.06142066932577418, -0.1268944720295646]",2.8000000000000003,2.919422076798349,0.4801818850815809,84000236,,-8.235074938762407,2.919422076798349
random,miss,False,0.18203374456154814,"[-0.06596697100346784, -0.16966037514908008]","[-0.08063127628123, -0.22945188562392824]",1.3,1.505120582703696,0.47391430305474513,84000237,,-12.167907493277859,1.505120582703696
random,miss,False,0.18145266344387806,"[-0.0442577516339068, -0.17597249924686725]","[-0.029542877009134244, -0.2575356260211007]",2.0,2.228933876891139,0.4653738171822749,84000238,,-12.292915756420658,2.228933876891139
random,miss,False,0.2528665541850352,"[-0.2224014561830268, 0.12032907592549083]","[-0.3256420023260683, 0.2180728723277446]",0.5,0.6629450858568007,0.497373589595179,84000239,,-16.125,0.6629450858568007
random,miss,False,0.5214378708047067,"[-0.18946792606979074, -0.4857976513942388]","[-0.22891446120912548, -0.6098390309201239]",0.2,0.4170758918931342,0.5002869661183319,84000240,,-16.05,0.4170758918931342
random,miss,False,0.15805638313434553,"[-0.1397369943696607, -0.07386062993262678]","[-0.23417188156938223, -0.08878554295695627]",1.1,1.3230733177964895,0.4679806898044772,84000241,,-10.187856863789593,1.3230733177964895
random,miss,False,0.08254359317905681,"[0.06327910367365236, 0.053001884996373386]","[0.17738393103896488, 0.04477809498434111]",2.7,2.8858731295233264,0.5426626729420305,84000242,,-6.287649650866186,2.8858731295233264
random,miss,False,0.11401299637964546,"[-0.0202219601602648, 0.11220532817447534]","[-0.051601471448128974, 0.18669739356233964]",1.4000000000000001,1.6498927405497574,0.4470440792636939,84000243,,-7.426677714429596,1.6498927405497574
random,hit,True,0.03548941906183998,"[0.00867012635631531, -0.03441406361231433]","[0.008975064571018904, -0.10592850424957043]",3.2,3.312066761395851,0.5341616645720757,84000244,,6.901893759681209,3.312066761395851
random,miss,False,0.11790528305813328,"[0.11683940594974479, 0.015817995774726673]","[0.12895775731350922, 0.06594226073302553]",3.6,3.831149742031489,0.4657362935715845,84000245,,-8.190332727341664,3.831149742031489
random,miss,False,1.0045792438200298,"[0.9957628004228242, 0.13280023497011456]","[1.2014697875015872, 0.14706499236565276]",0.2,0.4426272231577344,0.4953153268442541,84000246,,-16.05,0.4426272231577344
random,miss,False,0.15849167028673286,"[0.1584719958184157, -0.002497216772024316]","[0.2018689445777398, -0.04096118149276563]",2.0,2.1512718234468386,0.46060341874423394,84000247,,-10.445469716042235,2.1512718234468386
random,miss,False,0.10199004341896395,"[0.04364628085521384, 0.09217901672349268]","[0.019492787922590862, 0.20399953671324836]",1.7000000000000002,1.8868593427376055,0.5197275356133991,84000248,,-6.887004486769739,1.8868593427376055
random,miss,False,0.13199841043055616,"[0.03654878437623138, -0.12683756035501983]","[0.03561926815160299, -0.19843365143174707]",2.0,2.2434068774498153,0.5382285637542479,84000249,,-8.623924344661198,2.2434068774498153
random,miss,False,0.6080231204207264,"[-0.04386523082570362, -0.6064387491666119]","[-0.037841610555087085, -0.778172736394809]",0.30000000000000004,0.4870089697414842,0.47923252394877003,84000250,,-16.075,0.4870089697414842
random,miss,False,0.18796940395931255,"[0.08255319854543028, -0.16887115276073056]","[0.0839044393263206, -0.24129445107501254]",2.4000000000000004,2.5106048015794893,0.5320296727602656,84000251,,-12.962721141969046,2.5106048015794893
random,miss,False,1.17156597362615,"[1.094486907552875, 0.4179297067138601]","[1.209714561086598, 0.48994224211518134]",0.2,0.4416539050341454,0.49662953510397484,84000252,,-16.05,0.4416539050341454
random,miss,False,0.13138550392154777,"[-0.1135655262458044, -0.066068312292903]","[-0.21644777507429114, -0.11458438022206328]",2.3000000000000003,2.5251598262665063,0.5384296694603237,84000253,,-8.660716127980837,2.5251598262665063
random,miss,False,0.2136227716997615,"[-0.08268504715065664, 0.19697175321954696]","[-0.1526688300161175, 0.2554242435594715]",1.9000000000000001,2.024621064613424,0.5053218048977919,84000254,,-15.276109725133352,2.024621064613424
random,miss,False,0.16289248578378826,"[0.1180913781051629, 0.11219798724596225]","[0.14712878219630804, 0.20376841285547614]",1.1,1.3074449476035992,0.4747253123101289,84000255,,-10.555227674514002,1.3074449476035992
random,miss,False,0.17819642655325335,"[-0.17578577485756613, 0.029211774921666128]","[-0.25883627181395924, 0.039992074180537546]",1.7000000000000002,1.938445607627278,0.48357553082143573,84000256,,-11.940731700911009,1.938445607627278
random,miss,False,0.9408033353096505,"[-0.8080540173138939, -0.48182945201869926]","[-0.9493494757421657, -0.5868866497652179]",0.2,0.4177090227441398,0.4408885557727389,84000257,,-16.05,0.4177090227441398
random,miss,False,0.13347440091814225,"[0.00616065006071978, 0.13333214950373495]","[0.06589873811184246, 0.22582564723359128]",1.1,1.2963186455999722,0.5034771758043901,84000258,,-8.491666437977981,1.2963186455999722
random,hit,True,0.06379884392915093,"[0.0615217928429652, 0.016892646094778467]","[0.06301831938828555, 0.05908814338499901]",2.8000000000000003,3.029066252481382,0.47515263984257744,84000259,,6.336617162912152,3.029066252481382
random,miss,False,0.15770887198846956,"[-0.04253569075028761, -0.15186442412978549]","[-0.02238191678353328, -0.22529740856749747]",1.8,2.0297582657640696,0.46296279126253137,84000260,,-10.336884805651,2.0297582657640696
random,miss,False,0.22079250204754425,"[0.11107019461553563, -0.19082122740534363]","[0.16359365137646847, -0.22669041488610403]",1.3,1.5363928962632805,0.48099215810821944,84000261,,-15.86330271252422,1.5363928962632805
random,miss,False,0.17126736971410658,"[0.16567916818915646, -0.043392685523457486]","[0.20302726466320636, -0.016712600976255487]",3.3000000000000003,3.4636306166645334,0.4554503106527658,84000262,,-11.767606373677745,3.4636306166645334
random,miss,False,0.18693375608638305,"[-0.15730045768495493, 0.10099898601801433]","[-0.1937761389086773, 0.1384723139965771]",1.7000000000000002,1.8208342926188859,0.49736083365043915,84000263,,-12.695823470902567,1.8208342926188859
random,miss,False,0.9774127268965888,"[0.8558367408676276, 0.4721007431475859]","[1.0061081014593967, 0.498486781981661]",0.30000000000000004,0.41377185141774825,0.5392756276638891,84000264,,-16.075,0.41377185141774825
random,miss,False,0.0903392872711847,"[0.05003904146893513, 0.07521489981071453]","[0.06994822755944355, 0.10868944977927827]",2.6,2.804071700942548,0.4870058532301652,84000265,,-6.581641851991867,2.804071700942548
random,hit,True,0.03659078658421892,"[0.0362332379379288, -0.005102757233623076]","[0.029156268626016925, -0.0013346549275566307]",6.7,6.915768953008696,0.45449090114317886,84000266,,6.008103985123824,6.915768953008696
random,miss,False,0.15256662536342813,"[0.03547067066422635, -0.14838600573306981]","[0.04657319373481733, -0.1998879740530649]",2.4000000000000004,2.6175835763308384,0.4970897907251149,84000267,,-10.109248562079204,2.6175835763308384
random,miss,False,0.2740892246538192,"[-0.07460058764945156, -0.26374164516376297]","[-0.12306885260150248, -0.32074071490433864]",0.6000000000000001,0.8353535546978722,0.46428239321075176,84000268,,-16.15,0.8353535546978722
random,miss,False,0.18314668754819796,"[0.17803814927794231, 0.042954936405055724]","[0.22015237069455074, 0.05923106699524748]",3.3000000000000003,3.456525381018767,0.4785553020927935,84000269,,-12.764102759734259,3.456525381018767
random,miss,False,1.0516974223962041,"[0.16586388196965138, -1.0385358159123725]","[0.22725448806697354, -1.1456542167199697]",0.2,0.3715859821625618,0.5430427964174317,84000270,,-16.05,0.3715859821625618
random,miss,False,0.18528013625824974,"[-0.18323439125995084, 0.027456998223965468]","[-0.2871278720681065, 0.06570623190513902]",1.8,1.9617917954356598,0.492972162066857,84000271,,-12.575142932988303,1.9617917954356598
random,miss,False,0.35328722365826054,"[0.035428160993109525, -0.35150634106486345]","[0.06383497781190803, -0.46576405740639]",0.2,0.3724724544122934,0.5273715132163184,84000272,,-16.05,0.3724724544122934
random,hit,True,0.03589187778123497,"[-0.023912185444271872, -0.026766289954752054]","[0.0020366930319856147, -0.07387336855387122]",3.6,3.805097551935058,0.5166109334120595,84000273,,6.795094227061986,3.805097551935058
random,miss,False,0.12890414166315586,"[0.12862198624225427, 0.008524223895013082]","[0.24603281362968085, 0.024334611585091058]",1.3,1.4235741140277782,0.5022835526034536,84000274,,-8.257846801873361,1.4235741140277782
random,miss,False,0.16809042039620237,"[0.13680760288755722, 0.09766303917620262]","[0.15517592707417105, 0.1430272645501929]",2.0,2.186218912281518,0.4865876045521389,84000275,,-11.18742945064427,2.186218912281518
random,miss,False,0.09054242054986147,"[-0.08694846056089865, 0.025256585777135993]","[-0.09436542536533903, 0.08478522915297079]",3.6,3.7883405037849633,0.5398983855625302,84000276,,-6.840338442373486,3.7883405037849633
random,miss,False,0.09000129950171101,"[-0.02038990553405523, 0.08766119816834009]","[-0.042167016340672284, 0.08723693136855074]",4.3,4.439258850838917,0.505842747898359,84000277,,-6.992215127099808,4.439258850838917
random,miss,False,0.16939213289617283,"[0.008937633705077087, -0.16915618046902262]","[0.04865125195853221, -0.18824115992171733]",1.9000000000000001,2.089086653466575,0.4442931881047401,84000278,,-11.266407026536017,2.089086653466575
random,miss,False,0.1734693675287724,"[-0.12122188567583653, 0.1240841484800808]","[-0.21137572836649354, 0.1891969519345344]",2.1,2.227475291189763,0.5371782800833125,84000279,,-11.647277271202915,2.227475291189763
random,miss,False,0.20570801830157326,"[-0.09919415715377813, -0.18021184195305248]","[-0.07650929582852153, -0.24359758030734688]",3.0,3.176770694932573,0.5206412307414643,84000280,,-14.765571312085301,3.176770694932573
random,miss,False,0.8202219218929202,"[0.13018779467035108, 0.8098241409544336]","[0.15469139222229583, 0.9401014827372763]",0.30000000000000004,0.43903382978682925,0.5426849459632699,84000281,,-16.075,0.43903382978682925
random,miss,False,0.07055873982084114,"[0.0698230919007169, 0.010162263651824682]","[0.14464571153867106, 0.071748133691968]",2.7,2.8654045849684877,0.48128899349454374,84000282,,-5.853351660379918,2.8654045849684877
random,miss,False,0.11561359985094705,"[-0.06404767265996905, 0.09625175373641956]","[-0.14627983949711662, 0.1950130108855961]",1.7000000000000002,1.922518629391846,0.4958597258088119,84000283,,-7.588669697158556,1.922518629391846
random,miss,False,0.12349327381030216,"[0.015890693105348075, -0.1224666262661706]","[0.01336770232135423, -0.1746618292561851]",2.8000000000000003,3.017776366124932,0.44668624472368473,84000284,,-8.309606787310358,3.017776366124932
random,miss,False,0.7024334792475776,"[-0.6061341559887146, 0.35498475701317883]","[-0.7185277872725176, 0.4879569132175599]",0.30000000000000004,0.46639375603570954,0.5177455630181195,84000285,,-16.075,0.46639375603570954
random,miss,False,1.0440023030813579,"[0.03297251805809945, 1.043481490919742]","[0.005908867287639646, 1.20931404552732]",0.2,0.37008476138210084,0.4600838352010713,84000286,,-16.05,0.37008476138210084
random,miss,False,0.1357265180622187,"[-0.12658324334803142, -0.04897315804383902]","[-0.1684660261606744, -0.05044839961028326]",3.0,3.1433765313197255,0.46441073972323793,84000287,,-9.110162770483733,3.1433765313197255
random,miss,False,0.13594103726482537,"[-0.09676145484407153, 0.09548395922402542]","[-0.09916896777398101, 0.1972627833841626]",2.3000000000000003,2.512215943143304,0.5339359185802304,84000288,,-8.948956358020506,2.512215943143304
random,miss,False,0.1447144033866066,"[-0.06597424597466321, 0.1288008440019557]","[-0.1116102403034893, 0.19371678344696136]",2.9000000000000004,3.0547109091668556,0.5153197695236492,84000289,,-9.68174758521692,3.0547109091668556
random,miss,False,0.16387374394964827,"[-0.13881282820315702, -0.08709536544682327]","[-0.20178824221397995, -0.0945968041316144]",2.9000000000000004,3.042034812934002,0.44545063802935303,84000290,,-11.081119279544351,3.042034812934002
random,miss,False,0.1466923301272209,"[-0.11729997668075393, -0.08808720218538074]","[-0.13018566257477798, -0.16573573751758885]",1.7000000000000002,1.91994417710287,0.4932776727235585,84000291,,-9.518169164060016,1.91994417710287
random,miss,False,0.19394716711165091,"[0.03635168777556924, -0.19050999560784776]","[0.023281711340155165, -0.2806387290623493]",0.7000000000000001,0.9058369615856912,0.517964487466249,84000292,,-13.078077782398733,0.9058369615856912
random,miss,False,0.09113255363601476,"[0.08859204227604217, 0.021368022313285405]","[0.09096085935418557, -0.023483878054571174]",4.4,4.577226756805718,0.48469831606278124,84000293,,-7.065714161472451,4.577226756805718
random,miss,False,0.2226166292000151,"[-0.20192773350786702, -0.09371954991757508]","[-0.2423169579449888, -0.16001482001355638]",0.30000000000000004,0.5234574658158638,0.4897410761136039,84000294,,-15.804742863047812,0.5234574658158638
random,hit,True,0.03866264396163374,"[0.026393492294782744, -0.028252143327353027]","[0.0641321849987784, 0.017231349667972254]",3.4000000000000004,3.5927728136249857,0.4889233268152632,84000295,,6.796201174413241,3.5927728136249857
random,miss,False,0.31380890835301356,"[0.15560222376940167, 0.2725141811350872]","[0.17799540018127066, 0.3786385132013659]",0.30000000000000004,0.5036924361198928,0.5039045634975888,84000296,,-16.075,0.5036924361198928
random,miss,False,0.12663153641346248,"[0.07622585528846311, -0.10111955794986624]","[0.09068253225086324, -0.1729827160723983]",2.4000000000000004,2.548086704241637,0.47121689689457286,84000297,,-8.395395506374928,2.548086704241637
random,miss,False,0.12070454346590948,"[0.10161085200899639, 0.06515229518074911]","[0.12087670294842623, 0.1411295583837357]",2.6,2.7617695423481736,0.5122922719405972,84000298,,-8.098422914393758,2.7617695423481736
random,miss,False,0.12087471496433967,"[0.0034946903634237997, -0.120824185728579]","[-0.02705988113991993, -0.1526646856030962]",2.6,2.829995905386406,0.44829019317337143,84000299,,-8.108153069280558,2.829995905386406
hover,miss,False,0.0744320937505244,"[0.07323688459863713, 0.013285153908508561]","[0.052366211787265735, 0.019015599418235267]",5.9,6.036116214992856,0.4577009825407527,84000000,,-6.786274930198071,6.036116214992856
hover,hit,True,0.02736477284611675,"[0.026190400913397166, -0.007930554388886915]","[0.040578762295530854, -0.02395857912659409]",3.8000000000000003,3.915372306959242,0.5063856562240971,84000001,,6.872761942504244,3.915372306959242
hover,miss,False,0.06758057854624476,"[0.02670905483115381, -0.06207866772629368]","[-0.011191442155440448, -0.05478654388050848]",4.7,4.876464647602689,0.4850938233654199,84000002,,-6.25597860275625,4.876464647602689
hover,miss,False,0.07002115262466893,"[0.00723691629518175, 0.06964616900751766]","[0.02206467610088267, 0.04685560822869775]",4.7,4.891313332963383,0.4968550116757089,84000003,,-6.33546433488454,4.891313332963383
hover,miss,False,0.08976440693913429,"[0.043462668016705744, 0.07854072346244415]","[0.030109709898331574, 0.055669185362239394]",5.9,6.117438581747656,0.45608901182931666,84000004,,-7.38213579955846,6.117438581747656
hover,hit,True,0.04378902966299166,"[0.03068153814910321, -0.031242956576346743]","[0.037137629008537454, -0.011921879301617208]",5.800000000000001,5.95093433175353,0.49769931852460497,84000005,,6.096158788443466,5.95093433175353
hover,miss,False,0.07942650943623122,"[-0.040211295579652445, 0.06849541670089723]","[-0.04063603914586808, 0.052361741439740685]",5.0,5.216496126715694,0.4538571055062124,84000006,,-6.743152757686088,5.216496126715694
hover,miss,False,0.07932293484080935,"[-0.07482222136243095, -0.02633938461981727]","[-0.06372458252506437, 0.005813906636322034]",4.800000000000001,5.010698502665875,0.5180783135438549,84000007,,-6.689261063138293,5.010698502665875
hover,hit,True,0.010412740291335234,"[-0.009181836275348312, 0.004911114230751917]","[0.021586459400275856, -0.01183295904397313]",4.3,4.460026717539877,0.5289524301542182,84000008,,6.899337240147977,4.460026717539877
hover,miss,False,0.07082864791356029,"[0.05146690040739427, -0.048660615776194696]","[0.04149593158976056, -0.03718472940995539]",6.9,7.0110488702052995,0.4504811364047068,84000009,,-6.912383991778244,7.0110488702052995
hover,hit,True,0.06457766687244182,"[0.058696108561302925, -0.02692660205907555]","[0.043336362207679564, -0.06218918231569621]",3.2,3.33699755931532,0.49507077581009007,84000010,,6.212952648831226,3.33699755931532
hover,hit,True,0.02183617536877172,"[-0.014706281390111639, -0.016141370524543723]","[-0.007674682869561036, -0.038274584061318]",5.1000000000000005,5.218206224719663,0.45876422511175596,84000011,,6.612143537340651,5.218206224719663
hover,miss,False,0.07201072456574817,"[-0.017279887692724635, 0.06990672309449836]","[0.01441125557695462, 0.05543132096339415]",5.4,5.629316338986688,0.4852955198944593,84000012,,-6.577347799404507,5.629316338986688
hover,hit,True,0.011069473841587211,"[0.009143862187102773, 0.006238832858224013]","[0.04707235193044789, -0.004329468038500143]",3.3000000000000003,3.4463359819698374,0.5251670912259332,84000013,,7.145998047069921,3.4463359819698374
hover,miss,False,0.06988165878418198,"[0.027556899283601843, 0.06421887211951222]","[0.04155727567553707, 0.022098431584376018]",3.6,3.828562895132663,0.503706599125373,84000014,,-6.055845262586708,3.828562895132663
hover,hit,True,0.008304016746063752,"[-0.005950663957750443, 0.005791916140694464]","[-0.028954043366099927, -0.02620551168638119]",3.7,3.9022844757876953,0.5044787359576134,84000015,,7.058678888965939,3.9022844757876953
hover,hit,True,0.05667393999069587,"[-0.01489402530881384, -0.054681838705089365]","[0.016437416842155272, -0.052979468329504516]",4.7,4.935022308023903,0.4822413673184232,84000016,,6.064778586019172,4.935022308023903
hover,hit,True,0.052496620693235144,"[-0.050415690429260834, -0.014633979047078808]","[-0.04791719296430638, -0.00023983406417162328]",5.0,5.218535908276225,0.5187453673871734,84000017,,6.097717116163455,5.218535908276225
hover,hit,True,0.04232142267019397,"[-0.02890328921357259, 0.030914441438683417]","[-0.03685759925446469, 0.01773461498919752]",5.300000000000001,5.523710029249453,0.4460432084371241,84000018,,6.251070339212022,5.523710029249453
hover,hit,True,0.04169037067300467,"[-0.03964605620757587, -0.012894853005686525]","[-0.028393082150432583, -0.02873369546428637]",5.2,5.449030709133329,0.4770536342997455,84000019,,6.288618459916561,5.449030709133329
hover,miss,False,0.08173458153114982,"[0.07350550952714807, 0.03574187861915655]","[0.06867725868702151, 0.024545582064474034]",5.0,5.191150661495395,0.536512807848933,84000020,,-6.831193329721225,5.191150661495395
hover,hit,True,0.028849028393895772,"[0.02208889199337081, -0.01855659693416343]","[0.052481262013017095, -0.0038106379768249104]",3.4000000000000004,3.5207480422876762,0.487717213472406,84000021,,6.953013860527383,3.5207480422876762
hover,hit,True,0.03988021641240761,"[0.02536118115048109, 0.030777299292708386]","[0.047035801623862596, 0.029371142174155707]",4.2,4.369237322142605,0.5293866626314709,84000022,,6.573566470745451,4.369237322142605
hover,miss,False,0.0983696064025501,"[-0.027308731678805404, -0.09450297687315272]","[-0.0035373942283373483, -0.07598064384186436]",5.5,5.6354800773259,0.4932734077464076,84000023,,-7.665314665986419,5.6354800773259
hover,miss,False,0.07918214522279735,"[-0.0213758884634766, 0.0762422685554488]","[-0.011548915465964815, 0.057580665237257245]",4.4,4.603144412807092,0.531461772769295,84000024,,-6.583979200493294,4.603144412807092
hover,hit,True,0.05198355451666783,"[0.045277837876843974, -0.025538350326236997]","[0.02669407771388632, -0.022058517772268665]",6.6000000000000005,6.728062499186319,0.5095119656044296,84000025,,5.710404747884647,6.728062499186319
hover,hit,True,0.021914476304959553,"[-0.010777470606567023, 0.019081152979975226]","[0.021573704030832815, 0.004897164521283439]",4.7,4.816856953010564,0.5348454014510529,84000026,,6.711332716752513,4.816856953010564
hover,hit,True,0.0386120036877692,"[0.02615353011622753, 0.02840562780935993]","[0.026991396976447368, -0.0040801853156120236]",3.5,3.7295155767637094,0.48773426303513684,84000027,,6.772127377802532,3.7295155767637094
hover,hit,True,0.022755673928482986,"[-0.02055178005868677, -0.009769597348857585]","[0.01193750661233886, 0.01259402077075149]",4.0,4.120357958690647,0.4517311791148684,84000028,,6.877438888535043,4.120357958690647
hover,miss,False,0.08736845095500737,"[0.03513219063411798, 0.07999359601571567]","[0.02574949020863678, 0.05124867643449384]",6.7,6.909894924733724,0.4821922528362839,84000029,,-7.481685496397046,6.909894924733724
hover,hit,True,0.022245905935397582,"[-0.01623059512789833, 0.015213418836040778]","[-0.00805459917837005, 0.037792133732989404]",4.4,4.520258927011551,0.5393327497692983,84000030,,6.78286856073691,4.520258927011551
hover,hit,True,0.058707184424608205,"[0.04415721719380912, 0.03868686692876186]","[0.05910782156660484, 0.007415200716697519]",4.5,4.620742892767131,0.4648330992564002,84000031,,6.059252425310069,4.620742892767131
hover,miss,False,0.102685218819675,"[-0.08412334147035881, -0.058885631387512065]","[-0.05383258294479319, -0.028024551917244893]",5.9,6.067153620848774,0.5435389483225251,84000032,,-7.970681458945451,6.067153620848774
hover,hit,True,0.02524786766748184,"[-0.01046968949088159, 0.02297477799064005]","[0.0027392299765294503, -0.01212332321000089]",5.1000000000000005,5.287660870244497,0.47385625728539504,84000033,,6.57412311911132,5.287660870244497
hover,miss,False,0.06662099900427554,"[-0.05120267887041387, -0.042622097377076076]","[-0.04852045744456519, -0.0263883401015806]",3.7,3.834508692063912,0.5172933738390908,84000034,,-5.975498818539097,3.834508692063912
hover,miss,False,0.0682785049350882,"[-0.06355183961568683, -0.024962329972037504]","[-0.0430983749560529, -0.020284168750347213]",4.3,4.413753221630849,0.5431452737899913,84000035,,-6.1784211209871875,4.413753221630849
hover,hit,True,0.04835647568718338,"[-0.039720752012440075, 0.027579169683864584]","[-0.039255309091471347, -0.0022884766298573783]",4.4,4.565038768421587,0.47727433055665947,84000036,,6.346544676713572,4.565038768421587
hover,hit,True,0.049370079174951904,"[-0.022845436713368028, -0.043766319688963065]","[-0.056941278291212594, -0.024663087917908347]",2.7,2.8895509290757158,0.4805303317031492,84000037,,6.748099475090882,2.8895509290757158
hover,miss,False,0.07605432747131206,"[-0.04510909048569833, 0.06123259493657486]","[-0.022063909116729452, 0.04842504243901204]",6.2,6.348555488128761,0.524503552826182,84000038,,-6.919055793399661,6.348555488128761
hover,hit,True,0.039378026558016234,"[0.014088371458200105, -0.036771548311970825]","[-0.011198419537710141, -0.031073628263330377]",5.800000000000001,5.956521426327702,0.5088374970156865,84000039,,6.182987224709153,5.956521426327702
hover,hit,True,0.04651416684480713,"[-0.03519522147915449, -0.03041157842499822]","[-0.008126619724059925, -0.056668728548284995]",3.4000000000000004,3.5837187985180052,0.5214509160980666,84000040,,6.637912966327442,3.5837187985180052
hover,miss,False,0.08316262754777236,"[-0.009979315192577276, -0.08256170958099585]","[-0.008560254114673066, -0.0654374916969288]",5.0,5.172717098516463,0.46166379844271593,84000041,,-6.886928430922961,5.172717098516463
hover,hit,True,0.018135244682109728,"[-0.01801635072944345, 0.0020732115361611417]","[-0.03779939218381313, -0.01601597252924846]",4.5,4.745478229387,0.5036848004561436,84000042,,6.797156899484026,4.745478229387
hover,hit,True,0.06477868685212426,"[0.00824016246787708, 0.06425245514988953]","[0.032110383322870806, 0.03507207279354408]",4.1000000000000005,4.274403263640633,0.5148266655262759,84000043,,5.981798042535958,4.274403263640633
hover,hit,True,0.05439904113860991,"[0.00046462565235748376, -0.054397056903874356]","[0.008274927649505728, -0.03468233566348888]",6.1000000000000005,6.27245489507958,0.5287903970584906,84000044,,5.774584455195226,6.27245489507958
hover,hit,True,0.023465114690991586,"[0.022186298475303706, -0.007640665378494574]","[-0.002867166699923679, -0.024193298472054606]",3.9000000000000004,4.142117923582061,0.47651913589347983,84000045,,6.894677726044641,4.142117923582061
hover,hit,True,0.04580873726265025,"[-0.040363659835406115, 0.02166137978731144]","[-0.029276224076803456, -0.010228989974614279]",5.0,5.155383114308169,0.5191655744309955,84000046,,6.253327713704492,5.155383114308169
hover,hit,True,0.01941582055652349,"[0.012774360310270322, -0.014621552809004606]","[-0.029584960402906063, -0.018206828149360477]",3.4000000000000004,3.5962895252559735,0.5088641370498569,84000047,,7.0607753638146455,3.5962895252559735
hover,hit,True,0.0594365176124879,"[0.057440834888584924, -0.015272528055364942]","[0.022067994118703582, -0.04420863886797008]",4.6000000000000005,4.710940037111582,0.520290781239935,84000048,,6.013858076710157,4.710940037111582
hover,hit,True,0.06202723109626445,"[-0.020093902799102156, -0.05868230114582786]","[-0.002575191675788499, -0.038876122767941355]",4.9,5.043307177196421,0.44866271201846886,84000049,,5.864378130776474,5.043307177196421
hover,hit,True,0.0494648036933541,"[0.006197980995863869, -0.04907496139577664]","[-0.019335496109205083, -0.02981999742225403]",5.0,5.183064127686292,0.5047755499968837,84000050,,6.170883596586496,5.183064127686292
hover,hit,True,0.033024089470360056,"[0.024439971797068492, 0.02220986861520893]","[0.04450613007962189, 0.024550972295761402]",3.9000000000000004,4.052583712003774,0.49087859992178007,84000051,,6.766872074474237,4.052583712003774
hover,hit,True,0.01436186792949403,"[-0.012972455070591707, -0.006162682846432118]","[-0.0052558097519774805, 0.02438036853378373]",3.5,3.7155788141981922,0.5422908576082491,84000052,,7.076180295757579,3.7155788141981922
hover,hit,True,0.0397677301255216,"[0.027753581210127977, -0.02848176766545836]","[0.016986864643270295, -0.020780881637105633]",6.6000000000000005,6.835826531424607,0.5178757965335641,84000053,,5.975687015541702,6.835826531424607
hover,hit,True,0.017844314764219205,"[0.013293401205792026, -0.011903993186589894]","[0.04278596188570887, -0.01589781750294478]",4.6000000000000005,4.7101746072727835,0.5094486332305964,84000054,,6.774634421442714,4.7101746072727835
hover,hit,True,0.05937502570842132,"[0.04575865322425085, 0.037835688615095266]","[0.03990280552802583, 0.005786782144564663]",5.4,5.602155878437203,0.4930447983295291,84000055,,5.815587295177352,5.602155878437203
hover,miss,False,0.0742930855531377,"[0.054478669803901765, 0.05051274193115316]","[0.044514115497654834, 0.034622858776420275]",5.9,6.071812383705945,0.4641102289761526,84000056,,-6.781381671243984,6.071812383705945
hover,hit,True,0.02154173824504006,"[0.007282806897093139, -0.020273312761299622]","[0.04777383195381889, 0.0014808715804641714]",4.2,4.351372814795446,0.5179820336947165,84000057,,6.840166512043119,4.351372814795446
hover,hit,True,0.03563785941671578,"[0.002195032410227629, -0.035570196183373065]","[0.04141061781602691, -0.029753891872223215]",4.800000000000001,5.030618933075966,0.49822368958618735,84000058,,6.499394787264947,5.030618933075966
hover,miss,False,0.07447569653090798,"[-0.060834289489467896, -0.04296299100476496]","[-0.04029049792609185, -0.046405991671093036]",4.2,4.350549826393939,0.4682543118662448,84000059,,-6.362811686097965,4.350549826393939
hover,miss,False,0.08204097787520609,"[0.060276066654670835, 0.055655348703981124]","[0.02994289778870951, 0.03467038371103696]",6.6000000000000005,6.829955193808372,0.5043322769970915,84000060,,-7.243070307862732,6.829955193808372
hover,miss,False,0.09306030519355604,"[0.03026443438536841, 0.08800161597409177]","[0.0030595417641386957, 0.08584853357373028]",2.8000000000000003,3.0351092783963747,0.4808108582806277,84000061,,-6.749756308335573,3.0351092783963747
hover,miss,False,0.06793853865303982,"[0.061417838469890615, 0.02904297078463238]","[0.04693210911697558, 0.015586593214578637]",6.6000000000000005,6.80677127865838,0.5022668886545476,84000062,,-6.742460363150432,6.80677127865838
hover,hit,True,0.025605131161941536,"[0.013984370517708782, -0.02144901216941393]","[0.037505418066962136, -0.002320597455067923]",3.8000000000000003,3.9258594183231525,0.530058207677176,84000063,,6.89482301968752,3.9258594183231525
hover,hit,True,0.05275303044791193,"[0.05238929892468731, 0.0061841393595293975]","[0.04255383158291382, 0.02727877844988276]",5.4,5.525713100738937,0.5158393363869159,84000064,,5.991329651730576,5.525713100738937
hover,hit,True,0.013247738725525,"[-0.012977511158681405, -0.002662101700926232]","[0.011303326984595456, 0.002225271477990941]",4.0,4.222297966358896,0.4656683806942873,84000065,,6.958460927493544,4.222297966358896
hover,miss,False,0.0800573522508174,"[-0.05521284543477299, -0.057971728871988336]","[-0.03870172706440693, -0.049323165637809495]",5.800000000000001,5.9364197618730925,0.4974775366917172,84000066,,-6.966965597493836,5.9364197618730925
hover,hit,True,0.027655803473434267,"[-0.02204639117965669, 0.01669730821763719]","[-0.021421605581665962, 0.022333648192010207]",5.2,5.323905734044701,0.50177542432176,84000067,,6.518971960766576,5.323905734044701
hover,hit,True,0.047075888035324615,"[0.0036481503154249667, 0.04693431829259358]","[-0.008354868012629205, 0.045873933014438636]",4.1000000000000005,4.224911926553947,0.45188334280119397,84000068,,6.450470003712563,4.224911926553947
hover,miss,False,0.06684521164994627,"[0.0582110279083811, 0.032859679705922115]","[0.041666936339056417, 0.011249894722268436]",5.1000000000000005,5.3185194885888905,0.4601128636618433,84000069,,-6.332581614325707,5.3185194885888905
hover,miss,False,0.07663696114875607,"[-0.0366849968966652, -0.06728621565229843]","[-0.03126060762714457, -0.05303467011123687]",4.3,4.466816147295746,0.5353856103009573,84000070,,-6.4651121453528875,4.466816147295746
hover,hit,True,0.0425795843192343,"[-0.024086503886879246, -0.03511212513229774]","[-0.026133602348600404, -0.00390486283214061]",5.6000000000000005,5.813185143849191,0.4674898894944159,84000071,,6.170882603361235,5.813185143849191
hover,hit,True,0.056929911175179135,"[0.04823512798183152, -0.030238836204293976]","[0.02896913910967555, -0.006992925888207784]",6.1000000000000005,6.267393549638871,0.5314803161306804,84000072,,5.707895908541117,6.267393549638871
hover,hit,True,0.02475974075664654,"[0.024753849988593674, 0.0005400676610802478]","[0.044986835936692254, 0.00958962903785959]",5.0,5.239219673815379,0.50671638740995,84000073,,6.60490064796773,5.239219673815379
hover,hit,True,0.05086829110098346,"[0.033721683369268916, -0.03808452586388815]","[0.028767462666550413, -0.029236138826209495]",5.800000000000001,6.035382568030616,0.503230395660508,84000074,,5.937554310169375,6.035382568030616
hover,miss,False,0.07092676698813112,"[0.03228146514867082, 0.06315467744548932]","[0.0035708293135529173, 0.047005811718132465]",3.7,3.8220293623880885,0.46860174440509167,84000075,,-6.115676041512106,3.8220293623880885
hover,hit,True,0.06490188607725264,"[0.028346102859288257, -0.058384529364167444]","[0.028450558970720928, -0.03215700756169044]",5.9,6.0352098341101135,0.5409203697874877,84000076,,5.528016611506586,6.0352098341101135
hover,miss,False,0.08804532480792557,"[0.049341719636943115, 0.0729203258618776]","[0.003604844562121845, 0.04337841284532909]",5.4,5.631116194412048,0.5145420782596118,84000077,,-7.184787981191269,5.631116194412048
hover,miss,False,0.08750137654768772,"[0.0868809820814672, 0.010401242728636283]","[0.05702449013841858, 0.0007734832630465573]",5.6000000000000005,5.740775149494282,0.5428620151477014,84000078,,-7.212187194731415,5.740775149494282
hover,hit,True,0.0520268294105692,"[0.027120232933171062, 0.04439914350713324]","[0.012776811926188791, 0.051149574143802556]",5.0,5.1458175265943655,0.5343564440710856,84000079,,6.109339413368884,5.1458175265943655
hover,hit,True,0.034793965718275685,"[-0.028751217455097976, 0.01959560015039634]","[-0.043558967132615756, 0.016520229431746594]",5.1000000000000005,5.2589953149278985,0.4655848996377897,84000080,,6.438462709963422,5.2589953149278985
hover,miss,False,0.07170925775603153,"[-0.060261151526868464, -0.03886915569673164]","[-0.053983931752246375, -0.024705520743658373]",5.7,5.8128211063521515,0.49929029654432927,84000081,,-6.642092934419162,5.8128211063521515
hover,hit,True,0.044376798848835185,"[0.023233525012308673, 0.03780877664739243]","[0.04698369877101165, 0.03626275102144654]",3.5,3.6841592396855587,0.5275799286650374,84000082,,6.658893425782253,3.6841592396855587
hover,hit,True,0.0565553585711772,"[0.04416355551475438, 0.03532830235674557]","[0.06096420715032373, 0.017554393452416734]",4.4,4.5393635788570865,0.44312789969029176,84000083,,6.142956548375285,4.5393635788570865
hover,miss,False,0.06664155586877413,"[0.05421676585425869, 0.038750990553990124]","[0.044312458027082974, 0.003612522636677]",3.9000000000000004,4.12563351996874,0.4962729905066808,84000084,,-6.026147211505549,4.12563351996874
hover,hit,True,0.04672640278966132,"[-0.0461357372740452, -0.007406109899396961]","[-0.022076616704799837, -0.024439920057046614]",4.5,4.7251082929529336,0.49011735223018627,84000085,,6.358229179251676,4.7251082929529336
hover,hit,True,0.011702722766158217,"[0.0059212997392736055, 0.010094153235375228]","[-0.0057719456893000065, -0.034932990976650244]",4.2,4.393033180611555,0.5379973054178324,84000086,,6.917584918309689,4.393033180611555
hover,hit,True,0.014934934819416048,"[0.0069256905168973565, -0.013232047797841567]","[0.025901260131325196, 0.027127838053448178]",4.2,4.373526961973064,0.5385325781789183,84000087,,6.897206561405868,4.373526961973064
hover,hit,True,0.05767969012467256,"[-0.01896644789564915, -0.05447219939657178]","[0.00870518647922737, -0.039344133135869326]",4.4,4.646701410218968,0.46448341541506843,84000088,,6.112557005235917,4.646701410218968
hover,hit,True,0.06169167731270373,"[-0.05969646090057473, -0.01556263491832012]","[-0.041501374673374725, 0.019800675333384074]",3.8000000000000003,4.010401404545871,0.5319639575111772,84000089,,6.149204011916032,4.010401404545871
hover,hit,True,0.045876145137851,"[-0.027238420588447748, -0.03691461955047073]","[-0.01278787549712837, -0.05129606005230912]",5.5,5.629327250908678,0.501187413057754,84000090,,6.126864924802564,5.629327250908678
hover,hit,True,0.021371458260639083,"[0.020551904972135646, -0.005861606452376739]","[0.018361246399051248, 0.02652206173734381]",4.6000000000000005,4.761550972450469,0.5151426062847666,84000091,,6.74189604066598,4.761550972450469
hover,hit,True,0.005581549088473614,"[0.004883554950006128, 0.002702698887651244]","[0.0062421441360843155, 0.016709893382752767]",4.800000000000001,5.029289260758702,0.5099583209570653,84000092,,6.792626345508394,5.029289260758702
hover,miss,False,0.09125351638150633,"[-0.0326162262691157, 0.08522550108947258]","[-0.024279532806376347, 0.07064444009070076]",4.6000000000000005,4.783869135043415,0.49370668738886514,84000093,,-7.120935917630732,4.783869135043415
hover,hit,True,0.026876894543287233,"[-0.023892335870941084, 0.012309498240022823]","[-0.013919855978459239, 0.05006184178498864]",4.1000000000000005,4.225041452866207,0.5426397213470572,84000094,,6.804025453185566,4.225041452866207
hover,miss,False,0.06513985428574671,"[-0.003005196990988779, 0.06507049567518036]","[0.0054575785708971675, 0.05134716054875399]",4.3,4.43191185074494,0.5243677450043484,84000095,,-6.079307838193684,4.43191185074494
hover,hit,True,0.05897982321725541,"[-0.02385110417657764, -0.053942046460036544]","[-0.016715256319798824, -0.04637608939633221]",4.9,5.129151446337179,0.44597757839899227,84000096,,5.9516580954464615,5.129151446337179
hover,miss,False,0.09638297932124572,"[-0.08407698743468969, -0.04712471630415096]","[-0.06727959985848056, -0.016200892287721945]",5.2,5.401994503381305,0.5389603840052686,84000097,,-7.498740521382173,5.401994503381305
hover,miss,False,0.07765637806696574,"[0.07755636472742113, -0.003939967607321796]","[0.054149745169206245, 0.00206085863510656]",5.2,5.415355615538639,0.4669276188035481,84000098,,-6.727340367924146,5.415355615538639
hover,miss,False,0.06775315432716858,"[-0.0657347397995364, 0.016414441957263347]","[-0.03220792369645695, -0.005457354830603977]",4.9,5.149552583442418,0.5031961560273986,84000099,,-6.311506490244052,5.149552583442418
hover,hit,True,0.0014241408044661063,"[0.0009901814467049574, 0.0010235808387942039]","[-0.01438045859721504, -0.017685919239965618]",4.800000000000001,4.973094600022615,0.5121068848113164,84000100,,6.799519958099184,4.973094600022615
hover,miss,False,0.09055317156711828,"[0.08942248135550651, -0.014265227270816637]","[0.08312547692187183, 0.00753628586741756]",4.5,4.610123926580448,0.5347492879019641,84000101,,-7.065799261742949,4.610123926580448
hover,hit,True,0.004176956482031838,"[0.0033852603018072053, 0.002446830223328946]","[0.004396618615301259, -0.029774096806513082]",4.6000000000000005,4.753608132078937,0.441775562922393,84000102,,6.845870540721235,4.753608132078937
hover,miss,False,0.06675653290575656,"[-0.06665565129520708, 0.0036686286278551595]","[-0.04877479643985046, -0.0018031664459777401]",7.2,7.439364218526387,0.5029219711829012,84000103,,-6.85477744037807,7.439364218526387
hover,miss,False,0.09246809642580185,"[-0.04640393981430345, 0.07998139300063417]","[-0.016698860713635563, 0.06650378351124003]",5.5,5.713684973536279,0.5113855835888972,84000104,,-7.398751208665416,5.713684973536279
hover,hit,True,0.0324825390876243,"[-0.00046562848680992835, 0.032479201586420064]","[0.025143776336155103, 0.03319989377499094]",5.2,5.36777277396247,0.4974447200653143,84000105,,6.450268557259399,5.36777277396247
hover,hit,True,0.04996820787569923,"[-0.03709518936199417, 0.03347788411036284]","[-0.02744346301443755, 0.028554014338391248]",5.4,5.520285179902938,0.5079643492032991,84000106,,6.059036260755246,5.520285179902938
hover,miss,False,0.07891039725531508,"[-0.05622932796089773, -0.05536346694398249]","[-0.0312636972600636, -0.04402864520246265]",5.5,5.633772157829678,0.5414576552120361,84000107,,-6.848810839051274,5.633772157829678
hover,hit,True,0.03315395414052975,"[0.004804331988919219, -0.03280400995751277]","[-0.0002694757961382299, -0.02917430096340458]",6.4,6.602147866622014,0.47214674678733937,84000108,,6.1398379467095054,6.602147866622014
hover,hit,True,0.051335901072059424,"[-0.014441150835803399, 0.049262845039825365]","[-0.029703840011049074, 0.03787074655060396]",3.8000000000000003,4.015994081150984,0.4610693071126057,84000109,,6.426242665353782,4.015994081150984
hover,hit,True,0.037355658456081214,"[-0.034406581125217106, -0.014547590658292732]","[-0.02815610594550827, -0.03794197993665283]",4.6000000000000005,4.768820576687259,0.4999212415061519,84000110,,6.519717108002984,4.768820576687259
hover,hit,True,0.037993915884387726,"[-0.0020421210250590113, -0.0379389955843449]","[-0.009989521942808818, -0.03582771136664164]",4.7,4.86369274139208,0.46079684274463284,84000111,,6.483334285389366,4.86369274139208
hover,hit,True,0.031943751664328904,"[0.024397667219902656, 0.02061933812272361]","[0.024091382755257927, -0.014571076577688786]",3.6,3.8161273597874974,0.5022897594636893,84000112,,6.858484433043238,3.8161273597874974
hover,hit,True,0.06114538082687316,"[0.061069663119808604, 0.0030420129678285224]","[0.021190126981708135, 0.03170438156672445]",3.3000000000000003,3.5450360906845124,0.5411180225361518,84000113,,6.290086959416959,3.5450360906845124
hover,hit,True,0.050454253971536245,"[0.040624360990669794, -0.029921447791242103]","[0.02028909640659221, -0.048910982373643316]",3.5,3.6801905849855956,0.47483327636441836,84000114,,6.522483610929164,3.6801905849855956
hover,hit,True,0.05644340619684385,"[-0.05634863476092118, 0.0032694745269256434]","[-0.03402532065910509, 0.021100449992789518]",4.9,5.039041949808013,0.44662816639051306,84000115,,6.0209507448279505,5.039041949808013
hover,miss,False,0.06667537867787558,"[-0.048519635364229874, 0.045732385745336744]","[-0.0357370490028569, 0.03181570805220054]",6.1000000000000005,6.286409936610157,0.459542777679072,84000116,,-6.577214466707242,6.286409936610157
hover,hit,True,0.05988992002035533,"[0.024250281920229447, 0.05476062770671964]","[-0.0031211709481483857, 0.04206092517617783]",5.300000000000001,5.461807122625174,0.5222997205773927,84000117,,5.826052657977621,5.461807122625174
hover,miss,False,0.08849544773045426,"[0.07059599542720665, 0.053363374131096486]","[0.0455831645555124, 0.051410600850096966]",4.1000000000000005,4.252380067657861,0.5303920781985795,84000118,,-6.878596276689601,4.252380067657861
hover,hit,True,0.05787860521181777,"[-0.055950224741758495, 0.014815711005961713]","[-0.0415732089565647, 0.04852283064501753]",3.1,3.2768620579988554,0.5358084619168695,84000119,,6.432116463605809,3.2768620579988554
hover,hit,True,0.03644527128569069,"[0.03553088590898442, -0.008112579467119106]","[0.028700805364161495, -0.009949081894856205]",6.5,6.740000652276938,0.5410739102654122,84000120,,6.060619455837259,6.740000652276938
hover,hit,True,0.06081299796677167,"[0.037593302503920484, 0.04780130049020948]","[0.02863704180946028, 0.04215385588518134]",5.4,5.58360103172828,0.5352862140877569,84000121,,5.77468148598661,5.58360103172828
hover,hit,True,0.012944668768552289,"[0.001972370860306938, -0.012793521904344601]","[-0.031773933249527486, 0.00975706037978108]",3.7,3.9317099762624963,0.5324391406597365,84000122,,7.035339775259755,3.9317099762624963
hover,miss,False,0.084061019332462,"[0.029336675877687984, -0.07877572227317266]","[0.021656139661901885, -0.06454955597333946]",4.9,5.02792216016615,0.48799462042123803,84000123,,-6.897486383718946,5.02792216016615
hover,hit,True,0.02880227775936422,"[-0.026114685425516426, 0.012148843947219282]","[-0.015976133029429157, -0.019439728638322704]",4.9,5.116999161839326,0.503948563356927,84000124,,6.57865178600531,5.116999161839326
hover,hit,True,0.0390765392600736,"[-0.003950276747443242, 0.03887635829347552]","[0.0004582384397762568, 0.0320523637783528]",5.5,5.71384585979925,0.5231467624260361,84000125,,6.263585580936315,5.71384585979925
hover,miss,False,0.0992052575481414,"[0.06354845638367528, -0.07617924137483378]","[0.03215294715121268, -0.0475815078960014]",8.3,8.51295891123465,0.5070252910983993,84000126,,-8.404392455666994,8.51295891123465
hover,miss,False,0.07170304946073487,"[-0.04686610966631981, -0.05426688738736613]","[-0.026723334193616652, -0.04442060003259008]",5.300000000000001,5.526034745386779,0.5063385063975665,84000127,,-6.54188220164937,5.526034745386779
hover,hit,True,0.05800119869388714,"[-0.01740969455845301, 0.05532668059181887]","[-0.0006412377304507999, 0.04466170732272324]",4.800000000000001,5.031063263594616,0.4868533779983229,84000128,,6.003754071023012,5.031063263594616
hover,miss,False,0.07138577018125324,"[0.013107771637768814, -0.07017203507853258]","[-0.007420932144558204, -0.051884207783601075]",5.0,5.165039908892467,0.4529505373018673,84000129,,-6.456136848371763,5.165039908892467
hover,miss,False,0.07074746534582799,"[-0.06846573444490114, -0.017822655800396547]","[-0.048563089463708214, -0.01165851554118396]",6.5,6.688127603905417,0.4425727543915515,84000130,,-6.809663633812811,6.688127603905417
hover,hit,True,0.04877759775453345,"[0.04203503408678392, 0.02474489749475598]","[0.04076808338303559, 0.017553949683069815]",4.3,4.449583738369529,0.49856995196121445,84000131,,6.3618629484726466,4.449583738369529
hover,hit,True,0.03281530570335439,"[0.013929280316497622, -0.029712277567851223]","[0.021949954757147727, -0.0035827272555391575]",5.1000000000000005,5.315583497629498,0.4904075348522316,84000132,,6.470125612211929,5.315583497629498
hover,hit,True,0.05495173912305178,"[0.037398864995128595, 0.040261874394072666]","[0.01924396057069036, 0.033919992554841655]",5.0,5.16853258209435,0.46084306110717227,84000133,,6.035279613574453,5.16853258209435
hover,hit,True,0.0553295210277185,"[0.028585050644263726, -0.047373524006786974]","[0.03255075973091638, -0.04376137892620481]",4.800000000000001,5.024391096254445,0.539414297825696,84000134,,6.075418722566452,5.024391096254445
hover,miss,False,0.10756669657487912,"[-0.10274887274549821, -0.03183179796306715]","[-0.06848983204603803, 0.010649705254791444]",3.7,3.8483147553521264,0.5210568865058158,84000135,,-7.663602180362631,3.8483147553521264
hover,miss,False,0.06827294078762135,"[0.020842168855524874, -0.06501383269111151]","[0.017229369144783256, -0.05632387008753635]",5.2,5.438045063302152,0.4941689917878867,84000136,,-6.403241288471017,5.438045063302152
hover,hit,True,0.002404183344855147,"[0.001846627649217683, -0.0015395011792212615]","[0.010688744748148293, -0.0358423667905748]",3.6,3.780646557482002,0.5325378761512722,84000137,,7.09863192957262,3.780646557482002
hover,hit,True,0.05095778356223317,"[0.050956749709322145, 0.00032459919423548237]","[0.04063045867302125, -0.002996699168586013]",5.5,5.683742648159,0.5038743991606731,84000138,,6.010397466136001,5.683742648159
hover,miss,False,0.0935994170086714,"[-0.0858406552588295, 0.03731263551530435]","[-0.05659770647138879, 0.025491181350805373]",5.800000000000001,6.0470936840757705,0.5177274959172782,84000139,,-7.523574169080039,6.0470936840757705
hover,miss,False,0.10800244570045099,"[-0.006100627626937485, -0.10783000797475771]","[-0.00999077419674009, -0.07368629107173995]",4.2,4.38752231387258,0.5415403793148248,84000140,,-7.810835095213934,4.38752231387258
hover,miss,False,0.07903287428262344,"[0.03889396827476967, -0.06880010500874378]","[0.03979317005796428, -0.0352340788840354]",5.0,5.1331830052034535,0.49773223046572534,84000141,,-6.728389400561648,5.1331830052034535
hover,hit,True,0.03644834414528226,"[0.03620495995267989, -0.00420507618929513]","[0.009830263503230102, -0.017696361450324598]",4.1000000000000005,4.318992650734948,0.503281338503466,84000142,,6.660566440015874,4.318992650734948
hover,hit,True,0.05383577060356554,"[-0.042053685378403274, 0.03361216658553867]","[-0.04003009025532871, 0.020222143062688547]",4.3,4.472954146129849,0.4993581087952595,84000143,,6.239014154679353,4.472954146129849
hover,hit,True,0.013032589790709837,"[0.005314727119952609, 0.011899666898420078]","[-0.020045273309376846, -0.02142248711426488]",3.8000000000000003,4.016709538777139,0.5063594348081282,84000144,,7.009799196058482,4.016709538777139
hover,miss,False,0.06667155656122566,"[0.034439396985229395, -0.05708786551965737]","[0.027299872161835423, -0.03724493816061301]",5.0,5.125906873438493,0.45236332373017935,84000145,,-6.3020938353365,5.125906873438493
hover,hit,True,0.0642568522577608,"[-0.05624968159119455, -0.031063103241062852]","[-0.037782028981324225, -0.018996274964790595]",6.9,7.028325347452674,0.4682442828303699,84000146,,5.297735369922914,7.028325347452674
hover,hit,True,0.064280690266007,"[-0.039137747984655566, -0.05099258596858876]","[-0.03613137400666293, -0.018598267698038146]",5.4,5.533525955298122,0.5324694181620089,84000147,,5.672010144124421,5.533525955298122
hover,miss,False,0.07561787566690165,"[0.03858842796017524, -0.06503073387204977]","[0.003630342571317377, -0.04017910871339981]",3.5,3.703378597052105,0.44440774400135297,84000148,,-6.228387720798816,3.703378597052105
hover,hit,True,0.05899843200114159,"[0.05892305054251633, 0.002981458260213357]","[0.04637787271123399, 0.004067652434099386]",5.6000000000000005,5.757303377292247,0.44097609153339795,84000149,,5.776138466605131,5.757303377292247
hover,hit,True,0.03418773265623964,"[0.03413441249019018, -0.0019086508648945531]","[0.044716273350805504, 0.008229840981296869]",5.2,5.44746972933564,0.4815048996899108,84000150,,6.423360694869938,5.44746972933564
hover,hit,True,0.061759105903766286,"[-0.026665744280510703, 0.055705702077965324]","[-0.043076829666138294, 0.036658883093460715]",4.9,5.0543592378697895,0.47871446577349513,84000151,,5.872233807802931,5.0543592378697895
hover,miss,False,0.06952254023855649,"[-0.04554398095070475, -0.05252741570250291]","[-0.02496477239100378, -0.04769852652153139]",6.0,6.223456796260083,0.44735962647637495,84000152,,-6.643996118632355,6.223456796260083
hover,hit,True,0.02246537696887095,"[0.0009378578265456378, 0.02244579214576007]","[-0.0033510589910359795, -0.006647149383029427]",4.3,4.529500221698413,0.5181925613663391,84000153,,6.8055459970761,4.529500221698413
hover,hit,True,0.05383273013333961,"[0.0534390919585417, 0.006498175455887186]","[0.047205093845677684, 0.014735165841468735]",4.1000000000000005,4.285850760201153,0.4489257991178926,84000154,,6.289091637015628,4.285850760201153
hover,miss,False,0.09079400078066983,"[-0.09064013792885793, -0.005283556945646039]","[-0.06009532423738782, 0.0005427152831251995]",5.5,5.741167564976856,0.5132627133376776,84000155,,-7.3261362314225495,5.741167564976856
hover,hit,True,0.036870747365940974,"[-0.024100098181652957, 0.027904072802329972]","[-0.02253542493761504, 0.02299457045568597]",5.4,5.5557968365356105,0.5371228978040473,84000156,,6.328236210337742,5.5557968365356105
hover,hit,True,0.06334000179514686,"[-0.0051673363592872334, -0.06312887186033975]","[-0.026284607309392555, -0.04825820873276306]",4.1000000000000005,4.213917451193147,0.5394194966816428,84000157,,6.025424656234507,4.213917451193147
hover,hit,True,0.05874684424485191,"[0.026650169571861573, 0.05235418006730612]","[0.02970050273597276, 0.03307489701514631]",6.1000000000000005,6.253494522713629,0.4848607643820367,84000158,,5.658149891425117,6.253494522713629
hover,hit,True,0.056125579387356996,"[-0.0005166415313521758, -0.056123201468684894]","[0.017824221987629, -0.05267686419622143]",4.6000000000000005,4.781264917052647,0.5037127636378668,84000159,,6.104418778327453,4.781264917052647
hover,hit,True,0.033032195983800694,"[-0.012631006973059494, 0.030521855028139117]","[0.00856947394178581, -0.007482726978688766]",3.7,3.9458694468850215,0.48243096632126814,84000160,,6.816745332186456,3.9458694468850215
hover,miss,False,0.08826423422722515,"[0.058229067111758195, -0.06633212484922238]","[0.0216989755434744, -0.059845584555288794]",5.4,5.622500556675072,0.47086581324169413,84000161,,-7.193923087270642,5.622500556675072
hover,hit,True,0.05168453115997764,"[0.039110358906460994, -0.03378861624030358]","[0.04782387741536492, -0.006813456259342689]",4.6000000000000005,4.731142914967114,0.4833720803997338,84000162,,6.21774183166232,4.731142914967114
hover,miss,False,0.08436953978473442,"[0.05530784756587729, -0.06371233193909612]","[0.03436060875938777, -0.04190293394263248]",7.0,7.151931007832618,0.49676862272305805,84000163,,-7.434785619760444,7.151931007832618
hover,hit,True,0.014580072554725139,"[0.0035410146264676923, -0.014143540261058796]","[-0.04739605413850448, -0.022191392927099485]",3.0,3.1811559854953764,0.5061807628974285,84000164,,7.199685558413953,3.1811559854953764
hover,hit,True,0.03632766315574905,"[0.0018659165230334868, -0.03627971149122657]","[0.023310989240155525, -0.02821849728448563]",5.2,5.3773006539229415,0.4903860126941201,84000165,,6.387645180980458,5.3773006539229415
hover,hit,True,0.06277709084202307,"[-0.04256835038396023, -0.046139990032248696]","[-0.02665739153932134, -0.03749598152581615]",6.5,6.633768619362821,0.48595005376438843,84000166,,5.442227660452637,6.633768619362821
hover,hit,True,0.03047711747907134,"[-0.02006179854990056, 0.022942949434985982]","[-0.05284746079554428, -0.0031183892645756384]",4.4,4.6262118023597125,0.467954639945858,84000167,,6.680152736134174,4.6262118023597125
hover,miss,False,0.08039019102498277,"[0.07144046661258871, -0.036862481511813844]","[0.05021253397639, -0.032030623212010834]",5.0,5.18074518963985,0.5091899614491333,84000168,,-6.779605399534489,5.18074518963985
hover,hit,True,0.051353110676722734,"[-0.008485108294324108, 0.050647259683119346]","[-0.012754990048896991, 0.05399030648472034]",4.7,4.814058953370773,0.4476535866532016,84000169,,6.200824384337104,4.814058953370773
hover,miss,False,0.06784176185162828,"[0.03268557359221247, -0.05944878409253724]","[0.0018713292649165658, -0.05475319962519954]",3.9000000000000004,4.130193692843767,0.4456735098032385,84000170,,-6.064350213285929,4.130193692843767
hover,hit,True,0.053108823439647575,"[0.006332585732733875, -0.052729929689705024]","[-0.02728570764636934, -0.008233223687744873]",4.6000000000000005,4.761183765824929,0.5068304153020592,84000171,,6.18241488114943,4.761183765824929
hover,miss,False,0.08359730321523152,"[-0.06823548253597281, -0.04829521744378329]","[-0.05351645066509239, -0.023758851936360403]",5.1000000000000005,5.306142583289477,0.5153669258470678,84000172,,-6.929084995232984,5.306142583289477
hover,hit,True,0.046461444107217593,"[-0.025169285486107362, -0.039053461519395816]","[-0.050049246262342195, -0.011283343538655729]",4.5,4.695147026929592,0.5154168056039702,84000173,,6.364073186147194,4.695147026929592
hover,miss,False,0.11913383508296566,"[0.11385185907017857, 0.035080262938573525]","[0.08709947899039693, 0.009333672691687613]",4.2,4.3313426159398976,0.531014365695795,84000174,,-8.409259328183493,4.3313426159398976
hover,hit,True,0.04730211423632504,"[0.0032608472407895106, 0.047189584512883555]","[-0.025566118351929762, -0.0011497493106541684]",4.0,4.240964593955677,0.4964803272836742,84000175,,6.470416565390215,4.240964593955677
hover,hit,True,0.03442268465761199,"[-0.025421989721244265, -0.02320869788786839]","[-0.014959219849887267, -0.04280908177781846]",5.1000000000000005,5.236728102305425,0.5003701708573616,84000176,,6.444545273600617,5.236728102305425
hover,miss,False,0.0906545706656535,"[0.07685297414207301, -0.04808192537837706]","[0.04632195316899914, -0.04064091627703588]",5.300000000000001,5.530012471528507,0.49920472679129707,84000177,,-7.270148208893245,5.530012471528507
hover,hit,True,0.03191567508675988,"[0.026312917464280217, 0.018062134169626876]","[-0.0011505104164669655, -0.032787560247840464]",4.4,4.510690031067908,0.5253100836778407,84000178,,6.658908800889083,4.510690031067908
hover,hit,True,0.04072296225574884,"[0.022084171923184195, -0.03421474836017923]","[0.0064281222564744195, -0.03765808843326377]",5.1000000000000005,5.263855703723128,0.5369810449279995,84000179,,6.332488839080913,5.263855703723128
hover,miss,False,0.0894517915462433,"[0.08650755134146856, 0.02276107580356751]","[0.05879581166952739, 0.016623559308764913]",5.300000000000001,5.5430660395536,0.4900395389206413,84000180,,-7.2188752688361095,5.5430660395536
hover,hit,True,0.052322815244348835,"[-0.05121375964064727, -0.010715774286735952]","[-0.025228990992621034, -0.043830742746894996]",4.6000000000000005,4.800585457413954,0.5213177665305803,84000181,,6.202029113587157,4.800585457413954
hover,hit,True,0.03031205252906172,"[-0.017636133273869384, 0.024653343214884958]","[-0.037556512109770915, 0.01625018023471255]",4.5,4.6116365926875345,0.48766830833372266,84000182,,6.657527685556309,4.6116365926875345
hover,hit,True,0.0370581375081902,"[0.010750957079795342, -0.03546438322379697]","[0.04545826158469707, -0.02400951649419303]",3.6,3.825793829165251,0.53707048273705,84000183,,6.774957264952441,3.825793829165251
hover,hit,True,0.03502952291644702,"[0.03231964390701106, -0.013509555635841254]","[0.004418138812156663, 0.020908539246190426]",4.2,4.438443267554524,0.4441764263315641,84000184,,6.6595698282239315,4.438443267554524
hover,hit,True,0.019723612937266724,"[0.0152527042889231, -0.01250503575259912]","[0.0027191150477366838, -0.04005263359826819]",4.5,4.678281009473059,0.5038602484556804,84000185,,6.782924045609676,4.678281009473059
hover,hit,True,0.04720993281238787,"[-0.03948522627681153, 0.025878459421286443]","[-0.015321724781626495, 0.0364088883865934]",4.1000000000000005,4.2526913420140815,0.5305500897091335,84000186,,6.447478637597591,4.2526913420140815
hover,hit,True,0.03735315595448561,"[-0.01138157529639619, 0.035576930777297074]","[0.02434202631527435, 0.042730729071428476]",4.4,4.526185135177816,0.5416760851835052,84000187,,6.569761358636658,4.526185135177816
hover,miss,False,0.0785176357193394,"[0.06860904260973344, -0.03818138801995893]","[0.0599751687828028, 0.0015021870337554675]",4.2,4.379138598195202,0.5307234343730721,84000188,,-6.509176122829558,4.379138598195202
hover,hit,True,0.025978358586023875,"[-0.012203551743594124, -0.022933565786101846]","[0.012578014092488696, -0.04404804075940145]",3.5,3.67529243757929,0.46544795747616136,84000189,,6.96526624501206,3.67529243757929
hover,hit,True,0.06414145220024556,"[0.017142193488756993, -0.061808341611390955]","[0.0005258573738487343, -0.04197486492009969]",4.2,4.421803568601179,0.4604908460902647,84000190,,5.976242392815056,4.421803568601179
hover,miss,False,0.07155900621058735,"[0.058152982697487185, -0.041700383370331676]","[0.05510692382213274, -0.016580486779021145]",4.0,4.171924773889691,0.5146616081106173,84000191,,-6.211997957360207,4.171924773889691
hover,hit,True,0.04786333961429622,"[-0.03834788628199688, -0.02864155890897864]","[-0.012690571575630374, 0.020316559543914245]",4.800000000000001,4.977178178238561,0.5133362364502475,84000192,,6.257775318571962,4.977178178238561
hover,hit,True,0.03928389405812452,"[0.03862605881079457, -0.007159044148138104]","[0.027218203133275394, 0.002454251197986047]",4.3,4.464402167253233,0.4693009072476831,84000193,,6.559739802989361,4.464402167253233
hover,hit,True,0.03681329280187626,"[0.016150538028630923, 0.03308139429199471]","[0.023276822487317966, 0.022507616197120016]",6.4,6.61327742715272,0.503665391737533,84000194,,6.079238218481262,6.61327742715272
hover,miss,False,0.07810250418053757,"[-0.05826910344300053, 0.0520068528486371]","[-0.03391585144734034, 0.024871649669350182]",5.7,5.819609036568381,0.5357568509836695,84000195,,-6.868787256632162,5.819609036568381
hover,hit,True,0.057422039723669285,"[-0.005398032626531421, 0.05716775218416022]","[-0.014366849749245694, 0.04356983990201098]",6.2,6.419861161240581,0.5293287709519997,84000196,,5.669576178455232,6.419861161240581
hover,miss,False,0.07621415716814314,"[-0.0367916234226576, 0.0667455931037831]","[-0.02503033643385391, 0.04364342009189344]",6.800000000000001,6.947096509522797,0.5216161001118508,84000197,,-7.074816036177612,6.947096509522797
hover,miss,False,0.07617878788153126,"[-0.036165742150326294, 0.06704660183644989]","[-0.026000188845307845, 0.040634319313002376]",5.800000000000001,6.0355464116669895,0.4475257340952733,84000198,,-6.823540289490966,6.0355464116669895
hover,miss,False,0.0887021728341333,"[-0.04782233118357, 0.07470676077615335]","[-0.033246618480398296, 0.05238542433410647]",6.800000000000001,6.993258965930309,0.462023379020086,84000199,,-7.5622663823660226,6.993258965930309
hover,miss,False,0.07815299741001422,"[-0.04653392303266787, -0.06278921094710008]","[-0.0009615640304193318, -0.05726768231351829]",3.7,3.9428648035323883,0.5107573254966663,84000200,,-6.370654675543123,3.9428648035323883
hover,hit,True,0.019854566236317914,"[0.011442041875365017, 0.016226012392289386]","[-0.026435650728966198, 0.04808424085134778]",4.3,4.48178735643101,0.5199521391845122,84000201,,6.831697325341459,4.48178735643101
hover,miss,False,0.06858941488127956,"[-0.04083042933750916, 0.05511246568491529]","[-0.030132819770046698, 0.03224115854367088]",6.9,7.137222060816301,0.5273251033705133,84000202,,-6.838492978403854,7.137222060816301
hover,hit,True,0.05186234100400278,"[-0.051597315500451754, -0.0052363582347189075]","[-0.03607114379168512, -0.01700222616737672]",4.2,4.447535158577038,0.513369873580074,84000203,,6.313384043925334,4.447535158577038
hover,hit,True,0.05035278937649015,"[-0.05035058090440166, -0.00047159366247000265]","[-0.04025675246265416, 0.0059339840841861466]",5.7,5.9273448063229655,0.503299078284185,84000204,,5.974904521185048,5.9273448063229655
hover,hit,True,0.030692511934228506,"[0.009245154378205195, 0.029267002056170915]","[0.026066597768237894, -0.004217798953327164]",4.3,4.421715075032384,0.4512177075647937,84000205,,6.702034251163844,4.421715075032384
hover,hit,True,0.06487051850347815,"[-0.0509231902819417, -0.040187222626343055]","[-0.036777329304908735, -0.03440936299565289]",4.7,4.839720570764292,0.4527114119527812,84000206,,5.8289800778911,4.839720570764292
hover,hit,True,0.04121843987721142,"[-0.02267957067668734, 0.03441797291870101]","[-0.007805960568584111, 0.03332977968300445]",5.800000000000001,5.918937091040861,0.5279362785784633,84000207,,6.147879340612713,5.918937091040861
hover,miss,False,0.09568647944029218,"[-0.03181292274526683, 0.09024322852204004]","[-0.036407732982762134, 0.07059162346026905]",4.2,4.442185038498007,0.5316524614399755,84000208,,-7.217077478740228,4.442185038498007
hover,miss,False,0.09605692802315402,"[0.05634669007364307, 0.07779449812801806]","[0.04657597628385782, 0.05342743987030105]",5.2,5.447444244888228,0.522262952304492,84000209,,-7.483889567158672,5.447444244888228
hover,hit,True,0.019433481889104123,"[0.0035269165759048704, 0.019110758169176477]","[-0.02395134711082897, -0.0027117895735749636]",4.2,4.398394213666467,0.5053974008823516,84000210,,6.8606129660747595,4.398394213666467
hover,hit,True,0.05944055783478876,"[0.04460583258157804, -0.039287397666619484]","[0.03909395500233195, -0.0150770097682027]",5.6000000000000005,5.839237822914253,0.5009280110078294,84000211,,5.763744398648317,5.839237822914253
hover,hit,True,0.02527116719751149,"[0.017392471120577915, 0.018333953197399736]","[0.035721441970245335, -0.006042566008689508]",4.9,5.021842632419597,0.48200439143896456,84000212,,6.623844522716076,5.021842632419597
hover,miss,False,0.0913186148758152,"[0.07314278735578217, 0.05467377873043247]","[0.060445485384112436, 0.038598806381844625]",5.5,5.684198558229103,0.5067451892790642,84000213,,-7.3487489758195155,5.684198558229103
hover,miss,False,0.08275780206898907,"[0.07398758427495081, -0.03707682802569583]","[0.05308622725151016, -0.028831104147590755]",6.1000000000000005,6.296488338188075,0.517226546102554,84000214,,-7.146030485985791,6.296488338188075
hover,miss,False,0.0842691304226614,"[-0.08210631558790096, 0.01896943021736628]","[-0.061852556520672924, 0.02121985153828798]",3.4000000000000004,3.6355163094543914,0.5424526197978946,84000215,,-6.530777832471365,3.6355163094543914
hover,miss,False,0.07636915255968794,"[-0.06298681458335732, -0.04318458812269322]","[-0.04983341265649928, -0.02926996011013539]",5.7,5.937329288809091,0.4474935149649334,84000216,,-6.805413600635476,5.937329288809091
hover,miss,False,0.08376366003527938,"[0.06998815389665293, 0.046021832391206295]","[0.056189236490743324, 0.016530652547531742]",5.800000000000001,5.922543830161008,0.447437730501375,84000217,,-7.110674731954049,5.922543830161008
hover,hit,True,0.049015435488316245,"[0.005463712011209952, 0.048709965789023625]","[0.010522296973087139, 0.050371562108442784]",5.4,5.6031984746768035,0.4702667545591662,84000218,,6.081357889678275,5.6031984746768035
hover,hit,True,0.044982387508421755,"[0.03503713059688682, -0.028210187264435437]","[0.049866164798734194, -0.03357675165435995]",3.3000000000000003,3.4244055210406725,0.44835825775994603,84000219,,6.696085163086907,3.4244055210406725
hover,hit,True,0.04662838637427771,"[0.018726631556966175, 0.04270268945158567]","[0.018373014536517712, 0.048389051702562906]",3.8000000000000003,4.003812003135081,0.5334317515377333,84000220,,6.535394931155284,4.003812003135081
hover,miss,False,0.07745797306933062,"[-0.016078724062407998, 0.07577078740869789]","[0.005935556133796108, 0.06425863567600879]",5.4,5.561867420915573,0.4974373634235335,84000221,,-6.770056234795064,5.561867420915573
hover,hit,True,0.02572884717561704,"[-0.01244359446049191, -0.022519558918617212]","[-0.0005103363403739236, -0.0215525606590073]",5.7,5.8805177873224785,0.4669744620242573,84000222,,6.418319863435206,5.8805177873224785
hover,hit,True,0.015097992994689089,"[0.014548489313264162, -0.004036192657631606]","[0.02554663560251058, -0.022067182231601045]",5.2,5.422811411916383,0.5280863386887452,84000223,,6.646047481072738,5.422811411916383
hover,hit,True,0.0583691776512542,"[0.013441085186317182, 0.05680051169397893]","[0.014944182069688644, 0.03489933287441416]",5.800000000000001,5.967456545648666,0.5024574107023758,84000224,,5.743618721968362,5.967456545648666
hover,miss,False,0.07585365758376399,"[-0.061082544864037955, -0.04497443809285121]","[-0.025903202787774957, -0.03406143497180534]",4.4,4.605602505172544,0.5240654282312229,84000225,,-6.461840797357377,4.605602505172544
hover,hit,True,0.06251786324355471,"[0.049894686329631524, 0.03766966286824838]","[0.05033807722054924, 0.02570788397755977]",4.5,4.7167051361649595,0.44413752133641976,84000226,,5.949915213126673,4.7167051361649595
hover,hit,True,0.03708721028264414,"[0.004928445779439655, 0.036758285987627176]","[0.007317862470341038, 0.051059893606952074]",3.2,3.4395283491278366,0.5207975457970851,84000227,,6.874447061171818,3.4395283491278366
hover,miss,False,0.06969711824957886,"[-0.0038525139068937564, 0.06959056278614917]","[-0.00960818904735486, 0.06297097088872011]",4.6000000000000005,4.814323597267552,0.47088732051868126,84000228,,-6.299748708235686,4.814323597267552
hover,hit,True,0.008219271297862,"[0.007427249134827604, 0.003520282795040859]","[0.028266630043319127, 0.04654169755395716]",4.0,4.218411710363358,0.4722732163450696,84000229,,6.984010314634826,4.218411710363358
hover,miss,False,0.07530955374806232,"[-0.014768961611879933, -0.07384718450042022]","[-0.01112705195441352, -0.05266764947060603]",5.0,5.1419189432408565,0.49364047563247937,84000230,,-6.592373700765037,5.1419189432408565
hover,hit,True,0.061250643820883244,"[-0.02089323510535756, 0.05757702749625893]","[0.020636251916105193, 0.02540939165742457]",4.7,4.886529185802077,0.5071792495588702,84000231,,5.937037545923621,4.886529185802077
hover,miss,False,0.09625317415015802,"[-0.06824821824450002, -0.06787381115298996]","[-0.041866488674617855, -0.04400268755720783]",6.1000000000000005,6.24933861541747,0.48998137164726663,84000232,,-7.71782213822027,6.24933861541747
hover,miss,False,0.07235853918277918,"[-0.00859733274142864, 0.07184597457338128]","[-0.013632970679461287, 0.07278858617280899]",5.1000000000000005,5.2443185520887,0.44519909865603535,84000233,,-6.514232708323263,5.2443185520887
hover,hit,True,0.020600659823100883,"[-0.020596698295407875, -0.0004039857362150706]","[-0.003941882756235041, 0.034205592223414474]",3.5,3.6245476038319233,0.4798268914000223,84000234,,7.024553328959261,3.6245476038319233
hover,miss,False,0.06643656506778593,"[0.036540847503432894, 0.0554849857325116]","[0.025841691845529924, 0.04258522357067752]",6.5,6.722229228047997,0.48155645241099887,84000235,,-6.669690456332815,6.722229228047997
hover,hit,True,0.06457198773390681,"[-0.020919682831714734, -0.06108934825424373]","[-0.0013212885446867578, -0.03671451582767827]",6.2,6.319422076798348,0.4801818850815809,84000236,,5.463126248542531,6.319422076798348
hover,hit,True,0.06079131053069075,"[-0.030748571718036466, -0.05244147951135284]","[-0.02308237979718468, -0.04750251739658377]",4.1000000000000005,4.3051205827036965,0.47391430305474513,84000237,,6.100305695612101,4.3051205827036965
hover,hit,True,0.06410870393919064,"[-0.04370407436989211, -0.046902876289559664]","[-0.024934844072663956, -0.04830896751731935]",4.7,4.928933876891139,0.4653738171822749,84000238,,5.85223646845851,4.928933876891139
hover,hit,True,0.04305735757018249,"[-0.03726349444826968, -0.021572390280873516]","[-0.05472943518799386, 0.010252930506969763]",3.0,3.1629450858568005,0.497373589595179,84000239,,6.811198570194899,3.1629450858568005
hover,miss,False,0.06847354548825618,"[-0.008193061932583928, -0.06798161639664897]","[-0.0012756653242299576, -0.053087070171000075]",5.9,6.117075891893134,0.5002869661183319,84000240,,-6.584734066682198,6.117075891893134
hover,hit,True,0.023931031674959212,"[-0.015344951490399786, -0.018363734391053974]","[-0.04411956931983864, -0.013901526281824795]",3.3000000000000003,3.5230733177964897,0.4679806898044772,84000241,,7.039451058691621,3.5230733177964897
hover,hit,True,0.05777140141746327,"[-0.036959772141510736, 0.04440168988884639]","[0.009142948424029254, 0.024968473515212235]",4.800000000000001,4.985873129523327,0.5426626729420305,84000242,,6.01005092976623,4.985873129523327
hover,hit,True,0.022259453366033556,"[0.013778562345112266, -0.01748240497919199]","[0.0015975311935939596, 0.007774162077830014]",3.6,3.8498927405497576,0.4470440792636939,84000243,,6.982725854637959,3.8498927405497576
hover,hit,True,0.015847394049546243,"[0.01203824542598711, 0.010306335198570542]","[0.0007493452671121226, -0.03618110229308286]",4.4,4.512066761395851,0.5341616645720757,84000244,,6.840558603985421,4.512066761395851
hover,hit,True,0.061198633430387075,"[0.05090545819560496, -0.03396920752155408]","[0.02904569708959845, -0.006736272005396336]",6.800000000000001,7.03114974203149,0.4657362935715845,84000245,,5.413544915089496,7.03114974203149
hover,hit,True,0.04361698467378617,"[-0.034627210747161435, -0.02652164451735535]","[0.008267951476349372, -0.014453136113786113]",4.800000000000001,5.042627223157735,0.4953153268442541,84000246,,6.3497180231873855,5.042627223157735
hover,hit,True,0.050675173802595466,"[0.04168374885554622, 0.02881732675441994]","[0.035672618982651234, 0.015565117030704892]",4.800000000000001,4.95127182344684,0.46060341874423394,84000247,,6.192195682858401,4.95127182344684
hover,hit,True,0.041255550240889,"[0.04054435263514218, -0.007627312441204667]","[0.023551093263851644, 0.03998973493938342]",3.4000000000000004,3.586859342737606,0.5197275356133991,84000248,,6.747154928833487,3.586859342737606
hover,hit,True,0.037522715270937645,"[0.032562335858462264, -0.01864533305534015]","[0.01938709925112577, -0.022789105570702878]",5.2,5.443406877449815,0.5382285637542479,84000249,,6.366756411525715,5.443406877449815
hover,hit,True,0.031517510663326684,"[-0.017310640494441434, -0.026338094161976022]","[-0.014674557739915231, -0.04856585921172232]",4.0,4.187008969741484,0.47923252394877003,84000250,,6.764886750671501,4.187008969741484
hover,hit,True,0.06367189923461884,"[0.055064928740638626, -0.03196817753535296]","[0.03755444706958056, -0.03290694981393545]",5.9,6.010604801579489,0.5320296727602656,84000251,,5.565447159255988,6.010604801579489
hover,miss,False,0.0924311541039136,"[0.09221244583098338, 0.006354768512650897]","[0.06353664190367082, 0.004453880278710989]",6.4,6.641653905034146,0.49662953510397484,84000252,,-7.622134496800335,6.641653905034146
hover,hit,True,0.016093771340292124,"[-0.011620942152839292, -0.011133875310689045]","[-0.031926514467056716, -0.02376863682301228]",4.5,4.725159826266506,0.5384296694603237,84000253,,6.813695982022814,4.725159826266506
hover,miss,False,0.08028626685000878,"[0.019205880041811424, 0.07795523597892812]","[-0.00717603091888927, 0.07493471940724417]",4.3,4.424621064613424,0.5053218048977919,84000254,,-6.600653170345756,4.424621064613424
hover,hit,True,0.04706870022271978,"[0.046511017729652736, -0.00722411035409827]","[0.043255467853552436, 0.02005648863153474]",3.5,3.7074449476035993,0.4747253123101289,84000255,,6.6006301678920085,3.7074449476035993
hover,hit,True,0.046686109778272554,"[-0.043241253461257456, 0.01760076263484644]","[-0.05096399215299567, 0.014180070288348947]",4.3,4.538445607627278,0.48357553082143573,84000256,,6.409120036395523,4.538445607627278
hover,hit,True,0.009296276946098568,"[0.004403570347503438, 0.008187144389416383]","[-0.022630314837358334, -0.012328598691690546]",4.7,4.91770902274414,0.4408885557727389,84000257,,6.804545381051228,4.91770902274414
hover,hit,True,0.056759580682275566,"[-0.056178302029121524, 0.00810236881119035]","[-0.019548278701488203, 0.04108928971579383]",3.3000000000000003,3.4963186455999726,0.5034771758043901,84000258,,6.41247929012361,3.4963186455999726
hover,hit,True,0.051408091137268755,"[0.05139978192991991, 0.0009242575043832274]","[0.04365165696840746, 0.027244752827312466]",3.5,3.7290662524813816,0.47515263984257744,84000259,,6.499487139792253,3.7290662524813816
hover,hit,True,0.04929878417500184,"[-0.04517971350724098, -0.01972723012835402]","[-0.018651016086659644, -0.03163308878017381]",4.3,4.52975826576407,0.46296279126253137,84000260,,6.34976446837079,4.52975826576407
hover,miss,False,0.06679736627595077,"[0.025373091503722703, -0.061790730445166614]","[0.013484764064435065, -0.038763769199254644]",5.300000000000001,5.536392896263281,0.48099215810821944,84000261,,-6.381068199148762,5.536392896263281
hover,miss,False,0.10024407300902101,"[0.08228248873020451, -0.057257892222834235]","[0.06685462498270463, -0.03521498092093079]",5.4,5.5636306166645335,0.4554503106527658,84000262,,-7.72843175702673,5.5636306166645335
hover,hit,True,0.06412937795250369,"[-0.05992025183309062, 0.022850394675673895]","[-0.040496210463338275, 0.022966836860861317]",4.6000000000000005,4.720834292618886,0.49736083365043915,84000263,,5.8766089664911085,4.720834292618886
hover,hit,True,0.046555289460891845,"[-0.029292880538691543, 0.036184556464510846]","[0.006589004887700103, 0.03419257643637435]",5.1000000000000005,5.213771851417749,0.5392756276638891,84000264,,6.212007106085816,5.213771851417749
hover,hit,True,0.03153721972930269,"[0.014079485479780253, 0.02821992765545256]","[0.020212218163346195, 0.035847262019170364]",4.3,4.504071700942548,0.4870058532301652,84000265,,6.689592608697202,4.504071700942548
hover,hit,True,0.044406611572197476,"[0.043364528392030886, 0.009563724622800973]","[0.03217730540883281, 0.02918763424817375]",4.6000000000000005,4.815768953008696,0.45449090114317886,84000266,,6.383266946432183,4.815768953008696
hover,miss,False,0.07102191249827146,"[0.032471293527491736, -0.06316428699481694]","[0.026872385750558343, -0.06121675123696115]",4.4,4.617583576330839,0.4970897907251149,84000267,,-6.293872675718847,4.617583576330839
hover,miss,False,0.07110456944239411,"[0.008204450562306231, -0.07062964523880125]","[0.0031975087857417095, -0.06115581213132784]",4.2,4.435353554697873,0.46428239321075176,84000268,,-6.24665320605639,4.435353554697873
hover,miss,False,0.06740858452686666,"[0.0672360036206353, 0.0048204859756712706]","[0.05291172164507983, 0.003172150703572912]",6.2,6.356525381018767,0.4785553020927935,84000269,,-6.625483377021473,6.356525381018767
hover,miss,False,0.07454336755743204,"[-0.048240741633876594, -0.056829081405702635]","[-0.020761660672164783, -0.034832844698743586]",6.5,6.671585982162561,0.5430427964174317,84000270,,-6.940198496284593,6.671585982162561
hover,hit,True,0.007717519876951979,"[-0.006360030668091335, -0.004371512661778137]","[-0.025235805554999755, 0.005086296797499463]",4.800000000000001,4.96179179543566,0.492972162066857,84000271,,6.785902931822214,4.96179179543566
hover,hit,True,0.022574428772062446,"[0.022260762551799637, -0.003750104664848118]","[0.020061636361694515, -0.03154319411589159]",3.6,3.7724724544122936,0.5273715132163184,84000272,,6.979383471151498,3.7724724544122936
hover,hit,True,0.03057784486715623,"[-0.03039451012256214, -0.0033434041229471606]","[-0.00990056315913454, -0.030873291580174447]",4.5,4.705097551935058,0.5166109334120595,84000273,,6.6536971368710365,4.705097551935058
hover,hit,True,0.016381255663801175,"[-0.015841097378434525, -0.004171950499439423]","[0.04003977082643962, 0.006388433147485653]",3.2,3.323574114027778,0.5022835526034536,84000274,,7.136486263402882,3.323574114027778
hover,miss,False,0.07594909376347807,"[0.07117327672395835, 0.02650715986046849]","[0.05186871118511161, 0.027223561384655856]",4.9,5.0862189122815185,0.4865876045521389,84000275,,-6.590269785442268,5.0862189122815185
hover,miss,False,0.0681157334354568,"[-0.061453947274769286, -0.02937967844956925]","[-0.04684179821066932, 0.0019503016127493805]",5.2,5.388340503784963,0.5398983855625302,84000276,,-6.398166424011883,5.388340503784963
hover,hit,True,0.04416928633833269,"[-0.00888198010671127, 0.04326703462246527]","[-0.013918904746291982, 0.025827313920725774]",6.800000000000001,6.939258850838918,0.505842747898359,84000277,,5.838242401032517,6.939258850838918
hover,miss,False,0.08356073501384757,"[-0.031974937945781406, -0.07720103483385363]","[-0.0166742078396038, -0.05204808544893689]",5.0,5.189086653466575,0.4442931881047401,84000278,,-6.902638209717029,5.189086653466575
hover,hit,True,0.02288757662199303,"[0.0010293547420568011, 0.022864417605585476]","[-0.022270740634140182, 0.031764539012663726]",4.6000000000000005,4.727475291189764,0.5371782800833125,84000279,,6.726013925768616,4.727475291189764
hover,miss,False,0.07486147874994521,"[-0.07121945936888914, -0.023065767011561687]","[-0.034350954243254475, -0.023175794327753494]",6.6000000000000005,6.776770694932574,0.5206412307414643,84000280,,-6.9764475741132514,6.776770694932574
hover,miss,False,0.069822609555058,"[0.004903616203590762, 0.06965020712967017]","[0.0031968695729641255, 0.04899517154394194]",5.4,5.539033829786829,0.5426849459632699,84000281,,-6.503892734929721,5.539033829786829
hover,hit,True,0.03544416904237699,"[0.006120632463618179, -0.034911702584518825]","[0.04288171671121451, 0.002093892629795189]",4.0,4.1654045849684875,0.48128899349454374,84000282,,6.702653462933823,4.1654045849684875
hover,hit,True,0.0324158630642515,"[0.022183887596485236, -0.02363605951310018]","[-0.000589859174847357, 0.009217771462376158]",4.2,4.4225186293918455,0.4958597258088119,84000283,,6.701292738887501,4.4225186293918455
hover,hit,True,0.03840835766073489,"[0.033508753722728046, -0.018771397447832475]","[0.018041761052437794, -0.0269158156088457]",5.2,5.417776366124932,0.44668624472368473,84000284,,6.350839777942028,5.417776366124932
hover,miss,False,0.08775650245098199,"[-0.0816033719783374, -0.03228147153080705]","[-0.053715346059202654, -0.009096250964000444]",5.7,5.86639375603571,0.5177455630181195,84000285,,-7.247770111817562,5.86639375603571
hover,miss,False,0.07200701419027886,"[0.042519413512119304, 0.0581129036203185]","[0.02552603079349059, 0.05655502790950222]",5.4,5.570084761382101,0.4600838352010713,84000286,,-6.577221323692076,5.570084761382101
hover,hit,True,0.05373766699701871,"[-0.04152503867166776, -0.03410876745939334]","[-0.03305832012010235, -0.022778406011965346]",6.1000000000000005,6.2433765313197265,0.46441073972323793,84000287,,5.791511987152079,6.2433765313197265
hover,hit,True,0.05862255411503199,"[-0.056023107552370596, -0.0172631188128151]","[-0.03981615660641767, 0.01698571501923192]",4.7,4.912215943143305,0.5339359185802304,84000288,,6.011602638823703,4.912215943143305
hover,hit,True,0.05863588228141602,"[-0.010247164563875297, 0.057733545788570234]","[-0.026916271407762357, 0.05445183282871699]",5.0,5.154710909166855,0.5153197695236492,84000289,,5.936232735876905,5.154710909166855
hover,hit,True,0.06321553262535448,"[-0.03659694696282817, -0.05154480612154049]","[-0.0470070449532079, -0.04097403678349642]",5.1000000000000005,5.242034812934002,0.44545063802935303,84000290,,5.779153002341478,5.242034812934002
hover,hit,True,0.05893789765990336,"[-0.04973269466971536, 0.03162807078305768]","[-0.030762236450157576, 0.007743502355606783]",4.9,5.11994417710287,0.4932776727235585,84000291,,5.952828217616748,5.11994417710287
hover,hit,True,0.05632045939098494,"[0.03228154168504123, -0.04615079861116739]","[0.022612212516801913, -0.05464883897292087]",3.5,3.705836961585691,0.517964487466249,84000292,,6.374232154790157,3.705836961585691
hover,miss,False,0.07445488721715854,"[0.06273416390398415, 0.04009931308374061]","[0.047790418539471274, 0.014608934459560807]",5.9,6.077226756805718,0.48469831606278124,84000293,,-6.787078161069773,6.077226756805718
hover,hit,True,0.05997047522215332,"[-0.05738206624493712, 0.017428607856984808]","[-0.04037702508999029, 0.005841386648232175]",3.6,3.823457465815864,0.4897410761136039,84000294,,6.24876736133233,3.823457465815864
hover,hit,True,0.037647300489270716,"[-0.008481663059637087, -0.036679430555452065]","[0.01301539979771256, -0.004349214667238234]",4.5,4.692772813624985,0.4889233268152632,84000295,,6.539539826241552,4.692772813624985
hover,miss,False,0.0739495996104381,"[0.07069140151472861, 0.021708731755391213]","[0.040657779251441734, 0.02656198882956297]",4.5,4.703692436119892,0.5039045634975888,84000296,,-6.419329771016356,4.703692436119892
hover,hit,True,0.049621069329464806,"[0.0419757768190287, -0.026462892544819164]","[0.03538520654202931, -0.05087954011353228]",4.0,4.148086704241637,0.47121689689457286,84000297,,6.417218811503064,4.148086704241637
hover,miss,False,0.0712420866505188,"[0.0633925165304434, -0.0325088258517205]","[0.04563141886692166, 0.002186654564695296]",5.0,5.161769542348173,0.5122922719405972,84000298,,-6.451286369306516,5.161769542348173
hover,hit,True,0.058205368967676155,"[0.046634450788311285, -0.03482948429615189]","[0.028957003812812507, -0.02707511531725841]",6.0,6.2299959053864065,0.44829019317337143,84000299,,5.698138467061938,6.2299959053864065
ballistic,miss,False,0.07829258058057699,"[0.07664617875294835, 0.015971582781215812]","[0.06327434542602753, 0.023572491433298814]",5.4,5.536116214992856,0.4577009825407527,84000000,,-6.8008232364416905,5.536116214992856
ballistic,hit,True,0.029784470026033984,"[0.027004946999986797, -0.012563737193192995]","[0.052605027896939445, -0.03335399688323408]",3.4000000000000004,3.515372306959242,0.5063856562240971,84000001,,6.940032034383025,3.515372306959242
ballistic,miss,False,0.06758057854624476,"[0.02670905483115381, -0.06207866772629368]","[-0.011191442155440448, -0.05478654388050848]",4.7,4.876464647602689,0.4850938233654199,84000002,,-6.25597860275625,4.876464647602689
ballistic,miss,False,0.09255494155899266,"[0.05761239372574227, 0.07243776153484174]","[0.1056768182576889, 0.049858329015014]",3.0,3.191313332963383,0.4968550116757089,84000003,,-6.777554368517999,3.191313332963383
ballistic,miss,False,0.08543144162519287,"[0.04452199164616448, 0.0729131228107643]","[0.0328509340274689, 0.05688410656064542]",5.4,5.617438581747656,0.45608901182931666,84000004,,-7.077463010215084,5.617438581747656
ballistic,miss,False,0.08232080428116907,"[0.08161297038294671, -0.010772088134192363]","[0.1088444750514302, 0.01389539509122359]",4.2,4.350934331753529,0.49769931852460497,84000005,,-6.653956169822141,4.350934331753529
ballistic,miss,False,0.08509090882441402,"[-0.0403214886489036, 0.07493090362261139]","[-0.04989319869208765, 0.06193199167387463]",4.6000000000000005,4.816496126715695,0.4538571055062124,84000006,,-6.863718997530116,4.816496126715695
ballistic,miss,False,0.08010846352990209,"[-0.07634369640848844, -0.024269444736338783]","[-0.07374343408858665, 0.016792503953854857]",4.4,4.610698502665874,0.5180783135438549,84000007,,-6.618903178490331,4.610698502665874
ballistic,hit,True,0.011212116367532488,"[0.010813661955371881, -0.0029624767600831443]","[0.05843278842973694, -0.024292674509715634]",3.5,3.6600267175398775,0.5289524301542182,84000008,,7.095245786168263,3.6600267175398775
ballistic,miss,False,0.1158386257161313,"[0.0785653386746659, -0.08512387894555205]","[0.07885875171394062, -0.08562662089941385]",4.800000000000001,4.9110488702053,0.4504811364047068,84000009,,-8.375996972260817,4.9110488702053
ballistic,hit,True,0.057727100254478816,"[0.052247910035468664, -0.024547382767134696]","[0.04435724412501771, -0.06632743376872074]",3.1,3.23699755931532,0.49507077581009007,84000010,,6.436261987268486,3.23699755931532
ballistic,hit,True,0.03820294371545956,"[-0.02313491669469034, -0.030401324610225613]","[-0.010052587876707958, -0.06563580032515161]",4.5,4.618206224719662,0.45876422511175596,84000011,,6.529564518691936,4.618206224719662
ballistic,miss,False,0.07201072456574817,"[-0.017279887692724635, 0.06990672309449836]","[0.01441125557695462, 0.05543132096339415]",5.4,5.629316338986688,0.4852955198944593,84000012,,-6.577347799404507,5.629316338986688
ballistic,hit,True,0.020194279412915333,"[0.01987765346286878, 0.003561995763191869]","[0.06912362865792741, -0.009310085161284953]",2.9000000000000004,3.0463359819698375,0.5251670912259332,84000013,,7.1784771784599055,3.0463359819698375
ballistic,miss,False,0.08433575411003735,"[0.0725455842401212, 0.04300764616400392]","[0.10439048620043774, -0.01240585782371269]",2.4000000000000004,2.6285628951326627,0.503706599125373,84000014,,-6.2834365494221744,2.6285628951326627
ballistic,miss,False,0.08098184967238346,"[-0.06324012585103385, -0.0505840534032803]","[-0.10088697235444528, -0.10543846989706578]",2.2,2.4022844757876953,0.5044787359576134,84000015,,-6.102203544700713,2.4022844757876953
ballistic,hit,True,0.05576643160265693,"[-0.004262369088415402, -0.055603301191996996]","[0.03402900089051844, -0.06255190181549847]",4.3,4.535022308023903,0.4822413673184232,84000016,,6.18893020267602,4.535022308023903
ballistic,miss,False,0.067186349956317,"[-0.0662488863659888, 0.0111843942937917]","[-0.07874898693232751, 0.02498289583983336]",4.0,4.218535908276225,0.5187453673871734,84000017,,-6.068403697148568,4.218535908276225
ballistic,hit,True,0.053521907783272774,"[-0.04609326307105613, 0.027203046010025572]","[-0.05987307513952696, 0.01714081222919564]",4.6000000000000005,4.823710029249453,0.4460432084371241,84000018,,6.171989440766591,4.823710029249453
ballistic,miss,False,0.07746899243140683,"[-0.044007233777217825, -0.06375584807384077]","[-0.04023235930375946, -0.09947713787174785]",3.7,3.9490307091333294,0.4770536342997455,84000019,,-6.3454603049319225,3.9490307091333294
ballistic,miss,False,0.09042893666750663,"[0.07910878045277096, 0.043808600092803796]","[0.09297415242067882, 0.023583477561391286]",4.4,4.591150661495395,0.536512807848933,84000020,,-7.035477535341048,4.591150661495395
ballistic,hit,True,0.05249319346659363,"[0.05183170871448295, -0.008307185567821417]","[0.09557913637179002, 0.00565103916228655]",2.6,2.720748042287676,0.487717213472406,84000021,,6.697802281580774,2.720748042287676
ballistic,hit,True,0.05636955653070669,"[0.048736731414541906, 0.02832415778969149]","[0.09375152688188212, 0.03692036674567338]",3.4000000000000004,3.569237322142605,0.5293866626314709,84000022,,6.397922626397979,3.569237322142605
ballistic,miss,False,0.10333077347022734,"[-0.02506306075863801, -0.10024515814424285]","[0.0015709183157169293, -0.08907088168111373]",5.0,5.1354800773259,0.4932734077464076,84000023,,-7.777159466498329,5.1354800773259
ballistic,miss,False,0.09039339612111964,"[-0.014371930147703132, 0.08924356383593827]","[0.004635658501461665, 0.08263945598663518]",3.1,3.3031444128070917,0.531461772769295,84000024,,-6.708956464451989,3.3031444128070917
ballistic,miss,False,0.0947070128762476,"[0.07335702176451028, -0.0599012991994572]","[0.0656001687794375, -0.05345126612152735]",3.7,3.828062499186319,0.5095119656044296,84000025,,-7.047939239749522,3.828062499186319
ballistic,miss,False,0.07196498246684228,"[0.07196183304953718, 0.000673264883575525]","[0.1441527794747639, -0.022881033579369353]",2.9000000000000004,3.016856953010565,0.5348454014510529,84000026,,-5.950789041764004,3.016856953010565
ballistic,miss,False,0.07771962255073116,"[0.06375242450628515, -0.04445186271685958]","[0.08239470770223233, -0.10441195542775372]",1.8,2.029515576763709,0.48773426303513684,84000027,,-5.8796662081486675,2.029515576763709
ballistic,hit,True,0.05636436943826152,"[0.03864301778970189, 0.04103241789460636]","[0.09492025879733659, 0.0783795327586033]",2.6,2.7203579586906472,0.4517311791148684,84000028,,6.598061031438383,2.7203579586906472
ballistic,miss,False,0.08995039893870274,"[0.0350932716945625, 0.08282231915977356]","[0.03270213745776315, 0.05920566373060838]",5.9,6.109894924733724,0.4821922528362839,84000029,,-7.390047164315212,6.109894924733724
ballistic,miss,False,0.09278032049642643,"[-0.012216221687281814, 0.09197256003345124]","[-0.004713538364140846, 0.14572849683589156]",2.7,2.820258927011551,0.5393327497692983,84000030,,-6.7124409163123335,2.820258927011551
ballistic,hit,True,0.06152279485780766,"[0.04909778072965157, 0.03707374022861652]","[0.06997258404761683, 0.0005766724376746069]",4.2,4.320742892767131,0.4648330992564002,84000031,,6.054129162812808,4.320742892767131
ballistic,miss,False,0.12022132500646646,"[-0.1123139325084334, -0.042880619757665626]","[-0.09640220308093154, -0.010564925327534244]",4.3,4.467153620848774,0.5435389483225251,84000032,,-8.495867925753949,4.467153620848774
ballistic,hit,True,0.015506850506458945,"[0.00225151365045248, -0.015342525832192436]","[0.02516444029567272, -0.05950642992964923]",4.2,4.387660870244496,0.47385625728539504,84000033,,6.893085819495937,4.387660870244496
ballistic,miss,False,0.0791289220187878,"[-0.07055569862222957, -0.03582289340330441]","[-0.07789729434407969, -0.017979850839501817]",2.7,2.834508692063912,0.5172933738390908,84000034,,-6.156984923042698,2.834508692063912
ballistic,miss,False,0.07408772217546894,"[-0.06658893403710509, -0.032479292494627096]","[-0.0534060959451545, -0.03470189232917188]",3.6,3.713753221630849,0.5431452737899913,84000035,,-6.199169367372656,3.713753221630849
ballistic,hit,True,0.04972971415431589,"[-0.048882420661386344, 0.00914075599462296]","[-0.055983765645658434, -0.02600525900235149]",3.7,3.8650387684215866,0.47727433055665947,84000036,,6.489664030800007,3.8650387684215866
ballistic,miss,False,0.06664956315535,"[-0.04882341767249815, -0.04537001383706847]","[-0.09743778638350498, -0.027060933153573233]",2.0,2.1895509290757156,0.4805303317031492,84000037,,-5.551399826934672,2.1895509290757156
ballistic,miss,False,0.09835657554332386,"[-0.04883633139094898, 0.08537580856942431]","[-0.01786982772808285, 0.0791855580323437]",4.9,5.048555488128761,0.524503552826182,84000038,,-7.514707917777413,5.048555488128761
ballistic,miss,False,0.07029559836312643,"[-0.029836767424539085, -0.06364933981498902]","[-0.06957814529931192, -0.07481180975738022]",4.2,4.356521426327702,0.5088374970156865,84000039,,-6.219578970231948,4.356521426327702
ballistic,hit,True,0.058374921368647026,"[-0.015036185354391898, -0.05640518216249367]","[0.0067878354909187005, -0.10550681166262192]",2.6,2.783718798518005,0.5214509160980666,84000040,,6.543460013066101,2.783718798518005
ballistic,miss,False,0.09909489392852562,"[-0.01585538188291688, -0.097818223598942]","[-0.015336176887573508, -0.08703092259884816]",4.0,4.172717098516463,0.46166379844271593,84000041,,-7.324212545019112,4.172717098516463
ballistic,hit,True,0.040821242820818886,"[-0.038792007369854664, -0.012710390617656053]","[-0.0808207617053737, -0.034773774975134425]",3.7,3.945478229387,0.5036848004561436,84000042,,6.6805919845121275,3.945478229387
ballistic,miss,False,0.06630397050450926,"[0.039468208917833536, 0.05327735907006914]","[0.08266100187636995, 0.012192711427222894]",3.2,3.3744032636406325,0.5148266655262759,84000043,,-5.840524616488246,3.3744032636406325
ballistic,hit,True,0.05883851726187032,"[0.0069959944989627515, -0.058421119251054185]","[0.01689706225171482, -0.043545254754742954]",5.5,5.6724548950795795,0.5287903970584906,84000044,,5.8055985529999035,5.6724548950795795
ballistic,hit,True,0.026311149959728237,"[0.018592046308678237, -0.018617530079451224]","[-0.006333110259478511, -0.046262522334835014]",3.3000000000000003,3.5421179235820612,0.47651913589347983,84000045,,7.011147547407501,3.5421179235820612
ballistic,hit,True,0.05947877207247499,"[-0.05401113013660774, -0.0249102819858759]","[-0.03931487908528508, -0.07624198975422485]",3.8000000000000003,3.955383114308169,0.5191655744309955,84000046,,6.212668798284159,3.955383114308169
ballistic,miss,False,0.08259041627574647,"[-0.06607415165979957, -0.049551824820473475]","[-0.13593683331923367, -0.06494254137709533]",1.8,1.9962895252559734,0.5088641370498569,84000047,,-6.064479730319784,1.9962895252559734
ballistic,miss,False,0.10595092107907166,"[0.029738191751932833, -0.10169187592344309]","[-0.025157032419814415, -0.17865665106718612]",2.9000000000000004,3.0109400371115815,0.520290781239935,84000048,,-7.381946195858857,3.0109400371115815
ballistic,miss,False,0.09594838697034767,"[0.036007642935494896, -0.08893560936116358]","[0.06767879226458158, -0.0752383283786587]",2.7,2.8433071771964205,0.44866271201846886,84000049,,-6.853956914132919,2.8433071771964205
ballistic,miss,False,0.08167521230160711,"[-0.04900194705342263, -0.06534255496601092]","[-0.09140392997830925, -0.053966610004545654]",3.4000000000000004,3.583064127686292,0.5047755499968837,84000050,,-6.428897113494106,3.583064127686292
ballistic,hit,True,0.051771539231864644,"[0.03955753520388791, 0.03339900721622828]","[0.07124600280912396, 0.03782882016403338]",3.2,3.3525837120037743,0.49087859992178007,84000051,,6.56561129599136,3.3525837120037743
ballistic,hit,True,0.0484119048007273,"[-0.01822534460213178, 0.04485029922495756]","[-0.014336238579072028, 0.10713651179299771]",2.1,2.315578814198192,0.5422908576082491,84000052,,6.920275141672264,2.315578814198192
ballistic,miss,False,0.10605242231804313,"[0.07229992074625215, -0.07758761331301686]","[0.08010802583564076, -0.08588338040385099]",3.7,3.935826531424607,0.5178757965335641,84000053,,-7.58703935610049,3.935826531424607
ballistic,hit,True,0.0581992374314903,"[0.05524894070655398, -0.018294966204141085]","[0.10305344083790977, -0.031958326213829116]",3.6,3.710174607272783,0.5094486332305964,84000054,,6.298307399382963,3.710174607272783
ballistic,miss,False,0.07852967747045131,"[0.07275965497772886, 0.029545606291544645]","[0.07841308257840958, -0.004168468723790319]",4.3,4.502155878437202,0.4930447983295291,84000055,,-6.53462372629896,4.502155878437202
ballistic,miss,False,0.0756288987428953,"[0.05612917579686092, 0.05068772977189049]","[0.049021067048343726, 0.03355485961530361]",5.4,5.571812383705945,0.4641102289761526,84000056,,-6.703782325458723,5.571812383705945
ballistic,hit,True,0.04757284556161468,"[0.047261167794217726, -0.005436695095003826]","[0.11141420287326163, 0.02691310319419921]",3.3000000000000003,3.451372814795446,0.5179820336947165,84000057,,6.639337127851067,3.451372814795446
ballistic,hit,True,0.03316117125268523,"[0.01584089982381623, -0.029132956795041187]","[0.06785294754366408, -0.02905226283053458]",4.3,4.530618933075965,0.49822368958618735,84000058,,6.66472466772783,4.530618933075965
ballistic,miss,False,0.0789205156613034,"[-0.05985941212829224, -0.05143246612696395]","[-0.042727157611343464, -0.0597250101559417]",3.8000000000000003,3.9505498263939396,0.4682543118662448,84000059,,-6.424188826567109,3.9505498263939396
ballistic,miss,False,0.0848676340673018,"[0.050342147655424954, 0.06832410615310555]","[0.02317171328220642, 0.05598392188152403]",5.1000000000000005,5.329955193808372,0.5043322769970915,84000060,,-6.979737351995608,5.329955193808372
ballistic,miss,False,0.08717999798792272,"[0.0314556513029991, 0.08130740464606125]","[0.0017679137476585005, 0.08736917828656966]",2.7,2.9351092783963746,0.4808108582806277,84000061,,-6.4738998932956715,2.9351092783963746
ballistic,miss,False,0.12191518895910836,"[0.11064428174239044, 0.05119722860317365]","[0.1260831309066151, 0.03987627347096055]",4.1000000000000005,4.30677127865838,0.5022668886545476,84000062,,-8.542943976079313,4.30677127865838
ballistic,miss,False,0.07798820100403245,"[0.07793117565629847, -0.002981837801175974]","[0.1283011878212018, 0.019415856629865308]",2.2,2.3258594183231525,0.530058207677176,84000063,,-5.9895643777148795,2.3258594183231525
ballistic,miss,False,0.0853135649176538,"[0.07677762063098567, 0.03719679192085214]","[0.07396502262330171, 0.0748422746531139]",4.1000000000000005,4.225713100738937,0.5158393363869159,84000064,,-6.747699256558279,4.225713100738937
ballistic,hit,True,0.038424812037080196,"[0.03709964087206041, 0.010004140505265177]","[0.07347276130633185, 0.013275596802905026]",2.8000000000000003,3.022297966358896,0.4656683806942873,84000065,,6.950540549092321,3.022297966358896
ballistic,miss,False,0.08396653460101074,"[-0.05206331428640956, -0.06587708431933881]","[-0.04445079369645241, -0.061046889219762486]",5.0,5.136419761873092,0.4974775366917172,84000066,,-6.918728741515439,5.136419761873092
ballistic,hit,True,0.061880980604722656,"[-0.04622627747189814, 0.041138631864625054]","[-0.058720505589905825, 0.05733561402158168]",3.9000000000000004,4.0239057340447015,0.50177542432176,84000067,,6.1186672755971445,4.0239057340447015
ballistic,miss,False,0.0955477733595334,"[-0.02981459206113478, 0.09077701853549103]","[-0.048890302422824564, 0.10938671177142709]",2.3000000000000003,2.4249119265539463,0.45188334280119397,84000068,,-6.73579928851237,2.4249119265539463
ballistic,miss,False,0.10322313127301841,"[0.10153346059793264, 0.018600301309786665]","[0.09294085599432209, -0.01198806251500863]",3.7,3.91851948858889,0.4601128636618433,84000069,,-7.446897001137702,3.91851948858889
ballistic,miss,False,0.0824946857836711,"[-0.039349793858674445, -0.07250494400953947]","[-0.03776437370699544, -0.0670827085867727]",3.3000000000000003,3.4668161472957464,0.5353856103009573,84000070,,-6.435739214803935,3.4668161472957464
ballistic,miss,False,0.0718535696569184,"[-0.07185054093953812, -0.0006597265625860466]","[-0.08477035093522882, 0.035455447447326496]",4.2,4.413185143849191,0.4674898894944159,84000071,,-6.271996561524645,4.413185143849191
ballistic,miss,False,0.09064179585997277,"[0.08541948434094218, 0.03032238202464492]","[0.08425827864956484, 0.06943936913379638]",3.6,3.7673935496388706,0.5314803161306804,84000072,,-6.8446000370937226,3.7673935496388706
ballistic,hit,True,0.05417864997721802,"[0.05415341859132447, 0.0016532901217570228]","[0.09486147578165224, 0.029450210807487914]",4.1000000000000005,4.3392196738153785,0.50671638740995,84000073,,6.280248257194342,4.3392196738153785
ballistic,miss,False,0.09938242878717843,"[0.08212439256967766, -0.05596830618037378]","[0.09164730478270675, -0.05572895700372653]",3.2,3.435382568030615,0.503230395660508,84000074,,-7.1377200358907915,3.435382568030615
ballistic,miss,False,0.07338748636426898,"[0.004688972490187848, 0.07323753608534374]","[-0.040507735636287734, 0.058097724539604614]",2.7,2.8220293623880885,0.46860174440509167,84000075,,-5.949727373932726,2.8220293623880885
ballistic,miss,False,0.08895819819541828,"[0.058599765729428516, -0.0669300267640124]","[0.07520621483600731, -0.04369650652880393]",4.3,4.435209834110113,0.5409203697874877,84000076,,-6.948032195544455,4.435209834110113
ballistic,miss,False,0.09473393646617496,"[0.007243682156153605, 0.09445659207910212]","[-0.04954603883670701, 0.07000844575115678]",4.0,4.2311161944120474,0.5145420782596118,84000077,,-7.124146442219473,4.2311161944120474
ballistic,miss,False,0.08696556650446235,"[0.08695218422935243, -0.0015255868335888123]","[0.06739955761091827, -0.0009988695502816886]",5.2,5.340775149494282,0.5428620151477014,84000078,,-7.090061481051375,5.340775149494282
ballistic,miss,False,0.07089055851014363,"[0.03311686907732289, 0.06267969582245556]","[0.013117644030305603, 0.08595616846017645]",4.1000000000000005,4.245817526594366,0.5343564440710856,84000079,,-6.214460659379904,4.245817526594366
ballistic,hit,True,0.055104993947063516,"[-0.050324420566817615, 0.022450235021486322]","[-0.07300237229262366, 0.01749503118909584]",4.3,4.458995314927898,0.4655848996377897,84000080,,6.2062874892530395,4.458995314927898
ballistic,miss,False,0.08901153682200169,"[-0.07856638300106254, -0.041837508883117235]","[-0.07650099182036672, -0.027438627103352452]",4.9,5.012821106352152,0.49929029654432927,84000081,,-7.100278979269719,5.012821106352152
ballistic,miss,False,0.09943628667236803,"[0.07140067928323862, 0.06920634439906109]","[0.12752808927359618, 0.08711524044901973]",2.1,2.284159239685559,0.5275799286650374,84000082,,-6.865254463240085,2.284159239685559
ballistic,miss,False,0.06898849431543987,"[0.06534634062799576, 0.022119405833824497]","[0.09257166687980954, 0.011347556054709836]",3.8000000000000003,3.9393635788570864,0.44312789969029176,84000083,,-6.07648812968319,3.9393635788570864
ballistic,hit,True,0.06206729969847648,"[0.05398703490686157, 0.030622699976093036]","[0.05037181930192507, -0.010895701253248992]",3.5,3.7256335199687394,0.4962729905066808,84000084,,6.213201256364378,3.7256335199687394
ballistic,miss,False,0.07960494302201182,"[-0.05823451656154616, -0.05427419307903854]","[-0.030482862471361227, -0.09356843410965716]",2.9000000000000004,3.1251082929529344,0.49011735223018627,84000085,,-6.224869101429053,3.1251082929529344
ballistic,hit,True,0.02108853777210376,"[-0.010516013458735915, -0.01827949360078479]","[-0.015511587194265875, -0.08582024909506275]",3.5,3.6930331806115553,0.5379973054178324,84000086,,7.0197393076058106,3.6930331806115553
ballistic,hit,True,0.04913793918518371,"[0.036925153487317106, 0.03242021140129851]","[0.07488738024089338, 0.10329650646923076]",3.0,3.1735269619730637,0.5385325781789183,84000087,,6.678511936717914,3.1735269619730637
ballistic,hit,True,0.06342442441955252,"[0.021272463367479316, -0.05975064782268708]","[0.0497069296885487, -0.06118185251004394]",3.2,3.4467014102189677,0.46448341541506843,84000088,,6.247891689242241,3.4467014102189677
ballistic,miss,False,0.08632994494067228,"[-0.07182507144872187, 0.04789591323741001]","[-0.04987744623681352, 0.11327695319574861]",2.3000000000000003,2.5104014045458714,0.5319639575111772,84000089,,-6.338990388984499,2.5104014045458714
ballistic,miss,False,0.07222792258255142,"[-0.028009883921298037, -0.06657566524869618]","[-0.009699902797600843, -0.09318909408478579]",4.5,4.629327250908678,0.501187413057754,84000090,,-6.3597627930393,4.629327250908678
ballistic,hit,True,0.05736594424451639,"[0.03842288402046819, 0.04259734196654309]","[0.04087092156736864, 0.09597924292305811]",3.4000000000000004,3.561550972450469,0.5151426062847666,84000091,,6.371100222706517,3.561550972450469
ballistic,miss,False,0.07482702484835389,"[0.01502816839290682, 0.07330237242006979]","[0.020696176947898465, 0.10944433587117536]",2.9000000000000004,3.1292892607587013,0.5099583209570653,84000092,,-6.050226898853532,3.1292892607587013
ballistic,miss,False,0.09125351638150633,"[-0.0326162262691157, 0.08522550108947258]","[-0.024279532806376347, 0.07064444009070076]",4.6000000000000005,4.783869135043415,0.49370668738886514,84000093,,-7.120935917630732,4.783869135043415
ballistic,hit,True,0.04559284561519777,"[-0.023124336728660058, 0.039293417033274186]","[-0.00989723300243918, 0.0928209619644054]",3.4000000000000004,3.5250414528662066,0.5426397213470572,84000094,,6.6579982079784,3.5250414528662066
ballistic,miss,False,0.0902249489040168,"[0.0011575964370934555, 0.09021752255089513]","[0.01879314263172148, 0.08510343427780445]",3.2,3.33191185074494,0.5243677450043484,84000095,,-6.726755362066852,3.33191185074494
ballistic,miss,False,0.06632193527132568,"[-0.02672605125218233, -0.06069857726997921]","[-0.02562101030386474, -0.05948666774893471]",4.3,4.5291514463371785,0.44597757839899227,84000096,,-6.116088543937021,4.5291514463371785
ballistic,miss,False,0.09638297932124572,"[-0.08407698743468969, -0.04712471630415096]","[-0.06727959985848056, -0.016200892287721945]",5.2,5.401994503381305,0.5389603840052686,84000097,,-7.498740521382173,5.401994503381305
ballistic,miss,False,0.08963928852975446,"[0.08951302609010257, 0.004756070680003038]","[0.07424576102605411, 0.01657026235079985]",4.0,4.2153556155386385,0.4669276188035481,84000098,,-6.901822969969366,4.2153556155386385
ballistic,miss,False,0.09169135466797163,"[-0.07890361564316611, -0.0467067870794307]","[-0.05057490217975452, -0.08468174797575932]",3.0,3.2495525834424175,0.5031961560273986,84000099,,-6.739894561147399,3.2495525834424175
ballistic,hit,True,0.028448997943378757,"[-0.01942589404151511, -0.020784131559201516]","[-0.0396512003637635, -0.05654044373923346]",3.8000000000000003,3.973094600022615,0.5121068848113164,84000100,,6.858438938702398,3.973094600022615
ballistic,miss,False,0.11600558207181924,"[0.11592809270761639, -0.004239385922027938]","[0.12635233391775202, 0.017104401388257973]",3.6,3.7101239265804478,0.5347492879019641,84000101,,-8.08515859688085,3.7101239265804478
ballistic,hit,True,0.020569668942570486,"[0.008504978002157743, -0.018729031731239118]","[0.010637175077709948, -0.055703812537243255]",4.1000000000000005,4.253608132078937,0.441775562922393,84000102,,6.874855318246876,4.253608132078937
ballistic,miss,False,0.09090037209432585,"[-0.09086996077844949, 0.002351143341003767]","[-0.08311280572398648, -0.0013778886347565328]",5.1000000000000005,5.339364218526387,0.5029219711829012,84000103,,-7.230710685653702,5.339364218526387
ballistic,miss,False,0.10424817905208243,"[-0.024379530470929646, 0.10135739405535273]","[0.016884010924952196, 0.09847268548566869]",4.4,4.613684973536279,0.5113855835888972,84000104,,-7.67223262382841,4.613684973536279
ballistic,hit,True,0.05772637188019446,"[0.022129966375913662, 0.053316025720710244]","[0.061953158585744045, 0.06792486986563326]",4.2,4.36777277396247,0.4974447200653143,84000105,,6.161281891017632,4.36777277396247
ballistic,miss,False,0.09121660526508271,"[-0.054145050055729255, 0.07340832807351282]","[-0.0530882464434245, 0.09063444395586241]",3.4000000000000004,3.5202851799029378,0.5079643492032991,84000106,,-6.81934179315643,3.5202851799029378
ballistic,miss,False,0.10205237253543768,"[-0.06429694690208997, -0.07925016945837769]","[-0.05254790618697856, -0.07886874913075385]",3.6,3.733772157829678,0.5414576552120361,84000107,,-7.3650146130442025,3.733772157829678
ballistic,miss,False,0.08155857280628948,"[-0.012121408283640861, -0.08065278829290469]","[-0.03299321475507136, -0.09706266840821183]",4.3,4.502147866622013,0.47214674678733937,84000108,,-6.649390721467176,4.502147866622013
ballistic,hit,True,0.05385412060147692,"[-0.017384479092704727, 0.050971032875876995]","[-0.03808634907183807, 0.04256328122627327]",3.5,3.715994081150983,0.4610693071126057,84000109,,6.438546436506883,3.715994081150983
ballistic,hit,True,0.06119035085641668,"[-0.04262556063911639, -0.04390125986953432]","[-0.0404895908560962, -0.07959126233732707]",3.6,3.768820576687258,0.4999212415061519,84000110,,6.2137848430931655,3.768820576687258
ballistic,miss,False,0.066553272156994,"[-0.02078288336833998, -0.06322507250846685]","[-0.027922241123681246, -0.06994370030843369]",3.5,3.66369274139208,0.46079684274463284,84000111,,-5.923364031906015,3.66369274139208
ballistic,hit,True,0.04828163627705781,"[0.044969426392710614, -0.017574614974464928]","[0.05100919659579561, -0.07380591926818818]",2.4000000000000004,2.6161273597874977,0.5022897594636893,84000112,,6.848256472996424,2.6161273597874977
ballistic,hit,True,0.060039049691591635,"[0.057003011394521075, 0.018850575052913106]","[0.019751005836550595, 0.05308861115850764]",2.8000000000000003,3.0450360906845124,0.5411180225361518,84000113,,6.446819529498365,3.0450360906845124
ballistic,miss,False,0.0678691697620731,"[0.035433366926582305, -0.05788523743096578]","[0.01561469658732581, -0.09363185308628329]",2.7,2.8801905849855958,0.47483327636441836,84000114,,-5.765230580874107,2.8801905849855958
ballistic,hit,True,0.06261467669993119,"[-0.052589352569178835, 0.03398466911110817]","[-0.037652264606430105, 0.06299055638848386]",3.8000000000000003,3.939041949808013,0.44662816639051306,84000115,,6.122047872606649,3.939041949808013
ballistic,miss,False,0.0734852174324984,"[-0.057763174374743737, 0.045425685104954844]","[-0.04580049840550679, 0.039443504341305974]",5.6000000000000005,5.786409936610157,0.459542777679072,84000116,,-6.678124776592085,5.786409936610157
ballistic,miss,False,0.06808371167569936,"[-0.010468913126441562, 0.06727401915666092]","[-0.05654655151585482, 0.06392544536688205]",3.9000000000000004,4.061807122625174,0.5222997205773927,84000117,,-6.072134152790476,4.061807122625174
ballistic,miss,False,0.0942278810171729,"[0.0666608834936536, 0.06659744869611775]","[0.0442574846932556, 0.07439877075911838]",3.3000000000000003,3.452380067657861,0.5303920781985795,84000118,,-6.926513268872543,3.452380067657861
ballistic,miss,False,0.08188174138350916,"[-0.06745171648294965, 0.046420744452234444]","[-0.051155842466918316, 0.10474326688783804]",2.1,2.2768620579988554,0.5358084619168695,84000119,,-6.111892206389557,2.2768620579988554
ballistic,miss,False,0.06712217717918045,"[0.06585660977973813, -0.012972802996754133]","[0.06834832645597279, -0.01902530118850027]",5.0,5.240000652276938,0.5410739102654122,84000120,,-6.316363708703738,5.240000652276938
ballistic,miss,False,0.06730269307067728,"[0.046492067073536564, 0.048663540703442136]","[0.03758789943083948, 0.05113494090629977]",4.800000000000001,4.983601031728281,0.5352862140877569,84000121,,-6.272107099305513,4.983601031728281
ballistic,hit,True,0.04736990933636433,"[-0.041956023518107066, 0.02199091633114507]","[-0.09785738971674868, 0.05516152797638506]",2.4000000000000004,2.6317099762624965,0.5324391406597365,84000122,,6.868897441293401,2.6317099762624965
ballistic,miss,False,0.11220956943594625,"[0.031229600766434835, -0.10777615463992736]","[0.023790631726497542, -0.09643559357258331]",3.7,3.8279221601661497,0.48799462042123803,84000123,,-7.9051153782249575,3.8279221601661497
ballistic,hit,True,0.04883628241862472,"[-0.030198813300718566, -0.03837986654093546]","[-0.024780262141802747, -0.08539409034153984]",3.6,3.8169991618393255,0.503948563356927,84000124,,6.535507105213805,3.8169991618393255
ballistic,hit,True,0.06335018665850117,"[-0.000636055782245383, 0.06334699347805554]","[0.0024721803631419514, 0.07042204105916931]",4.1000000000000005,4.31384585979925,0.5231467624260361,84000125,,6.0251192545167,4.31384585979925
ballistic,miss,False,0.13778665822447367,"[0.08289957026955916, -0.11005827744331792]","[0.04988787759352261, -0.09040731280929004]",4.800000000000001,5.01295891123465,0.5070252910983993,84000126,,-9.693529747850393,5.01295891123465
ballistic,miss,False,0.06861655340214204,"[-0.03992144909149352, -0.05580778891180246]","[-0.025617734726843963, -0.04703760427075384]",5.1000000000000005,5.326034745386778,0.5063385063975665,84000127,,-6.3893742960447355,5.326034745386778
ballistic,hit,True,0.059964311892633834,"[-0.01449603169676665, 0.0581857694441124]","[0.009184343642339457, 0.06330377556805243]",3.9000000000000004,4.131063263594616,0.4868533779983229,84000128,,6.173942319347439,4.131063263594616
ballistic,miss,False,0.06965615193431353,"[0.0011618304697675191, -0.06964646187894752]","[-0.0290483124608885, -0.05921280583573302]",4.3,4.465039908892467,0.4529505373018673,84000129,,-6.223397515336372,4.465039908892467
ballistic,miss,False,0.07699949788924958,"[-0.07624784274645088, -0.010732620915184126]","[-0.06019307646101987, 0.0005694634207413108]",5.7,5.888127603905417,0.4425727543915515,84000130,,-6.828295307738827,5.888127603905417
ballistic,hit,True,0.058146817362968235,"[0.053700567012425725, 0.02230025721794164]","[0.05677440926238219, 0.030976027629661687]",3.6,3.749583738369529,0.49856995196121445,84000131,,6.2997509184751745,3.749583738369529
ballistic,hit,True,0.06045533795425319,"[0.05693634507343161, 0.02032487384566227]","[0.07337595999474905, 0.05776019877292281]",3.6,3.815583497629497,0.4904075348522316,84000132,,6.2349472456419015,3.815583497629497
ballistic,miss,False,0.08042280395205308,"[-0.0035273633569453677, 0.08034541121469503]","[-0.037172442429205754, 0.0811659818355406]",2.8000000000000003,2.9685325820943502,0.46084306110717227,84000133,,-6.230846720830856,2.9685325820943502
ballistic,miss,False,0.06957824536450362,"[0.03713038454472058, -0.05884272913083013]","[0.05286569550803921, -0.051609615004995134]",4.1000000000000005,4.324391096254445,0.539414297825696,84000134,,-6.170830113136821,4.324391096254445
ballistic,miss,False,0.12467044658847148,"[-0.12440024166153443, 0.00820366546860321]","[-0.10340921707357512, 0.08883791925572485]",2.2,2.3483147553521264,0.5210568865058158,84000135,,-8.228750355637615,2.3483147553521264
ballistic,miss,False,0.07362092612774755,"[0.026541982374264736, -0.06866996385284822]","[0.023380927168375684, -0.06943616731079534]",4.7,4.938045063302152,0.4941689917878867,84000136,,-6.457849884948464,4.938045063302152
ballistic,hit,True,0.03265091709083534,"[0.016241904856910114, -0.02832459908792502]","[0.021022961806649254, -0.08716740471958241]",2.8000000000000003,2.980646557482002,0.5325378761512722,84000137,,7.0476728078408035,2.980646557482002
ballistic,miss,False,0.0750629693435468,"[0.07323012774992632, -0.016486289952555053]","[0.07642196807687751, -0.011467086701340837]",3.9000000000000004,4.083742648159,0.5038743991606731,84000138,,-6.308597483235562,4.083742648159
ballistic,miss,False,0.0935994170086714,"[-0.0858406552588295, 0.03731263551530435]","[-0.05659770647138879, 0.025491181350805373]",5.800000000000001,6.0470936840757705,0.5177274959172782,84000139,,-7.523574169080039,6.0470936840757705
ballistic,miss,False,0.10800244570045099,"[-0.006100627626937485, -0.10783000797475771]","[-0.00999077419674009, -0.07368629107173995]",4.2,4.38752231387258,0.5415403793148248,84000140,,-7.810835095213934,4.38752231387258
ballistic,miss,False,0.12213598461775912,"[0.10041173949365585, -0.06953187262261594]","[0.11993493007070836, -0.038299842254350444]",3.0,3.1331830052034535,0.49773223046572534,84000141,,-8.280697926283903,3.1331830052034535
ballistic,hit,True,0.04321051854778456,"[0.021820992999979638, -0.03729602093606331]","[-0.025996632331475977, -0.07074795707577373]",2.8000000000000003,3.018992650734948,0.503281338503466,84000142,,6.8580712631554,3.018992650734948
ballistic,miss,False,0.08238611389921734,"[-0.07356340157705778, 0.037093095204193266]","[-0.0835805123925893, 0.0233405792141905]",2.6,2.772954146129849,0.4993581087952595,84000143,,-6.256502192524216,2.772954146129849
ballistic,hit,True,0.029706459880172068,"[-0.010529316187204346, -0.02777781955521616]","[-0.04899644819969959, -0.083653078137889]",2.7,2.9167095387771385,0.5063594348081282,84000144,,7.1161304713343725,2.9167095387771385
ballistic,miss,False,0.0670347690961378,"[0.04919497665243912, -0.045535859934105576]","[0.05485995188117644, -0.018810977894771923]",3.7,3.825906873438493,0.45236332373017935,84000145,,-5.988588229058584,3.825906873438493
ballistic,miss,False,0.08506903207611326,"[-0.0708352109027111, -0.047107463471675326]","[-0.06359185764664148, -0.048254263990043345]",5.0,5.128325347452674,0.4682442828303699,84000146,,-6.962837921506932,5.128325347452674
ballistic,hit,True,0.05867549944082956,"[-0.0386174901050888, -0.044175827016753835]","[-0.037795667070264216, -0.016886936508099925]",5.300000000000001,5.433525955298123,0.5324694181620089,84000147,,5.860132725531175,5.433525955298123
ballistic,miss,False,0.07501104141110611,"[-0.04544492991818129, -0.05967758941437118]","[-0.11253791945657211, -0.03223388282901296]",1.9000000000000001,2.103378597052105,0.44440774400135297,84000148,,-5.806752978361817,2.103378597052105
ballistic,hit,True,0.06151209760213827,"[0.061036624610643714, 0.007633387685316866]","[0.05177221375667304, 0.014092475826443034]",5.0,5.157303377292246,0.44097609153339795,84000149,,5.854440674221307,5.157303377292246
ballistic,miss,False,0.10782324801732696,"[0.10282302277282852, 0.032454257053033696]","[0.12308561051473876, 0.04936880106788539]",3.5,3.747469729335639,0.4815048996899108,84000150,,-7.626681139173018,3.747469729335639
ballistic,hit,True,0.06492802395671604,"[-0.04127696912767234, 0.050118460815921674]","[-0.06125118566647389, 0.03758941693193083]",4.5,4.654359237869789,0.47871446577349513,84000151,,5.877213421319789,4.654359237869789
ballistic,miss,False,0.08264519712470393,"[-0.035308374284058225, -0.07472313773656743]","[-0.019258893666335847, -0.07977232318531215]",4.9,5.123456796260084,0.44735962647637495,84000152,,-6.84162215568785,5.123456796260084
ballistic,hit,True,0.05592826465386175,"[-0.01856762826812948, -0.052756174687793284]","[-0.023287015862926197, -0.1220465755421958]",2.6,2.8295002216984133,0.5181925613663391,84000153,,6.609651884688189,2.8295002216984133
ballistic,hit,True,0.06464383081463473,"[0.06003952460344147, 0.023959973868597318]","[0.05652196876801096, 0.02971723305567038]",3.4000000000000004,3.5858507602011525,0.4489257991178926,84000154,,6.1609290266529895,3.5858507602011525
ballistic,miss,False,0.1278687703218955,"[-0.1268651508237596, 0.015989244200348973]","[-0.11338612647752723, 0.023883024683516794]",3.6,3.841167564976856,0.5132627133376776,84000155,,-8.76992246713223,3.841167564976856
ballistic,miss,False,0.0802307991811859,"[-0.06237080154221539, 0.05046646661133869]","[-0.06623386865018085, 0.05736871851667985]",3.7,3.855796836535611,0.5371228978040473,84000156,,-6.448545831302198,3.855796836535611
ballistic,miss,False,0.07106585236960733,"[-0.020436156938128613, -0.06806407909183082]","[-0.057368571957602615, -0.058522752665301]",3.3000000000000003,3.4139174511931474,0.5394194966816428,84000157,,-6.020350384146467,3.4139174511931474
ballistic,miss,False,0.08353373427657519,"[0.05956956058313832, 0.05856067122328164]","[0.07735795111520521, 0.04677551279081739]",4.7,4.853494522713628,0.4848607643820367,84000158,,-6.826570357914668,4.853494522713628
ballistic,miss,False,0.10517446947492787,"[0.032361594245072234, -0.1000719553483884]","[0.0577631490239206, -0.10804876803139528]",3.2,3.3812649170526474,0.5037127636378668,84000159,,-7.418146515818352,3.3812649170526474
ballistic,hit,True,0.03330456602774745,"[0.011461691873351214, -0.0312701732917639]","[0.042557941469353565, -0.10846518314107034]",2.3000000000000003,2.5458694468850216,0.48243096632126814,84000160,,7.162468847740452,2.5458694468850216
ballistic,miss,False,0.09372171227763652,"[0.047145465817561766, -0.08100039756135274]","[0.011711738717719716, -0.0840946828743013]",4.6000000000000005,4.822500556675072,0.47086581324169413,84000161,,-7.228996296391026,4.822500556675072
ballistic,miss,False,0.06811775948176237,"[0.06542319164928609, -0.01896932131722189]","[0.0832716299588579, 0.015024649634765307]",3.7,3.8311429149671135,0.4833720803997338,84000162,,-6.023231753092362,3.8311429149671135
ballistic,miss,False,0.08436953978473442,"[0.05530784756587729, -0.06371233193909612]","[0.03436060875938777, -0.04190293394263248]",7.0,7.151931007832618,0.49676862272305805,84000163,,-7.434785619760444,7.151931007832618
ballistic,hit,True,0.04443272556746861,"[-0.03348559605449128, -0.02920585486215764]","[-0.11019061202811817, -0.04318238915196547]",2.2,2.3811559854953765,0.5061807628974285,84000164,,6.982717845833378,2.3811559854953765
ballistic,hit,True,0.04556376995412924,"[0.011153318227960167, -0.04417760320500266]","[0.04318046676057002, -0.03733620060696288]",4.6000000000000005,4.777300653922942,0.4903860126941201,84000165,,6.358625530785133,4.777300653922942
ballistic,miss,False,0.0726128940951426,"[-0.03271074077051571, -0.06482777049318075]","[-0.017778050143060317, -0.06831566046406198]",5.1000000000000005,5.233768619362822,0.48595005376438843,84000166,,-6.522960328727193,5.233768619362822
ballistic,hit,True,0.036057172027995944,"[-0.026612176228769047, 0.024329236137319084]","[-0.06765070922939687, -0.008743995719396038]",4.1000000000000005,4.326211802359713,0.467954639945858,84000167,,6.667279371678936,4.326211802359713
ballistic,miss,False,0.08300765535734073,"[0.06889725786003795, -0.046297286176303]","[0.05388379280814778, -0.04502327014830524]",4.3,4.48074518963985,0.5091899614491333,84000168,,-6.705833336786522,4.48074518963985
ballistic,hit,True,0.05692051306953199,"[-0.007909731994594136, 0.056368261884436846]","[-0.017893189084204036, 0.0643682244575531]",4.4,4.514058953370773,0.4476535866532016,84000169,,6.1331491578464465,4.514058953370773
ballistic,miss,False,0.07445907037346391,"[0.0019716952636582435, -0.07443296029762432]","[-0.03416713519574545, -0.0777823260781771]",2.9000000000000004,3.130193692843766,0.4456735098032385,84000170,,-6.037225600208392,3.130193692843766
ballistic,hit,True,0.053163584025515874,"[-0.05260108737399519, 0.007713123460143176]","[-0.1211158605461917, 0.07708734591909898]",3.0,3.161183765824928,0.5068304153020592,84000171,,6.5810374753992695,3.161183765824928
ballistic,miss,False,0.09208555160012741,"[-0.07968430390649045, -0.046153662091298876]","[-0.0777402348921496, -0.01758405342962347]",4.0,4.206142583289476,0.5153669258470678,84000172,,-7.007041139289877,4.206142583289476
ballistic,miss,False,0.07876305980465632,"[-0.0755251961349393, -0.0223509359663263]","[-0.132015281426959, 0.011436045020878043]",3.1,3.295147026929593,0.5154168056039702,84000173,,-6.243312328944821,3.295147026929593
ballistic,miss,False,0.1245352179559217,"[0.11917782203518214, 0.03613401785408561]","[0.10121266552852305, 0.009643338443921302]",3.7,3.8313426159398976,0.531014365695795,84000174,,-8.59577408552164,3.8313426159398976
ballistic,hit,True,0.029929973691674484,"[-0.027715803676020362, 0.011297679043795805]","[-0.07070042104916499, -0.054098005773332625]",3.0,3.2409645939556766,0.4964803272836742,84000175,,7.037975544335071,3.2409645939556766
ballistic,hit,True,0.042407929322772875,"[-0.02226254718640379, -0.03609447966404897]","[-0.012153782891582546, -0.07181957361245857]",4.5,4.636728102305424,0.5003701708573616,84000176,,6.449335510190462,4.636728102305424
ballistic,miss,False,0.11652750097151683,"[0.082058787543395, -0.08273459898721222]","[0.055114168642008673, -0.0895636284521531]",3.6,3.830012471528507,0.49920472679129707,84000177,,-8.113883664536534,3.830012471528507
ballistic,hit,True,0.03034448483924725,"[0.015313230246541867, -0.026197189535820467]","[-0.022216756109594435, -0.10297422958395848]",3.4000000000000004,3.5106900310679077,0.5253100836778407,84000178,,6.932062068601347,3.5106900310679077
ballistic,miss,False,0.07896421559198585,"[-0.019183330206708912, -0.07659861086363115]","[-0.05286628061888017, -0.10115948529834312]",3.6,3.763855703723128,0.5369810449279995,84000179,,-6.375821856581686,3.763855703723128
ballistic,miss,False,0.09468655280668188,"[0.09175708378175791, 0.02337051258060072]","[0.07157137006399257, 0.023965754813037535]",4.3,4.543066039553599,0.4900395389206413,84000180,,-7.197022078677528,4.543066039553599
ballistic,hit,True,0.05661006335178836,"[-0.042800731216430576, -0.03705127096379228]","[-0.022227116202817587, -0.08721451416730507]",3.8000000000000003,4.000585457413954,0.5213177665305803,84000181,,6.291491296403907,4.000585457413954
ballistic,hit,True,0.06376003973262315,"[-0.05997886488461755, 0.02163049777186077]","[-0.08969147567218373, 0.012679942949218538]",3.4000000000000004,3.511636592687535,0.48766830833372266,84000182,,6.187788717939483,3.511636592687535
ballistic,hit,True,0.05538999421587396,"[0.04545814512608995, -0.031648199015582155]","[0.10739421536799598, -0.021444610563583343]",2.7,2.9257938291652517,0.53707048273705,84000183,,6.598833974145668,2.9257938291652517
ballistic,hit,True,0.060981516393745244,"[-0.0045301611275725545, 0.06081301654941029]","[-0.04743263142801331, 0.1174256856745014]",2.9000000000000004,3.138443267554524,0.4441764263315641,84000184,,6.3948235877679,3.138443267554524
ballistic,miss,False,0.06838598840542076,"[0.009255216839690952, -0.06775680313766762]","[-0.005664151408190057, -0.11947223324082594]",3.3000000000000003,3.4782810094730587,0.5038602484556804,84000185,,-5.931897848564815,3.4782810094730587
ballistic,miss,False,0.07510491502052062,"[-0.016356135454354354, 0.07330228572997187]","[0.011169747343840158, 0.11099721325989659]",2.6,2.752691342014081,0.5305500897091335,84000186,,-5.985088345618847,2.752691342014081
ballistic,hit,True,0.04316818384474674,"[0.008450154294383103, 0.04233304842383752]","[0.04563748027969515, 0.05628305655908443]",3.9000000000000004,4.026185135177816,0.5416760851835052,84000187,,6.583936781904413,4.026185135177816
ballistic,miss,False,0.08546062342074699,"[0.08195549405876758, -0.024224267771101787]","[0.0753002976448326, 0.013168019417150817]",3.7,3.8791385981952025,0.5307234343730721,84000188,,-6.65364335040538,3.8791385981952025
ballistic,miss,False,0.08417923499231686,"[0.03610055018442082, -0.07604534095047386]","[0.0797338081285332, -0.12136134945316399]",2.2,2.37529243757929,0.46544795747616136,84000189,,-6.227193752400403,2.37529243757929
ballistic,miss,False,0.09200262341137376,"[-0.004586027912108201, -0.0918882531260902]","[-0.02712306696063528, -0.07809259301530522]",2.7,2.921803568601179,0.4604908460902647,84000190,,-6.678427861437884,2.921803568601179
ballistic,miss,False,0.0928810516305513,"[0.08256749119795823, -0.04253820811073532]","[0.10155528480966156, -0.01014040592943004]",2.8000000000000003,2.9719247738896915,0.5146616081106173,84000191,,-6.741867396922399,2.9719247738896915
ballistic,hit,True,0.05911686431705479,"[-0.02964698693865095, 0.05114547694704319]","[0.00988197242441255, 0.1347299436062686]",3.2,3.37717817823856,0.5133362364502475,84000192,,6.372827539247084,3.37717817823856
ballistic,hit,True,0.055216953549386605,"[0.051987130221329586, 0.01860780080035354]","[0.049371664830529155, 0.04623665189787826]",2.7,2.864402167253233,0.4693009072476831,84000193,,6.603364033307663,2.864402167253233
ballistic,hit,True,0.06399407856569056,"[0.04548394541892574, 0.045016139334687066]","[0.05471084291401819, 0.04458695890116776]",4.9,5.11327742715272,0.503665391737533,84000194,,5.805711931012598,5.11327742715272
ballistic,miss,False,0.10902975360451203,"[-0.08125213912781713, 0.07270197423876777]","[-0.07707673767354355, 0.061311538455936496]",3.2,3.319609036568381,0.5357568509836695,84000195,,-7.613606431020262,3.319609036568381
ballistic,miss,False,0.09510681769861619,"[-0.035884877452408294, 0.0880771385944358]","[-0.04315898679976039, 0.08382063777876295]",4.7,4.919861161240581,0.5293287709519997,84000196,,-7.315901011303624,4.919861161240581
ballistic,miss,False,0.10365090818892327,"[-0.04413452749859022, 0.09378514941537804]","[-0.03566084905266072, 0.08720393840096792]",5.0,5.147096509522796,0.5216161001118508,84000197,,-7.79284278541742,5.147096509522796
ballistic,miss,False,0.0954154586240044,"[-0.045044499817075534, 0.08411363017168251]","[-0.035023819910366794, 0.0690032780048039]",3.9000000000000004,4.135546411666989,0.4475257340952733,84000198,,-7.129818874421088,4.135546411666989
ballistic,miss,False,0.09729092989304201,"[-0.0536568489045811, 0.08115705517749994]","[-0.04518043905606982, 0.049333035810578525]",5.9,6.093258965930309,0.462023379020086,84000199,,-7.715360956083505,6.093258965930309
ballistic,miss,False,0.08103029630965905,"[-0.03724124238480366, -0.07196526096435313]","[0.014725398008490355, -0.07268044893392703]",3.2,3.4428648035323883,0.5107573254966663,84000200,,-6.354061282847609,3.4428648035323883
ballistic,hit,True,0.030770820871798395,"[-0.0006869542641556869, 0.030763151837275418]","[-0.05018471691067802, 0.07818073854490502]",3.8000000000000003,3.9817873564310107,0.5199521391845122,84000201,,6.825895049201348,3.9817873564310107
ballistic,miss,False,0.0901730638738876,"[-0.07040905451105212, 0.05633601415847507]","[-0.06664665765942018, 0.046270262791705666]",4.2,4.437222060816301,0.5273251033705133,84000202,,-6.9745399877879795,4.437222060816301
ballistic,hit,True,0.052313745804262964,"[-0.05115146675526752, -0.010966104543446695]","[-0.04177757456834716, -0.02355283597573947]",3.9000000000000004,4.147535158577038,0.513369873580074,84000203,,6.377253727793363,4.147535158577038
ballistic,miss,False,0.0852870296490386,"[-0.08342171152476545, 0.01773965818821787]","[-0.0841080331450779, 0.03780686890605694]",3.9000000000000004,4.127344806322966,0.503299078284185,84000204,,-6.696627793220353,4.127344806322966
ballistic,hit,True,0.05528276745755576,"[0.054416486429721966, -0.009748352804965131]","[0.08780476842635239, -0.059651058136677]",3.2,3.3217150750323845,0.4512177075647937,84000205,,6.4766427508245705,3.3217150750323845
ballistic,miss,False,0.06833944656844294,"[-0.04674467752953748, -0.04985193155676741]","[-0.03567373493354309, -0.04906279748662172]",4.1000000000000005,4.239720570764292,0.4527114119527812,84000206,,-6.130391705865342,4.239720570764292
ballistic,miss,False,0.06815734956427418,"[0.013205179131811295, 0.06686589223007078]","[0.042165103401327036, 0.08349360957459914]",4.3,4.41893709104086,0.5279362785784633,84000207,,-6.174508709970809,4.41893709104086
ballistic,miss,False,0.09568647944029218,"[-0.03181292274526683, 0.09024322852204004]","[-0.036407732982762134, 0.07059162346026905]",4.2,4.442185038498007,0.5316524614399755,84000208,,-7.217077478740228,4.442185038498007
ballistic,miss,False,0.10781835519421591,"[0.07004081919343139, 0.0819700028272487]","[0.07115094322246787, 0.06600610502497334]",4.0,4.247444244888228,0.522262952304492,84000209,,-7.751431412257066,4.247444244888228
ballistic,hit,True,0.03705100094266052,"[-0.03682606406967699, -0.004076478380793398]","[-0.09163716496514747, -0.03630869389771691]",3.0,3.198394213666467,0.5053974008823516,84000210,,6.925082444768513,3.198394213666467
ballistic,miss,False,0.08449447517341029,"[0.08081673658375974, -0.024657076525436614]","[0.08694359372363589, 0.010457591809110958]",4.2,4.439237822914253,0.5009280110078294,84000211,,-6.739779014160959,4.439237822914253
ballistic,miss,False,0.06831525266885995,"[0.0659477260196889, -0.017828942201999057]","[0.10665966627561224, -0.05851617677206934]",3.6,3.721842632419597,0.48200439143896456,84000212,,-6.00460917093732,3.721842632419597
ballistic,miss,False,0.0913186148758152,"[0.07314278735578217, 0.05467377873043247]","[0.060445485384112436, 0.038598806381844625]",5.5,5.684198558229103,0.5067451892790642,84000213,,-7.3487489758195155,5.684198558229103
ballistic,miss,False,0.09296659317969788,"[0.07658983353748061, -0.05269520705093072]","[0.05860796667992507, -0.05597932906032171]",4.3,4.496488338188074,0.517226546102554,84000214,,-7.120630165074426,4.496488338188074
ballistic,miss,False,0.09406201816824486,"[-0.09037239910127443, 0.026086255817253642]","[-0.08465297645808062, 0.0361535008278381]",2.5,2.735516309454391,0.5424526197978946,84000215,,-6.719121482102539,2.735516309454391
ballistic,miss,False,0.07636915255968794,"[-0.06298681458335732, -0.04318458812269322]","[-0.04983341265649928, -0.02926996011013539]",5.7,5.937329288809091,0.4474935149649334,84000216,,-6.805413600635476,5.937329288809091
ballistic,miss,False,0.08021309337217349,"[0.06803468423251252, 0.04249025876263091]","[0.057143322926949285, 0.01492933369941613]",5.7,5.822543830161006,0.447437730501375,84000217,,-6.94787345522675,5.822543830161006
ballistic,hit,True,0.05875128968494571,"[0.007209853948409423, 0.05830722121390294]","[0.012603095401546471, 0.07414293044064442]",4.7,4.903198474676803,0.4702667545591662,84000218,,6.008026262806058,4.903198474676803
ballistic,miss,False,0.0752542269814073,"[0.06340328259436773, -0.04053668011601243]","[0.08700339810101732, -0.05536600544472979]",2.6,2.7244055210406724,0.44835825775994603,84000219,,-5.990402054099212,2.7244055210406724
ballistic,hit,True,0.061237956349629,"[0.03155698369073112, 0.05248089250595875]","[0.026057873696602438, 0.06643542570605068]",3.3000000000000003,3.5038120031350806,0.5334317515377333,84000220,,6.287405373283061,3.5038120031350806
ballistic,miss,False,0.09323415548697526,"[0.0015996128053865563, 0.09322043224659668]","[0.033488385725571494, 0.09554031502085988]",4.3,4.461867420915572,0.4974373634235335,84000221,,-7.132421952513487,4.461867420915572
ballistic,miss,False,0.0705581791295196,"[0.015055806382534898, -0.06893315121365769]","[0.035912935111272595, -0.08394802493315497]",3.8000000000000003,3.980517787322479,0.4669744620242573,84000222,,-6.128332933035119,3.980517787322479
ballistic,hit,True,0.04708469754690847,"[0.028968921765565148, -0.03711832855644789]","[0.054298368650841894, -0.055086538521511956]",4.1000000000000005,4.322811411916383,0.5280863386887452,84000223,,6.450273670276012,4.322811411916383
ballistic,hit,True,0.06002516462120276,"[0.020430662497246524, 0.056441194332916944]","[0.028110134266561053, 0.04354176919027575]",5.0,5.167456545648665,0.5024574107023758,84000224,,5.897214109395861,5.167456545648665
ballistic,miss,False,0.076177455742704,"[-0.04996791054957961, -0.05749967546639578]","[-0.021456485563307537, -0.047950751025459426]",3.7,3.905602505172544,0.5240654282312229,84000225,,-6.298492251699794,3.905602505172544
ballistic,miss,False,0.08230146992013518,"[0.07215526992001767, 0.03958723245927036]","[0.08595011774128447, 0.02503718139452253]",3.6,3.8167051361649595,0.44413752133641976,84000226,,-6.503202828642584,3.8167051361649595
ballistic,miss,False,0.07180851582019405,"[0.009844508752668887, 0.07113050394674345]","[0.01649201327746143, 0.10892033186322458]",2.0,2.2395283491278364,0.5207975457970851,84000227,,-5.720464602200961,2.2395283491278364
ballistic,miss,False,0.07327371133565663,"[-0.013602688820923121, 0.07200002520653911]","[-0.011662693318693157, 0.0684018861620195]",4.4,4.614323597267552,0.47088732051868126,84000228,,-6.37077793441447,4.614323597267552
ballistic,miss,False,0.0651978589256955,"[0.04272710037030576, 0.04924586990236553]","[0.0672464144414364, 0.10729116766061382]",3.0,3.218411710363358,0.4722732163450696,84000229,,-5.756097232779856,3.218411710363358
ballistic,miss,False,0.08684622277360293,"[-0.019129848298714697, -0.08471313542839995]","[-0.01466438023364916, -0.0689417121151242]",4.0,4.1419189432408565,0.49364047563247937,84000230,,-6.785151813027756,4.1419189432408565
ballistic,hit,True,0.05687848350887132,"[-0.007115435134009251, 0.05643166193833612]","[0.049005732661685286, 0.022016919589715266]",4.2,4.386529185802077,0.5071792495588702,84000231,,6.1842812103505445,4.386529185802077
ballistic,miss,False,0.11248352302171453,"[-0.08709492427760229, -0.07118298333489056]","[-0.0670932293122733, -0.04852598409777195]",4.1000000000000005,4.24933861541747,0.48998137164726663,84000232,,-8.01968472221931,4.24933861541747
ballistic,miss,False,0.06996896730025716,"[-0.00846873972308039, 0.06945456667899653]","[-0.01516176591193348, 0.07914490204862747]",4.9,5.0443185520887,0.44519909865603535,84000233,,-6.38373523906851,5.0443185520887
ballistic,hit,True,0.026453264170596843,"[-0.007842885460228495, 0.025263893859362202]","[0.015529074199077224, 0.07790340937067261]",2.8000000000000003,2.9245476038319236,0.4798268914000223,84000234,,7.13437273721198,2.9245476038319236
ballistic,miss,False,0.08123194962895841,"[0.033104413999030094, 0.07418037081534748]","[0.02278972130681163, 0.06921427349079348]",4.7,4.922229228047997,0.48155645241099887,84000235,,-6.736805832076127,4.922229228047997
ballistic,miss,False,0.07502943480006756,"[-0.013303631582892203, -0.07384056793608959]","[0.008563808862415492, -0.05346699621054071]",4.9,5.019422076798349,0.4801818850815809,84000236,,-6.55740617430002,5.019422076798349
ballistic,miss,False,0.0858341741001598,"[-0.02912983450221801, -0.08074006555192986]","[-0.02991096609763598, -0.08669394560613808]",2.9000000000000004,3.1051205827036963,0.47391430305474513,84000237,,-6.468788270640602,3.1051205827036963
ballistic,miss,False,0.0957514162651067,"[-0.0414065696601042, -0.08633556454762244]","[-0.020935482521086235, -0.10864681763828363]",3.2,3.428933876891139,0.4653738171822749,84000238,,-6.970019814621004,3.428933876891139
ballistic,hit,True,0.0634270689494663,"[-0.06288085342208216, 0.00830610308333396]","[-0.1053864388951907, 0.05213227172407292]",2.1,2.2629450858568005,0.497373589595179,84000239,,6.522812289817668,2.2629450858568005
ballistic,miss,False,0.08636073023648934,"[-0.01710206818725847, -0.08465042817787778]","[-0.015818736192011504, -0.07204526156027453]",4.5,4.717075891893134,0.5002869661183319,84000240,,-6.8902486927762565,4.717075891893134
ballistic,miss,False,0.06635853512639313,"[-0.052796854081182676, -0.04019884803388096]","[-0.1009438815190396, -0.040906447885884906]",2.2,2.4230733177964896,0.4679806898044772,84000241,,-5.592237913401361,2.4230733177964896
ballistic,hit,True,0.055739976954843715,"[-0.0269861254167596, 0.04877185731461772]","[0.032571545476492325, 0.03055065815643324]",4.2,4.385873129523326,0.5426626729420305,84000242,,6.214628395046979,4.385873129523326
ballistic,hit,True,0.055370191752853945,"[-0.011233552274299605, 0.0542186816332562]","[-0.025346453950276362, 0.10013750276216314]",2.1,2.3498927405497576,0.4470440792636939,84000243,,6.749353104201701,2.3498927405497576
ballistic,hit,True,0.03848350210692419,"[0.007015441013709149, -0.037838651162492645]","[0.01085645082513511, -0.11487151102354311]",3.1,3.212066761395851,0.5341616645720757,84000244,,6.874472204872512,3.212066761395851
ballistic,miss,False,0.076355127899552,"[0.07367823242200347, -0.020040549486632857]","[0.053569319879192924, 0.01008801599663462]",5.300000000000001,5.53114974203149,0.4657362935715845,84000245,,-6.704906640605193,5.53114974203149
ballistic,hit,True,0.033169576690433654,"[0.030038990561161147, -0.014066977780924764]","[0.09721434883136075, -0.0012529337214346598]",3.5,3.742627223157734,0.4953153268442541,84000246,,6.864592705840813,3.742627223157734
ballistic,miss,False,0.07134030941212967,"[0.06685381206359947, 0.02489995099560075]","[0.07271211937002298, 0.0025954910556227114]",3.6,3.7512718234468387,0.46060341874423394,84000247,,-6.104601123554651,3.7512718234468387
ballistic,hit,True,0.04027208829781419,"[0.03974358958464115, 0.006502936474743232]","[0.023037483205627443, 0.06818120563985944]",2.9000000000000004,3.086859342737606,0.5197275356133991,84000248,,6.891132285001906,3.086859342737606
ballistic,miss,False,0.08841806053994145,"[0.033944887062663506, -0.08164250162720255]","[0.026709326654182006, -0.11144833388419927]",2.8000000000000003,3.0434068774498155,0.5382285637542479,84000249,,-6.550355841336036,3.0434068774498155
ballistic,hit,True,0.06409495283867685,"[-0.02230344130592292, -0.060089262645712835]","[-0.018268078885411834, -0.10592805022554151]",3.0,3.187008969741484,0.47923252394877003,84000250,,6.2776537326882345,3.187008969741484
ballistic,miss,False,0.09808462466782031,"[0.06827328442309016, -0.070422668440716]","[0.05456066728080538, -0.08358752387916556]",4.0,4.1106048015794885,0.5320296727602656,84000251,,-7.277063573071523,4.1106048015794885
ballistic,miss,False,0.10091368184367822,"[0.10091218708286395, 0.0005492553141993508]","[0.07645467462771496, 0.008680539617390884]",5.6000000000000005,5.841653905034146,0.49662953510397484,84000252,,-7.81031270609399,5.841653905034146
ballistic,hit,True,0.03554982089019903,"[-0.022753193102854632, -0.027314501074510583]","[-0.06784522244917655, -0.04428040048644298]",3.7,3.925159826266506,0.5384296694603237,84000253,,6.775878162053199,3.925159826266506
ballistic,miss,False,0.09158267986643964,"[0.016757954945027062, 0.09003642705915874]","[-0.016891485449282553, 0.08870026377189663]",3.9000000000000004,4.024621064613425,0.5053218048977919,84000254,,-6.960180414560656,4.024621064613425
ballistic,hit,True,0.04409036508212625,"[0.044036696625614706, 0.002174774328235436]","[0.05394402480248347, 0.0360715457141681]",3.0,3.2074449476035993,0.4747253123101289,84000255,,6.789891054893449,3.2074449476035993
ballistic,miss,False,0.08485012772132276,"[-0.08120685418934948, 0.024596564942985802]","[-0.11006082090906648, 0.02099804933065156]",3.0,3.238445607627278,0.48357553082143573,84000256,,-6.454034124100541,3.238445607627278
ballistic,hit,True,0.03644498849504177,"[-0.03587988234730677, -0.006393061015440973]","[-0.06604074060681908, -0.03494938728826409]",3.8000000000000003,4.01770902274414,0.4408885557727389,84000257,,6.735624334579,4.01770902274414
ballistic,hit,True,0.054379163608108884,"[-0.04532093806895196, 0.030051722201359682]","[-0.003289159438012196, 0.07872512733807771]",2.5,2.6963186455999724,0.5034771758043901,84000258,,6.675096228469237,2.6963186455999724
ballistic,miss,False,0.06880699548191367,"[0.06549158997390529, 0.021101049024585372]","[0.06617964390409918, 0.06540881556960554]",2.7,2.9290662524813817,0.47515263984257744,84000259,,-5.795568669171146,2.9290662524813817
ballistic,hit,True,0.04751602892080865,"[-0.04302340235982845, -0.020168288320713587]","[-0.0185236228076643, -0.04260386789366948]",3.9000000000000004,4.12975826576407,0.46296279126253137,84000260,,6.490615856946006,4.12975826576407
ballistic,miss,False,0.07507547929895529,"[0.017299061282250033, -0.07305525354634547]","[0.015940111581503214, -0.04851314811019315]",4.6000000000000005,4.8363928962632805,0.48099215810821944,84000261,,-6.484042033601861,4.8363928962632805
ballistic,miss,False,0.10024407300902101,"[0.08228248873020451, -0.057257892222834235]","[0.06685462498270463, -0.03521498092093079]",5.4,5.5636306166645335,0.4554503106527658,84000262,,-7.72843175702673,5.5636306166645335
ballistic,hit,True,0.06237098713870134,"[-0.060077157341314066, 0.016759331801806464]","[-0.04379963375899519, 0.02498524662015418]",4.4,4.520834292618886,0.49736083365043915,84000263,,5.97925679605774,4.520834292618886
ballistic,hit,True,0.059773888591540994,"[0.01483937386007829, 0.05790259701252423]","[0.0700847422489841, 0.06368292947097023]",3.8000000000000003,3.9137718514177484,0.5392756276638891,84000264,,6.204338992342259,3.9137718514177484
ballistic,hit,True,0.052909922912253424,"[0.027459729604243366, 0.04522635506695671]","[0.04223201785594019, 0.07023527377495553]",3.2,3.404071700942548,0.4870058532301652,84000265,,6.537405930750153,3.404071700942548
ballistic,hit,True,0.055865608528157557,"[0.0418571765924453, 0.03699922950454779]","[0.03382897812207057, 0.06082431529390861]",3.9000000000000004,4.115768953008696,0.45449090114317886,84000266,,6.286309771308556,4.115768953008696
ballistic,miss,False,0.08492240129596665,"[0.029071589316674813, -0.0797913337178656]","[0.027954745502350282, -0.08554114035957221]",3.8000000000000003,4.017583576330838,0.4970897907251149,84000267,,-6.656938282100166,4.017583576330838
ballistic,miss,False,0.0976336895207206,"[0.006577546699194262, -0.0974118740649639]","[-0.006835939790034287, -0.0873464203307793]",3.3000000000000003,3.5353535546978723,0.46428239321075176,84000268,,-7.081174515841058,3.5353535546978723
ballistic,miss,False,0.11206104631771803,"[0.11132142891128895, 0.012853698571640225]","[0.1049534175710395, 0.016966807289325557]",4.6000000000000005,4.7565253810187675,0.4785553020927935,84000269,,-8.122231503389763,4.7565253810187675
ballistic,miss,False,0.11754328945938693,"[-0.04216832502248302, -0.10971899225627008]","[-0.009356794307677996, -0.10638284356191552]",4.3,4.471585982162561,0.5430427964174317,84000270,,-8.345159738919104,4.471585982162561
ballistic,hit,True,0.05390443004206699,"[-0.053624169770180766, 0.005489626090994328]","[-0.08532884686319929, 0.022973914739339386]",3.5,3.66179179543566,0.492972162066857,84000271,,6.437263295110036,3.66179179543566
ballistic,miss,False,0.07127235623626066,"[0.03101526737657572, -0.06417010170654214]","[0.030782016756236034, -0.12095412071468004]",2.1,2.2724724544122936,0.5273715132163184,84000272,,-5.7273073996375015,2.2724724544122936
ballistic,hit,True,0.04450219464624072,"[-0.016321875926121304, -0.041400986637810916]","[0.005431526360934719, -0.08607549388764865]",3.4000000000000004,3.6050975519350583,0.5166109334120595,84000273,,6.681255543590083,3.6050975519350583
ballistic,hit,True,0.01931649998202478,"[0.019055606421068266, 0.0031640220417855913]","[0.08454673025380197, 0.012182626497697108]",2.6,2.723574114027778,0.5022835526034536,84000274,,7.261685876554896,2.723574114027778
ballistic,miss,False,0.08994693480521226,"[0.08195426332431771, 0.03706682888812448]","[0.06868587049962027, 0.04516733365147698]",3.9000000000000004,4.0862189122815185,0.4865876045521389,84000275,,-6.8898996641072445,4.0862189122815185
ballistic,miss,False,0.07462199229607931,"[-0.07420939004697115, 0.007836336075783053]","[-0.07133914448899799, 0.045955722714783216]",4.2,4.388340503784963,0.5398983855625302,84000276,,-6.36797437496713,4.388340503784963
ballistic,hit,True,0.0632871806303503,"[-0.016946499966860415, 0.06097608851846588]","[-0.021743623482114588, 0.04521989314768522]",5.6000000000000005,5.739258850838918,0.505842747898359,84000277,,5.652007755706844,5.739258850838918
ballistic,miss,False,0.09340532069403294,"[-0.027766689289867627, -0.08918276122567123]","[-0.011958382670826176, -0.06921083987618923]",4.1000000000000005,4.289086653466575,0.4442931881047401,84000278,,-7.089983179634352,4.289086653466575
ballistic,hit,True,0.03760591074778384,"[-0.011675065449316055, 0.035747690413850106]","[-0.0439865292880756, 0.052800362569729406]",4.0,4.127475291189763,0.5371782800833125,84000279,,6.665277035936027,4.127475291189763
ballistic,miss,False,0.07927434360413943,"[-0.0656734732609671, -0.04440063584801687]","[-0.03464253741299521, -0.04270255430819064]",5.7,5.876770694932573,0.5206412307414643,84000280,,-6.912437054169741,5.876770694932573
ballistic,miss,False,0.1152345021442823,"[0.00650343892772353, 0.11505083992111476]","[0.015322513710411038, 0.13328720281168593]",3.4000000000000004,3.53903382978683,0.5426849459632699,84000281,,-7.992956327678249,3.53903382978683
ballistic,hit,True,0.048534293979091786,"[0.04674505722028066, -0.01305669627132347]","[0.10316319099530685, 0.04205583485695749]",3.1,3.2654045849684876,0.48128899349454374,84000282,,6.667466818449963,3.2654045849684876
ballistic,hit,True,0.0444037590046412,"[-0.019156396142177234, 0.04005903519290288]","[-0.0700849254184212, 0.10075338160811259]",2.5,2.7225186293918457,0.4958597258088119,84000283,,6.908326907989999,2.7225186293918457
ballistic,miss,False,0.08496165608929478,"[0.015218661225202823, -0.08358753110331772]","[0.01056450340825732, -0.10486515852433659]",3.6,3.817776366124932,0.44668624472368473,84000284,,-6.608516687677065,3.817776366124932
ballistic,miss,False,0.08933617116340677,"[-0.08388132772366734, -0.030738808328434404]","[-0.06070978223017802, -0.006401045111550714]",5.1000000000000005,5.26639375603571,0.5177455630181195,84000285,,-7.163982598375742,5.26639375603571
ballistic,miss,False,0.07601871058435715,"[0.046337987578199735, 0.060263050587493996]","[0.023348555938749183, 0.06388148076708684]",5.1000000000000005,5.270084761382101,0.4600838352010713,84000286,,-6.64277381275935,5.270084761382101
ballistic,miss,False,0.06554052677303404,"[-0.052737588323048104, -0.038914103196084224]","[-0.06114585450723682, -0.027230486168053777]",4.6000000000000005,4.7433765313197265,0.46441073972323793,84000287,,-6.166700745487997,4.7433765313197265
ballistic,miss,False,0.071701683179682,"[-0.07168895370268155, 0.00135103212925234]","[-0.05841442062094457, 0.055811565509137274]",3.7,3.912215943143304,0.5339359185802304,84000288,,-6.141835827408165,3.912215943143304
ballistic,miss,False,0.07426096883730211,"[-0.01973442762151148, 0.07159080848199774]","[-0.04162582712981229, 0.07443964900413262]",4.4,4.554710909166856,0.5153197695236492,84000289,,-6.405252424296984,4.554710909166856
ballistic,miss,False,0.06677670962023896,"[-0.04359112873533119, -0.050585990583218776]","[-0.05625618741462052, -0.04204871515143421]",4.800000000000001,4.942034812934002,0.44545063802935303,84000290,,-6.255415135551647,4.942034812934002
ballistic,hit,True,0.06286242075246608,"[-0.061478167493746044, 0.013119407931419219]","[-0.04678741053277244, -0.01822571835433398]",3.8000000000000003,4.01994417710287,0.4932776727235585,84000291,,6.114690191039035,4.01994417710287
ballistic,miss,False,0.10126111974068301,"[0.04964424633792033, -0.08825680243854764]","[0.02971905131880922, -0.11504584292379434]",2.1,2.3058369615856913,0.517964487466249,84000292,,-6.951938312695134,2.3058369615856913
ballistic,miss,False,0.08749265530752595,"[0.08210851207358377, 0.030218487351680874]","[0.07015100050202694, -0.004076092101988777]",4.9,5.077226756805718,0.48469831606278124,84000293,,-7.036825972251254,5.077226756805718
ballistic,hit,True,0.05838028639782686,"[-0.053557142326077625, 0.023235540573796693]","[-0.04083322023335857, 0.005786499687332958]",3.5,3.723457465815864,0.4897410761136039,84000294,,6.318311753871647,3.723457465815864
ballistic,hit,True,0.05315070766858842,"[0.05130798543738321, -0.013874017299578954]","[0.09351058302478331, 0.036821535476173596]",3.0,3.1927728136249853,0.4889233268152632,84000295,,6.581361485048108,3.1927728136249853
ballistic,miss,False,0.08896775895575734,"[0.07811074507433284, 0.04259076939364126]","[0.05327490826703733, 0.05362811441362371]",3.2,3.403692436119893,0.5039045634975888,84000296,,-6.6734348245230155,3.403692436119893
ballistic,miss,False,0.06572016377702519,"[0.04758874721700122, -0.045326052830523114]","[0.0472906886087449, -0.07985556618354485]",3.4000000000000004,3.548086704241637,0.47121689689457286,84000297,,-5.8722816394979915,3.548086704241637
ballistic,miss,False,0.09667678244428556,"[0.08555140966124215, 0.04502617648384151]","[0.0957012087004619, 0.10297476341553898]",3.0,3.161769542348173,0.5122922719405972,84000298,,-6.962165742906443,3.161769542348173
ballistic,miss,False,0.0805726045073687,"[0.033513595674781696, -0.07327198306343362]","[0.009476673229604396, -0.07401252091175485]",3.8000000000000003,4.029995905386406,0.44829019317337143,84000299,,-6.486554934225054,4.029995905386406
q_learning,miss,False,0.07647611132890644,"[0.07495739431810054, 0.015165244509472327]","[0.0608415056859246, 0.022526817710994684]",5.5,5.636116214992856,0.4577009825407527,84000000,,-6.759282983193204,5.636116214992856
q_learning,hit,True,0.03035924907080569,"[0.02659347155168476, -0.014644837826788978]","[0.04891906069385464, -0.03102979277050609]",3.5,3.615372306959242,0.5063856562240971,84000001,,6.90684993984776,3.615372306959242
q_learning,miss,False,0.06653975320628314,"[0.03485563013758712, -0.05668001238941992]","[0.0012409949090346623, -0.04599719401151218]",5.1000000000000005,5.2764646476026895,0.4850938233654199,84000002,,-6.322938167278832,5.2764646476026895
q_learning,miss,False,0.09051223451073262,"[0.04722662382739634, 0.0772147045451283]","[0.0835953557810609, 0.049730347982451295]",3.3000000000000003,3.4913133329633834,0.4968550116757089,84000003,,-6.764044874822688,3.4913133329633834
q_learning,miss,False,0.08543144162519287,"[0.04452199164616448, 0.0729131228107643]","[0.0328509340274689, 0.05688410656064542]",5.4,5.617438581747656,0.45608901182931666,84000004,,-7.077463010215084,5.617438581747656
q_learning,hit,True,0.023981869718611316,"[0.011308001315366495, -0.021148503054639965]","[0.014509549259364998, -0.009222470495324394]",6.7,6.850934331753529,0.49769931852460497,84000005,,6.1888745384140975,6.850934331753529
q_learning,miss,False,0.07942650943623122,"[-0.040211295579652445, 0.06849541670089723]","[-0.04063603914586808, 0.052361741439740685]",5.0,5.216496126715694,0.4538571055062124,84000006,,-6.743152757686088,5.216496126715694
q_learning,miss,False,0.07084771350588816,"[-0.06518563143497484, -0.027753053227276215]","[-0.055011101857581665, -0.003209594867943134]",5.2,5.410698502665873,0.5180783135438549,84000007,,-6.488023315742581,5.410698502665873
q_learning,hit,True,0.011212116367532488,"[0.010813661955371881, -0.0029624767600831443]","[0.05843278842973694, -0.024292674509715634]",3.5,3.6600267175398775,0.5289524301542182,84000008,,7.095245786168263,3.6600267175398775
q_learning,timeout,False,,,,,,,84000009,,-10.999999999999993,12.0
q_learning,hit,True,0.057727100254478816,"[0.052247910035468664, -0.024547382767134696]","[0.04435724412501771, -0.06632743376872074]",3.1,3.23699755931532,0.49507077581009007,84000010,,6.436261987268486,3.23699755931532
q_learning,hit,True,0.02929245684240717,"[-0.017733541545345594, -0.023314577674146027]","[-0.010539995933381119, -0.05465148785403657]",4.7,4.818206224719662,0.45876422511175596,84000011,,6.6219117093812345,4.818206224719662
q_learning,miss,False,0.07107539203474124,"[-0.025379453506949243, 0.06638971827460002]","[0.004138462751768449, 0.05002830464615096]",5.800000000000001,6.029316338986688,0.4852955198944593,84000012,,-6.645671326128321,6.029316338986688
q_learning,hit,True,0.020194279412915333,"[0.01987765346286878, 0.003561995763191869]","[0.06912362865792741, -0.009310085161284953]",2.9000000000000004,3.0463359819698375,0.5251670912259332,84000013,,7.1784771784599055,3.0463359819698375
q_learning,miss,False,0.07114707942877617,"[0.04953816630791071, 0.05106737696508766]","[0.07222689936271841, 0.0046285992436393315]",2.9000000000000004,3.1285628951326627,0.503706599125373,84000014,,-5.923084476034222,3.1285628951326627
q_learning,miss,False,0.08098184967238346,"[-0.06324012585103385, -0.0505840534032803]","[-0.10088697235444528, -0.10543846989706578]",2.2,2.4022844757876953,0.5044787359576134,84000015,,-6.102203544700713,2.4022844757876953
q_learning,hit,True,0.05609680102505997,"[-0.03521554069348545, -0.043665968200769796]","[-0.007840701742422601, -0.03926826291019434]",5.5,5.735022308023903,0.4822413673184232,84000016,,5.880183175089901,5.735022308023903
q_learning,hit,True,0.0529031424043121,"[-0.052395689377406296, -0.007309870786633503]","[-0.05673223298404109, 0.007078889498828541]",4.6000000000000005,4.818535908276226,0.5187453673871734,84000017,,6.187575745266054,4.818535908276226
q_learning,hit,True,0.053521907783272774,"[-0.04609326307105613, 0.027203046010025572]","[-0.05987307513952696, 0.01714081222919564]",4.6000000000000005,4.823710029249453,0.4460432084371241,84000018,,6.171989440766591,4.823710029249453
q_learning,miss,False,0.07746899243140683,"[-0.044007233777217825, -0.06375584807384077]","[-0.04023235930375946, -0.09947713787174785]",3.7,3.9490307091333294,0.4770536342997455,84000019,,-6.3454603049319225,3.9490307091333294
q_learning,miss,False,0.06906386567108762,"[0.056576996697620716, 0.039608849845854506]","[0.059069012403725876, 0.02417128172584538]",5.300000000000001,5.4911506614953955,0.536512807848933,84000020,,-6.453950897380836,5.4911506614953955
q_learning,hit,True,0.05249319346659363,"[0.05183170871448295, -0.008307185567821417]","[0.09557913637179002, 0.00565103916228655]",2.6,2.720748042287676,0.487717213472406,84000021,,6.697802281580774,2.720748042287676
q_learning,hit,True,0.01748759592188266,"[0.0028411847407837226, 0.017255250806516395]","[0.032336888692988716, 0.02654610708065947]",4.6000000000000005,4.769237322142605,0.5293866626314709,84000022,,6.77761751215928,4.769237322142605
q_learning,timeout,False,,,,,,,84000023,,-10.999999999999993,12.0
q_learning,miss,False,0.09039339612111964,"[-0.014371930147703132, 0.08924356383593827]","[0.004635658501461665, 0.08263945598663518]",3.1,3.3031444128070917,0.531461772769295,84000024,,-6.708956464451989,3.3031444128070917
q_learning,miss,False,0.07467599850446345,"[0.057382187068304336, -0.04778900877708967]","[0.04902543712308566, -0.04072520218455853]",4.4,4.528062499186319,0.5095119656044296,84000025,,-6.419882781689616,4.528062499186319
q_learning,hit,True,0.048465133450663854,"[0.048070691307288416, 0.006170720997585491]","[0.10349639085485962, -0.013660781882262593]",3.3000000000000003,3.416856953010565,0.5348454014510529,84000026,,6.619054636593927,3.416856953010565
q_learning,hit,True,0.03043649894304458,"[0.030402343412372648, 0.0014415210529559186]","[0.04357351257874019, -0.03982717772522809]",2.7,2.9295155767637096,0.48773426303513684,84000027,,7.105738350790544,2.9295155767637096
q_learning,hit,True,0.029108477895872478,"[0.015811416346271243, 0.024439774928165015]","[0.06235283322560185, 0.053973037601188795]",3.0,3.120357958690647,0.4517311791148684,84000028,,7.049454796351599,3.120357958690647
q_learning,miss,False,0.08010144214463334,"[0.03445119179155043, 0.07231428916743807]","[0.02532362145486408, 0.046469666280176146]",7.1000000000000005,7.309894924733724,0.4821922528362839,84000029,,-7.293636931041427,7.309894924733724
q_learning,hit,True,0.0440605675874869,"[-0.011168093032617996, 0.042621676575966494]","[-0.00686709429221731, 0.07738807158987807]",3.5,3.620258927011551,0.5393327497692983,84000030,,6.6655127535783425,3.620258927011551
q_learning,hit,True,0.06152279485780766,"[0.04909778072965157, 0.03707374022861652]","[0.06997258404761683, 0.0005766724376746069]",4.2,4.320742892767131,0.4648330992564002,84000031,,6.054129162812808,4.320742892767131
q_learning,miss,False,0.12022132500646646,"[-0.1123139325084334, -0.042880619757665626]","[-0.09640220308093154, -0.010564925327534244]",4.3,4.467153620848774,0.5435389483225251,84000032,,-8.495867925753949,4.467153620848774
q_learning,hit,True,0.015506850506458945,"[0.00225151365045248, -0.015342525832192436]","[0.02516444029567272, -0.05950642992964923]",4.2,4.387660870244496,0.47385625728539504,84000033,,6.893085819495937,4.387660870244496
q_learning,miss,False,0.0791289220187878,"[-0.07055569862222957, -0.03582289340330441]","[-0.07789729434407969, -0.017979850839501817]",2.7,2.834508692063912,0.5172933738390908,84000034,,-6.156984923042698,2.834508692063912
q_learning,hit,True,0.05980304465786794,"[-0.05709963808293436, -0.017777386791901075]","[-0.04361008103513833, -0.021855854135747612]",4.2,4.313753221630849,0.5431452737899913,84000035,,6.103513810567822,4.313753221630849
q_learning,hit,True,0.03967932879434387,"[-0.026467578136044875, 0.0295620777548197]","[-0.02917068332785698, 0.004396442474981417]",4.9,5.065038768421587,0.47727433055665947,84000036,,6.402349317498309,5.065038768421587
q_learning,miss,False,0.06664956315535,"[-0.04882341767249815, -0.04537001383706847]","[-0.09743778638350498, -0.027060933153573233]",2.0,2.1895509290757156,0.4805303317031492,84000037,,-5.551399826934672,2.1895509290757156
q_learning,miss,False,0.08699234674925452,"[-0.051291119415249, 0.07026300208554428]","[-0.022588168631508698, 0.05981962668780502]",5.6000000000000005,5.748555488128761,0.524503552826182,84000038,,-7.1911641166727875,5.748555488128761
q_learning,hit,True,0.06114376948520572,"[-0.021434833699022854, -0.05726350016507207]","[-0.05649525509202516, -0.0621598940164431]",4.5,4.656521426327702,0.5088374970156865,84000039,,5.990133598376337,4.656521426327702
q_learning,hit,True,0.045103724087329766,"[-0.023219495078836416, -0.03866782868005214]","[1.3658059211218987e-05, -0.0760939669882415]",3.0,3.183718798518005,0.5214509160980666,84000040,,6.768498005551249,3.183718798518005
q_learning,miss,False,0.09909489392852562,"[-0.01585538188291688, -0.097818223598942]","[-0.015336176887573508, -0.08703092259884816]",4.0,4.172717098516463,0.46166379844271593,84000041,,-7.324212545019112,4.172717098516463
q_learning,hit,True,0.0073152056198105215,"[0.0073148717407922476, 6.989045618983891e-05]","[-0.016801020382879242, -0.008317013531023085]",5.0,5.245478229387,0.5036848004561436,84000042,,6.737334382660331,5.245478229387
q_learning,miss,False,0.06630397050450926,"[0.039468208917833536, 0.05327735907006914]","[0.08266100187636995, 0.012192711427222894]",3.2,3.3744032636406325,0.5148266655262759,84000043,,-5.840524616488246,3.3744032636406325
q_learning,hit,True,0.05223549900623079,"[0.0004767152772967437, -0.05223332364472253]","[0.011123894254226857, -0.03584022687449887]",5.9,6.07245489507958,0.5287903970584906,84000044,,5.879189974809483,6.07245489507958
q_learning,hit,True,0.026311149959728237,"[0.018592046308678237, -0.018617530079451224]","[-0.006333110259478511, -0.046262522334835014]",3.3000000000000003,3.5421179235820612,0.47651913589347983,84000045,,7.011147547407501,3.5421179235820612
q_learning,hit,True,0.05947877207247499,"[-0.05401113013660774, -0.0249102819858759]","[-0.03931487908528508, -0.07624198975422485]",3.8000000000000003,3.955383114308169,0.5191655744309955,84000046,,6.212668798284159,3.955383114308169
q_learning,hit,True,0.028248329681152973,"[-0.01325356791747899, -0.02494616337699807]","[-0.07202046907772545, -0.038062675244617844]",2.5,2.696289525255973,0.5088641370498569,84000047,,7.186131803603525,2.696289525255973
q_learning,hit,True,0.061436738659731496,"[0.050917673178722034, -0.03437824043212505]","[0.011966532966639465, -0.0736056621368215]",4.0,4.110940037111582,0.520290781239935,84000048,,6.106633643279492,4.110940037111582
q_learning,miss,False,0.09594838697034767,"[0.036007642935494896, -0.08893560936116358]","[0.06767879226458158, -0.0752383283786587]",2.7,2.8433071771964205,0.44866271201846886,84000049,,-6.853956914132919,2.8433071771964205
q_learning,miss,False,0.08167521230160711,"[-0.04900194705342263, -0.06534255496601092]","[-0.09140392997830925, -0.053966610004545654]",3.4000000000000004,3.583064127686292,0.5047755499968837,84000050,,-6.428897113494106,3.583064127686292
q_learning,hit,True,0.051771539231864644,"[0.03955753520388791, 0.03339900721622828]","[0.07124600280912396, 0.03782882016403338]",3.2,3.3525837120037743,0.49087859992178007,84000051,,6.56561129599136,3.3525837120037743
q_learning,hit,True,0.04239512699105973,"[-0.01604900599265871, 0.03923998215131712]","[-0.012173663110114225, 0.09080138008815779]",2.3000000000000003,2.515578814198192,0.5422908576082491,84000052,,6.9995924751270815,2.515578814198192
q_learning,miss,False,0.10605242231804313,"[0.07229992074625215, -0.07758761331301686]","[0.08010802583564076, -0.08588338040385099]",3.7,3.935826531424607,0.5178757965335641,84000053,,-7.58703935610049,3.935826531424607
q_learning,hit,True,0.0581992374314903,"[0.05524894070655398, -0.018294966204141085]","[0.10305344083790977, -0.031958326213829116]",3.6,3.710174607272783,0.5094486332305964,84000054,,6.298307399382963,3.710174607272783
q_learning,hit,True,0.05638121983072413,"[0.048628028251140445, 0.02853343333717005]","[0.05088971943226177, 8.474204263135554e-07]",5.0,5.202155878437202,0.4930447983295291,84000055,,5.997611372875635,5.202155878437202
q_learning,miss,False,0.0756288987428953,"[0.05612917579686092, 0.05068772977189049]","[0.049021067048343726, 0.03355485961530361]",5.4,5.571812383705945,0.4641102289761526,84000056,,-6.703782325458723,5.571812383705945
q_learning,hit,True,0.04016660742233379,"[0.03997205438937261, -0.0039485718573830965]","[0.1029070719281016, 0.023502906903695133]",3.4000000000000004,3.551372814795446,0.5179820336947165,84000057,,6.768140508444998,3.551372814795446
q_learning,hit,True,0.03867764749524982,"[-0.01753657419279038, -0.034473598323174266]","[0.0266710742151912, -0.028761137672843516]",5.1000000000000005,5.330618933075966,0.49822368958618735,84000058,,6.370926528812591,5.330618933075966
q_learning,miss,False,0.07482562240898216,"[-0.06101431624951868, -0.04331428149577565]","[-0.04042396641645528, -0.044738403483508216]",4.3,4.450549826393939,0.4682543118662448,84000059,,-6.400177223406289,4.450549826393939
q_learning,miss,False,0.0848676340673018,"[0.050342147655424954, 0.06832410615310555]","[0.02317171328220642, 0.05598392188152403]",5.1000000000000005,5.329955193808372,0.5043322769970915,84000060,,-6.979737351995608,5.329955193808372
q_learning,miss,False,0.08717999798792272,"[0.0314556513029991, 0.08130740464606125]","[0.0017679137476585005, 0.08736917828656966]",2.7,2.9351092783963746,0.4808108582806277,84000061,,-6.4738998932956715,2.9351092783963746
q_learning,miss,False,0.12191518895910836,"[0.11064428174239044, 0.05119722860317365]","[0.1260831309066151, 0.03987627347096055]",4.1000000000000005,4.30677127865838,0.5022668886545476,84000062,,-8.542943976079313,4.30677127865838
q_learning,hit,True,0.058824364532321385,"[0.058282311999172914, -0.007967306361782205]","[0.09818859047847711, 0.014059290245293416]",2.6,2.7258594183231524,0.530058207677176,84000063,,6.530992695235164,2.7258594183231524
q_learning,hit,True,0.05927831376930547,"[0.05675312693687863, 0.017117273913178223]","[0.051845320264085074, 0.03983939980378257]",4.9,5.025713100738937,0.5158393363869159,84000064,,5.943303317554502,5.025713100738937
q_learning,hit,True,0.038424812037080196,"[0.03709964087206041, 0.010004140505265177]","[0.07347276130633185, 0.013275596802905026]",2.8000000000000003,3.022297966358896,0.4656683806942873,84000065,,6.950540549092321,3.022297966358896
q_learning,miss,False,0.08473725726401002,"[-0.05542458404792816, -0.06409772423215325]","[-0.04367115950970574, -0.05926931650275018]",5.1000000000000005,5.236419761873092,0.4974775366917172,84000066,,-6.974503613876217,5.236419761873092
q_learning,hit,True,0.040825487274025185,"[-0.029313110359670574, 0.028415875355219417]","[-0.037980546663867104, 0.037949760639268165]",4.5,4.623905734044701,0.50177542432176,84000067,,6.480509961855245,4.623905734044701
q_learning,miss,False,0.0955477733595334,"[-0.02981459206113478, 0.09077701853549103]","[-0.048890302422824564, 0.10938671177142709]",2.3000000000000003,2.4249119265539463,0.45188334280119397,84000068,,-6.73579928851237,2.4249119265539463
q_learning,miss,False,0.06904363611993845,"[0.0607295842064333, 0.03284724175294172]","[0.048769921054981825, 0.008629843201123187]",4.800000000000001,5.018519488588891,0.4601128636618433,84000069,,-6.328289630452655,5.018519488588891
q_learning,miss,False,0.0824946857836711,"[-0.039349793858674445, -0.07250494400953947]","[-0.03776437370699544, -0.0670827085867727]",3.3000000000000003,3.4668161472957464,0.5353856103009573,84000070,,-6.435739214803935,3.4668161472957464
q_learning,hit,True,0.03796674445457347,"[-0.02301644741670139, -0.030194649075508485]","[-0.02433657522587407, -0.0043707154624841125]",5.7,5.913185143849191,0.4674898894944159,84000071,,6.233822796573046,5.913185143849191
q_learning,hit,True,0.06214244178148944,"[0.06139566729445421, -0.009604952266122409]","[0.0510761300475575, 0.020648368909438934]",4.800000000000001,4.967393549638871,0.5314803161306804,84000072,,5.885992172647148,4.967393549638871
q_learning,hit,True,0.05417864997721802,"[0.05415341859132447, 0.0016532901217570228]","[0.09486147578165224, 0.029450210807487914]",4.1000000000000005,4.3392196738153785,0.50671638740995,84000073,,6.280248257194342,4.3392196738153785
q_learning,miss,False,0.09938242878717843,"[0.08212439256967766, -0.05596830618037378]","[0.09164730478270675, -0.05572895700372653]",3.2,3.435382568030615,0.503230395660508,84000074,,-7.1377200358907915,3.435382568030615
q_learning,miss,False,0.07338748636426898,"[0.004688972490187848, 0.07323753608534374]","[-0.040507735636287734, 0.058097724539604614]",2.7,2.8220293623880885,0.46860174440509167,84000075,,-5.949727373932726,2.8220293623880885
q_learning,miss,False,0.06582771044074497,"[0.02293821828381866, -0.06170190923978327]","[0.023645780416239562, -0.03376118263645663]",6.300000000000001,6.435209834110114,0.5409203697874877,84000076,,-6.600630168490073,6.435209834110114
q_learning,miss,False,0.08804532480792557,"[0.049341719636943115, 0.0729203258618776]","[0.003604844562121845, 0.04337841284532909]",5.4,5.631116194412048,0.5145420782596118,84000077,,-7.184787981191269,5.631116194412048
q_learning,miss,False,0.08696556650446235,"[0.08695218422935243, -0.0015255868335888123]","[0.06739955761091827, -0.0009988695502816886]",5.2,5.340775149494282,0.5428620151477014,84000078,,-7.090061481051375,5.340775149494282
q_learning,hit,True,0.0581196404790533,"[0.026912725496596443, 0.05151308392786495]","[0.012131861732945046, 0.06834923487761092]",4.5,4.6458175265943655,0.5343564440710856,84000079,,6.075498790671146,4.6458175265943655
q_learning,hit,True,0.049690654838642725,"[-0.04439107718368594, 0.022329206093481366]","[-0.06083560505812863, 0.01700773769919471]",4.6000000000000005,4.7589953149278985,0.4655848996377897,84000080,,6.265583153066716,4.7589953149278985
q_learning,miss,False,0.07170925775603153,"[-0.060261151526868464, -0.03886915569673164]","[-0.053983931752246375, -0.024705520743658373]",5.7,5.8128211063521515,0.49929029654432927,84000081,,-6.642092934419162,5.8128211063521515
q_learning,miss,False,0.07203182787324594,"[0.047990449570799384, 0.053716859334416535]","[0.08389658308335522, 0.059650378845790115]",2.7,2.884159239685559,0.5275799286650374,84000082,,-5.903067272606139,2.884159239685559
q_learning,hit,True,0.0565553585711772,"[0.04416355551475438, 0.03532830235674557]","[0.06096420715032373, 0.017554393452416734]",4.4,4.5393635788570865,0.44312789969029176,84000083,,6.142956548375285,4.5393635788570865
q_learning,hit,True,0.06206729969847648,"[0.05398703490686157, 0.030622699976093036]","[0.05037181930192507, -0.010895701253248992]",3.5,3.7256335199687394,0.4962729905066808,84000084,,6.213201256364378,3.7256335199687394
q_learning,hit,True,0.06475730280183119,"[-0.048016723666546926, -0.0434500001668415]","[-0.02700779812906419, -0.07450401011045074]",3.2,3.425108292952934,0.49011735223018627,84000085,,6.207453664812294,3.425108292952934
q_learning,hit,True,0.016082497987343774,"[-0.008970023994750914, -0.013348610828341254]","[-0.014969177906390407, -0.07729231229049936]",3.6,3.7930331806115554,0.5379973054178324,84000086,,7.038781836328304,3.7930331806115554
q_learning,hit,True,0.016204602091677327,"[0.0051426341648814905, -0.015366926914506585]","[0.03146492574493458, 0.0344823937947592]",4.0,4.173526961973064,0.5385325781789183,84000087,,6.937848726875835,4.173526961973064
q_learning,miss,False,0.0696099705412663,"[0.01662564233515868, -0.06759538457394366]","[0.046371138797249474, -0.061061421743984004]",3.3000000000000003,3.546701410218968,0.46448341541506843,84000088,,-5.971875265977743,3.546701410218968
q_learning,miss,False,0.08723305462562013,"[-0.08027682549743645, 0.03413556953341432]","[-0.049854473795682724, 0.08871093346595596]",2.6,2.810401404545871,0.5319639575111772,84000089,,-6.4510901347494505,2.810401404545871
q_learning,hit,True,0.0484677806222129,"[-0.02472138364848464, -0.041689074695265095]","[-0.013570868897830102, -0.06442268579493632]",5.1000000000000005,5.229327250908678,0.501187413057754,84000090,,6.168993903327111,5.229327250908678
q_learning,hit,True,0.05329526596070656,"[0.03590263796122754, 0.03938763716253452]","[0.03906930030711343, 0.08820723354293813]",3.5,3.6615509724504687,0.5151426062847666,84000091,,6.452719438148533,3.6615509724504687
q_learning,hit,True,0.014439467157151439,"[-0.0007040324570387092, 0.014422293509767824]","[0.004711166945057119, 0.030179181356600363]",4.3,4.529289260758701,0.5099583209570653,84000092,,6.875651310820721,4.529289260758701
q_learning,miss,False,0.09269635979020965,"[-0.030801987055800825, 0.0874291296523663]","[-0.023879091247595866, 0.06963071892300551]",4.7,4.8838691350434145,0.49370668738886514,84000093,,-7.208755057599052,4.8838691350434145
q_learning,hit,True,0.04559284561519777,"[-0.023124336728660058, 0.039293417033274186]","[-0.00989723300243918, 0.0928209619644054]",3.4000000000000004,3.5250414528662066,0.5426397213470572,84000094,,6.6579982079784,3.5250414528662066
q_learning,miss,False,0.0902249489040168,"[0.0011575964370934555, 0.09021752255089513]","[0.01879314263172148, 0.08510343427780445]",3.2,3.33191185074494,0.5243677450043484,84000095,,-6.726755362066852,3.33191185074494
q_learning,hit,True,0.05604398657908422,"[-0.021871639333661264, -0.05159999829975592]","[-0.017908630938345604, -0.048461030859368426]",4.7,4.929151446337179,0.44597757839899227,84000096,,6.081584986585427,4.929151446337179
q_learning,miss,False,0.08029820727155815,"[-0.05778454450149116, -0.05575615219669755]","[-0.04234698234179733, -0.025558000574419537]",7.0,7.201994503381305,0.5389603840052686,84000097,,-7.276107003793161,7.201994503381305
q_learning,miss,False,0.08750226156134516,"[0.08712578318799113, 0.008108247790319685]","[0.07007164650800679, 0.01504097548668733]",4.2,4.415355615538639,0.4669276188035481,84000098,,-6.86222385286392,4.415355615538639
q_learning,miss,False,0.07182027912400887,"[-0.07095916920385424, -0.01108822796254335]","[-0.04301074080651472, -0.034624192595229024]",3.9000000000000004,4.149552583442418,0.5031961560273986,84000099,,-6.195864495491254,4.149552583442418
q_learning,hit,True,0.0061184026710116,"[-0.004546966647537301, -0.004093891248045711]","[-0.021231267676288176, -0.026460716123150152]",4.5,4.673094600022615,0.5121068848113164,84000100,,6.866139680178783,4.673094600022615
q_learning,miss,False,0.08670493256189489,"[0.0863223437878147, -0.00813623337552888]","[0.08922320179376894, 0.009426700607760517]",4.3,4.4101239265804475,0.5347492879019641,84000101,,-6.854348007233784,4.4101239265804475
q_learning,hit,True,0.015537939255446174,"[0.010479873423151223, -0.011471696009773963]","[0.009661083342790242, -0.049966451798439865]",4.2,4.353608132078937,0.441775562922393,84000102,,6.8928573831228555,4.353608132078937
q_learning,miss,False,0.09090037209432585,"[-0.09086996077844949, 0.002351143341003767]","[-0.08311280572398648, -0.0013778886347565328]",5.1000000000000005,5.339364218526387,0.5029219711829012,84000103,,-7.230710685653702,5.339364218526387
q_learning,timeout,False,,,,,,,84000104,,-10.999999999999993,12.0
q_learning,hit,True,0.026005210093802113,"[-0.02261460278042071, 0.012839419500373647]","[0.007324804172284427, 0.016501976282153382]",6.2,6.36777277396247,0.4974447200653143,84000105,,6.28993586934372,6.36777277396247
q_learning,miss,False,0.09121660526508271,"[-0.054145050055729255, 0.07340832807351282]","[-0.0530882464434245, 0.09063444395586241]",3.4000000000000004,3.5202851799029378,0.5079643492032991,84000106,,-6.81934179315643,3.5202851799029378
q_learning,miss,False,0.10205237253543768,"[-0.06429694690208997, -0.07925016945837769]","[-0.05254790618697856, -0.07886874913075385]",3.6,3.733772157829678,0.5414576552120361,84000107,,-7.3650146130442025,3.733772157829678
q_learning,miss,False,0.08155857280628948,"[-0.012121408283640861, -0.08065278829290469]","[-0.03299321475507136, -0.09706266840821183]",4.3,4.502147866622013,0.47214674678733937,84000108,,-6.649390721467176,4.502147866622013
q_learning,hit,True,0.051335901072059424,"[-0.014441150835803399, 0.049262845039825365]","[-0.029703840011049074, 0.03787074655060396]",3.8000000000000003,4.015994081150984,0.4610693071126057,84000109,,6.426242665353782,4.015994081150984
q_learning,hit,True,0.06354782435780883,"[-0.04546339096498271, -0.04440051871967318]","[-0.039373406910243505, -0.07502147910220258]",3.7,3.8688205766872583,0.4999212415061519,84000110,,6.119183199855403,3.8688205766872583
q_learning,miss,False,0.066553272156994,"[-0.02078288336833998, -0.06322507250846685]","[-0.027922241123681246, -0.06994370030843369]",3.5,3.66369274139208,0.46079684274463284,84000111,,-5.923364031906015,3.66369274139208
q_learning,hit,True,0.04828163627705781,"[0.044969426392710614, -0.017574614974464928]","[0.05100919659579561, -0.07380591926818818]",2.4000000000000004,2.6161273597874977,0.5022897594636893,84000112,,6.848256472996424,2.6161273597874977
q_learning,hit,True,0.060039049691591635,"[0.057003011394521075, 0.018850575052913106]","[0.019751005836550595, 0.05308861115850764]",2.8000000000000003,3.0450360906845124,0.5411180225361518,84000113,,6.446819529498365,3.0450360906845124
q_learning,hit,True,0.04460025888503524,"[0.030960624845211615, -0.03210331449875901]","[0.016111792666706704, -0.06133545859011547]",3.2,3.3801905849855958,0.47483327636441836,84000114,,6.729187433701262,3.3801905849855958
q_learning,hit,True,0.06159996244097758,"[-0.05487900593661907, 0.027979458181644226]","[-0.036770306739806385, 0.05556153319041955]",4.0,4.139041949808012,0.44662816639051306,84000115,,6.101880385152699,4.139041949808012
q_learning,miss,False,0.0734852174324984,"[-0.057763174374743737, 0.045425685104954844]","[-0.04580049840550679, 0.039443504341305974]",5.6000000000000005,5.786409936610157,0.459542777679072,84000116,,-6.678124776592085,5.786409936610157
q_learning,hit,True,0.059743961905559514,"[0.017391534020894092, 0.05715658779679758]","[-0.012498167541428698, 0.046509887022202406]",4.9,5.061807122625174,0.5222997205773927,84000117,,5.930185565876226,5.061807122625174
q_learning,miss,False,0.09275941414002399,"[0.07870537599524846, 0.049089435737712954]","[0.04503042966896437, 0.05564742467538888]",3.9000000000000004,4.052380067657861,0.5303920781985795,84000118,,-7.011522819313725,4.052380067657861
q_learning,miss,False,0.08188174138350916,"[-0.06745171648294965, 0.046420744452234444]","[-0.051155842466918316, 0.10474326688783804]",2.1,2.2768620579988554,0.5358084619168695,84000119,,-6.111892206389557,2.2768620579988554
q_learning,hit,True,0.03337201233570304,"[0.033368114495905654, -0.0005100414909072083]","[0.027246975090579162, -0.008392149410427057]",6.6000000000000005,6.840000652276938,0.5410739102654122,84000120,,6.086404447968212,6.840000652276938
q_learning,hit,True,0.056766237208235606,"[0.040127008086768216, 0.04015257038828412]","[0.026516942871952158, 0.039582805879027814]",5.6000000000000005,5.78360103172828,0.5352862140877569,84000121,,5.837300429164102,5.78360103172828
q_learning,hit,True,0.01096839577753977,"[-0.01047107988196333, 0.003265301217084734]","[-0.06470762001009672, 0.030438850095294675]",2.9000000000000004,3.1317099762624965,0.5324391406597365,84000122,,7.2465252767023065,3.1317099762624965
q_learning,miss,False,0.084061019332462,"[0.029336675877687984, -0.07877572227317266]","[0.021656139661901885, -0.06454955597333946]",4.9,5.02792216016615,0.48799462042123803,84000123,,-6.897486383718946,5.02792216016615
q_learning,hit,True,0.04883628241862472,"[-0.030198813300718566, -0.03837986654093546]","[-0.024780262141802747, -0.08539409034153984]",3.6,3.8169991618393255,0.503948563356927,84000124,,6.535507105213805,3.8169991618393255
q_learning,hit,True,0.04136219756717496,"[-0.00039632739026736197, 0.04136029874391309]","[0.0021080472191963434, 0.044060171888111815]",4.9,5.11384585979925,0.5231467624260361,84000125,,6.3700694940624825,5.11384585979925
q_learning,miss,False,0.11713341173926844,"[0.07734191010455782, -0.08796854600969307]","[0.04532229058507243, -0.06307131669003758]",6.0,6.212958911234649,0.5070252910983993,84000126,,-8.74739317057538,6.212958911234649
q_learning,miss,False,0.06861655340214204,"[-0.03992144909149352, -0.05580778891180246]","[-0.025617734726843963, -0.04703760427075384]",5.1000000000000005,5.326034745386778,0.5063385063975665,84000127,,-6.3893742960447355,5.326034745386778
q_learning,miss,False,0.06667779398446172,"[-0.025918714144174626, 0.06143409857519586]","[0.004435334772464883, 0.059020231470880626]",4.1000000000000005,4.331063263594616,0.4868533779983229,84000128,,-6.077290700741851,4.331063263594616
q_learning,miss,False,0.06560336404550556,"[0.02735282747296776, -0.05962905502623022]","[0.011554129430456736, -0.04430368709905685]",6.300000000000001,6.465039908892468,0.4529505373018673,84000129,,-6.593651212801686,6.465039908892468
q_learning,miss,False,0.07699949788924958,"[-0.07624784274645088, -0.010732620915184126]","[-0.06019307646101987, 0.0005694634207413108]",5.7,5.888127603905417,0.4425727543915515,84000130,,-6.828295307738827,5.888127603905417
q_learning,hit,True,0.04934459564310337,"[0.04204286465574393, 0.025831892124274856]","[0.038247854070805706, 0.017346453692326895]",4.5,4.649583738369529,0.49856995196121445,84000131,,6.298694883033994,4.649583738369529
q_learning,hit,True,0.03492830718464176,"[0.02913520240331135, -0.019264646991387562]","[0.03601795170440016, 0.010819898173048754]",4.6000000000000005,4.815583497629498,0.4904075348522316,84000132,,6.561245765021374,4.815583497629498
q_learning,miss,False,0.07587223324554866,"[0.014175004673797259, 0.07453633355729784]","[-0.017865242555109545, 0.0707019089508313]",3.2,3.36853258209435,0.46084306110717227,84000133,,-6.162507876370874,3.36853258209435
q_learning,miss,False,0.06957824536450362,"[0.03713038454472058, -0.05884272913083013]","[0.05286569550803921, -0.051609615004995134]",4.1000000000000005,4.324391096254445,0.539414297825696,84000134,,-6.170830113136821,4.324391096254445
q_learning,miss,False,0.10931772138664024,"[-0.10759164556004663, -0.019349470660676972]","[-0.08238893841951311, 0.03884057449134034]",2.9000000000000004,3.0483147553521266,0.5210568865058158,84000135,,-7.553488570217065,3.0483147553521266
q_learning,hit,True,0.05745153678342923,"[0.012063867826292402, -0.05617065222914426]","[0.014655415754085563, -0.05232498347152874]",5.4,5.638045063302152,0.4941689917878867,84000136,,5.868774182537818,5.638045063302152
q_learning,hit,True,0.019037416059050086,"[0.010271811019363739, -0.016028509244089287]","[0.018131034621312686, -0.07059926503745702]",3.0,3.180646557482002,0.5325378761512722,84000137,,7.1642193585312715,3.180646557482002
q_learning,hit,True,0.05097682676457242,"[0.05040577215237678, -0.00760887644188714]","[0.04547275733629734, -0.008947069726611983]",5.0,5.183742648159,0.5038743991606731,84000138,,6.134938019648468,5.183742648159
q_learning,miss,False,0.07543161343949269,"[-0.07002754862842928, 0.028036953100827967]","[-0.04768130618205388, 0.01699754265268525]",6.4,6.64709368407577,0.5177274959172782,84000139,,-6.946728593156223,6.64709368407577
q_learning,miss,False,0.0809167736740023,"[0.00310503683184089, -0.08085717660222018]","[-0.003018219968508526, -0.053764961415911736]",4.9,5.08752231387258,0.5415403793148248,84000140,,-6.774709884452002,5.08752231387258
q_learning,miss,False,0.07301452478534085,"[0.031281433747133755, -0.06597418231666713]","[0.023015308511906044, -0.03497039317523338]",6.9,7.033183005203454,0.49773223046572534,84000141,,-6.9868037466577855,7.033183005203454
q_learning,hit,True,0.04476718049901389,"[0.024722917965581348, -0.0373212778063456]","[-0.021401704600646998, -0.0661083137116489]",2.9000000000000004,3.118992650734948,0.503281338503466,84000142,,6.800656698264783,3.118992650734948
q_learning,miss,False,0.08238611389921734,"[-0.07356340157705778, 0.037093095204193266]","[-0.0835805123925893, 0.0233405792141905]",2.6,2.772954146129849,0.4993581087952595,84000143,,-6.256502192524216,2.772954146129849
q_learning,hit,True,0.012230142699198162,"[-0.009812731704938557, -0.007299773073845772]","[-0.04035674357421114, -0.05952893463066128]",3.0,3.2167095387771383,0.5063594348081282,84000144,,7.214597304037219,3.2167095387771383
q_learning,miss,False,0.06680266089373818,"[0.03890080282764515, -0.05430767019352286]","[0.037318179413560325, -0.031547279349137446]",4.3,4.4259068734384925,0.45236332373017935,84000145,,-6.131235621889651,4.4259068734384925
q_learning,miss,False,0.06949754474957594,"[-0.06048311693528234, -0.034230122582489725]","[-0.04847735283861791, -0.03047401428070176]",5.800000000000001,5.928325347452675,0.4682442828303699,84000146,,-6.593173663010486,5.928325347452675
q_learning,hit,True,0.05867549944082956,"[-0.0386174901050888, -0.044175827016753835]","[-0.037795667070264216, -0.016886936508099925]",5.300000000000001,5.433525955298123,0.5324694181620089,84000147,,5.860132725531175,5.433525955298123
q_learning,miss,False,0.06766196201033271,"[0.016350865772294262, -0.06565660889494768]","[-0.03210919051625623, -0.03923974459700507]",2.8000000000000003,3.003378597052105,0.44440774400135297,84000148,,-5.783583693038511,3.003378597052105
q_learning,hit,True,0.06151209760213827,"[0.061036624610643714, 0.007633387685316866]","[0.05177221375667304, 0.014092475826443034]",5.0,5.157303377292246,0.44097609153339795,84000149,,5.854440674221307,5.157303377292246
q_learning,hit,True,0.043470358692376386,"[0.04329130958793785, 0.0039413955656826954]","[0.059514254018802795, 0.017801514858053466]",4.7,4.94746972933564,0.4815048996899108,84000150,,6.377740334948198,4.94746972933564
q_learning,hit,True,0.061759105903766286,"[-0.026665744280510703, 0.055705702077965324]","[-0.043076829666138294, 0.036658883093460715]",4.9,5.0543592378697895,0.47871446577349513,84000151,,5.872233807802931,5.0543592378697895
q_learning,miss,False,0.08264519712470393,"[-0.035308374284058225, -0.07472313773656743]","[-0.019258893666335847, -0.07977232318531215]",4.9,5.123456796260084,0.44735962647637495,84000152,,-6.84162215568785,5.123456796260084
q_learning,hit,True,0.018134607300977944,"[-0.014738364691885192, 0.010566200271132212]","[-0.012603889090943635, -0.04004635472558114]",3.5,3.729500221698413,0.5181925613663391,84000153,,7.047162371133567,3.729500221698413
q_learning,hit,True,0.06464383081463473,"[0.06003952460344147, 0.023959973868597318]","[0.05652196876801096, 0.02971723305567038]",3.4000000000000004,3.5858507602011525,0.4489257991178926,84000154,,6.1609290266529895,3.5858507602011525
q_learning,miss,False,0.10132035997528198,"[-0.10091214543336584, 0.009085936911290162]","[-0.08328310564745771, 0.01431138655013364]",4.4,4.641167564976857,0.5132627133376776,84000155,,-7.529778780004904,4.641167564976857
q_learning,miss,False,0.07105929733575128,"[-0.054682972861582274, 0.04537836727858513]","[-0.05765589011370567, 0.04957833508275106]",4.0,4.15579683653561,0.5371228978040473,84000156,,-6.195129878781232,4.15579683653561
q_learning,miss,False,0.07106585236960733,"[-0.020436156938128613, -0.06806407909183082]","[-0.057368571957602615, -0.058522752665301]",3.3000000000000003,3.4139174511931474,0.5394194966816428,84000157,,-6.020350384146467,3.4139174511931474
q_learning,hit,True,0.06236022648222204,"[0.03802447917631214, 0.04942607439686295]","[0.04429912901307149, 0.03515137191031185]",5.5,5.653494522713628,0.4848607643820367,84000158,,5.70457447410319,5.653494522713628
q_learning,hit,True,0.056918337398570884,"[-0.007645872408653609, -0.05640246242255867]","[0.01929833717698637, -0.05416311150460992]",4.5,4.681264917052647,0.5037127636378668,84000159,,6.108207779356793,4.681264917052647
q_learning,hit,True,0.005534289013183435,"[0.003817889701870761, 0.004006503850714743]","[0.023994625817190182, -0.05184207844909597]",2.9000000000000004,3.1458694468850217,0.48243096632126814,84000160,,7.2677506852351605,3.1458694468850217
q_learning,miss,False,0.08595431038795213,"[0.054906411728210314, -0.06613190928289206]","[0.022621580817652975, -0.05889287549948977]",5.5,5.7225005566750715,0.47086581324169413,84000161,,-7.123673011661163,5.7225005566750715
q_learning,hit,True,0.05190256321177442,"[0.039112969172990786, -0.03411820203974576]","[0.045229094475446235, -0.008054682196344597]",4.7,4.8311429149671135,0.4833720803997338,84000162,,6.187396196934381,4.8311429149671135
q_learning,timeout,False,,,,,,,84000163,,-10.999999999999993,12.0
q_learning,hit,True,0.01709416322614273,"[-0.00966335739883628, -0.014100707081007195]","[-0.06554536194234484, -0.028145103176585026]",2.7,2.8811559854953765,0.5061807628974285,84000164,,7.255837771265796,2.8811559854953765
q_learning,hit,True,0.03964000893296269,"[0.0004834185964945753, -0.039637061125491195]","[0.02540923608726929, -0.029914615435960627]",5.1000000000000005,5.277300653922942,0.4903860126941201,84000165,,6.353087501016483,5.277300653922942
q_learning,miss,False,0.06648777120624721,"[-0.0375154020454289, -0.05489278941121599]","[-0.02166900486907118, -0.052321161807314207]",5.7,5.8337686193628215,0.48595005376438843,84000166,,-6.47130147218326,5.8337686193628215
q_learning,hit,True,0.03946861498411455,"[-0.014323747818614271, 0.03677773534617126]","[-0.04863338148648132, 0.0012591364870330399]",4.5,4.726211802359712,0.467954639945858,84000167,,6.506296670114965,4.726211802359712
q_learning,miss,False,0.08300765535734073,"[0.06889725786003795, -0.046297286176303]","[0.05388379280814778, -0.04502327014830524]",4.3,4.48074518963985,0.5091899614491333,84000168,,-6.705833336786522,4.48074518963985
q_learning,hit,True,0.04243637189485695,"[-0.007126116964196449, 0.04183376765976496]","[-0.009177015598558075, 0.040238094406367775]",5.300000000000001,5.414058953370773,0.4476535866532016,84000169,,6.248764340923408,5.414058953370773
q_learning,miss,False,0.07445907037346391,"[0.0019716952636582435, -0.07443296029762432]","[-0.03416713519574545, -0.0777823260781771]",2.9000000000000004,3.130193692843766,0.4456735098032385,84000170,,-6.037225600208392,3.130193692843766
q_learning,hit,True,0.053163584025515874,"[-0.05260108737399519, 0.007713123460143176]","[-0.1211158605461917, 0.07708734591909898]",3.0,3.161183765824928,0.5068304153020592,84000171,,6.5810374753992695,3.161183765824928
q_learning,miss,False,0.09208555160012741,"[-0.07968430390649045, -0.046153662091298876]","[-0.0777402348921496, -0.01758405342962347]",4.0,4.206142583289476,0.5153669258470678,84000172,,-7.007041139289877,4.206142583289476
q_learning,hit,True,0.046461444107217593,"[-0.025169285486107362, -0.039053461519395816]","[-0.050049246262342195, -0.011283343538655729]",4.5,4.695147026929592,0.5154168056039702,84000173,,6.364073186147194,4.695147026929592
q_learning,miss,False,0.10171058318390527,"[0.09542263416806279, 0.03520743699899455]","[0.0655493743662286, 0.010994007332584448]",5.300000000000001,5.431342615939898,0.531014365695795,84000174,,-7.773530824049731,5.431342615939898
q_learning,hit,True,0.02300740155401134,"[-0.0158799043646089, 0.0166483982304124]","[-0.0578717597198358, -0.0411324176394652]",3.2,3.4409645939556768,0.4964803272836742,84000175,,7.074712301475142,3.4409645939556768
q_learning,hit,True,0.03296088960924801,"[-0.027557298509338385, -0.01808357107156245]","[-0.01596583520662051, -0.03932304978876349]",5.2,5.3367281023054245,0.5003701708573616,84000176,,6.442859113885673,5.3367281023054245
q_learning,miss,False,0.09480467405463844,"[0.07454060670693047, -0.05858006635681585]","[0.04781827878811968, -0.05588763235010955]",4.5,4.730012471528506,0.49920472679129707,84000177,,-7.252319816001476,4.730012471528506
q_learning,hit,True,0.03354903662258666,"[0.024825843715276547, 0.022565800276709107]","[0.0017332429256207982, -0.02451014534395775]",4.6000000000000005,4.710690031067908,0.5253100836778407,84000178,,6.583600506910376,4.710690031067908
q_learning,miss,False,0.07896421559198585,"[-0.019183330206708912, -0.07659861086363115]","[-0.05286628061888017, -0.10115948529834312]",3.6,3.763855703723128,0.5369810449279995,84000179,,-6.375821856581686,3.763855703723128
q_learning,miss,False,0.09468655280668188,"[0.09175708378175791, 0.02337051258060072]","[0.07157137006399257, 0.023965754813037535]",4.3,4.543066039553599,0.4900395389206413,84000180,,-7.197022078677528,4.543066039553599
q_learning,hit,True,0.054055808772565404,"[-0.053719955033069616, -0.0060163854016458684]","[-0.027899052462229096, -0.03705544176573808]",4.800000000000001,5.000585457413954,0.5213177665305803,84000181,,6.1083951569097845,5.000585457413954
q_learning,hit,True,0.06376003973262315,"[-0.05997886488461755, 0.02163049777186077]","[-0.08969147567218373, 0.012679942949218538]",3.4000000000000004,3.511636592687535,0.48766830833372266,84000182,,6.187788717939483,3.511636592687535
q_learning,hit,True,0.04758555099872235,"[0.031566426176026174, -0.03560822099355001]","[0.08256853676533765, -0.02180898511824777]",3.0,3.2257938291652515,0.53707048273705,84000183,,6.71405096713562,3.2257938291652515
q_learning,hit,True,0.024020512074884044,"[0.01788750921772178, 0.016031906135128428]","[-0.013674063418068455, 0.05650359907408157]",3.6,3.8384432675545237,0.4441764263315641,84000184,,6.963435502878189,3.8384432675545237
q_learning,hit,True,0.056470202118905764,"[0.0007604008019711228, -0.05646508228959231]","[-0.004472031356596823, -0.10255119045678264]",3.5,3.6782810094730585,0.5038602484556804,84000185,,6.370234620745546,3.6782810094730585
q_learning,hit,True,0.05547311932144084,"[-0.026257015867482428, 0.04886548971396469]","[0.0026293627382062285, 0.07557700844077443]",3.1,3.252691342014081,0.5305500897091335,84000186,,6.496652788816375,3.252691342014081
q_learning,hit,True,0.0423149281864947,"[0.0016588564210245418, 0.042282399917727344]","[0.03807987517191836, 0.05001362710147609]",4.1000000000000005,4.226185135177817,0.5416760851835052,84000187,,6.551200438478531,4.226185135177817
q_learning,miss,False,0.08356114045057703,"[0.07539219217776724, -0.03603444951753351]","[0.06870360728855243, 0.007772161321826704]",3.9000000000000004,4.079138598195202,0.5307234343730721,84000188,,-6.627654246958831,4.079138598195202
q_learning,hit,True,0.039734076716682325,"[-0.002400706786604097, -0.03966148584523718]","[0.034746948006099836, -0.07099432094257063]",2.9000000000000004,3.0752924375792903,0.46544795747616136,84000189,,6.901320271591196,3.0752924375792903
q_learning,miss,False,0.09200262341137376,"[-0.004586027912108201, -0.0918882531260902]","[-0.02712306696063528, -0.07809259301530522]",2.7,2.921803568601179,0.4604908460902647,84000190,,-6.678427861437884,2.921803568601179
q_learning,miss,False,0.0928810516305513,"[0.08256749119795823, -0.04253820811073532]","[0.10155528480966156, -0.01014040592943004]",2.8000000000000003,2.9719247738896915,0.5146616081106173,84000191,,-6.741867396922399,2.9719247738896915
q_learning,hit,True,0.04182654906509569,"[-0.03546505733650479, 0.02217408205119853]","[-0.000731281317284338, 0.08569654294189955]",3.7,3.87717817823856,0.5133362364502475,84000192,,6.660926578297074,3.87717817823856
q_learning,hit,True,0.055216953549386605,"[0.051987130221329586, 0.01860780080035354]","[0.049371664830529155, 0.04623665189787826]",2.7,2.864402167253233,0.4693009072476831,84000193,,6.603364033307663,2.864402167253233
q_learning,hit,True,0.06399407856569056,"[0.04548394541892574, 0.045016139334687066]","[0.05471084291401819, 0.04458695890116776]",4.9,5.11327742715272,0.503665391737533,84000194,,5.805711931012598,5.11327742715272
q_learning,miss,False,0.10902975360451203,"[-0.08125213912781713, 0.07270197423876777]","[-0.07707673767354355, 0.061311538455936496]",3.2,3.319609036568381,0.5357568509836695,84000195,,-7.613606431020262,3.319609036568381
q_learning,hit,True,0.057422039723669285,"[-0.005398032626531421, 0.05716775218416022]","[-0.014366849749245694, 0.04356983990201098]",6.2,6.419861161240581,0.5293287709519997,84000196,,5.669576178455232,6.419861161240581
q_learning,miss,False,0.07623854669273104,"[-0.045040509408741394, 0.06151153155320398]","[-0.028259050368910757, 0.05194912673019124]",6.2,6.347096509522796,0.5216161001118508,84000197,,-6.925696095105261,6.347096509522796
q_learning,miss,False,0.07627298300082497,"[-0.039958120012415846, 0.0649685814907291]","[-0.030422002547353846, 0.04564799731171192]",5.300000000000001,5.5355464116669895,0.4475257340952733,84000198,,-6.701939156412813,5.5355464116669895
q_learning,miss,False,0.09729092989304201,"[-0.0536568489045811, 0.08115705517749994]","[-0.04518043905606982, 0.049333035810578525]",5.9,6.093258965930309,0.462023379020086,84000199,,-7.715360956083505,6.093258965930309
q_learning,miss,False,0.08103029630965905,"[-0.03724124238480366, -0.07196526096435313]","[0.014725398008490355, -0.07268044893392703]",3.2,3.4428648035323883,0.5107573254966663,84000200,,-6.354061282847609,3.4428648035323883
q_learning,hit,True,0.030770820871798395,"[-0.0006869542641556869, 0.030763151837275418]","[-0.05018471691067802, 0.07818073854490502]",3.8000000000000003,3.9817873564310107,0.5199521391845122,84000201,,6.825895049201348,3.9817873564310107
q_learning,miss,False,0.0901730638738876,"[-0.07040905451105212, 0.05633601415847507]","[-0.06664665765942018, 0.046270262791705666]",4.2,4.437222060816301,0.5273251033705133,84000202,,-6.9745399877879795,4.437222060816301
q_learning,hit,True,0.052313745804262964,"[-0.05115146675526752, -0.010966104543446695]","[-0.04177757456834716, -0.02355283597573947]",3.9000000000000004,4.147535158577038,0.513369873580074,84000203,,6.377253727793363,4.147535158577038
q_learning,hit,True,0.05212328775762633,"[-0.05208226412909896, -0.002067580675835963]","[-0.04708646286009906, 0.013045780684175827]",5.1000000000000005,5.327344806322966,0.503299078284185,84000204,,6.081961626825014,5.327344806322966
q_learning,hit,True,0.04256782631885089,"[-0.00465023757486735, 0.04231306096241616]","[0.010774870460552685, 0.01045990362822463]",4.800000000000001,4.921715075032385,0.4512177075647937,84000205,,6.371119565085952,4.921715075032385
q_learning,miss,False,0.06825541970070892,"[-0.054763258452573196, -0.040740493887244336]","[-0.036195929410403796, -0.040054248366849246]",4.4,4.539720570764292,0.4527114119527812,84000206,,-6.20267510497513,4.539720570764292
q_learning,hit,True,0.040284250289784454,"[-0.017096427881082968, 0.03647647152777976]","[0.0001920865840818048, 0.04089568589570532]",5.4,5.51893709104086,0.5279362785784633,84000207,,6.26590039729941,5.51893709104086
q_learning,miss,False,0.09568647944029218,"[-0.03181292274526683, 0.09024322852204004]","[-0.036407732982762134, 0.07059162346026905]",4.2,4.442185038498007,0.5316524614399755,84000208,,-7.217077478740228,4.442185038498007
q_learning,miss,False,0.0908257608382413,"[0.05167733653337663, 0.07469117565456808]","[0.04509778383041551, 0.05252716649426244]",5.300000000000001,5.547444244888228,0.522262952304492,84000209,,-7.277501498661634,5.547444244888228
q_learning,hit,True,0.03493976856184698,"[-0.03488344909804551, 0.0019830295457955727]","[-0.08417339547298557, -0.03226403673755748]",3.1,3.2983942136664672,0.5053974008823516,84000210,,6.936056230259069,3.2983942136664672
q_learning,miss,False,0.06865646184152016,"[0.06099729914345564, -0.0315125252843992]","[0.06405659698367833, -0.0011515331419371224]",4.7,4.939237822914253,0.5009280110078294,84000211,,-6.290670947360026,4.939237822914253
q_learning,miss,False,0.06831525266885995,"[0.0659477260196889, -0.017828942201999057]","[0.10665966627561224, -0.05851617677206934]",3.6,3.721842632419597,0.48200439143896456,84000212,,-6.00460917093732,3.721842632419597
q_learning,miss,False,0.08404722863467029,"[0.06647801709949809, 0.05142577061831336]","[0.056951769715852266, 0.03648117032394419]",5.800000000000001,5.984198558229104,0.5067451892790642,84000213,,-7.1219376665487655,5.984198558229104
q_learning,miss,False,0.09296659317969788,"[0.07658983353748061, -0.05269520705093072]","[0.05860796667992507, -0.05597932906032171]",4.3,4.496488338188074,0.517226546102554,84000214,,-7.120630165074426,4.496488338188074
q_learning,miss,False,0.09406201816824486,"[-0.09037239910127443, 0.026086255817253642]","[-0.08465297645808062, 0.0361535008278381]",2.5,2.735516309454391,0.5424526197978946,84000215,,-6.719121482102539,2.735516309454391
q_learning,hit,True,0.06100232289140844,"[-0.052974093310865444, -0.030249443565781083]","[-0.03627741556017583, -0.025256808464357024]",7.0,7.237329288809091,0.4474935149649334,84000216,,5.369222864343753,7.237329288809091
q_learning,miss,False,0.08021309337217349,"[0.06803468423251252, 0.04249025876263091]","[0.057143322926949285, 0.01492933369941613]",5.7,5.822543830161006,0.447437730501375,84000217,,-6.94787345522675,5.822543830161006
q_learning,hit,True,0.036091603550069386,"[0.008684580713862078, 0.035031156199015125]","[0.009514949506191986, 0.04130917426876076]",5.800000000000001,6.003198474676804,0.4702667545591662,84000218,,6.241691397203461,6.003198474676804
q_learning,hit,True,0.04750304232294362,"[0.036083064607593834, -0.030895816520357285]","[0.05848519470662676, -0.038238865414945984]",3.1,3.2244055210406724,0.44835825775994603,84000219,,6.690907921908787,3.2244055210406724
q_learning,hit,True,0.061237956349629,"[0.03155698369073112, 0.05248089250595875]","[0.026057873696602438, 0.06643542570605068]",3.3000000000000003,3.5038120031350806,0.5334317515377333,84000220,,6.287405373283061,3.5038120031350806
q_learning,miss,False,0.06744419374121169,"[-0.019042382045662026, 0.06470013103100446]","[0.0022369917219693114, 0.05505068964608133]",5.9,6.061867420915573,0.4974373634235335,84000221,,-6.551619945420613,6.061867420915573
q_learning,miss,False,0.0705581791295196,"[0.015055806382534898, -0.06893315121365769]","[0.035912935111272595, -0.08394802493315497]",3.8000000000000003,3.980517787322479,0.4669744620242573,84000222,,-6.128332933035119,3.980517787322479
q_learning,hit,True,0.04708469754690847,"[0.028968921765565148, -0.03711832855644789]","[0.054298368650841894, -0.055086538521511956]",4.1000000000000005,4.322811411916383,0.5280863386887452,84000223,,6.450273670276012,4.322811411916383
q_learning,hit,True,0.06002516462120276,"[0.020430662497246524, 0.056441194332916944]","[0.028110134266561053, 0.04354176919027575]",5.0,5.167456545648665,0.5024574107023758,84000224,,5.897214109395861,5.167456545648665
q_learning,miss,False,0.07037270320310057,"[-0.048003643640579574, -0.051458406051294724]","[-0.021536464029228708, -0.04331837334255497]",3.9000000000000004,4.105602505172544,0.5240654282312229,84000225,,-6.147146119789747,4.105602505172544
q_learning,hit,True,0.06152532470124695,"[0.05035885553571903, 0.03534616314009836]","[0.0585498279537644, 0.024459102026804735]",4.2,4.41670513616496,0.44413752133641976,84000226,,6.054055484119795,4.41670513616496
q_learning,hit,True,0.04947540937045133,"[0.00042412838145504395, 0.049473591414913344]","[0.011278452382238527, 0.06809292735407163]",2.7,2.9395283491278366,0.5207975457970851,84000227,,6.745635234941126,2.9395283491278366
q_learning,miss,False,0.06969711824957886,"[-0.0038525139068937564, 0.06959056278614917]","[-0.00960818904735486, 0.06297097088872011]",4.6000000000000005,4.814323597267552,0.47088732051868126,84000228,,-6.299748708235686,4.814323597267552
q_learning,hit,True,0.016430841363444533,"[-0.006173555035695277, -0.015226942113632708]","[0.015182508163867292, 0.021327138041339483]",4.6000000000000005,4.818411710363359,0.4722732163450696,84000229,,6.786101172092147,4.818411710363359
q_learning,miss,False,0.08684622277360293,"[-0.019129848298714697, -0.08471313542839995]","[-0.01466438023364916, -0.0689417121151242]",4.0,4.1419189432408565,0.49364047563247937,84000230,,-6.785151813027756,4.1419189432408565
q_learning,miss,False,0.06932103679676244,"[-0.04289381709698409, 0.05445664878991882]","[-0.0024924358317998108, 0.024795780595046196]",5.4,5.586529185802077,0.5071792495588702,84000231,,-6.4873742349297245,5.586529185802077
q_learning,miss,False,0.11248352302171453,"[-0.08709492427760229, -0.07118298333489056]","[-0.0670932293122733, -0.04852598409777195]",4.1000000000000005,4.24933861541747,0.48998137164726663,84000232,,-8.01968472221931,4.24933861541747
q_learning,miss,False,0.13242216235967738,"[-0.030588791468997144, 0.12884081232466274]","[-0.04307484875346998, 0.15966225528172748]",3.7,3.8443185520886995,0.44519909865603535,84000233,,-9.075444753612487,3.8443185520886995
q_learning,hit,True,0.022992943189090502,"[-0.008304853175713119, 0.021440728770883488]","[0.012743961620255366, 0.07010263104387787]",2.9000000000000004,3.0245476038319237,0.4798268914000223,84000234,,7.149869719172368,3.0245476038319237
q_learning,miss,False,0.08123194962895841,"[0.033104413999030094, 0.07418037081534748]","[0.02278972130681163, 0.06921427349079348]",4.7,4.922229228047997,0.48155645241099887,84000235,,-6.736805832076127,4.922229228047997
q_learning,miss,False,0.06991666090859772,"[-0.021445482993611792, -0.06654645544113183]","[0.00351993413168164, -0.04769116870318437]",5.2,5.319422076798348,0.4801818850815809,84000236,,-6.45700342546931,5.319422076798348
q_learning,miss,False,0.0858341741001598,"[-0.02912983450221801, -0.08074006555192986]","[-0.02991096609763598, -0.08669394560613808]",2.9000000000000004,3.1051205827036963,0.47391430305474513,84000237,,-6.468788270640602,3.1051205827036963
q_learning,miss,False,0.09244038154974213,"[-0.05615839728435111, -0.07342655211512311]","[-0.02764693842723019, -0.08331093031739142]",3.7,3.928933876891139,0.4653738171822749,84000238,,-6.947538258239504,3.928933876891139
q_learning,hit,True,0.04409618320846076,"[-0.042660754482012064, -0.01115945341760178]","[-0.07727033899148134, 0.031655860351702474]",2.5,2.6629450858568005,0.497373589595179,84000239,,6.914769615726832,2.6629450858568005
q_learning,miss,False,0.08636073023648934,"[-0.01710206818725847, -0.08465042817787778]","[-0.015818736192011504, -0.07204526156027453]",4.5,4.717075891893134,0.5002869661183319,84000240,,-6.8902486927762565,4.717075891893134
q_learning,miss,False,0.06635853512639313,"[-0.052796854081182676, -0.04019884803388096]","[-0.1009438815190396, -0.040906447885884906]",2.2,2.4230733177964896,0.4679806898044772,84000241,,-5.592237913401361,2.4230733177964896
q_learning,hit,True,0.055739976954843715,"[-0.0269861254167596, 0.04877185731461772]","[0.032571545476492325, 0.03055065815643324]",4.2,4.385873129523326,0.5426626729420305,84000242,,6.214628395046979,4.385873129523326
q_learning,hit,True,0.00871939754562818,"[0.0002402593614068277, 0.008716086793852107]","[-0.010419039910740044, 0.043193480185851396]",2.9000000000000004,3.149892740549758,0.4470440792636939,84000243,,7.257005232293797,3.149892740549758
q_learning,hit,True,0.023378318259830156,"[0.011681157509325246, -0.020250835140809442]","[0.007163846861931222, -0.08885535967764119]",3.4000000000000004,3.512066761395851,0.5341616645720757,84000244,,7.02064005570227,3.512066761395851
q_learning,hit,True,0.060795074049707715,"[0.05627465026386432, -0.023004451012558415]","[0.03927824641676216, 0.0008180042739875599]",6.0,6.231149742031489,0.4657362935715845,84000245,,5.62519738965457,6.231149742031489
q_learning,hit,True,0.017307106621421084,"[0.005517235927731928, -0.016404147259854184]","[0.06050213112706046, -0.003756316890610162]",3.9000000000000004,4.142627223157735,0.4953153268442541,84000246,,6.954103919620062,4.142627223157735
q_learning,miss,False,0.07134030941212967,"[0.06685381206359947, 0.02489995099560075]","[0.07271211937002298, 0.0025954910556227114]",3.6,3.7512718234468387,0.46060341874423394,84000247,,-6.104601123554651,3.7512718234468387
q_learning,hit,True,0.04027208829781419,"[0.03974358958464115, 0.006502936474743232]","[0.023037483205627443, 0.06818120563985944]",2.9000000000000004,3.086859342737606,0.5197275356133991,84000248,,6.891132285001906,3.086859342737606
q_learning,miss,False,0.08841806053994145,"[0.033944887062663506, -0.08164250162720255]","[0.026709326654182006, -0.11144833388419927]",2.8000000000000003,3.0434068774498155,0.5382285637542479,84000249,,-6.550355841336036,3.0434068774498155
q_learning,hit,True,0.06184838611748866,"[-0.027269153749132247, -0.055512306015370605]","[-0.01889690746965106, -0.09815941365659689]",3.1,3.287008969741484,0.47923252394877003,84000250,,6.3196218070206,3.287008969741484
q_learning,hit,True,0.06471926671500634,"[0.05257921260592421, -0.03773605551550333]","[0.03960756847999893, -0.041045450517750444]",5.5,5.6106048015794885,0.5320296727602656,84000251,,5.633619293697485,5.6106048015794885
q_learning,miss,False,0.10091368184367822,"[0.10091218708286395, 0.0005492553141993508]","[0.07645467462771496, 0.008680539617390884]",5.6000000000000005,5.841653905034146,0.49662953510397484,84000252,,-7.81031270609399,5.841653905034146
q_learning,hit,True,0.03554982089019903,"[-0.022753193102854632, -0.027314501074510583]","[-0.06784522244917655, -0.04428040048644298]",3.7,3.925159826266506,0.5384296694603237,84000253,,6.775878162053199,3.925159826266506
q_learning,miss,False,0.06851346460722343,"[0.0259961603984757, 0.06339001874918465]","[0.0005142197313373759, 0.05949306998353688]",4.800000000000001,4.924621064613425,0.5053218048977919,84000254,,-6.311028362718403,4.924621064613425
q_learning,hit,True,0.04409036508212625,"[0.044036696625614706, 0.002174774328235436]","[0.05394402480248347, 0.0360715457141681]",3.0,3.2074449476035993,0.4747253123101289,84000255,,6.789891054893449,3.2074449476035993
q_learning,hit,True,0.0518928347695579,"[-0.049809421575985544, 0.014556367084076427]","[-0.0693141828907549, 0.016590502375763892]",3.7,3.938445607627278,0.48357553082143573,84000256,,6.437635195166712,3.938445607627278
q_learning,hit,True,0.003919852277840671,"[-0.0030276199940065945, 0.0024897307187694423]","[-0.03429644053662763, -0.018937577374544892]",4.4,4.61770902274414,0.4408885557727389,84000257,,6.8963632563597415,4.61770902274414
q_learning,hit,True,0.054379163608108884,"[-0.04532093806895196, 0.030051722201359682]","[-0.003289159438012196, 0.07872512733807771]",2.5,2.6963186455999724,0.5034771758043901,84000258,,6.675096228469237,2.6963186455999724
q_learning,miss,False,0.06880699548191367,"[0.06549158997390529, 0.021101049024585372]","[0.06617964390409918, 0.06540881556960554]",2.7,2.9290662524813817,0.47515263984257744,84000259,,-5.795568669171146,2.9290662524813817
q_learning,hit,True,0.04751602892080865,"[-0.04302340235982845, -0.020168288320713587]","[-0.0185236228076643, -0.04260386789366948]",3.9000000000000004,4.12975826576407,0.46296279126253137,84000260,,6.490615856946006,4.12975826576407
q_learning,miss,False,0.06921059989878135,"[0.010821977154376827, -0.0683592857541632]","[0.010510564177574483, -0.04564186624185177]",4.9,5.13639289626328,0.48099215810821944,84000261,,-6.358753168840045,5.13639289626328
q_learning,miss,False,0.10024407300902101,"[0.08228248873020451, -0.057257892222834235]","[0.06685462498270463, -0.03521498092093079]",5.4,5.5636306166645335,0.4554503106527658,84000262,,-7.72843175702673,5.5636306166645335
q_learning,hit,True,0.06237098713870134,"[-0.060077157341314066, 0.016759331801806464]","[-0.04379963375899519, 0.02498524662015418]",4.4,4.520834292618886,0.49736083365043915,84000263,,5.97925679605774,4.520834292618886
q_learning,hit,True,0.0508598529205353,"[-0.0010043351596817351, 0.05084993559470365]","[0.04137556022610134, 0.04890048983010017]",4.3,4.413771851417748,0.5392756276638891,84000264,,6.3127574818701815,4.413771851417748
q_learning,hit,True,0.052909922912253424,"[0.027459729604243366, 0.04522635506695671]","[0.04223201785594019, 0.07023527377495553]",3.2,3.404071700942548,0.4870058532301652,84000265,,6.537405930750153,3.404071700942548
q_learning,hit,True,0.052732893449715705,"[0.04354597217627058, 0.029740651620341778]","[0.03283809827298221, 0.051171539742292764]",4.1000000000000005,4.315768953008696,0.45449090114317886,84000266,,6.316832413827439,4.315768953008696
q_learning,hit,True,0.04716578599037408,"[0.027647491906671824, -0.038212923983389234]","[0.027268952264446346, -0.035347286579059355]",5.2,5.417583576330839,0.4970897907251149,84000267,,6.173464764949168,5.417583576330839
q_learning,miss,False,0.0976336895207206,"[0.006577546699194262, -0.0974118740649639]","[-0.006835939790034287, -0.0873464203307793]",3.3000000000000003,3.5353535546978723,0.46428239321075176,84000268,,-7.081174515841058,3.5353535546978723
q_learning,miss,False,0.11206104631771803,"[0.11132142891128895, 0.012853698571640225]","[0.1049534175710395, 0.016966807289325557]",4.6000000000000005,4.7565253810187675,0.4785553020927935,84000269,,-8.122231503389763,4.7565253810187675
q_learning,miss,False,0.08864453472069715,"[-0.05032188120831191, -0.072976446936703]","[-0.01949452454221376, -0.05987584855791919]",5.4,5.571585982162562,0.5430427964174317,84000270,,-7.209846990733462,5.571585982162562
q_learning,hit,True,0.05390443004206699,"[-0.053624169770180766, 0.005489626090994328]","[-0.08532884686319929, 0.022973914739339386]",3.5,3.66179179543566,0.492972162066857,84000271,,6.437263295110036,3.66179179543566
q_learning,hit,True,0.05393862535518674,"[0.023139285634247712, -0.04872318509235507]","[0.026203598469874738, -0.09659261354380316]",2.4000000000000004,2.572472454412294,0.5273715132163184,84000272,,6.7113904603059895,2.572472454412294
q_learning,hit,True,0.04450219464624072,"[-0.016321875926121304, -0.041400986637810916]","[0.005431526360934719, -0.08607549388764865]",3.4000000000000004,3.6050975519350583,0.5166109334120595,84000273,,6.681255543590083,3.6050975519350583
q_learning,hit,True,0.01931649998202478,"[0.019055606421068266, 0.0031640220417855913]","[0.08454673025380197, 0.012182626497697108]",2.6,2.723574114027778,0.5022835526034536,84000274,,7.261685876554896,2.723574114027778
q_learning,miss,False,0.07614584237897225,"[0.0673544777289599, 0.03551849717347751]","[0.0540594869170634, 0.03366226052033255]",4.6000000000000005,4.786218912281519,0.4865876045521389,84000275,,-6.522352499787759,4.786218912281519
q_learning,hit,True,0.06216975711861459,"[-0.05504075294449895, -0.028906646562514994]","[-0.04403470824778166, -0.004386730774252702]",5.6000000000000005,5.788340503784964,0.5398983855625302,84000276,,5.685188473328397,5.788340503784964
q_learning,hit,True,0.0531222492146187,"[-0.009119007184487792, 0.05233370873146023]","[-0.018065089130925874, 0.03550032098961206]",6.1000000000000005,6.239258850838918,0.505842747898359,84000277,,5.807077310859159,6.239258850838918
q_learning,timeout,False,,,,,,,84000278,,-10.999999999999993,12.0
q_learning,hit,True,0.022692664440599752,"[0.0032560206254881596, 0.022457857179616583]","[-0.025112207949257254, 0.03400166209685516]",4.5,4.627475291189763,0.5371782800833125,84000279,,6.753116681795583,4.627475291189763
q_learning,miss,False,0.07966908048141742,"[-0.06535027353200207, -0.045568674920904564]","[-0.03402319447603086, -0.04120181868054003]",5.800000000000001,5.976770694932574,0.5206412307414643,84000280,,-6.952286954971495,5.976770694932574
q_learning,miss,False,0.08045356841066835,"[0.0005943890473199473, 0.08045137271464371]","[0.0020293431478796004, 0.07578674743016879]",4.4,4.539033829786829,0.5426849459632699,84000281,,-6.632018146747951,4.539033829786829
q_learning,hit,True,0.03248703120760931,"[0.01824323986821455, -0.026881060168731596]","[0.06348235987270942, 0.014990244466115743]",3.6,3.7654045849684876,0.48128899349454374,84000282,,6.85019948007475,3.7654045849684876
q_learning,hit,True,0.0019816529495595855,"[-0.0005095943584342288, 0.0019150096611636747]","[-0.04068356870036377, 0.054715012787222045]",3.1,3.322518629391846,0.4958597258088119,84000283,,7.224070544754438,3.322518629391846
q_learning,miss,False,0.08558702656841431,"[0.01952016984941711, -0.083331279156583]","[0.010746363586631072, -0.1006601444729086]",3.7,3.917776366124932,0.44668624472368473,84000284,,-6.658760737709458,3.917776366124932
q_learning,miss,False,0.08933617116340677,"[-0.08388132772366734, -0.030738808328434404]","[-0.06070978223017802, -0.006401045111550714]",5.1000000000000005,5.26639375603571,0.5177455630181195,84000285,,-7.163982598375742,5.26639375603571
q_learning,miss,False,0.07775943116176944,"[0.051291483921513656, 0.05844409988810731]","[0.025303685165883313, 0.0612720834730201]",5.2,5.370084761382101,0.4600838352010713,84000286,,-6.731131156118806,5.370084761382101
q_learning,hit,True,0.06132142784575093,"[-0.04827859145492745, -0.037808664617648736]","[-0.054065203354199634, -0.0271692925965659]",4.800000000000001,4.943376531319727,0.46441073972323793,84000287,,5.909984020581861,4.943376531319727
q_learning,hit,True,0.06385523998718229,"[-0.05777092665543124, -0.027203156199114623]","[-0.03800750864396327, 0.004801575123374698]",5.2,5.412215943143305,0.5339359185802304,84000288,,5.73491321329689,5.412215943143305
q_learning,hit,True,0.047566664159875725,"[-0.006453398695169366, 0.047126862664297865]","[-0.022063952812612003, 0.04863108660391977]",5.300000000000001,5.454710909166856,0.5153197695236492,84000289,,6.13947632205955,5.454710909166856
q_learning,hit,True,0.05453577829118624,"[-0.027069799012038414, -0.04734318425363111]","[-0.035056613470830555, -0.03805371204164572]",5.6000000000000005,5.742034812934002,0.44545063802935303,84000290,,5.896058907970316,5.742034812934002
q_learning,hit,True,0.0568712926677871,"[-0.04883234439468108, 0.02915040429607031]","[-0.03532754492638955, 0.0052246018537380305]",4.6000000000000005,4.819944177102871,0.4932776727235585,84000291,,6.084474809537255,4.819944177102871
q_learning,miss,False,0.10126111974068301,"[0.04964424633792033, -0.08825680243854764]","[0.02971905131880922, -0.11504584292379434]",2.1,2.3058369615856913,0.517964487466249,84000292,,-6.951938312695134,2.3058369615856913
q_learning,miss,False,0.08749265530752595,"[0.08210851207358377, 0.030218487351680874]","[0.07015100050202694, -0.004076092101988777]",4.9,5.077226756805718,0.48469831606278124,84000293,,-7.036825972251254,5.077226756805718
q_learning,hit,True,0.057197470198883986,"[-0.052900478771924206, 0.02175063086104442]","[-0.035578065963794744, 0.00880822944952422]",4.0,4.223457465815864,0.4897410761136039,84000294,,6.22566849771545,4.223457465815864
q_learning,hit,True,0.03789155062221658,"[0.021474853675290763, -0.031218588503980325]","[0.04762607244799142, 0.007166465158587956]",3.7,3.8927728136249855,0.4889233268152632,84000295,,6.735172873714555,3.8927728136249855
q_learning,miss,False,0.08896775895575734,"[0.07811074507433284, 0.04259076939364126]","[0.05327490826703733, 0.05362811441362371]",3.2,3.403692436119893,0.5039045634975888,84000296,,-6.6734348245230155,3.403692436119893
q_learning,miss,False,0.06572016377702519,"[0.04758874721700122, -0.045326052830523114]","[0.0472906886087449, -0.07985556618354485]",3.4000000000000004,3.548086704241637,0.47121689689457286,84000297,,-5.8722816394979915,3.548086704241637
q_learning,miss,False,0.06670489967630816,"[0.06616026599380785, -0.008506635319262774]","[0.06173337565084501, 0.036575656318029164]",4.0,4.161769542348173,0.5122922719405972,84000298,,-6.053146423864222,4.161769542348173
q_learning,miss,False,0.07048075775495113,"[0.04925814135093602, -0.050410045867498594]","[0.020186217893869304, -0.048575068281831286]",4.7,4.929995905386406,0.44829019317337143,84000299,,-6.3507484529496105,4.929995905386406
