episode,return,hit,epsilon,outcome
0,-6.181210530667166,0,0.7,miss
1,-16.075,0,0.6998833333333333,miss
2,-6.820789452395357,0,0.6997666666666666,miss
3,-8.569731187276755,0,0.69965,miss
4,-16.05,0,0.6995333333333332,miss
5,-8.567410756535526,0,0.6994166666666666,miss
6,-9.83487892776114,0,0.6992999999999999,miss
7,-10.291215304418033,0,0.6991833333333333,miss
8,-14.81701501132397,0,0.6990666666666666,miss
9,-8.027265677365218,0,0.69895,miss
10,-6.184178233098017,0,0.6988333333333333,miss
11,-8.301012190848548,0,0.6987166666666667,miss
12,-8.624920358920825,0,0.6986,miss
13,-16.05,0,0.6984833333333333,miss
14,-16.075,0,0.6983666666666667,miss
15,-10.102492451704347,0,0.69825,miss
16,-16.05,0,0.6981333333333333,miss
17,-8.638433805335476,0,0.6980166666666666,miss
18,-16.05,0,0.6979,miss
19,-16.075,0,0.6977833333333333,miss
20,-9.629275263921354,0,0.6976666666666667,miss
21,-5.393027479032468,0,0.69755,miss
22,-16.075,0,0.6974333333333332,miss
23,-16.075,0,0.6973166666666666,miss
24,-16.05,0,0.6971999999999999,miss
25,-16.05,0,0.6970833333333333,miss
26,-7.499172400709715,0,0.6969666666666666,miss
27,7.110375526604056,1,0.69685,hit
28,-16.075,0,0.6967333333333333,miss
29,-9.450030038727709,0,0.6966166666666667,miss
30,-7.595951168791898,0,0.6965,miss
31,-10.668195464039155,0,0.6963833333333334,miss
32,-7.089946860196065,0,0.6962666666666667,miss
33,-6.643565072519169,0,0.69615,miss
34,-6.1455360805405235,0,0.6960333333333333,miss
35,-7.718801086519489,0,0.6959166666666666,miss
36,-8.997240468446929,0,0.6958,miss
37,-8.43135252987422,0,0.6956833333333333,miss
38,-16.05,0,0.6955666666666667,miss
39,-14.207431740020038,0,0.69545,miss
40,-16.05,0,0.6953333333333332,miss
41,-16.05,0,0.6952166666666666,miss
42,-16.1,0,0.6950999999999999,miss
43,-8.735556085598423,0,0.6949833333333333,miss
44,-6.199091063593164,0,0.6948666666666666,miss
45,-16.05,0,0.69475,miss
46,-8.32347504480654,0,0.6946333333333332,miss
47,-16.05,0,0.6945166666666666,miss
48,-16.075,0,0.6943999999999999,miss
49,-8.098059115296858,0,0.6942833333333333,miss
50,-6.532819768499905,0,0.6941666666666666,miss
51,-6.28710613465921,0,0.69405,miss
52,-16.05,0,0.6939333333333333,miss
53,-10.403899889753937,0,0.6938166666666666,miss
54,-7.013257684955393,0,0.6937,miss
55,-14.45047202325663,0,0.6935833333333333,miss
56,-7.356002630928106,0,0.6934666666666667,miss
57,-16.05,0,0.69335,miss
58,-10.030262600853032,0,0.6932333333333333,miss
59,-9.865440049172179,0,0.6931166666666666,miss
60,-8.965634897811045,0,0.693,miss
61,-16.1,0,0.6928833333333333,miss
62,-16.05,0,0.6927666666666666,miss
63,-7.546503829197656,0,0.69265,miss
64,-5.747555716368225,0,0.6925333333333332,miss
65,-16.075,0,0.6924166666666666,miss
66,-16.1,0,0.6922999999999999,miss
67,-12.015620064160908,0,0.6921833333333333,miss
68,-16.05,0,0.6920666666666666,miss
69,-16.05,0,0.69195,miss
70,-16.05,0,0.6918333333333333,miss
71,-16.05,0,0.6917166666666666,miss
72,-5.860723060541758,0,0.6916,miss
73,-16.05,0,0.6914833333333333,miss
74,-16.05,0,0.6913666666666667,miss
75,-8.203832523986152,0,0.69125,miss
76,-9.463921069176429,0,0.6911333333333333,miss
77,-16.075,0,0.6910166666666666,miss
78,6.358152168620579,1,0.6909,hit
79,-9.352668952307889,0,0.6907833333333333,miss
80,-8.801009337076255,0,0.6906666666666667,miss
81,-7.822930307863046,0,0.69055,miss
82,-6.9501215752479215,0,0.6904333333333332,miss
83,-16.075,0,0.6903166666666666,miss
84,-16.05,0,0.6901999999999999,miss
85,-16.05,0,0.6900833333333333,miss
86,-13.041395995237547,0,0.6899666666666666,miss
87,-16.05,0,0.68985,miss
88,-8.099311077678788,0,0.6897333333333333,miss
89,-11.562681785736324,0,0.6896166666666667,miss
90,-9.257757371920263,0,0.6895,miss
91,-10.923409243024805,0,0.6893833333333333,miss
92,-9.733189436877261,0,0.6892666666666667,miss
93,-7.8611881015288985,0,0.68915,miss
94,-12.450321669214734,0,0.6890333333333333,miss
95,-16.05,0,0.6889166666666666,miss
96,-5.966376335991526,0,0.6888,miss
97,-9.75685410164471,0,0.6886833333333333,miss
98,-15.973365052482903,0,0.6885666666666667,miss
99,-16.05,0,0.68845,miss
100,-16.05,0,0.6883333333333332,miss
101,-7.33585416984986,0,0.6882166666666666,miss
102,-16.05,0,0.6880999999999999,miss
103,-16.05,0,0.6879833333333333,miss
104,-16.05,0,0.6878666666666666,miss
105,-16.05,0,0.68775,miss
106,-7.503555173342533,0,0.6876333333333332,miss
107,-9.29666132770994,0,0.6875166666666666,miss
108,-16.05,0,0.6873999999999999,miss
109,-16.075,0,0.6872833333333332,miss
110,-16.075,0,0.6871666666666666,miss
111,-8.24194177117089,0,0.6870499999999999,miss
112,-13.068901244863957,0,0.6869333333333333,miss
113,-16.05,0,0.6868166666666666,miss
114,-16.05,0,0.6867,miss
115,-16.05,0,0.6865833333333333,miss
116,-8.668462245847547,0,0.6864666666666667,miss
117,-8.826375266396536,0,0.68635,miss
118,-5.785392994297513,0,0.6862333333333333,miss
119,-10.421640977099234,0,0.6861166666666666,miss
120,-8.493295593220747,0,0.6859999999999999,miss
121,-16.05,0,0.6858833333333333,miss
122,-16.05,0,0.6857666666666666,miss
123,-7.65755107849125,0,0.68565,miss
124,-9.617735639428682,0,0.6855333333333333,miss
125,-13.435828841185554,0,0.6854166666666666,miss
126,-16.05,0,0.6852999999999999,miss
127,-16.1,0,0.6851833333333333,miss
128,-7.29046468444991,0,0.6850666666666666,miss
129,-16.05,0,0.68495,miss
130,-16.075,0,0.6848333333333333,miss
131,-6.20647457369353,0,0.6847166666666666,miss
132,-16.05,0,0.6846,miss
133,-16.05,0,0.6844833333333333,miss
134,-16.1,0,0.6843666666666667,miss
135,-16.05,0,0.68425,miss
136,-10.405129501635795,0,0.6841333333333334,miss
137,-10.017034789436451,0,0.6840166666666666,miss
138,-12.934089021394106,0,0.6839,miss
139,-12.608258349631521,0,0.6837833333333333,miss
140,-16.05,0,0.6836666666666666,miss
141,-8.17762480041023,0,0.68355,miss
142,-6.350821884797221,0,0.6834333333333333,miss
143,-6.910339275367568,0,0.6833166666666666,miss
144,-7.593945318295107,0,0.6831999999999999,miss
145,-10.347689540890357,0,0.6830833333333333,miss
146,-10.565323210220411,0,0.6829666666666666,miss
147,-8.090634392968617,0,0.68285,miss
148,-16.05,0,0.6827333333333333,miss
149,-9.642855913934778,0,0.6826166666666666,miss
150,-9.424076410602437,0,0.6825,miss
151,-8.499073929821309,0,0.6823833333333333,miss
152,-9.171907754368059,0,0.6822666666666667,miss
153,-16.05,0,0.68215,miss
154,-16.05,0,0.6820333333333334,miss
155,-11.124580770921343,0,0.6819166666666666,miss
156,-6.510065150554976,0,0.6818,miss
157,-8.352636247425158,0,0.6816833333333333,miss
158,-14.472744322285184,0,0.6815666666666667,miss
159,-9.118251099836183,0,0.68145,miss
160,-8.322104418725248,0,0.6813333333333333,miss
161,6.596378279948412,1,0.6812166666666666,hit
162,-6.891910291664638,0,0.6810999999999999,miss
163,-16.05,0,0.6809833333333333,miss
164,-16.05,0,0.6808666666666666,miss
165,-10.838580500628385,0,0.68075,miss
166,-8.50455297222277,0,0.6806333333333333,miss
167,-16.05,0,0.6805166666666665,miss
168,-7.1483966955341325,0,0.6803999999999999,miss
169,-5.8905490824276745,0,0.6802833333333332,miss
170,-16.05,0,0.6801666666666666,miss
171,-16.05,0,0.6800499999999999,miss
172,-5.870824247578849,0,0.6799333333333333,miss
173,-16.05,0,0.6798166666666666,miss
174,-9.53650698991957,0,0.6797,miss
175,-9.065166431009475,0,0.6795833333333333,miss
176,-8.58259091348452,0,0.6794666666666667,miss
177,-16.05,0,0.67935,miss
178,-8.004373371718586,0,0.6792333333333334,miss
179,-16.05,0,0.6791166666666666,miss
180,-16.05,0,0.6789999999999999,miss
181,-7.352864272346256,0,0.6788833333333333,miss
182,-16.05,0,0.6787666666666666,miss
183,-7.057849440234545,0,0.67865,miss
184,-16.05,0,0.6785333333333333,miss
185,-16.05,0,0.6784166666666666,miss
186,-6.5420465013297076,0,0.6782999999999999,miss
187,-16.05,0,0.6781833333333332,miss
188,-10.0436774459672,0,0.6780666666666666,miss
189,-16.05,0,0.6779499999999999,miss
190,-7.653302386035376,0,0.6778333333333333,miss
191,-8.776861786336095,0,0.6777166666666666,miss
192,-16.075,0,0.6776,miss
193,-7.215844106351258,0,0.6774833333333333,miss
194,-8.542186098110214,0,0.6773666666666667,miss
195,-15.284620336941247,0,0.67725,miss
196,-16.05,0,0.6771333333333334,miss
197,-6.7289773476133306,0,0.6770166666666666,miss
198,-7.016059811209427,0,0.6769,miss
199,-16.125,0,0.6767833333333333,miss
200,-9.78969065238286,0,0.6766666666666666,miss
201,-7.727238305411052,0,0.67655,miss
202,-8.40399264032092,0,0.6764333333333333,miss
203,-8.438927776552516,0,0.6763166666666666,miss
204,-6.259637847989507,0,0.6761999999999999,miss
205,-9.49522692011728,0,0.6760833333333333,miss
206,-16.075,0,0.6759666666666666,miss
207,-8.61884995026872,0,0.67585,miss
208,-8.151352023473285,0,0.6757333333333333,miss
209,-10.231562416301843,0,0.6756166666666666,miss
210,-16.075,0,0.6755,miss
211,-16.05,0,0.6753833333333333,miss
212,-16.05,0,0.6752666666666667,miss
213,-16.05,0,0.67515,miss
214,-13.293502479169748,0,0.6750333333333334,miss
215,-6.935868974161244,0,0.6749166666666666,miss
216,-14.03979302348083,0,0.6748,miss
217,-10.564106536185193,0,0.6746833333333333,miss
218,-16.075,0,0.6745666666666666,miss
219,-16.1,0,0.67445,miss
220,-6.043881611826895,0,0.6743333333333333,miss
221,-16.05,0,0.6742166666666666,miss
222,-7.376674290108776,0,0.6740999999999999,miss
223,-7.7994389773357735,0,0.6739833333333333,miss
224,-5.87707330860537,0,0.6738666666666666,miss
225,-6.4157399346242565,0,0.67375,miss
226,-6.844987905333351,0,0.6736333333333333,miss
227,-16.05,0,0.6735166666666665,miss
228,-16.05,0,0.6733999999999999,miss
229,-8.30247560031154,0,0.6732833333333332,miss
230,-16.05,0,0.6731666666666666,miss
231,-8.041979358607561,0,0.6730499999999999,miss
232,-16.05,0,0.6729333333333333,miss
233,6.375765458687832,1,0.6728166666666666,hit
234,-16.05,0,0.6727,miss
235,-9.57026789809074,0,0.6725833333333333,miss
236,-11.786155421094964,0,0.6724666666666667,miss
237,-7.3404505854267335,0,0.67235,miss
238,-16.05,0,0.6722333333333333,miss
239,-6.3909465602288575,0,0.6721166666666666,miss
240,-8.321698331510138,0,0.6719999999999999,miss
241,-8.304161723085347,0,0.6718833333333333,miss
242,-7.1413012749434515,0,0.6717666666666666,miss
243,-16.075,0,0.67165,miss
244,-16.075,0,0.6715333333333333,miss
245,-16.05,0,0.6714166666666667,miss
246,-11.473423398201195,0,0.6712999999999999,miss
247,-6.292464748631181,0,0.6711833333333332,miss
248,-8.29385073905133,0,0.6710666666666666,miss
249,-13.549572549940898,0,0.6709499999999999,miss
250,-16.05,0,0.6708333333333333,miss
251,-8.432624890307952,0,0.6707166666666666,miss
252,-12.642731168644836,0,0.6706,miss
253,6.3618362265063775,1,0.6704833333333333,hit
254,-16.05,0,0.6703666666666667,miss
255,-7.090165616160091,0,0.67025,miss
256,-16.05,0,0.6701333333333334,miss
257,-9.166896810609824,0,0.6700166666666667,miss
258,-16.05,0,0.6698999999999999,miss
259,-16.05,0,0.6697833333333333,miss
260,-16.05,0,0.6696666666666666,miss
261,-7.223238209959044,0,0.66955,miss
262,-16.05,0,0.6694333333333333,miss
263,-14.51446395268113,0,0.6693166666666666,miss
264,-16.05,0,0.6691999999999999,miss
265,-16.05,0,0.6690833333333333,miss
266,-16.05,0,0.6689666666666666,miss
267,-7.317569567976017,0,0.66885,miss
268,-16.05,0,0.6687333333333333,miss
269,-12.26302395451811,0,0.6686166666666666,miss
270,6.505053415408132,1,0.6685,hit
271,-9.159955520504203,0,0.6683833333333333,miss
272,-16.05,0,0.6682666666666667,miss
273,-16.05,0,0.66815,miss
274,-6.349809909138087,0,0.6680333333333334,miss
275,-16.05,0,0.6679166666666667,miss
276,-7.41119161816322,0,0.6678,miss
277,-16.05,0,0.6676833333333333,miss
278,-6.255767383063444,0,0.6675666666666666,miss
279,-16.075,0,0.66745,miss
280,-6.53871933919759,0,0.6673333333333333,miss
281,-7.755640531247859,0,0.6672166666666667,miss
282,-6.657018858728885,0,0.6670999999999999,miss
283,-9.808900891338658,0,0.6669833333333333,miss
284,-6.323428898109408,0,0.6668666666666666,miss
285,-6.141587125135466,0,0.66675,miss
286,-10.090058963061837,0,0.6666333333333333,miss
287,-16.05,0,0.6665166666666666,miss
288,-7.203590823754346,0,0.6663999999999999,miss
289,-16.05,0,0.6662833333333332,miss
290,-16.05,0,0.6661666666666666,miss
291,-8.097633127639375,0,0.6660499999999999,miss
292,-16.05,0,0.6659333333333333,miss
293,-16.05,0,0.6658166666666666,miss
294,-16.05,0,0.6657,miss
295,-10.88716867891063,0,0.6655833333333333,miss
296,-9.066046778495247,0,0.6654666666666667,miss
297,-16.075,0,0.66535,miss
298,-16.075,0,0.6652333333333333,miss
299,-7.691573315393487,0,0.6651166666666667,miss
300,-16.05,0,0.6649999999999999,miss
301,-8.913439650856926,0,0.6648833333333333,miss
302,-10.465670310697742,0,0.6647666666666666,miss
303,-7.641823631109628,0,0.66465,miss
304,-16.05,0,0.6645333333333333,miss
305,6.708209835433435,1,0.6644166666666667,hit
306,-7.835539782771957,0,0.6642999999999999,miss
307,-8.923869276240753,0,0.6641833333333332,miss
308,-6.124346036180188,0,0.6640666666666666,miss
309,-10.553375125780558,0,0.6639499999999999,miss
310,-9.359857602519968,0,0.6638333333333333,miss
311,-16.075,0,0.6637166666666666,miss
312,-7.563113429539459,0,0.6636,miss
313,-6.496114273280625,0,0.6634833333333333,miss
314,-16.075,0,0.6633666666666667,miss
315,-16.05,0,0.66325,miss
316,-6.916860162924609,0,0.6631333333333334,miss
317,-9.409757921269941,0,0.6630166666666667,miss
318,-7.108101132452243,0,0.6628999999999999,miss
319,-16.075,0,0.6627833333333333,miss
320,-9.152442228944228,0,0.6626666666666666,miss
321,-16.05,0,0.66255,miss
322,-16.05,0,0.6624333333333333,miss
323,-7.6896286023472005,0,0.6623166666666667,miss
324,-16.05,0,0.6621999999999999,miss
325,-16.05,0,0.6620833333333332,miss
326,-16.05,0,0.6619666666666666,miss
327,-7.142347536110963,0,0.6618499999999999,miss
328,-5.645500900014142,0,0.6617333333333333,miss
329,-7.640505753477091,0,0.6616166666666666,miss
330,-8.060937724008712,0,0.6615,miss
331,-16.125,0,0.6613833333333333,miss
332,-16.05,0,0.6612666666666667,miss
333,-16.05,0,0.66115,miss
334,-16.05,0,0.6610333333333334,miss
335,-16.1,0,0.6609166666666667,miss
336,-16.075,0,0.6607999999999999,miss
337,-16.05,0,0.6606833333333333,miss
338,-16.05,0,0.6605666666666666,miss
339,-16.075,0,0.66045,miss
340,-7.7786449919705785,0,0.6603333333333333,miss
341,-9.968742274995886,0,0.6602166666666667,miss
342,-7.4349173385961285,0,0.6600999999999999,miss
343,-7.019324735727082,0,0.6599833333333333,miss
344,-6.070481542090581,0,0.6598666666666666,miss
345,-7.634247843105939,0,0.65975,miss
346,-16.05,0,0.6596333333333333,miss
347,-16.05,0,0.6595166666666666,miss
348,-9.164951540589108,0,0.6593999999999999,miss
349,-12.089800382610203,0,0.6592833333333332,miss
350,-16.075,0,0.6591666666666666,miss
351,-12.064554243939467,0,0.6590499999999999,miss
352,-16.05,0,0.6589333333333333,miss
353,-9.001687315139728,0,0.6588166666666666,miss
354,-16.05,0,0.6587,miss
355,-16.05,0,0.6585833333333333,miss
356,-16.05,0,0.6584666666666666,miss
357,-6.162349067018483,0,0.65835,miss
358,-7.9330645224708904,0,0.6582333333333333,miss
359,-16.05,0,0.6581166666666667,miss
360,-6.6256160943205895,0,0.6579999999999999,miss
361,-11.676508479851643,0,0.6578833333333333,miss
362,-13.653227471092606,0,0.6577666666666666,miss
363,-16.05,0,0.65765,miss
364,-16.05,0,0.6575333333333333,miss
365,-16.05,0,0.6574166666666666,miss
366,-16.05,0,0.6573,miss
367,-16.05,0,0.6571833333333332,miss
368,-16.075,0,0.6570666666666666,miss
369,-9.186090861310497,0,0.6569499999999999,miss
370,-10.571445504585649,0,0.6568333333333333,miss
371,-10.215872575521198,0,0.6567166666666666,miss
372,-9.260447280121769,0,0.6566,miss
373,-8.114249419481931,0,0.6564833333333333,miss
374,-16.05,0,0.6563666666666667,miss
375,-7.45456162775556,0,0.65625,miss
376,-7.269736164149754,0,0.6561333333333333,miss
377,-8.8895934522932,0,0.6560166666666667,miss
378,-8.691832148435513,0,0.6559,miss
379,-9.939302581013008,0,0.6557833333333333,miss
380,-14.058272956561852,0,0.6556666666666666,miss
381,-8.532490235560658,0,0.65555,miss
382,-8.312528165698275,0,0.6554333333333333,miss
383,-16.075,0,0.6553166666666667,miss
384,-16.05,0,0.6551999999999999,miss
385,-16.05,0,0.6550833333333332,miss
386,-16.05,0,0.6549666666666666,miss
387,-8.389520497818694,0,0.6548499999999999,miss
388,-16.05,0,0.6547333333333333,miss
389,-16.044147262374576,0,0.6546166666666666,miss
390,-8.321143305462092,0,0.6545,miss
391,-9.799621115485202,0,0.6543833333333333,miss
392,-16.05,0,0.6542666666666667,miss
393,-5.859552755771045,0,0.65415,miss
394,-9.9776283994144,0,0.6540333333333334,miss
395,-10.723202357765627,0,0.6539166666666667,miss
396,-16.075,0,0.6537999999999999,miss
397,-9.833978468672484,0,0.6536833333333333,miss
398,-16.05,0,0.6535666666666666,miss
399,-16.075,0,0.65345,miss
400,-16.1,0,0.6533333333333333,miss
401,-16.05,0,0.6532166666666667,miss
402,-8.144622692907916,0,0.6531,miss
403,-10.957310143427705,0,0.6529833333333332,miss
404,-6.6661261997502415,0,0.6528666666666666,miss
405,-5.747469485174729,0,0.6527499999999999,miss
406,-7.995929985526359,0,0.6526333333333333,miss
407,-11.117852266321625,0,0.6525166666666666,miss
408,-7.802345271157238,0,0.6523999999999999,miss
409,-16.05,0,0.6522833333333332,miss
410,-16.05,0,0.6521666666666666,miss
411,-9.771629208221125,0,0.6520499999999999,miss
412,-16.05,0,0.6519333333333333,miss
413,-16.05,0,0.6518166666666666,miss
414,-16.1,0,0.6517,miss
415,-16.05,0,0.6515833333333333,miss
416,-9.211283322035005,0,0.6514666666666666,miss
417,-16.05,0,0.65135,miss
418,-16.05,0,0.6512333333333333,miss
419,-8.327156559884147,0,0.6511166666666667,miss
420,-16.075,0,0.6509999999999999,miss
421,-6.023410560906492,0,0.6508833333333333,miss
422,-16.075,0,0.6507666666666666,miss
423,-16.05,0,0.65065,miss
424,-14.735245776391542,0,0.6505333333333333,miss
425,-8.479740359555077,0,0.6504166666666666,miss
426,-16.075,0,0.6503,miss
427,-10.584688513522616,0,0.6501833333333332,miss
428,-16.05,0,0.6500666666666666,miss
429,-16.05,0,0.6499499999999999,miss
430,-8.503143345342867,0,0.6498333333333333,miss
431,-8.787161756508127,0,0.6497166666666666,miss
432,-7.419312698544362,0,0.6496,miss
433,-16.05,0,0.6494833333333333,miss
434,-8.623612811438253,0,0.6493666666666666,miss
435,-8.847766556043648,0,0.64925,miss
436,6.771450934634675,1,0.6491333333333333,hit
437,-7.043249352588538,0,0.6490166666666667,miss
438,-7.8968537238123595,0,0.6489,miss
439,-5.530984356678011,0,0.6487833333333333,miss
440,-8.659804062598564,0,0.6486666666666666,miss
441,-6.922935160872394,0,0.64855,miss
442,-7.465886263639572,0,0.6484333333333333,miss
443,6.245114451757983,1,0.6483166666666667,hit
444,-11.79027796907819,0,0.6482,miss
445,-6.612066323036561,0,0.6480833333333332,miss
446,-16.075,0,0.6479666666666666,miss
447,-16.05,0,0.6478499999999999,miss
448,-16.05,0,0.6477333333333333,miss
449,-10.667092985663269,0,0.6476166666666666,miss
450,-6.708335889514934,0,0.6475,miss
451,-8.156285553427807,0,0.6473833333333333,miss
452,-8.83152809598316,0,0.6472666666666667,miss
453,-8.41125149203147,0,0.64715,miss
454,-7.786434844504523,0,0.6470333333333333,miss
455,-7.4246091598110615,0,0.6469166666666667,miss
456,-8.382676542319983,0,0.6468,miss
457,-7.318464830993279,0,0.6466833333333333,miss
458,-10.295186241200742,0,0.6465666666666666,miss
459,-6.424842704221982,0,0.64645,miss
460,-7.383708217202137,0,0.6463333333333333,miss
461,-6.331390485418066,0,0.6462166666666667,miss
462,-6.857823601258327,0,0.6461,miss
463,-9.325732356937875,0,0.6459833333333334,miss
464,-16.05,0,0.6458666666666666,miss
465,-16.075,0,0.6457499999999999,miss
466,-10.436174198170573,0,0.6456333333333333,miss
467,-16.05,0,0.6455166666666666,miss
468,-6.230957115561941,0,0.6454,miss
469,-7.608721809229404,0,0.6452833333333332,miss
470,-16.075,0,0.6451666666666666,miss
471,-7.185737132394388,0,0.6450499999999999,miss
472,-16.05,0,0.6449333333333332,miss
473,-16.05,0,0.6448166666666666,miss
474,-8.491097074293112,0,0.6446999999999999,miss
475,-7.957771540732287,0,0.6445833333333333,miss
476,-16.05,0,0.6444666666666666,miss
477,-10.191415816070627,0,0.64435,miss
478,-7.380287126114711,0,0.6442333333333333,miss
479,-16.05,0,0.6441166666666667,miss
480,-16.05,0,0.644,miss
481,-16.05,0,0.6438833333333333,miss
482,-16.1,0,0.6437666666666666,miss
483,-16.05,0,0.6436499999999999,miss
484,-16.075,0,0.6435333333333333,miss
485,-7.539801218530017,0,0.6434166666666666,miss
486,-16.05,0,0.6433,miss
487,-16.075,0,0.6431833333333333,miss
488,-9.126702546454206,0,0.6430666666666666,miss
489,-7.587854692918651,0,0.6429499999999999,miss
490,-7.731054686148495,0,0.6428333333333333,miss
491,-11.855707447281745,0,0.6427166666666666,miss
492,-10.987652989679292,0,0.6426,miss
493,-10.657747577555305,0,0.6424833333333333,miss
494,-8.003903469892514,0,0.6423666666666666,miss
495,-16.05,0,0.64225,miss
496,-16.05,0,0.6421333333333333,miss
497,-10.088650658318473,0,0.6420166666666667,miss
498,-5.717454635929919,0,0.6419,miss
499,-7.531621453004182,0,0.6417833333333334,miss
500,-11.837224492616153,0,0.6416666666666666,miss
501,-16.05,0,0.64155,miss
502,-16.1,0,0.6414333333333333,miss
503,-6.40681096234277,0,0.6413166666666666,miss
504,-10.187844145392367,0,0.6412,miss
505,-16.05,0,0.6410833333333332,miss
506,-16.05,0,0.6409666666666666,miss
507,-16.05,0,0.6408499999999999,miss
508,-6.378011034828913,0,0.6407333333333333,miss
509,-13.669498017337578,0,0.6406166666666666,miss
510,-16.05,0,0.6405,miss
511,-9.89773476373911,0,0.6403833333333333,miss
512,-16.05,0,0.6402666666666667,miss
513,-5.659767032917644,0,0.64015,miss
514,-16.075,0,0.6400333333333333,miss
515,-8.855864278355014,0,0.6399166666666667,miss
516,-7.55296681831505,0,0.6398,miss
517,-7.13380459039832,0,0.6396833333333333,miss
518,-5.852590954068668,0,0.6395666666666666,miss
519,-16.05,0,0.63945,miss
520,-16.05,0,0.6393333333333333,miss
521,-8.247226462091398,0,0.6392166666666667,miss
522,-16.075,0,0.6391,miss
523,-8.159580406168926,0,0.6389833333333333,miss
524,-10.416688205340757,0,0.6388666666666666,miss
525,-6.756596336846183,0,0.6387499999999999,miss
526,-13.795756266131367,0,0.6386333333333333,miss
527,-8.965482236953518,0,0.6385166666666666,miss
528,-16.05,0,0.6384,miss
529,-12.627067181226439,0,0.6382833333333332,miss
530,-15.031363531265765,0,0.6381666666666665,miss
531,-16.05,0,0.6380499999999999,miss
532,-13.467192124753,0,0.6379333333333332,miss
533,-16.075,0,0.6378166666666666,miss
534,-16.05,0,0.6376999999999999,miss
535,-16.075,0,0.6375833333333333,miss
536,-10.263082903263552,0,0.6374666666666666,miss
537,-16.05,0,0.63735,miss
538,-10.249386336254165,0,0.6372333333333333,miss
539,-9.306962275055602,0,0.6371166666666667,miss
540,-16.075,0,0.637,miss
541,-16.05,0,0.6368833333333332,miss
542,-16.075,0,0.6367666666666666,miss
543,-9.558536553040529,0,0.6366499999999999,miss
544,-13.031542665737096,0,0.6365333333333333,miss
545,-16.05,0,0.6364166666666666,miss
546,-16.075,0,0.6363,miss
547,-7.399551463606568,0,0.6361833333333333,miss
548,-16.075,0,0.6360666666666666,miss
549,-10.994539237796012,0,0.6359499999999999,miss
550,-7.933022691570566,0,0.6358333333333333,miss
551,-16.053730543709293,0,0.6357166666666666,miss
552,-10.50845311225937,0,0.6355999999999999,miss
553,-7.705672405371629,0,0.6354833333333333,miss
554,-10.051259222789351,0,0.6353666666666666,miss
555,-16.05,0,0.63525,miss
556,6.743713439887287,1,0.6351333333333333,hit
557,-16.05,0,0.6350166666666667,miss
558,-16.075,0,0.6349,miss
559,-16.05,0,0.6347833333333334,miss
560,-6.399289448228591,0,0.6346666666666666,miss
561,-16.05,0,0.63455,miss
562,-12.188501977065524,0,0.6344333333333333,miss
563,-16.075,0,0.6343166666666666,miss
564,-16.05,0,0.6342,miss
565,-10.564473868060114,0,0.6340833333333333,miss
566,-7.702847143086818,0,0.6339666666666666,miss
567,-6.893730146511763,0,0.6338499999999999,miss
568,-7.050900193740855,0,0.6337333333333333,miss
569,-11.140420364390613,0,0.6336166666666666,miss
570,-16.05,0,0.6335,miss
571,-8.313578821061258,0,0.6333833333333333,miss
572,-6.301843350462377,0,0.6332666666666666,miss
573,-8.2961990946169,0,0.63315,miss
574,-12.870265076485467,0,0.6330333333333333,miss
575,-7.185215202355206,0,0.6329166666666667,miss
576,-11.91077684785909,0,0.6328,miss
577,-16.075,0,0.6326833333333334,miss
578,-9.32197926194627,0,0.6325666666666666,miss
579,-9.02624634520943,0,0.63245,miss
580,-16.05,0,0.6323333333333333,miss
581,-16.05,0,0.6322166666666666,miss
582,-8.516360347256136,0,0.6321,miss
583,-6.925210541080351,0,0.6319833333333333,miss
584,-6.56054844299176,0,0.6318666666666667,miss
585,6.516005373887935,1,0.6317499999999999,hit
586,-7.053384261860932,0,0.6316333333333333,miss
587,-7.23189600827867,0,0.6315166666666666,miss
588,-8.176127657399984,0,0.6314,miss
589,-6.990393183229549,0,0.6312833333333333,miss
590,-8.32570754441768,0,0.6311666666666665,miss
591,-16.075,0,0.6310499999999999,miss
592,-10.655043934156325,0,0.6309333333333332,miss
593,-11.308230026296386,0,0.6308166666666666,miss
594,-16.05,0,0.6306999999999999,miss
595,6.973173776460855,1,0.6305833333333333,hit
596,-8.592246987762694,0,0.6304666666666666,miss
597,-9.28364557580877,0,0.63035,miss
598,-16.075,0,0.6302333333333333,miss
599,-16.05,0,0.6301166666666667,miss
600,-12.029874306701743,0,0.63,miss
601,-16.075,0,0.6298833333333334,miss
602,-16.075,0,0.6297666666666666,miss
603,-16.05,0,0.6296499999999999,miss
604,-8.335711764912354,0,0.6295333333333333,miss
605,-8.780588578134168,0,0.6294166666666666,miss
606,-9.344493822036316,0,0.6293,miss
607,-9.548724247189005,0,0.6291833333333333,miss
608,-7.913704197668644,0,0.6290666666666667,miss
609,-7.737525391134148,0,0.6289499999999999,miss
610,-10.881233885456082,0,0.6288333333333332,miss
611,-16.05,0,0.6287166666666666,miss
612,-16.05,0,0.6285999999999999,miss
613,-12.051822390032813,0,0.6284833333333333,miss
614,-9.86292086669608,0,0.6283666666666666,miss
615,-8.614751565219299,0,0.62825,miss
616,-8.074427836158199,0,0.6281333333333333,miss
617,-7.3259898658323035,0,0.6280166666666667,miss
618,-11.952174911922063,0,0.6279,miss
619,7.0518446073127175,1,0.6277833333333334,hit
620,-6.442764885252213,0,0.6276666666666667,miss
621,-9.136388945647637,0,0.6275499999999999,miss
622,-10.429363684794925,0,0.6274333333333333,miss
623,-13.897239986536167,0,0.6273166666666666,miss
624,-16.075,0,0.6272,miss
625,-7.782356825384043,0,0.6270833333333333,miss
626,-8.768238458176695,0,0.6269666666666666,miss
627,-11.89299461525139,0,0.6268499999999999,miss
628,-8.31468647691107,0,0.6267333333333333,miss
629,-15.130938521899166,0,0.6266166666666666,miss
630,-15.345156944699385,0,0.6265,miss
631,-8.190257174849958,0,0.6263833333333333,miss
632,-16.075,0,0.6262666666666666,miss
633,-16.1,0,0.62615,miss
634,-6.022305767066882,0,0.6260333333333333,miss
635,-6.334767560459499,0,0.6259166666666667,miss
636,-5.921760298014765,0,0.6258,miss
637,-8.63087151274155,0,0.6256833333333334,miss
638,-16.05,0,0.6255666666666666,miss
639,-7.207119435926035,0,0.62545,miss
640,-16.05,0,0.6253333333333333,miss
641,-6.679978106604574,0,0.6252166666666666,miss
642,-16.05,0,0.6251,miss
643,-12.153896546917315,0,0.6249833333333333,miss
644,-16.075,0,0.6248666666666667,miss
645,-9.366185570250579,0,0.6247499999999999,miss
646,-16.05,0,0.6246333333333333,miss
647,-11.293344478843498,0,0.6245166666666666,miss
648,-16.05,0,0.6244,miss
649,-16.1,0,0.6242833333333333,miss
650,-16.05,0,0.6241666666666665,miss
651,-16.05,0,0.6240499999999999,miss
652,-6.760741379534472,0,0.6239333333333332,miss
653,-7.960589600577959,0,0.6238166666666666,miss
654,-10.808989838162177,0,0.6236999999999999,miss
655,-5.96656188594569,0,0.6235833333333333,miss
656,-7.217523243111195,0,0.6234666666666666,miss
657,-10.512059562523877,0,0.62335,miss
658,-7.259646688540159,0,0.6232333333333333,miss
659,-16.05,0,0.6231166666666667,miss
660,-16.05,0,0.623,miss
661,-16.05,0,0.6228833333333333,miss
662,6.920957138370667,1,0.6227666666666666,hit
663,-16.05,0,0.6226499999999999,miss
664,-7.169670406481629,0,0.6225333333333333,miss
665,-16.075,0,0.6224166666666666,miss
666,-6.952150622143486,0,0.6223,miss
667,-6.2480107793115325,0,0.6221833333333333,miss
668,-5.9741708613896085,0,0.6220666666666667,miss
669,-16.075,0,0.6219499999999999,miss
670,-10.385215469557636,0,0.6218333333333332,miss
671,-12.41648024170844,0,0.6217166666666666,miss
672,-12.16525852549691,0,0.6215999999999999,miss
673,-15.543940556073904,0,0.6214833333333333,miss
674,-16.05,0,0.6213666666666666,miss
675,-16.1,0,0.62125,miss
676,-7.403455055130492,0,0.6211333333333333,miss
677,-10.192432634072519,0,0.6210166666666667,miss
678,-12.129921918346858,0,0.6209,miss
679,-7.838369226684929,0,0.6207833333333334,miss
680,-9.812412179792279,0,0.6206666666666667,miss
681,-9.190354979779512,0,0.6205499999999999,miss
682,-10.058863647475128,0,0.6204333333333333,miss
683,-16.05,0,0.6203166666666666,miss
684,-12.30605491486142,0,0.6202,miss
685,-6.823433783127667,0,0.6200833333333333,miss
686,-11.812978207569449,0,0.6199666666666667,miss
687,-16.075,0,0.6198499999999999,miss
688,-16.075,0,0.6197333333333332,miss
689,-16.075,0,0.6196166666666666,miss
690,-12.682064964271849,0,0.6194999999999999,miss
691,-16.075,0,0.6193833333333333,miss
692,-16.05,0,0.6192666666666666,miss
693,-6.713637908330377,0,0.61915,miss
694,-8.80909322661344,0,0.6190333333333333,miss
695,-16.075,0,0.6189166666666667,miss
696,-16.05,0,0.6188,miss
697,-16.075,0,0.6186833333333334,miss
698,-10.038656726615777,0,0.6185666666666667,miss
699,-16.075,0,0.6184499999999999,miss
700,-6.793047857222781,0,0.6183333333333333,miss
701,-7.062834940685311,0,0.6182166666666666,miss
702,-11.902930287407454,0,0.6181,miss
703,-9.742590367608308,0,0.6179833333333333,miss
704,-7.989400459707193,0,0.6178666666666667,miss
705,-16.05,0,0.61775,miss
706,-5.981467726499155,0,0.6176333333333333,miss
707,-16.05,0,0.6175166666666666,miss
708,-8.383014061727051,0,0.6174,miss
709,-16.05,0,0.6172833333333333,miss
710,-6.3569212515108955,0,0.6171666666666666,miss
711,-13.787940620156842,0,0.6170499999999999,miss
712,-7.361585546833398,0,0.6169333333333332,miss
713,-10.84424529025934,0,0.6168166666666666,miss
714,-15.551347429769425,0,0.6166999999999999,miss
715,-16.05,0,0.6165833333333333,miss
716,6.443603158254758,1,0.6164666666666666,hit
717,-16.05,0,0.61635,miss
718,-7.958243434569545,0,0.6162333333333333,miss
719,-5.631877211068189,0,0.6161166666666666,miss
720,-7.9026823705743965,0,0.616,miss
721,-8.196547652359119,0,0.6158833333333333,miss
722,-16.075,0,0.6157666666666667,miss
723,-6.649413717815289,0,0.6156499999999999,miss
724,-16.05,0,0.6155333333333333,miss
725,-16.05,0,0.6154166666666666,miss
726,-16.075,0,0.6153,miss
727,-6.160203709909148,0,0.6151833333333333,miss
728,-11.142983209193286,0,0.6150666666666667,miss
729,-16.1,0,0.61495,miss
730,-9.078320051243502,0,0.6148333333333332,miss
731,-8.386011139358876,0,0.6147166666666666,miss
732,-6.321792928053613,0,0.6145999999999999,miss
733,-16.05,0,0.6144833333333333,miss
734,6.577314988103343,1,0.6143666666666666,hit
735,-8.80810131597964,0,0.61425,miss
736,-16.05,0,0.6141333333333333,miss
737,-6.740746711497886,0,0.6140166666666667,miss
738,-16.1,0,0.6139,miss
739,-9.80888540089616,0,0.6137833333333333,miss
740,-10.126049366985693,0,0.6136666666666667,miss
741,-9.654375755163167,0,0.61355,miss
742,-16.075,0,0.6134333333333333,miss
743,-16.05,0,0.6133166666666666,miss
744,-9.110820606306731,0,0.6132,miss
745,6.391869609739637,1,0.6130833333333333,hit
746,-5.814014029749078,0,0.6129666666666667,miss
747,-16.05,0,0.6128499999999999,miss
748,-16.05,0,0.6127333333333332,miss
749,-7.330870302768424,0,0.6126166666666666,miss
750,-16.05,0,0.6124999999999999,miss
751,-9.607212849943142,0,0.6123833333333333,miss
752,-8.236688881535331,0,0.6122666666666666,miss
753,-16.075,0,0.61215,miss
754,-6.269988854705975,0,0.6120333333333333,miss
755,6.34342327765688,1,0.6119166666666667,hit
756,-9.370714848311435,0,0.6118,miss
757,-8.825990505066727,0,0.6116833333333334,miss
758,-16.05,0,0.6115666666666667,miss
759,-7.059059526275818,0,0.6114499999999999,miss
760,-6.0402452583230515,0,0.6113333333333333,miss
761,-6.053379499791051,0,0.6112166666666666,miss
762,-14.679625478906189,0,0.6111,miss
763,-16.075,0,0.6109833333333333,miss
764,-16.05,0,0.6108666666666667,miss
765,-16.05,0,0.61075,miss
766,-10.389476190857355,0,0.6106333333333333,miss
767,-7.913497576806907,0,0.6105166666666666,miss
768,-16.05,0,0.6103999999999999,miss
769,-7.625525694573366,0,0.6102833333333333,miss
770,-9.179862297192717,0,0.6101666666666666,miss
771,-9.313944964635358,0,0.6100499999999999,miss
772,-8.450903339078799,0,0.6099333333333332,miss
773,-16.05,0,0.6098166666666666,miss
774,-7.0996558417351325,0,0.6096999999999999,miss
775,-8.936473363205302,0,0.6095833333333333,miss
776,-16.05,0,0.6094666666666666,miss
777,-6.667254297581147,0,0.60935,miss
778,-6.377902156527247,0,0.6092333333333333,miss
779,-16.1,0,0.6091166666666666,miss
780,-16.05,0,0.609,miss
781,-11.868675467466115,0,0.6088833333333333,miss
782,-6.303858215349901,0,0.6087666666666667,miss
783,-6.756669961287133,0,0.6086499999999999,miss
784,6.37125477207097,1,0.6085333333333333,hit
785,-6.837455079629544,0,0.6084166666666666,miss
786,-10.93173679164508,0,0.6083,miss
787,-16.075,0,0.6081833333333333,miss
788,-16.075,0,0.6080666666666666,miss
789,-8.363987947068813,0,0.60795,miss
790,-11.472909430849299,0,0.6078333333333333,miss
791,6.541703762932629,1,0.6077166666666666,hit
792,-6.586771487294509,0,0.6075999999999999,miss
793,-16.05,0,0.6074833333333333,miss
794,-16.05,0,0.6073666666666666,miss
795,-7.76569626675632,0,0.60725,miss
796,-8.460741479785753,0,0.6071333333333333,miss
797,-16.1,0,0.6070166666666666,miss
798,-7.504472821643511,0,0.6069,miss
799,-5.869751770334816,0,0.6067833333333333,miss
800,-16.075,0,0.6066666666666667,miss
801,-8.662982080047087,0,0.60655,miss
802,-7.146795860637159,0,0.6064333333333334,miss
803,-7.022296757469279,0,0.6063166666666666,miss
804,-6.047088928172575,0,0.6062,miss
805,-6.109943801453983,0,0.6060833333333333,miss
806,-16.05,0,0.6059666666666667,miss
807,-11.820166668015707,0,0.6058499999999999,miss
808,-16.075,0,0.6057333333333332,miss
809,-6.392136635743551,0,0.6056166666666666,miss
810,-10.488692834576456,0,0.6054999999999999,miss
811,-16.1,0,0.6053833333333333,miss
812,-8.165184760214023,0,0.6052666666666666,miss
813,-16.075,0,0.60515,miss
814,-16.05,0,0.6050333333333333,miss
815,-10.659021015802848,0,0.6049166666666667,miss
816,-5.817540320580218,0,0.6048,miss
817,-16.05,0,0.6046833333333334,miss
818,-16.05,0,0.6045666666666667,miss
819,-8.446258484018891,0,0.6044499999999999,miss
820,-16.05,0,0.6043333333333333,miss
821,-7.6343527986546675,0,0.6042166666666666,miss
822,-9.358647532168064,0,0.6041,miss
823,-16.05,0,0.6039833333333333,miss
824,-16.05,0,0.6038666666666667,miss
825,-6.387157840758356,0,0.60375,miss
826,-9.227910596585884,0,0.6036333333333334,miss
827,-10.664024363100191,0,0.6035166666666666,miss
828,-16.075,0,0.6033999999999999,miss
829,-5.813533397538638,0,0.6032833333333333,miss
830,-6.852304293109869,0,0.6031666666666666,miss
831,-16.075,0,0.6030499999999999,miss
832,-14.600800184790344,0,0.6029333333333332,miss
833,-5.868340558036655,0,0.6028166666666666,miss
834,6.650589154985448,1,0.6026999999999999,hit
835,-16.05,0,0.6025833333333332,miss
836,-10.976296420066797,0,0.6024666666666666,miss
837,-16.075,0,0.6023499999999999,miss
838,-16.05,0,0.6022333333333333,miss
839,-5.594346731092257,0,0.6021166666666666,miss
840,-16.075,0,0.602,miss
841,-16.05,0,0.6018833333333333,miss
842,-9.076651253037456,0,0.6017666666666667,miss
843,-16.075,0,0.6016499999999999,miss
844,-16.05,0,0.6015333333333333,miss
845,-6.687069837535365,0,0.6014166666666666,miss
846,-16.1,0,0.6013,miss
847,-16.075,0,0.6011833333333333,miss
848,-16.05,0,0.6010666666666666,miss
849,-6.911618477027468,0,0.60095,miss
850,-7.241918970813874,0,0.6008333333333333,miss
851,-5.600666219031351,0,0.6007166666666666,miss
852,-16.05,0,0.6005999999999999,miss
853,-16.05,0,0.6004833333333333,miss
854,-6.645345593857323,0,0.6003666666666666,miss
855,-6.430382228868206,0,0.60025,miss
856,-8.251262967407348,0,0.6001333333333333,miss
857,-9.124566387662156,0,0.6000166666666666,miss
858,-16.05,0,0.5999,miss
859,-16.05,0,0.5997833333333333,miss
860,-7.760999170744547,0,0.5996666666666667,miss
861,-8.443569652390552,0,0.59955,miss
862,-7.811875161991806,0,0.5994333333333334,miss
863,-6.805155361014878,0,0.5993166666666666,miss
864,-8.742741959866725,0,0.5992,miss
865,-7.947831425493377,0,0.5990833333333333,miss
866,-16.05,0,0.5989666666666666,miss
867,-16.05,0,0.59885,miss
868,-8.364246398934853,0,0.5987333333333332,miss
869,-16.05,0,0.5986166666666666,miss
870,-7.028500063492674,0,0.5984999999999999,miss
871,-8.28657449757466,0,0.5983833333333333,miss
872,-7.330252168352324,0,0.5982666666666666,miss
873,-16.075,0,0.59815,miss
874,-11.43129185363688,0,0.5980333333333333,miss
875,6.890501395458719,1,0.5979166666666667,hit
876,-10.325435807892173,0,0.5978,miss
877,-16.075,0,0.5976833333333333,miss
878,-8.7196057618947,0,0.5975666666666667,miss
879,-10.501639556289627,0,0.59745,miss
880,-11.445846819981963,0,0.5973333333333333,miss
881,-10.003243703650021,0,0.5972166666666666,miss
882,-6.395832544486492,0,0.5971,miss
883,-7.0140540815917145,0,0.5969833333333333,miss
884,-9.25096974449666,0,0.5968666666666667,miss
885,6.747873379134359,1,0.59675,hit
886,-7.21220200054189,0,0.5966333333333333,miss
887,-16.075,0,0.5965166666666666,miss
888,-12.280420931446232,0,0.5963999999999999,miss
889,-6.146628659324296,0,0.5962833333333333,miss
890,-8.619410209272752,0,0.5961666666666666,miss
891,-7.411675218400419,0,0.59605,miss
892,-16.05,0,0.5959333333333332,miss
893,-16.05,0,0.5958166666666666,miss
894,-16.05,0,0.5956999999999999,miss
895,-7.167639464849864,0,0.5955833333333332,miss
896,-8.152945649610372,0,0.5954666666666666,miss
897,-16.05,0,0.5953499999999999,miss
898,6.727534280406533,1,0.5952333333333333,hit
899,-9.334703242133429,0,0.5951166666666666,miss
900,-15.914327452343102,0,0.595,miss
901,-16.05,0,0.5948833333333333,miss
902,-11.421434345808114,0,0.5947666666666667,miss
903,-5.91338770349167,0,0.59465,miss
904,-7.655891062480519,0,0.5945333333333332,miss
905,6.753925004987873,1,0.5944166666666666,hit
906,-8.02740539541068,0,0.5942999999999999,miss
907,-10.84222872413553,0,0.5941833333333333,miss
908,-7.131703262486982,0,0.5940666666666666,miss
909,-7.821720171479242,0,0.59395,miss
910,-6.235903869704804,0,0.5938333333333333,miss
911,-16.075,0,0.5937166666666667,miss
912,-16.05,0,0.5935999999999999,miss
913,-10.05850265380273,0,0.5934833333333333,miss
914,-8.202083106006192,0,0.5933666666666666,miss
915,-8.518521740146804,0,0.5932499999999999,miss
916,-6.748312597429773,0,0.5931333333333333,miss
917,-8.542718852749447,0,0.5930166666666666,miss
918,-8.691971013631454,0,0.5929,miss
919,-16.05,0,0.5927833333333333,miss
920,-16.075,0,0.5926666666666667,miss
921,-16.05,0,0.59255,miss
922,-16.05,0,0.5924333333333334,miss
923,-8.522976025773051,0,0.5923166666666667,miss
924,-6.946622439622712,0,0.5922,miss
925,-16.075,0,0.5920833333333333,miss
926,-8.197925507659043,0,0.5919666666666666,miss
927,-16.05,0,0.59185,miss
928,-8.917034703281939,0,0.5917333333333332,miss
929,-10.126354961899983,0,0.5916166666666666,miss
930,-6.444071149427978,0,0.5914999999999999,miss
931,6.56581103520603,1,0.5913833333333333,hit
932,-16.05,0,0.5912666666666666,miss
933,-6.464488505944821,0,0.59115,miss
934,-8.232028658776283,0,0.5910333333333333,miss
935,-16.075,0,0.5909166666666666,miss
936,-16.05,0,0.5908,miss
937,-16.075,0,0.5906833333333333,miss
938,-7.643928946797799,0,0.5905666666666667,miss
939,-16.05,0,0.59045,miss
940,-16.05,0,0.5903333333333333,miss
941,-6.461639101947467,0,0.5902166666666666,miss
942,-16.075,0,0.5901,miss
943,-16.05,0,0.5899833333333333,miss
944,-16.1,0,0.5898666666666667,miss
945,-13.898558331895908,0,0.58975,miss
946,-10.985315817670052,0,0.5896333333333333,miss
947,-6.832663370105097,0,0.5895166666666667,miss
948,-10.07356226600546,0,0.5893999999999999,miss
949,-11.541587592679937,0,0.5892833333333333,miss
950,-8.272594925067684,0,0.5891666666666666,miss
951,-11.690454035104032,0,0.58905,miss
952,-16.05,0,0.5889333333333332,miss
953,-11.491181653939181,0,0.5888166666666665,miss
954,-8.184318743099485,0,0.5886999999999999,miss
955,-11.431562430681955,0,0.5885833333333332,miss
956,-16.05,0,0.5884666666666666,miss
957,-6.908189632932803,0,0.5883499999999999,miss
958,-16.075,0,0.5882333333333333,miss
959,-8.777758645260777,0,0.5881166666666666,miss
960,-16.1,0,0.588,miss
961,-16.05,0,0.5878833333333333,miss
962,-9.631319830856965,0,0.5877666666666667,miss
963,-16.05,0,0.58765,miss
964,-16.05,0,0.5875333333333332,miss
965,-7.3893877953054,0,0.5874166666666666,miss
966,-16.1,0,0.5872999999999999,miss
967,-16.1,0,0.5871833333333333,miss
968,-5.894719548237673,0,0.5870666666666666,miss
969,-9.687777534278666,0,0.58695,miss
970,-6.1044167469331185,0,0.5868333333333333,miss
971,-9.834394397439247,0,0.5867166666666667,miss
972,-9.08006879940828,0,0.5865999999999999,miss
973,-16.075,0,0.5864833333333332,miss
974,-5.95109289593659,0,0.5863666666666666,miss
975,-10.695601972198705,0,0.5862499999999999,miss
976,-6.809496756374986,0,0.5861333333333333,miss
977,-9.619121485392998,0,0.5860166666666666,miss
978,-8.838203837475616,0,0.5859,miss
979,-10.545836417160633,0,0.5857833333333333,miss
980,-6.940779165860888,0,0.5856666666666667,miss
981,6.991574127066635,1,0.58555,hit
982,-13.974241845723746,0,0.5854333333333334,miss
983,-7.941772317497505,0,0.5853166666666667,miss
984,-10.871499842378547,0,0.5851999999999999,miss
985,-16.05,0,0.5850833333333333,miss
986,-6.215792666519656,0,0.5849666666666666,miss
987,-9.049572531639955,0,0.58485,miss
988,-16.05,0,0.5847333333333333,miss
989,-16.075,0,0.5846166666666666,miss
990,-16.05,0,0.5844999999999999,miss
991,-10.92062397963391,0,0.5843833333333333,miss
992,-11.655453288498245,0,0.5842666666666666,miss
993,-8.715532168353018,0,0.58415,miss
994,-16.05,0,0.5840333333333333,miss
995,6.4619445102743045,1,0.5839166666666666,hit
996,-16.05,0,0.5838,miss
997,-6.2422487082484555,0,0.5836833333333333,miss
998,-8.830412935047079,0,0.5835666666666667,miss
999,6.701226839017455,1,0.58345,hit
1000,-9.887170423236206,0,0.5833333333333334,miss
1001,-9.689848305918066,0,0.5832166666666666,miss
1002,-15.445068987785142,0,0.5831,miss
1003,-9.761738010653342,0,0.5829833333333333,miss
1004,-13.226959635691765,0,0.5828666666666666,miss
1005,-16.075,0,0.58275,miss
1006,-8.834069021043378,0,0.5826333333333333,miss
1007,-16.05,0,0.5825166666666667,miss
1008,-16.075,0,0.5823999999999999,miss
1009,-7.986409603670375,0,0.5822833333333333,miss
1010,-6.934427427324549,0,0.5821666666666666,miss
1011,-10.786765641933266,0,0.58205,miss
1012,-7.782438388837008,0,0.5819333333333333,miss
1013,-16.075,0,0.5818166666666665,miss
1014,-9.808680963365216,0,0.5816999999999999,miss
1015,-16.05,0,0.5815833333333332,miss
1016,-6.651671430324262,0,0.5814666666666666,miss
1017,-5.835459456840269,0,0.5813499999999999,miss
1018,-15.071758775157814,0,0.5812333333333333,miss
1019,6.339535793664396,1,0.5811166666666666,hit
1020,-8.021112875817686,0,0.581,miss
1021,-8.417106487203805,0,0.5808833333333333,miss
1022,-9.14854803550724,0,0.5807666666666667,miss
1023,-16.075,0,0.58065,miss
1024,-5.817544986740905,0,0.5805333333333333,miss
1025,-10.01651508771192,0,0.5804166666666666,miss
1026,-6.270636029966548,0,0.5802999999999999,miss
1027,-16.05,0,0.5801833333333333,miss
1028,-16.1,0,0.5800666666666666,miss
1029,-16.05,0,0.57995,miss
1030,-11.309567253797674,0,0.5798333333333333,miss
1031,-16.05,0,0.5797166666666667,miss
1032,-8.084383373308828,0,0.5796,miss
1033,-16.05,0,0.5794833333333332,miss
1034,-5.5608776788620204,0,0.5793666666666666,miss
1035,-7.223632343872181,0,0.5792499999999999,miss
1036,-9.212769829645605,0,0.5791333333333333,miss
1037,-8.726938208594675,0,0.5790166666666666,miss
1038,-16.075,0,0.5789,miss
1039,-16.075,0,0.5787833333333333,miss
1040,-11.32525196600016,0,0.5786666666666667,miss
1041,-6.331038311099859,0,0.57855,miss
1042,-10.96268565323628,0,0.5784333333333334,miss
1043,6.911762052458778,1,0.5783166666666667,hit
1044,-16.075,0,0.5782,miss
1045,-9.90338387041504,0,0.5780833333333333,miss
1046,-9.291076934931722,0,0.5779666666666666,miss
1047,-10.160333761335377,0,0.57785,miss
1048,-16.05,0,0.5777333333333333,miss
1049,-6.620382480963004,0,0.5776166666666666,miss
1050,-16.05,0,0.5774999999999999,miss
1051,-9.916739213526348,0,0.5773833333333332,miss
1052,-7.172097799932487,0,0.5772666666666666,miss
1053,-6.840807062480506,0,0.5771499999999999,miss
1054,-7.023306807465879,0,0.5770333333333333,miss
1055,-9.633221283534809,0,0.5769166666666666,miss
1056,-10.200005826716518,0,0.5768,miss
1057,-16.05,0,0.5766833333333333,miss
1058,-11.355500108328277,0,0.5765666666666667,miss
1059,-16.05,0,0.57645,miss
1060,-16.05,0,0.5763333333333334,miss
1061,-16.05,0,0.5762166666666666,miss
1062,-16.1,0,0.5761,miss
1063,-16.1,0,0.5759833333333333,miss
1064,-16.075,0,0.5758666666666666,miss
1065,-8.373661415666465,0,0.57575,miss
1066,-10.041488683960008,0,0.5756333333333333,miss
1067,-8.027154978427983,0,0.5755166666666667,miss
1068,-8.739695591781219,0,0.5754,miss
1069,-16.05,0,0.5752833333333333,miss
1070,-7.444408793505054,0,0.5751666666666666,miss
1071,-6.678566607839071,0,0.57505,miss
1072,-16.075,0,0.5749333333333333,miss
1073,-16.075,0,0.5748166666666665,miss
1074,-7.309740292346133,0,0.5746999999999999,miss
1075,-16.05,0,0.5745833333333332,miss
1076,-7.801896129309152,0,0.5744666666666666,miss
1077,-16.075,0,0.5743499999999999,miss
1078,-16.075,0,0.5742333333333333,miss
1079,-9.713124464182922,0,0.5741166666666666,miss
1080,-9.473551915464576,0,0.574,miss
1081,-5.9818529928364255,0,0.5738833333333333,miss
1082,-6.147574930481646,0,0.5737666666666666,miss
1083,-16.05,0,0.57365,miss
1084,-7.268335192404677,0,0.5735333333333333,miss
1085,-7.181559427242001,0,0.5734166666666666,miss
1086,-16.05,0,0.5732999999999999,miss
1087,-9.179618306946317,0,0.5731833333333333,miss
1088,-7.647498495699976,0,0.5730666666666666,miss
1089,-11.01282983433429,0,0.57295,miss
1090,-7.723021927386757,0,0.5728333333333333,miss
1091,-16.1,0,0.5727166666666667,miss
1092,-16.075,0,0.5726,miss
1093,-16.05,0,0.5724833333333332,miss
1094,-8.054993774217214,0,0.5723666666666666,miss
1095,-10.573475277835136,0,0.5722499999999999,miss
1096,-10.80572473854794,0,0.5721333333333333,miss
1097,-7.215310409910756,0,0.5720166666666666,miss
1098,-16.05,0,0.5719,miss
1099,-16.05,0,0.5717833333333333,miss
1100,-16.05,0,0.5716666666666667,miss
1101,-16.05,0,0.57155,miss
1102,6.808902941294342,1,0.5714333333333333,hit
1103,-8.68128484450912,0,0.5713166666666667,miss
1104,-13.052093975204947,0,0.5712,miss
1105,-7.912903236418254,0,0.5710833333333333,miss
1106,-6.748577305548012,0,0.5709666666666666,miss
1107,-11.231663705854736,0,0.57085,miss
1108,7.10583219351609,1,0.5707333333333333,hit
1109,-8.204871835659834,0,0.5706166666666667,miss
1110,-12.073349449056515,0,0.5704999999999999,miss
1111,-16.05,0,0.5703833333333332,miss
1112,-5.524303055867004,0,0.5702666666666666,miss
1113,-16.075,0,0.5701499999999999,miss
1114,-16.05,0,0.5700333333333333,miss
1115,-8.076663150359146,0,0.5699166666666666,miss
1116,-5.813122159036961,0,0.5698,miss
1117,-16.05,0,0.5696833333333333,miss
1118,-12.87737556806489,0,0.5695666666666667,miss
1119,-8.834478501011727,0,0.56945,miss
1120,-8.415768459961877,0,0.5693333333333334,miss
1121,-16.05,0,0.5692166666666667,miss
1122,-16.05,0,0.5690999999999999,miss
1123,-9.716521958974296,0,0.5689833333333333,miss
1124,-15.222023185211095,0,0.5688666666666666,miss
1125,-16.075,0,0.56875,miss
1126,-6.971806984814579,0,0.5686333333333333,miss
1127,-16.05,0,0.5685166666666667,miss
1128,-7.005161258996829,0,0.5684,miss
1129,-16.075,0,0.5682833333333333,miss
1130,-7.141476905180029,0,0.5681666666666666,miss
1131,-16.05,0,0.5680499999999999,miss
1132,-12.238454532774927,0,0.5679333333333333,miss
1133,-7.890958425152265,0,0.5678166666666666,miss
1134,-6.259968197741767,0,0.5676999999999999,miss
1135,-10.262310132647128,0,0.5675833333333332,miss
1136,-6.585628210676708,0,0.5674666666666666,miss
1137,-6.0935595843936685,0,0.5673499999999999,miss
1138,-16.075,0,0.5672333333333333,miss
1139,-9.473682429631106,0,0.5671166666666666,miss
1140,-6.406553609699993,0,0.567,miss
1141,-16.05,0,0.5668833333333333,miss
1142,-11.12720480430806,0,0.5667666666666666,miss
1143,-6.835334523133982,0,0.56665,miss
1144,-8.174994297621131,0,0.5665333333333333,miss
1145,-16.05,0,0.5664166666666667,miss
1146,-8.097913907481066,0,0.5662999999999999,miss
1147,-7.930571548885578,0,0.5661833333333333,miss
1148,-6.8574597121039575,0,0.5660666666666666,miss
1149,-15.572509192996025,0,0.56595,miss
1150,-8.206344584624775,0,0.5658333333333333,miss
1151,-16.075,0,0.5657166666666666,miss
1152,-16.075,0,0.5656,miss
1153,-6.342371395511036,0,0.5654833333333332,miss
1154,-16.075,0,0.5653666666666666,miss
1155,-6.641015338943371,0,0.5652499999999999,miss
1156,-7.291720821069494,0,0.5651333333333333,miss
1157,-16.05,0,0.5650166666666666,miss
1158,-16.05,0,0.5649,miss
1159,-16.075,0,0.5647833333333333,miss
1160,-16.075,0,0.5646666666666667,miss
1161,-7.6610847300463325,0,0.56455,miss
1162,-16.05,0,0.5644333333333333,miss
1163,-7.035480462453295,0,0.5643166666666667,miss
1164,-16.05,0,0.5642,miss
1165,-16.05,0,0.5640833333333334,miss
1166,-16.075,0,0.5639666666666666,miss
1167,-6.80395682742214,0,0.56385,miss
1168,-10.337092309820305,0,0.5637333333333333,miss
1169,-16.075,0,0.5636166666666667,miss
1170,-16.05,0,0.5634999999999999,miss
1171,-6.513434243354467,0,0.5633833333333332,miss
1172,-7.952614981622242,0,0.5632666666666666,miss
1173,-6.6417318797494165,0,0.5631499999999999,miss
1174,-16.05,0,0.5630333333333333,miss
1175,-16.075,0,0.5629166666666666,miss
1176,-9.57494118362844,0,0.5628,miss
1177,-16.05,0,0.5626833333333333,miss
1178,-6.457986729424186,0,0.5625666666666667,miss
1179,-10.576051015085396,0,0.56245,miss
1180,-16.05,0,0.5623333333333334,miss
1181,-16.022559505154774,0,0.5622166666666667,miss
1182,-16.05,0,0.5620999999999999,miss
1183,-7.853922067900197,0,0.5619833333333333,miss
1184,-16.05,0,0.5618666666666666,miss
1185,-7.483872103788019,0,0.56175,miss
1186,-7.141313013459414,0,0.5616333333333333,miss
1187,-8.710987187505758,0,0.5615166666666667,miss
1188,-14.731495344623358,0,0.5614,miss
1189,-16.1,0,0.5612833333333334,miss
1190,-8.40935378359992,0,0.5611666666666666,miss
1191,-7.005010649995794,0,0.5610499999999999,miss
1192,-6.718847999336983,0,0.5609333333333333,miss
1193,-7.899028164948265,0,0.5608166666666666,miss
1194,-7.769967617078399,0,0.5606999999999999,miss
1195,-7.4439412768646545,0,0.5605833333333332,miss
1196,-11.438004912959638,0,0.5604666666666666,miss
1197,-7.793606088646423,0,0.5603499999999999,miss
1198,-10.927993920582168,0,0.5602333333333332,miss
1199,-9.92871577868753,0,0.5601166666666666,miss
1200,-6.065029192878972,0,0.5599999999999999,miss
1201,-16.05,0,0.5598833333333333,miss
1202,-6.928257095437911,0,0.5597666666666666,miss
1203,-16.075,0,0.55965,miss
1204,-10.502798230086254,0,0.5595333333333333,miss
1205,-16.05,0,0.5594166666666667,miss
1206,7.104489372205803,1,0.5592999999999999,hit
1207,-9.955005820832094,0,0.5591833333333333,miss
1208,-6.628258472754319,0,0.5590666666666666,miss
1209,-6.032812472536076,0,0.55895,miss
1210,-16.05,0,0.5588333333333333,miss
1211,-10.863156238204848,0,0.5587166666666666,miss
1212,-8.219728993734748,0,0.5586,miss
1213,-6.445182313599226,0,0.5584833333333333,miss
1214,-6.55964957267955,0,0.5583666666666666,miss
1215,-16.05,0,0.5582499999999999,miss
1216,-9.014360575506672,0,0.5581333333333333,miss
1217,-8.213465808259206,0,0.5580166666666666,miss
1218,-9.968096032593557,0,0.5579,miss
1219,-16.05,0,0.5577833333333333,miss
1220,-7.694666374233593,0,0.5576666666666666,miss
1221,-6.172697720716901,0,0.55755,miss
1222,-16.05,0,0.5574333333333333,miss
1223,-16.05,0,0.5573166666666667,miss
1224,-5.686035612949668,0,0.5572,miss
1225,-16.05,0,0.5570833333333334,miss
1226,-5.827971589509393,0,0.5569666666666666,miss
1227,-16.075,0,0.55685,miss
1228,-16.05,0,0.5567333333333333,miss
1229,-10.844534048598453,0,0.5566166666666666,miss
1230,-9.183860386585769,0,0.5565,miss
1231,-7.5968117243882745,0,0.5563833333333332,miss
1232,-10.654053520331324,0,0.5562666666666666,miss
1233,-9.493196454036493,0,0.5561499999999999,miss
1234,-16.1,0,0.5560333333333333,miss
1235,-6.964643112116558,0,0.5559166666666666,miss
1236,-8.742328062478292,0,0.5558,miss
1237,-7.48066721516048,0,0.5556833333333333,miss
1238,-6.157777784935015,0,0.5555666666666667,miss
1239,-11.187154581408283,0,0.55545,miss
1240,-16.05,0,0.5553333333333333,miss
1241,-7.699184806184369,0,0.5552166666666667,miss
1242,-16.05,0,0.5551,miss
1243,-10.189508920232726,0,0.5549833333333333,miss
1244,-16.05,0,0.5548666666666666,miss
1245,-16.05,0,0.55475,miss
1246,-16.05,0,0.5546333333333333,miss
1247,-6.619440760573225,0,0.5545166666666667,miss
1248,-16.05,0,0.5544,miss
1249,-8.270646138933339,0,0.5542833333333334,miss
1250,-9.310506092189323,0,0.5541666666666666,miss
1251,-16.05,0,0.5540499999999999,miss
1252,-16.05,0,0.5539333333333333,miss
1253,-16.05,0,0.5538166666666666,miss
1254,-6.176421607272463,0,0.5537,miss
1255,-8.35174001842888,0,0.5535833333333332,miss
1256,-6.746913080119092,0,0.5534666666666666,miss
1257,-5.812339912894661,0,0.5533499999999999,miss
1258,-11.256260034303093,0,0.5532333333333332,miss
1259,-16.05,0,0.5531166666666666,miss
1260,-16.05,0,0.5529999999999999,miss
1261,-16.05,0,0.5528833333333333,miss
1262,-16.05,0,0.5527666666666666,miss
1263,-8.280714529008858,0,0.55265,miss
1264,-6.4175511813354325,0,0.5525333333333333,miss
1265,-16.05,0,0.5524166666666667,miss
1266,-16.05,0,0.5523,miss
1267,-11.019805139026516,0,0.5521833333333332,miss
1268,-16.075,0,0.5520666666666666,miss
1269,-6.172590296801584,0,0.5519499999999999,miss
1270,-16.075,0,0.5518333333333333,miss
1271,-16.075,0,0.5517166666666666,miss
1272,-16.05,0,0.5516,miss
1273,-14.829090616731426,0,0.5514833333333333,miss
1274,-13.340241789691389,0,0.5513666666666666,miss
1275,-6.270718301577728,0,0.5512499999999999,miss
1276,-8.682289143411964,0,0.5511333333333333,miss
1277,-6.722739231585765,0,0.5510166666666666,miss
1278,-11.617033333338354,0,0.5509,miss
1279,-16.05,0,0.5507833333333333,miss
1280,-8.694756268788785,0,0.5506666666666666,miss
1281,-11.889534339837116,0,0.55055,miss
1282,-11.823076183734566,0,0.5504333333333333,miss
1283,-9.46693869353798,0,0.5503166666666667,miss
1284,-16.05,0,0.5502,miss
1285,-6.859404993063728,0,0.5500833333333334,miss
1286,-16.05,0,0.5499666666666667,miss
1287,-12.067219219451689,0,0.54985,miss
1288,-14.814084362763403,0,0.5497333333333333,miss
1289,-16.05,0,0.5496166666666666,miss
1290,-9.047747931492085,0,0.5495,miss
1291,-6.838426436207923,0,0.5493833333333332,miss
1292,-5.888250024846863,0,0.5492666666666666,miss
1293,-6.731005065317652,0,0.5491499999999999,miss
1294,-16.05,0,0.5490333333333333,miss
1295,-9.483523361926347,0,0.5489166666666666,miss
1296,-16.05,0,0.5488,miss
1297,-16.05,0,0.5486833333333333,miss
1298,-7.963200228234773,0,0.5485666666666666,miss
1299,-16.05,0,0.54845,miss
1300,-10.985043070710399,0,0.5483333333333333,miss
1301,-8.382862370319424,0,0.5482166666666667,miss
1302,-16.05,0,0.5481,miss
1303,6.993314636439926,1,0.5479833333333333,hit
1304,-7.441803760917336,0,0.5478666666666666,miss
1305,-16.05,0,0.54775,miss
1306,-16.05,0,0.5476333333333333,miss
1307,-16.05,0,0.5475166666666667,miss
1308,-6.424424086146375,0,0.5474,miss
1309,-8.510716732742923,0,0.5472833333333333,miss
1310,-6.458705877576548,0,0.5471666666666667,miss
1311,-16.075,0,0.5470499999999999,miss
1312,-7.97883800498438,0,0.5469333333333333,miss
1313,-8.90226747557791,0,0.5468166666666666,miss
1314,-8.634385870770318,0,0.5467,miss
1315,-16.05,0,0.5465833333333332,miss
1316,-16.05,0,0.5464666666666665,miss
1317,-16.05,0,0.5463499999999999,miss
1318,-9.328101412293083,0,0.5462333333333332,miss
1319,-5.659186622352014,0,0.5461166666666666,miss
1320,-10.502824897270093,0,0.5459999999999999,miss
1321,-16.05,0,0.5458833333333333,miss
1322,-8.291010917960115,0,0.5457666666666666,miss
1323,-7.825860611864965,0,0.54565,miss
1324,-8.073152877769926,0,0.5455333333333333,miss
1325,-8.999037542124062,0,0.5454166666666667,miss
1326,-16.05,0,0.5453,miss
1327,-7.2883096227671285,0,0.5451833333333332,miss
1328,-16.05,0,0.5450666666666666,miss
1329,-5.534445818216114,0,0.5449499999999999,miss
1330,-7.775021979974025,0,0.5448333333333333,miss
1331,-8.12645545499579,0,0.5447166666666666,miss
1332,-7.4547664215129625,0,0.5446,miss
1333,-6.427506869901319,0,0.5444833333333333,miss
1334,-5.897633899518292,0,0.5443666666666667,miss
1335,-6.801116739208064,0,0.5442499999999999,miss
1336,-6.520298249182029,0,0.5441333333333332,miss
1337,-9.977016989430703,0,0.5440166666666666,miss
1338,-6.601328713391564,0,0.5438999999999999,miss
1339,-16.05,0,0.5437833333333333,miss
1340,-16.075,0,0.5436666666666666,miss
1341,-14.42656532831085,0,0.54355,miss
1342,-6.417525433888146,0,0.5434333333333333,miss
1343,-16.05,0,0.5433166666666667,miss
1344,-16.05,0,0.5432,miss
1345,-10.018897629868105,0,0.5430833333333334,miss
1346,-7.689285672208055,0,0.5429666666666667,miss
1347,-16.05,0,0.5428499999999999,miss
1348,-6.037428215838935,0,0.5427333333333333,miss
1349,-16.075,0,0.5426166666666666,miss
1350,-16.05,0,0.5425,miss
1351,-16.1,0,0.5423833333333333,miss
1352,-7.361463737194562,0,0.5422666666666666,miss
1353,-16.05,0,0.5421499999999999,miss
1354,-16.075,0,0.5420333333333333,miss
1355,-9.147658700073157,0,0.5419166666666666,miss
1356,-7.7514396672911285,0,0.5418,miss
1357,-8.680488665385848,0,0.5416833333333333,miss
1358,-6.734149581734447,0,0.5415666666666666,miss
1359,-8.777168475823965,0,0.54145,miss
1360,-16.075,0,0.5413333333333333,miss
1361,-11.34910438593087,0,0.5412166666666667,miss
1362,-10.568695765391169,0,0.5411,miss
1363,-6.42918702327328,0,0.5409833333333334,miss
1364,-16.05,0,0.5408666666666666,miss
1365,-8.375064823591424,0,0.54075,miss
1366,-6.774192432982978,0,0.5406333333333333,miss
1367,-7.582195872642824,0,0.5405166666666666,miss
1368,-7.59526535150414,0,0.5404,miss
1369,-9.620706031529174,0,0.5402833333333333,miss
1370,-6.925201166791408,0,0.5401666666666667,miss
1371,-16.05,0,0.5400499999999999,miss
1372,-16.075,0,0.5399333333333333,miss
1373,-16.05,0,0.5398166666666666,miss
1374,-8.68184850943415,0,0.5397,miss
1375,6.560652194682863,1,0.5395833333333333,hit
1376,-16.075,0,0.5394666666666665,miss
1377,-6.863986296077729,0,0.5393499999999999,miss
1378,-16.05,0,0.5392333333333332,miss
1379,-6.25733024853444,0,0.5391166666666666,miss
1380,6.909202703448426,1,0.5389999999999999,hit
1381,-16.05,0,0.5388833333333333,miss
1382,-16.075,0,0.5387666666666666,miss
1383,-6.186679041411434,0,0.53865,miss
1384,-16.05,0,0.5385333333333333,miss
1385,-16.1,0,0.5384166666666667,miss
1386,-16.05,0,0.5383,miss
1387,-7.914607723622173,0,0.5381833333333333,miss
1388,-13.686775359317192,0,0.5380666666666666,miss
1389,-16.05,0,0.5379499999999999,miss
1390,-6.72206302762673,0,0.5378333333333333,miss
1391,-16.075,0,0.5377166666666666,miss
1392,6.9055747953904,1,0.5376,hit
1393,-16.05,0,0.5374833333333333,miss
1394,-10.557933042189488,0,0.5373666666666667,miss
1395,-16.1,0,0.5372499999999999,miss
1396,-8.878867738303088,0,0.5371333333333332,miss
1397,-7.236235294735825,0,0.5370166666666666,miss
1398,-16.05,0,0.5368999999999999,miss
1399,-10.523099583600873,0,0.5367833333333333,miss
1400,-7.403817963940219,0,0.5366666666666666,miss
1401,-16.05,0,0.53655,miss
1402,-16.05,0,0.5364333333333333,miss
1403,-5.935422504551125,0,0.5363166666666667,miss
1404,-6.377771517640367,0,0.5362,miss
1405,-16.05,0,0.5360833333333334,miss
1406,-6.843214108770887,0,0.5359666666666667,miss
1407,-11.722776629424278,0,0.53585,miss
1408,-13.369146054979575,0,0.5357333333333333,miss
1409,-16.075,0,0.5356166666666666,miss
1410,-6.533511382334298,0,0.5355,miss
1411,-10.22919297264344,0,0.5353833333333333,miss
1412,-16.05,0,0.5352666666666666,miss
1413,-16.075,0,0.5351499999999999,miss
1414,-10.451407815016031,0,0.5350333333333332,miss
1415,-7.222978415163506,0,0.5349166666666666,miss
1416,-16.05,0,0.5347999999999999,miss
1417,-11.113294028807445,0,0.5346833333333333,miss
1418,-9.362051151794823,0,0.5345666666666666,miss
1419,-12.817936009434474,0,0.53445,miss
1420,-8.166275249794475,0,0.5343333333333333,miss
1421,-16.05,0,0.5342166666666667,miss
1422,-5.783726292694294,0,0.5341,miss
1423,-6.739782710276474,0,0.5339833333333334,miss
1424,-5.611628254071703,0,0.5338666666666666,miss
1425,-16.05,0,0.53375,miss
1426,-7.085771838977783,0,0.5336333333333333,miss
1427,-6.147301276509697,0,0.5335166666666666,miss
1428,-16.05,0,0.5334,miss
1429,-8.926729370969166,0,0.5332833333333333,miss
1430,-16.075,0,0.5331666666666667,miss
1431,-6.625192899783283,0,0.53305,miss
1432,-5.47537114509885,0,0.5329333333333333,miss
1433,-7.456799538973323,0,0.5328166666666666,miss
1434,-6.862391858306968,0,0.5327,miss
1435,-16.05,0,0.5325833333333333,miss
1436,-10.82884561076644,0,0.5324666666666665,miss
1437,-6.436813787462754,0,0.5323499999999999,miss
1438,-7.97064117107632,0,0.5322333333333332,miss
1439,-6.217666940252655,0,0.5321166666666666,miss
1440,-8.878734523323793,0,0.5319999999999999,miss
1441,-10.009044607427485,0,0.5318833333333333,miss
1442,-14.427291488426231,0,0.5317666666666666,miss
1443,-8.283063364091728,0,0.53165,miss
1444,-8.831499604150986,0,0.5315333333333333,miss
1445,-16.075,0,0.5314166666666666,miss
1446,-12.56298333579249,0,0.5313,miss
1447,-9.259023908866602,0,0.5311833333333333,miss
1448,-6.847292854293344,0,0.5310666666666666,miss
1449,-8.362283009632488,0,0.5309499999999999,miss
1450,-16.05,0,0.5308333333333333,miss
1451,-10.567311959757726,0,0.5307166666666666,miss
1452,-7.03074153379041,0,0.5306,miss
1453,-16.075,0,0.5304833333333333,miss
1454,-16.05,0,0.5303666666666667,miss
1455,-7.183582418473982,0,0.53025,miss
1456,-6.559756194142352,0,0.5301333333333332,miss
1457,-7.29987452151484,0,0.5300166666666666,miss
1458,-9.130943159403802,0,0.5298999999999999,miss
1459,-16.075,0,0.5297833333333333,miss
1460,-16.05,0,0.5296666666666666,miss
1461,-5.876125271813991,0,0.52955,miss
1462,-16.075,0,0.5294333333333333,miss
1463,-16.05,0,0.5293166666666667,miss
1464,-16.075,0,0.5292,miss
1465,6.983257235769384,1,0.5290833333333333,hit
1466,-7.629364960369664,0,0.5289666666666667,miss
1467,-8.706039505134987,0,0.52885,miss
1468,-8.112254805816358,0,0.5287333333333333,miss
1469,-7.078193428914046,0,0.5286166666666666,miss
1470,-5.852825038263221,0,0.5285,miss
1471,-11.620976672031745,0,0.5283833333333333,miss
1472,-6.190903306895683,0,0.5282666666666667,miss
1473,-6.7537876540715995,0,0.5281499999999999,miss
1474,-5.895542052043512,0,0.5280333333333332,miss
1475,-16.075,0,0.5279166666666666,miss
1476,-8.125197574984433,0,0.5277999999999999,miss
1477,-6.069536715755071,0,0.5276833333333333,miss
1478,-8.153271841388772,0,0.5275666666666666,miss
1479,-6.019100211366767,0,0.52745,miss
1480,-16.05,0,0.5273333333333333,miss
1481,-10.227101272042216,0,0.5272166666666667,miss
1482,-7.78087744259721,0,0.5271,miss
1483,-6.060860387529745,0,0.5269833333333334,miss
1484,-7.321725356146328,0,0.5268666666666667,miss
1485,-10.63277133655207,0,0.5267499999999999,miss
1486,-7.589865273090701,0,0.5266333333333333,miss
1487,-8.634537608138857,0,0.5265166666666666,miss
1488,-16.05,0,0.5264,miss
1489,-8.79329246388373,0,0.5262833333333333,miss
1490,-6.746536565513382,0,0.5261666666666667,miss
1491,-6.607406790065561,0,0.52605,miss
1492,-5.976096583579549,0,0.5259333333333333,miss
1493,-8.178954530419725,0,0.5258166666666666,miss
1494,-16.05,0,0.5257,miss
1495,-7.874643313307974,0,0.5255833333333333,miss
1496,-7.748255989938055,0,0.5254666666666666,miss
1497,-6.639384023835672,0,0.5253499999999999,miss
1498,-16.05,0,0.5252333333333332,miss
1499,-10.476899513950139,0,0.5251166666666666,miss
1500,-9.647377685197247,0,0.5249999999999999,miss
1501,6.956331820650207,1,0.5248833333333334,hit
1502,-7.628188858182636,0,0.5247666666666667,miss
1503,-10.410299476943491,0,0.5246500000000001,miss
1504,-7.905419116183304,0,0.5245333333333334,miss
1505,-6.8057299977223025,0,0.5244166666666666,miss
1506,-12.927421478372853,0,0.5243,miss
1507,-10.607112661475393,0,0.5241833333333333,miss
1508,-7.130445199511718,0,0.5240666666666666,miss
1509,-11.236370484991244,0,0.5239499999999999,miss
1510,6.35675414809347,1,0.5238333333333333,hit
1511,-6.52498320752545,0,0.5237166666666666,miss
1512,-16.075,0,0.5236,miss
1513,-8.962781262173015,0,0.5234833333333333,miss
1514,-16.05,0,0.5233666666666666,miss
1515,-16.05,0,0.52325,miss
1516,-7.041793929984268,0,0.5231333333333333,miss
1517,-16.1,0,0.5230166666666666,miss
1518,-16.05,0,0.5228999999999999,miss
1519,-5.772412523420451,0,0.5227833333333333,miss
1520,-9.043095227492206,0,0.5226666666666666,miss
1521,-16.075,0,0.52255,miss
1522,-16.05,0,0.5224333333333333,miss
1523,-10.28823361798088,0,0.5223166666666667,miss
1524,-16.05,0,0.5222,miss
1525,-7.115236442776924,0,0.5220833333333333,miss
1526,-7.910989309269977,0,0.5219666666666667,miss
1527,-7.881971631762117,0,0.52185,miss
1528,-16.05,0,0.5217333333333334,miss
1529,-14.877292356844501,0,0.5216166666666666,miss
1530,-16.075,0,0.5215,miss
1531,-6.800777656667047,0,0.5213833333333333,miss
1532,-16.075,0,0.5212666666666665,miss
1533,-5.900433899501764,0,0.5211499999999999,miss
1534,-7.781912892342739,0,0.5210333333333332,miss
1535,-5.878033695444599,0,0.5209166666666666,miss
1536,-16.075,0,0.5207999999999999,miss
1537,-12.753026151348688,0,0.5206833333333333,miss
1538,-8.811315263876665,0,0.5205666666666666,miss
1539,-16.05,0,0.52045,miss
1540,-7.919306115102282,0,0.5203333333333333,miss
1541,-16.05,0,0.5202166666666667,miss
1542,-16.075,0,0.5201,miss
1543,-9.447006653465953,0,0.5199833333333334,miss
1544,-16.05,0,0.5198666666666666,miss
1545,-7.471852182384086,0,0.5197499999999999,miss
1546,-16.05,0,0.5196333333333333,miss
1547,-10.225806596193314,0,0.5195166666666666,miss
1548,-16.05,0,0.5194,miss
1549,-16.05,0,0.5192833333333333,miss
1550,-16.075,0,0.5191666666666667,miss
1551,6.944616364076341,1,0.51905,hit
1552,-8.752686950508505,0,0.5189333333333334,miss
1553,-8.191004487644108,0,0.5188166666666666,miss
1554,-11.189584118962998,0,0.5186999999999999,miss
1555,-9.143414809828666,0,0.5185833333333333,miss
1556,-16.075,0,0.5184666666666666,miss
1557,-16.05,0,0.51835,miss
1558,-7.622294117766259,0,0.5182333333333333,miss
1559,-5.982882370084466,0,0.5181166666666667,miss
1560,-16.05,0,0.518,miss
1561,-10.716885713440272,0,0.5178833333333334,miss
1562,-9.742702586587242,0,0.5177666666666667,miss
1563,-10.197188669629112,0,0.51765,miss
1564,6.391350881942879,1,0.5175333333333334,hit
1565,-6.741342520076036,0,0.5174166666666667,miss
1566,-7.451235758120615,0,0.5173,miss
1567,-5.979368098802385,0,0.5171833333333333,miss
1568,-12.121735831064147,0,0.5170666666666667,miss
1569,-16.05,0,0.5169499999999999,miss
1570,-11.39413793502172,0,0.5168333333333333,miss
1571,-10.999112597719009,0,0.5167166666666666,miss
1572,-12.34131638207662,0,0.5166,miss
1573,-8.875727400918958,0,0.5164833333333333,miss
1574,-6.404937873342063,0,0.5163666666666666,miss
1575,-14.414066075818745,0,0.51625,miss
1576,-13.381920671098461,0,0.5161333333333333,miss
1577,-16.05,0,0.5160166666666667,miss
1578,-9.441376988088196,0,0.5158999999999999,miss
1579,-8.089768086991892,0,0.5157833333333333,miss
1580,-6.026665060358703,0,0.5156666666666666,miss
1581,-5.942313459201591,0,0.51555,miss
1582,-16.075,0,0.5154333333333333,miss
1583,-10.492230479490813,0,0.5153166666666666,miss
1584,-6.839939596723784,0,0.5152,miss
1585,-8.430900426944437,0,0.5150833333333333,miss
1586,-6.143245708345763,0,0.5149666666666667,miss
1587,-10.643808737799613,0,0.51485,miss
1588,-16.05,0,0.5147333333333334,miss
1589,-9.423371613597782,0,0.5146166666666667,miss
1590,-16.075,0,0.5145,miss
1591,-5.738290311680218,0,0.5143833333333333,miss
1592,-16.075,0,0.5142666666666666,miss
1593,-10.381261498869097,0,0.5141499999999999,miss
1594,-8.101882001809138,0,0.5140333333333332,miss
1595,-6.417652881666275,0,0.5139166666666666,miss
1596,-7.420542120868664,0,0.5137999999999999,miss
1597,6.843301783248617,1,0.5136833333333333,hit
1598,-16.05,0,0.5135666666666666,miss
1599,-8.126119396771827,0,0.51345,miss
1600,-16.075,0,0.5133333333333333,miss
1601,-16.05,0,0.5132166666666667,miss
1602,-6.7165947029912365,0,0.5131,miss
1603,6.914559849057553,1,0.5129833333333333,hit
1604,-8.341582776504138,0,0.5128666666666667,miss
1605,-9.44635928709037,0,0.5127499999999999,miss
1606,-11.001528288123229,0,0.5126333333333333,miss
1607,-8.014493734332408,0,0.5125166666666666,miss
1608,-6.347186737038912,0,0.5124,miss
1609,-6.41649963648242,0,0.5122833333333333,miss
1610,-6.1269527816968115,0,0.5121666666666667,miss
1611,-16.075,0,0.51205,miss
1612,-8.635654971850911,0,0.5119333333333334,miss
1613,-16.05,0,0.5118166666666667,miss
1614,-10.107806308805015,0,0.5116999999999999,miss
1615,-9.972289988165096,0,0.5115833333333333,miss
1616,-7.2775469261705705,0,0.5114666666666666,miss
1617,-6.773672830237203,0,0.51135,miss
1618,-6.189306600978642,0,0.5112333333333333,miss
1619,-6.997318611415525,0,0.5111166666666667,miss
1620,-8.110594278665458,0,0.511,miss
1621,-11.263124253040285,0,0.5108833333333334,miss
1622,-16.075,0,0.5107666666666667,miss
1623,-7.819340145837288,0,0.51065,miss
1624,-10.496134116740233,0,0.5105333333333334,miss
1625,-16.05,0,0.5104166666666667,miss
1626,-7.141481193148777,0,0.5103,miss
1627,-9.140841837399535,0,0.5101833333333333,miss
1628,-9.136525584066854,0,0.5100666666666667,miss
1629,-6.835242030649203,0,0.5099499999999999,miss
1630,-14.571514546590244,0,0.5098333333333332,miss
1631,-16.125,0,0.5097166666666666,miss
1632,-8.512186475023558,0,0.5095999999999999,miss
1633,-10.316714347384615,0,0.5094833333333333,miss
1634,-8.422487944277115,0,0.5093666666666666,miss
1635,-16.05,0,0.50925,miss
1636,-7.629593661916093,0,0.5091333333333333,miss
1637,6.410092085213755,1,0.5090166666666667,hit
1638,-8.93632160208589,0,0.5088999999999999,miss
1639,-16.05,0,0.5087833333333333,miss
1640,-16.075,0,0.5086666666666666,miss
1641,6.998473074365674,1,0.50855,hit
1642,-16.05,0,0.5084333333333333,miss
1643,-7.284324701942863,0,0.5083166666666666,miss
1644,-7.078218036439181,0,0.5082,miss
1645,-16.125,0,0.5080833333333333,miss
1646,-16.075,0,0.5079666666666667,miss
1647,-16.05,0,0.50785,miss
1648,-6.871551239839355,0,0.5077333333333334,miss
1649,-16.05,0,0.5076166666666667,miss
1650,-7.894936454814004,0,0.5075,miss
1651,-14.488829427677624,0,0.5073833333333333,miss
1652,-10.679025170781102,0,0.5072666666666666,miss
1653,-5.85778580967183,0,0.5071499999999999,miss
1654,-8.866245219103126,0,0.5070333333333332,miss
1655,-16.05,0,0.5069166666666666,miss
1656,-9.995395994937722,0,0.5067999999999999,miss
1657,-10.782567752848394,0,0.5066833333333333,miss
1658,-6.86160179978745,0,0.5065666666666666,miss
1659,-9.674768741483264,0,0.50645,miss
1660,-6.58530082286654,0,0.5063333333333333,miss
1661,6.601382630788112,1,0.5062166666666666,hit
1662,-6.7594578198400495,0,0.5061,miss
1663,-16.05,0,0.5059833333333333,miss
1664,-10.889615958969665,0,0.5058666666666667,miss
1665,-10.91685866966075,0,0.5057499999999999,miss
1666,-9.804472752509287,0,0.5056333333333333,miss
1667,-11.46114427594796,0,0.5055166666666666,miss
1668,-16.05,0,0.5054,miss
1669,-16.05,0,0.5052833333333333,miss
1670,-9.310192166436362,0,0.5051666666666667,miss
1671,-7.782274496801801,0,0.50505,miss
1672,-16.05,0,0.5049333333333333,miss
1673,-8.247776011755281,0,0.5048166666666667,miss
1674,-12.991513407493542,0,0.5046999999999999,miss
1675,-16.05,0,0.5045833333333333,miss
1676,-13.007948678963807,0,0.5044666666666666,miss
1677,-5.959056838489072,0,0.50435,miss
1678,-16.05,0,0.5042333333333333,miss
1679,-8.488483637642,0,0.5041166666666667,miss
1680,-6.912257407342118,0,0.504,miss
1681,-16.075,0,0.5038833333333333,miss
1682,-16.075,0,0.5037666666666667,miss
1683,-8.878233517178531,0,0.50365,miss
1684,-16.05,0,0.5035333333333334,miss
1685,-11.068357993376386,0,0.5034166666666667,miss
1686,-10.452039165420889,0,0.5033,miss
1687,-16.075,0,0.5031833333333333,miss
1688,-5.694859926567579,0,0.5030666666666667,miss
1689,-9.86182694135309,0,0.50295,miss
1690,-16.1,0,0.5028333333333332,miss
1691,-6.963745893688312,0,0.5027166666666666,miss
1692,-7.026869961254005,0,0.5025999999999999,miss
1693,-7.415226394926884,0,0.5024833333333333,miss
1694,-6.5148536373787955,0,0.5023666666666666,miss
1695,-10.808578086922006,0,0.50225,miss
1696,-16.05,0,0.5021333333333333,miss
1697,-16.075,0,0.5020166666666667,miss
1698,-5.6156875581329615,0,0.5019,miss
1699,-16.05,0,0.5017833333333332,miss
1700,-5.919548023475703,0,0.5016666666666666,miss
1701,-6.126022100654942,0,0.5015499999999999,miss
1702,-10.714421008058881,0,0.5014333333333333,miss
1703,-16.05,0,0.5013166666666666,miss
1704,-16.05,0,0.5012,miss
1705,-6.072595029755411,0,0.5010833333333333,miss
1706,-16.05,0,0.5009666666666667,miss
1707,-6.212252226645951,0,0.50085,miss
1708,-16.075,0,0.5007333333333334,miss
1709,-7.980078384609224,0,0.5006166666666667,miss
1710,-16.075,0,0.5005000000000001,miss
1711,-10.935907206721655,0,0.5003833333333333,miss
1712,-13.586407869072085,0,0.5002666666666666,miss
1713,-9.239954538489398,0,0.50015,miss
1714,-16.075,0,0.5000333333333332,miss
1715,-9.601644965314566,0,0.4999166666666666,miss
1716,-7.037422462891992,0,0.49979999999999997,miss
1717,6.289589050384229,1,0.4996833333333333,hit
1718,-16.05,0,0.49956666666666666,miss
1719,-16.1,0,0.49945,miss
1720,-10.510847318106864,0,0.49933333333333335,miss
1721,-12.989281881211594,0,0.4992166666666667,miss
1722,-16.05,0,0.49910000000000004,miss
1723,-8.381429834735412,0,0.4989833333333333,miss
1724,-5.761324212768788,0,0.4988666666666666,miss
1725,-7.01311583195906,0,0.49874999999999997,miss
1726,-7.193675909884469,0,0.49863333333333326,miss
1727,-16.05,0,0.4985166666666666,miss
1728,-12.011953135168351,0,0.49839999999999995,miss
1729,-6.231030419560402,0,0.4982833333333333,miss
1730,-7.614444301606662,0,0.49816666666666665,miss
1731,-9.047221792901556,0,0.49805,miss
1732,-6.646037773200586,0,0.49793333333333334,miss
1733,-5.7835876481658595,0,0.4978166666666667,miss
1734,-6.753779703390347,0,0.49770000000000003,miss
1735,-9.913316133411143,0,0.49758333333333327,miss
1736,-6.124560611198446,0,0.4974666666666666,miss
1737,-9.02066368311661,0,0.49734999999999996,miss
1738,-11.407743580544446,0,0.49723333333333325,miss
1739,-16.05,0,0.4971166666666666,miss
1740,-7.527550259130511,0,0.49699999999999994,miss
1741,-7.299895424649358,0,0.4968833333333333,miss
1742,-7.436983431729158,0,0.49676666666666663,miss
1743,-16.15,0,0.49665,miss
1744,-6.165737470008136,0,0.4965333333333333,miss
1745,-14.65450847661319,0,0.4964166666666667,miss
1746,-16.05,0,0.4963,miss
1747,-16.05,0,0.4961833333333333,miss
1748,-6.8306767567577005,0,0.49606666666666666,miss
1749,-7.4295202339806465,0,0.49595,miss
1750,-8.44446927104737,0,0.49583333333333324,miss
1751,-11.029915129830187,0,0.4957166666666666,miss
1752,-16.05,0,0.49559999999999993,miss
1753,-16.05,0,0.4954833333333333,miss
1754,-8.28791281015624,0,0.4953666666666666,miss
1755,6.870353668854923,1,0.49524999999999997,hit
1756,-16.05,0,0.4951333333333333,miss
1757,-16.05,0,0.49501666666666666,miss
1758,-7.395412125835047,0,0.4949,miss
1759,-16.075,0,0.4947833333333333,miss
1760,-6.907901978321295,0,0.49466666666666664,miss
1761,-16.05,0,0.49455,miss
1762,-5.584881800543781,0,0.4944333333333332,miss
1763,6.4191323624226,1,0.49431666666666657,hit
1764,-16.05,0,0.4941999999999999,miss
1765,-7.029846712941206,0,0.49408333333333326,miss
1766,-7.517919392552791,0,0.4939666666666666,miss
1767,-10.25276011279936,0,0.49384999999999996,miss
1768,-7.258852522188564,0,0.4937333333333333,miss
1769,-9.978664703276777,0,0.49361666666666665,miss
1770,-16.05,0,0.4935,miss
1771,-7.11809169823669,0,0.4933833333333333,miss
1772,-16.05,0,0.49326666666666663,miss
1773,-6.325189755203855,0,0.49315,miss
1774,-7.748375586930746,0,0.49303333333333327,miss
1775,-8.61649592719172,0,0.4929166666666666,miss
1776,-9.078275453237767,0,0.49279999999999996,miss
1777,-16.05,0,0.4926833333333333,miss
1778,-16.05,0,0.49256666666666665,miss
1779,-16.05,0,0.49245,miss
1780,-16.075,0,0.49233333333333335,miss
1781,-16.05,0,0.4922166666666667,miss
1782,-7.399769856044014,0,0.49210000000000004,miss
1783,-7.950507457688398,0,0.4919833333333333,miss
1784,-16.1,0,0.4918666666666666,miss
1785,6.914040167924089,1,0.49174999999999996,hit
1786,-6.791381240595987,0,0.49163333333333326,miss
1787,-16.075,0,0.4915166666666666,miss
1788,-6.614839324943704,0,0.49139999999999995,miss
1789,-7.8049305023585775,0,0.4912833333333333,miss
1790,-9.3068834393333,0,0.49116666666666664,miss
1791,-11.33182815726282,0,0.49105,miss
1792,-16.075,0,0.49093333333333333,miss
1793,-7.3049932222315785,0,0.4908166666666667,miss
1794,-7.416607075698433,0,0.4907,miss
1795,-7.047747226719496,0,0.49058333333333326,miss
1796,6.560671464654597,1,0.4904666666666666,hit
1797,-15.723191073674059,0,0.49034999999999995,miss
1798,-9.672939840554031,0,0.49023333333333324,miss
1799,-8.608987795208154,0,0.4901166666666666,miss
1800,-6.702879770905987,0,0.48999999999999994,miss
1801,-8.481827260102946,0,0.4898833333333333,miss
1802,-6.275133760591973,0,0.48976666666666663,miss
1803,-16.075,0,0.48965,miss
1804,-10.111759437590585,0,0.4895333333333333,miss
1805,-6.9977499720528105,0,0.48941666666666667,miss
1806,-12.468884565538097,0,0.4893,miss
1807,-6.740926847414006,0,0.4891833333333333,miss
1808,-16.05,0,0.48906666666666665,miss
1809,-9.64242203714952,0,0.48895,miss
1810,-7.725377043868827,0,0.48883333333333323,miss
1811,-7.389978234292084,0,0.4887166666666666,miss
1812,-8.282831176735312,0,0.4885999999999999,miss
1813,-16.05,0,0.48848333333333327,miss
1814,-16.05,0,0.4883666666666666,miss
1815,-16.075,0,0.48824999999999996,miss
1816,-6.491660476601675,0,0.4881333333333333,miss
1817,-10.647762641329075,0,0.48801666666666665,miss
1818,-6.219981173595445,0,0.4879,miss
1819,-8.338537248367812,0,0.48778333333333335,miss
1820,-16.05,0,0.48766666666666664,miss
1821,-16.05,0,0.48755,miss
1822,6.357052152952802,1,0.48743333333333333,hit
1823,-6.36678433923755,0,0.48731666666666656,miss
1824,-6.669971583486673,0,0.4871999999999999,miss
1825,-6.643022804319484,0,0.48708333333333326,miss
1826,-6.256553153284402,0,0.4869666666666666,miss
1827,-6.73649510957524,0,0.48684999999999995,miss
1828,-16.05,0,0.4867333333333333,miss
1829,-8.241658269215854,0,0.48661666666666664,miss
1830,-7.872386687644267,0,0.4865,miss
1831,-10.11666884459469,0,0.48638333333333333,miss
1832,-16.1,0,0.4862666666666666,miss
1833,-7.949441687365007,0,0.48614999999999997,miss
1834,-9.04608539292716,0,0.4860333333333333,miss
1835,-5.83426055199155,0,0.4859166666666666,miss
1836,-8.217226284032673,0,0.48579999999999995,miss
1837,-10.056821967535253,0,0.4856833333333333,miss
1838,-16.075,0,0.48556666666666665,miss
1839,-7.615273180158538,0,0.48545,miss
1840,-16.05,0,0.48533333333333334,miss
1841,-9.667080918236135,0,0.4852166666666667,miss
1842,-6.026520880098312,0,0.48510000000000003,miss
1843,-7.2016687424261026,0,0.4849833333333334,miss
1844,-6.438098760618171,0,0.4848666666666666,miss
1845,-7.467132019730263,0,0.48474999999999996,miss
1846,-9.870537703328392,0,0.4846333333333333,miss
1847,-16.05,0,0.4845166666666666,miss
1848,-8.122454672587438,0,0.48439999999999994,miss
1849,-16.075,0,0.4842833333333333,miss
1850,-12.540254683192389,0,0.48416666666666663,miss
1851,-16.05,0,0.48405,miss
1852,-5.783510665488927,0,0.4839333333333333,miss
1853,-7.085827747866426,0,0.4838166666666667,miss
1854,-16.05,0,0.4837,miss
1855,-10.408063724334568,0,0.48358333333333337,miss
1856,-15.199038722764367,0,0.4834666666666666,miss
1857,-6.667750360446549,0,0.48334999999999995,miss
1858,-5.90004614094682,0,0.4832333333333333,miss
1859,-16.075,0,0.4831166666666666,miss
1860,6.733912348626209,1,0.48299999999999993,hit
1861,-6.5750206148453065,0,0.4828833333333333,miss
1862,-16.075,0,0.4827666666666666,miss
1863,-10.487040916168606,0,0.48264999999999997,miss
1864,-9.490178945766697,0,0.4825333333333333,miss
1865,-7.273844870954475,0,0.48241666666666666,miss
1866,-16.05,0,0.4823,miss
1867,-6.28369971314924,0,0.48218333333333335,miss
1868,-16.05,0,0.48206666666666664,miss
1869,-8.049846512171078,0,0.48195,miss
1870,-10.225932547556882,0,0.48183333333333334,miss
1871,-6.667142443285316,0,0.48171666666666657,miss
1872,-8.655033064315614,0,0.4815999999999999,miss
1873,-5.5927595368120455,0,0.48148333333333326,miss
1874,-11.54874980808508,0,0.4813666666666666,miss
1875,-13.326580617031459,0,0.48124999999999996,miss
1876,-5.902551937321274,0,0.4811333333333333,miss
1877,-8.495654727786269,0,0.48101666666666665,miss
1878,-16.05,0,0.4809,miss
1879,-10.819123717876494,0,0.48078333333333334,miss
1880,-8.445541485141648,0,0.48066666666666663,miss
1881,-13.373807962776004,0,0.48055,miss
1882,-8.419377793420566,0,0.4804333333333333,miss
1883,-16.075,0,0.48031666666666656,miss
1884,-16.05,0,0.4801999999999999,miss
1885,-5.696075891951816,0,0.48008333333333325,miss
1886,-8.173071427336717,0,0.4799666666666666,miss
1887,6.809804203139993,1,0.47984999999999994,hit
1888,-10.732846931778361,0,0.4797333333333333,miss
1889,-11.327408547913155,0,0.47961666666666664,miss
1890,-6.336317115206022,0,0.4795,miss
1891,-9.634781767603654,0,0.47938333333333333,miss
1892,-9.171831542656474,0,0.4792666666666666,miss
1893,-8.330435982199925,0,0.47914999999999996,miss
1894,-16.05,0,0.4790333333333333,miss
1895,-11.341325156742544,0,0.4789166666666666,miss
1896,-16.05,0,0.47879999999999995,miss
1897,-16.05,0,0.4786833333333333,miss
1898,-14.09831486635732,0,0.47856666666666664,miss
1899,-9.067704183273626,0,0.47845,miss
1900,-6.049434218595232,0,0.47833333333333333,miss
1901,-16.05,0,0.4782166666666667,miss
1902,-13.782195334004351,0,0.4781,miss
1903,-6.559886567883638,0,0.47798333333333337,miss
1904,-9.236486997546853,0,0.4778666666666666,miss
1905,-16.05,0,0.47774999999999995,miss
1906,-6.3823945255397625,0,0.4776333333333333,miss
1907,-16.05,0,0.4775166666666666,miss
1908,-16.075,0,0.47739999999999994,miss
1909,-9.936764125210464,0,0.4772833333333333,miss
1910,-8.884795135006739,0,0.47716666666666663,miss
1911,-6.3775449288476755,0,0.47705,miss
1912,-6.704978069438519,0,0.4769333333333333,miss
1913,-16.075,0,0.47681666666666667,miss
1914,-16.05,0,0.4767,miss
1915,-16.05,0,0.47658333333333336,miss
1916,-16.05,0,0.4764666666666666,miss
1917,-16.05,0,0.47634999999999994,miss
1918,-9.880984692391293,0,0.4762333333333333,miss
1919,-6.35029438220082,0,0.4761166666666666,miss
1920,-7.6548437302447105,0,0.4759999999999999,miss
1921,-8.384756614430207,0,0.47588333333333327,miss
1922,-9.517674764261942,0,0.4757666666666666,miss
1923,-5.791894252669281,0,0.47564999999999996,miss
1924,-16.05,0,0.4755333333333333,miss
1925,-6.210246085128729,0,0.47541666666666665,miss
1926,-7.199295445109877,0,0.4753,miss
1927,-11.210441877443113,0,0.47518333333333335,miss
1928,-6.021861994464601,0,0.47506666666666664,miss
1929,-6.564809485432347,0,0.47495,miss
1930,-6.323079226961164,0,0.47483333333333333,miss
1931,-6.715354763219752,0,0.47471666666666656,miss
1932,-16.05,0,0.4745999999999999,miss
1933,-11.478573429629368,0,0.47448333333333326,miss
1934,6.282565497950597,1,0.4743666666666666,hit
1935,-6.897329253311029,0,0.47424999999999995,miss
1936,-16.05,0,0.4741333333333333,miss
1937,-7.918252074756514,0,0.47401666666666664,miss
1938,-16.05,0,0.4739,miss
1939,-10.192162568841798,0,0.47378333333333333,miss
1940,-6.596139424730218,0,0.4736666666666667,miss
1941,-16.075,0,0.47354999999999997,miss
1942,-16.05,0,0.4734333333333333,miss
1943,-16.05,0,0.47331666666666666,miss
1944,-9.316669295949545,0,0.4731999999999999,miss
1945,-6.328266822488264,0,0.47308333333333324,miss
1946,-16.05,0,0.4729666666666666,miss
1947,-6.40508224233267,0,0.47284999999999994,miss
1948,-16.05,0,0.4727333333333333,miss
1949,-5.744212954850647,0,0.47261666666666663,miss
1950,-8.580252545097714,0,0.4725,miss
1951,-7.242655075481956,0,0.4723833333333333,miss
1952,-9.148831853996683,0,0.47226666666666667,miss
1953,-8.53900941582975,0,0.47214999999999996,miss
1954,-8.57581050824655,0,0.4720333333333333,miss
1955,-5.932746813922607,0,0.47191666666666665,miss
1956,-16.05,0,0.47179999999999994,miss
1957,-16.05,0,0.4716833333333333,miss
1958,-6.6022393018942145,0,0.47156666666666663,miss
1959,-16.075,0,0.47145,miss
1960,-16.05,0,0.4713333333333333,miss
1961,-6.919107825490019,0,0.4712166666666667,miss
1962,-10.080743983608096,0,0.4711,miss
1963,-16.05,0,0.47098333333333336,miss
1964,-8.05495600167956,0,0.4708666666666667,miss
1965,7.162144954849634,1,0.47074999999999995,hit
1966,6.288790055746365,1,0.4706333333333333,hit
1967,6.708576335278352,1,0.47051666666666664,hit
1968,-16.075,0,0.47039999999999993,miss
1969,-10.383953367171271,0,0.4702833333333333,miss
1970,-16.075,0,0.4701666666666666,miss
1971,-16.05,0,0.47004999999999997,miss
1972,-7.982728732774591,0,0.4699333333333333,miss
1973,6.563224515249097,1,0.46981666666666666,hit
1974,-7.944956005755644,0,0.4697,miss
1975,-9.062156990620702,0,0.46958333333333335,miss
1976,-10.872228463675878,0,0.4694666666666667,miss
1977,6.914022693356273,1,0.46934999999999993,hit
1978,-10.59364998070555,0,0.4692333333333333,miss
1979,-16.1,0,0.4691166666666666,miss
1980,-16.05,0,0.4689999999999999,miss
1981,-16.05,0,0.46888333333333326,miss
1982,-6.47656588984711,0,0.4687666666666666,miss
1983,6.640105453733831,1,0.46864999999999996,hit
1984,-10.793664220673083,0,0.4685333333333333,miss
1985,-9.104637765346142,0,0.46841666666666665,miss
1986,-16.05,0,0.4683,miss
1987,-6.026363455843489,0,0.46818333333333334,miss
1988,-9.140499777742345,0,0.4680666666666667,miss
1989,-12.792385291019068,0,0.46795,miss
1990,-8.525294229566232,0,0.4678333333333333,miss
1991,-16.05,0,0.46771666666666667,miss
1992,-5.577229603466768,0,0.4675999999999999,miss
1993,-6.229818314314197,0,0.46748333333333325,miss
1994,-9.188085198308077,0,0.4673666666666666,miss
1995,-16.075,0,0.46724999999999994,miss
1996,-16.05,0,0.4671333333333333,miss
1997,-5.728123729444506,0,0.46701666666666664,miss
1998,-12.80442070038264,0,0.4669,miss
1999,-12.315166392505404,0,0.46678333333333333,miss
2000,-16.05,0,0.4666666666666667,miss
2001,-5.929372054413268,0,0.46654999999999996,miss
2002,-5.835014034640216,0,0.4664333333333333,miss
2003,-6.339669207671072,0,0.46631666666666666,miss
2004,6.873384290946988,1,0.4661999999999999,hit
2005,6.088714903695477,1,0.46608333333333324,hit
2006,-16.075,0,0.4659666666666666,miss
2007,-8.364043031410535,0,0.46584999999999993,miss
2008,-7.482824771334198,0,0.4657333333333333,miss
2009,-16.05,0,0.4656166666666666,miss
2010,-16.075,0,0.46549999999999997,miss
2011,6.295076771582968,1,0.4653833333333333,hit
2012,-7.64986125721916,0,0.46526666666666666,miss
2013,-6.861127705384118,0,0.46514999999999995,miss
2014,-8.792083264983633,0,0.4650333333333333,miss
2015,-6.50483917341259,0,0.46491666666666664,miss
2016,-9.35879759804647,0,0.46479999999999994,miss
2017,-16.05,0,0.4646833333333333,miss
2018,-9.740709191948822,0,0.46456666666666663,miss
2019,-16.05,0,0.46445,miss
2020,-9.540474350381018,0,0.4643333333333333,miss
2021,-16.05,0,0.46421666666666667,miss
2022,-7.970655695405249,0,0.4641,miss
2023,-8.88894084200082,0,0.46398333333333336,miss
2024,-16.05,0,0.4638666666666667,miss
2025,-7.224256688778188,0,0.46374999999999994,miss
2026,-5.538528559410155,0,0.4636333333333333,miss
2027,-10.042959713136847,0,0.46351666666666663,miss
2028,-6.179451159153344,0,0.4633999999999999,miss
2029,-7.002095463493224,0,0.46328333333333327,miss
2030,-8.58780651734165,0,0.4631666666666666,miss
2031,-7.641639968840284,0,0.46304999999999996,miss
2032,-16.05,0,0.4629333333333333,miss
2033,-7.055008101941854,0,0.46281666666666665,miss
2034,-7.431685389132966,0,0.4627,miss
2035,-16.05,0,0.46258333333333335,miss
2036,-9.811811579699055,0,0.4624666666666667,miss
2037,-8.184364696199099,0,0.4623499999999999,miss
2038,-7.152590229620693,0,0.4622333333333333,miss
2039,-10.045859298577415,0,0.4621166666666666,miss
2040,-6.043850475312991,0,0.4619999999999999,miss
2041,-8.097538211512731,0,0.46188333333333326,miss
2042,-11.607110992681402,0,0.4617666666666666,miss
2043,-8.488261078069526,0,0.46164999999999995,miss
2044,6.499772566880768,1,0.4615333333333333,hit
2045,-8.881792426412002,0,0.46141666666666664,miss
2046,-16.075,0,0.4613,miss
2047,-6.472378569092831,0,0.46118333333333333,miss
2048,6.427482484215006,1,0.4610666666666667,hit
2049,-10.864143959560579,0,0.46094999999999997,miss
2050,-16.05,0,0.4608333333333333,miss
2051,-16.05,0,0.46071666666666666,miss
2052,-16.075,0,0.4605999999999999,miss
2053,-7.737091925942867,0,0.46048333333333324,miss
2054,-7.332845685995676,0,0.4603666666666666,miss
2055,-16.05,0,0.46024999999999994,miss
2056,-16.05,0,0.4601333333333333,miss
2057,-6.4678011621498985,0,0.46001666666666663,miss
2058,-8.670658699834828,0,0.4599,miss
2059,-7.618768908982493,0,0.4597833333333333,miss
2060,-9.572499502886116,0,0.45966666666666667,miss
2061,-9.761724437686293,0,0.45954999999999996,miss
2062,-16.05,0,0.4594333333333333,miss
2063,-16.075,0,0.45931666666666665,miss
2064,-16.05,0,0.4592,miss
2065,6.213404789062247,1,0.45908333333333323,hit
2066,-6.210676349515689,0,0.4589666666666666,miss
2067,-8.398429756040398,0,0.4588499999999999,miss
2068,-16.075,0,0.45873333333333327,miss
2069,-16.1,0,0.4586166666666666,miss
2070,-16.05,0,0.45849999999999996,miss
2071,-6.249080901195634,0,0.4583833333333333,miss
2072,-16.075,0,0.45826666666666666,miss
2073,-16.05,0,0.45815,miss
2074,-5.75520237105424,0,0.4580333333333333,miss
2075,6.559560567570721,1,0.45791666666666664,hit
2076,-7.960981890218681,0,0.4578,miss
2077,6.426748061995938,1,0.4576833333333333,hit
2078,-16.075,0,0.4575666666666666,miss
2079,6.355567067427611,1,0.45744999999999997,hit
2080,-10.842533237420154,0,0.4573333333333333,miss
2081,6.474535030193681,1,0.45721666666666666,hit
2082,-8.05611171061326,0,0.4571,miss
2083,-16.075,0,0.45698333333333335,miss
2084,-6.8463250535168925,0,0.4568666666666667,miss
2085,-9.491373447763916,0,0.45675000000000004,miss
2086,-7.830389138077897,0,0.4566333333333333,miss
2087,-16.05,0,0.4565166666666666,miss
2088,-6.516542482446429,0,0.4564,miss
2089,-16.075,0,0.45628333333333326,miss
2090,-16.05,0,0.4561666666666666,miss
2091,-11.553752251054537,0,0.45604999999999996,miss
2092,-8.134105709372701,0,0.4559333333333333,miss
2093,-16.05,0,0.45581666666666665,miss
2094,-7.39996009071518,0,0.4557,miss
2095,-16.075,0,0.45558333333333334,miss
2096,-13.664342342872962,0,0.4554666666666667,miss
2097,-7.148017543739261,0,0.45535000000000003,miss
2098,-16.05,0,0.45523333333333327,miss
2099,-16.075,0,0.4551166666666666,miss
2100,6.260351113916169,1,0.45499999999999996,hit
2101,-16.05,0,0.45488333333333325,miss
2102,-11.969712828424392,0,0.4547666666666666,miss
2103,-16.075,0,0.45464999999999994,miss
2104,7.120279722392491,1,0.4545333333333333,hit
2105,-16.05,0,0.45441666666666664,miss
2106,-15.661388766413818,0,0.4543,miss
2107,-16.05,0,0.45418333333333333,miss
2108,-6.394557096393905,0,0.4540666666666667,miss
2109,-11.151515251605401,0,0.45395,miss
2110,-11.887170559380904,0,0.4538333333333333,miss
2111,-6.4448132498398065,0,0.45371666666666666,miss
2112,-6.983915234042831,0,0.4536,miss
2113,-14.910145022777531,0,0.45348333333333324,miss
2114,-8.670100439901852,0,0.4533666666666666,miss
2115,-8.125078558589866,0,0.45324999999999993,miss
2116,-8.171066338261934,0,0.4531333333333333,miss
2117,-9.6801284167727,0,0.4530166666666666,miss
2118,-8.12654447153931,0,0.45289999999999997,miss
2119,-9.351059884233992,0,0.4527833333333333,miss
2120,-9.200623537931708,0,0.45266666666666666,miss
2121,-8.025556614339251,0,0.45255,miss
2122,-6.373788766315782,0,0.4524333333333333,miss
2123,-13.432436173913436,0,0.45231666666666664,miss
2124,-6.237483480626957,0,0.4522,miss
2125,-9.084099377880097,0,0.4520833333333332,miss
2126,-7.705888116955449,0,0.45196666666666657,miss
2127,-8.179878744335138,0,0.4518499999999999,miss
2128,-16.05,0,0.45173333333333326,miss
2129,-16.05,0,0.4516166666666666,miss
2130,-16.075,0,0.45149999999999996,miss
2131,-8.120968181586829,0,0.4513833333333333,miss
2132,-7.353503664648626,0,0.45126666666666665,miss
2133,-6.317776682064482,0,0.45115,miss
2134,-7.8496773516405085,0,0.4510333333333333,miss
2135,-7.436488284698524,0,0.45091666666666663,miss
2136,-7.6805447807455955,0,0.4508,miss
2137,6.750090572080062,1,0.45068333333333327,hit
2138,-10.225871326737762,0,0.4505666666666666,miss
2139,-6.0550051815280765,0,0.45044999999999996,miss
2140,-16.05,0,0.4503333333333333,miss
2141,-16.05,0,0.45021666666666665,miss
2142,-6.801590918137918,0,0.4501,miss
2143,-16.05,0,0.44998333333333335,miss
2144,-7.7064427182804645,0,0.4498666666666667,miss
2145,-5.904483480532188,0,0.44975000000000004,miss
2146,-16.075,0,0.4496333333333333,miss
2147,-7.935768568897382,0,0.4495166666666666,miss
2148,6.4280966959378985,1,0.44939999999999997,hit
2149,-16.075,0,0.44928333333333326,miss
2150,-8.178919238703385,0,0.4491666666666666,miss
2151,-8.703021058693713,0,0.44904999999999995,miss
2152,-15.94577950730374,0,0.4489333333333333,miss
2153,-7.784072566741988,0,0.44881666666666664,miss
2154,-16.1,0,0.4487,miss
2155,-16.05,0,0.44858333333333333,miss
2156,-8.26403725522407,0,0.4484666666666667,miss
2157,-6.23001054285488,0,0.44835,miss
2158,-6.5226334720028625,0,0.44823333333333326,miss
2159,-5.753843046243391,0,0.4481166666666666,miss
2160,-16.1,0,0.44799999999999995,miss
2161,-16.05,0,0.44788333333333324,miss
2162,-16.075,0,0.4477666666666666,miss
2163,-8.478637243893653,0,0.44764999999999994,miss
2164,-6.614207259107329,0,0.4475333333333333,miss
2165,-16.075,0,0.44741666666666663,miss
2166,-16.075,0,0.4473,miss
2167,-7.2224616072192935,0,0.4471833333333333,miss
2168,-16.05,0,0.44706666666666667,miss
2169,-7.452883908829816,0,0.44695,miss
2170,-16.075,0,0.4468333333333333,miss
2171,6.979347460505051,1,0.44671666666666665,hit
2172,-8.48725249588276,0,0.4466,miss
2173,-6.476163920053832,0,0.44648333333333323,miss
2174,-8.203540041573481,0,0.4463666666666666,miss
2175,-16.05,0,0.4462499999999999,miss
2176,-6.109734415501918,0,0.44613333333333327,miss
2177,-7.212378274056792,0,0.4460166666666666,miss
2178,-5.919672000267193,0,0.44589999999999996,miss
2179,-7.755596939385573,0,0.4457833333333333,miss
2180,-9.416150753241858,0,0.44566666666666666,miss
2181,-5.754801953283145,0,0.44555,miss
2182,-7.419892300442929,0,0.4454333333333333,miss
2183,-8.922869950391648,0,0.44531666666666664,miss
2184,-10.403233032465275,0,0.4452,miss
2185,-16.05,0,0.4450833333333332,miss
2186,-16.05,0,0.44496666666666657,miss
2187,-7.735137949466197,0,0.4448499999999999,miss
2188,-16.1,0,0.44473333333333326,miss
2189,-15.267766405927325,0,0.4446166666666666,miss
2190,-16.075,0,0.44449999999999995,miss
2191,6.703806281843612,1,0.4443833333333333,hit
2192,-16.05,0,0.44426666666666664,miss
2193,-16.075,0,0.44415,miss
2194,-16.05,0,0.44403333333333334,miss
2195,-6.760800730833217,0,0.4439166666666666,miss
2196,-16.05,0,0.4438,miss
2197,-11.49924493897541,0,0.4436833333333333,miss
2198,-6.620585189426143,0,0.4435666666666666,miss
2199,-16.075,0,0.44344999999999996,miss
2200,-16.05,0,0.4433333333333333,miss
2201,-16.05,0,0.44321666666666665,miss
2202,-7.4815381583563365,0,0.4431,miss
2203,6.2597186550121116,1,0.44298333333333334,hit
2204,6.185516772753726,1,0.4428666666666667,hit
2205,-7.964164662362471,0,0.44275000000000003,miss
2206,-11.432141524637581,0,0.4426333333333334,miss
2207,-10.806140130956488,0,0.4425166666666666,miss
2208,6.894974149496564,1,0.44239999999999996,hit
2209,-12.960213452199099,0,0.4422833333333333,miss
2210,-7.617342561937241,0,0.4421666666666666,miss
2211,-16.075,0,0.44204999999999994,miss
2212,-6.2943602465899975,0,0.4419333333333333,miss
2213,-16.075,0,0.44181666666666664,miss
2214,-11.241874004088103,0,0.4417,miss
2215,-10.610048548908109,0,0.4415833333333333,miss
2216,6.396472362846236,1,0.4414666666666667,hit
2217,-7.973438752538919,0,0.44135,miss
2218,-16.075,0,0.44123333333333337,miss
2219,-9.495349200369358,0,0.4411166666666666,miss
2220,-16.05,0,0.44099999999999995,miss
2221,-16.075,0,0.4408833333333333,miss
2222,-16.05,0,0.4407666666666666,miss
2223,-6.806220630625941,0,0.44064999999999993,miss
2224,-8.86288295428338,0,0.4405333333333333,miss
2225,-5.6552571005065175,0,0.4404166666666666,miss
2226,-16.1,0,0.44029999999999997,miss
2227,-16.05,0,0.4401833333333333,miss
2228,-8.2302394404834,0,0.44006666666666666,miss
2229,-9.765662690237912,0,0.43995,miss
2230,-16.05,0,0.43983333333333335,miss
2231,-8.488728040007663,0,0.43971666666666664,miss
2232,-6.27341179226789,0,0.4396,miss
2233,-16.05,0,0.43948333333333334,miss
2234,-7.387003327994264,0,0.43936666666666657,miss
2235,-16.075,0,0.4392499999999999,miss
2236,-5.992104735127134,0,0.43913333333333326,miss
2237,-7.0368784234162876,0,0.4390166666666666,miss
2238,-5.863643632451613,0,0.43889999999999996,miss
2239,-6.665303767196744,0,0.4387833333333333,miss
2240,6.258422790408869,1,0.43866666666666665,hit
2241,-16.05,0,0.43855,miss
2242,-9.503329897421247,0,0.43843333333333334,miss
2243,-16.125,0,0.43831666666666663,miss
2244,-12.097952223461263,0,0.4382,miss
2245,-15.60840158950593,0,0.4380833333333333,miss
2246,-16.075,0,0.43796666666666656,miss
2247,-9.198522716893839,0,0.4378499999999999,miss
2248,-16.075,0,0.43773333333333325,miss
2249,-16.05,0,0.4376166666666666,miss
2250,-8.83011121905214,0,0.4375,miss
2251,-7.670886536412538,0,0.43738333333333335,miss
2252,-6.763406045006975,0,0.4372666666666667,miss
2253,-16.075,0,0.43715000000000004,miss
2254,-6.391165850307066,0,0.4370333333333334,miss
2255,-16.05,0,0.4369166666666666,miss
2256,-8.527848530278627,0,0.43679999999999997,miss
2257,-5.728561924822889,0,0.4366833333333333,miss
2258,-7.952193807368351,0,0.4365666666666666,miss
2259,-15.809525194629076,0,0.43644999999999995,miss
2260,-16.05,0,0.4363333333333333,miss
2261,-6.2420404241599154,0,0.43621666666666664,miss
2262,-16.05,0,0.4361,miss
2263,-8.662572198507602,0,0.43598333333333333,miss
2264,-6.369274374413898,0,0.4358666666666667,miss
2265,-9.588271832952952,0,0.43575,miss
2266,-16.075,0,0.4356333333333334,miss
2267,-5.657769074890084,0,0.4355166666666666,miss
2268,-16.05,0,0.43539999999999995,miss
2269,-10.177696674756467,0,0.4352833333333333,miss
2270,-11.827051202603407,0,0.4351666666666666,miss
2271,-8.07556660304625,0,0.43504999999999994,miss
2272,-6.338784911789077,0,0.4349333333333333,miss
2273,-16.05,0,0.43481666666666663,miss
2274,-9.191699925734147,0,0.4347,miss
2275,-16.15,0,0.4345833333333333,miss
2276,6.7922762867772715,1,0.43446666666666667,hit
2277,-16.1,0,0.43435,miss
2278,-16.05,0,0.43423333333333336,miss
2279,-6.422754671188895,0,0.43411666666666665,miss
2280,-16.05,0,0.434,miss
2281,-16.05,0,0.43388333333333334,miss
2282,6.63549908789438,1,0.4337666666666666,hit
2283,-15.670744283103275,0,0.4336499999999999,miss
2284,-7.133586708468037,0,0.43353333333333327,miss
2285,-16.05,0,0.4334166666666666,miss
2286,-13.819123223271756,0,0.43329999999999996,miss
2287,-7.031457474995821,0,0.4331833333333333,miss
2288,-16.05,0,0.43306666666666666,miss
2289,-7.681974088946052,0,0.43295,miss
2290,-8.041675419418516,0,0.43283333333333335,miss
2291,-10.427324505596523,0,0.43271666666666664,miss
2292,-11.26150392099227,0,0.4326,miss
2293,-6.658720798901304,0,0.43248333333333333,miss
2294,-16.075,0,0.43236666666666657,miss
2295,-16.05,0,0.4322499999999999,miss
2296,-8.581360872022929,0,0.43213333333333326,miss
2297,-8.401260806598948,0,0.4320166666666666,miss
2298,-8.17789485294785,0,0.43189999999999995,miss
2299,-6.951385821025722,0,0.4317833333333333,miss
2300,-16.05,0,0.43166666666666664,miss
2301,-9.983167897657577,0,0.43155,miss
2302,-8.062225905298687,0,0.43143333333333334,miss
2303,-7.929529184700695,0,0.4313166666666666,miss
2304,-9.476064235099345,0,0.43119999999999997,miss
2305,-8.848336472219984,0,0.4310833333333333,miss
2306,-16.075,0,0.4309666666666666,miss
2307,-6.464826061342069,0,0.43084999999999996,miss
2308,-6.2851116176173605,0,0.4307333333333333,miss
2309,-6.285076902410653,0,0.43061666666666665,miss
2310,-6.292581418213463,0,0.4305,miss
2311,-6.173698576852331,0,0.43038333333333334,miss
2312,-8.270327832235557,0,0.4302666666666667,miss
2313,-5.912947017667503,0,0.43015000000000003,miss
2314,-8.037075421113125,0,0.4300333333333334,miss
2315,-7.015651302906955,0,0.4299166666666667,miss
2316,-16.05,0,0.42979999999999996,miss
2317,-8.453587666245587,0,0.4296833333333333,miss
2318,-7.24845064160728,0,0.42956666666666665,miss
2319,-16.075,0,0.42944999999999994,miss
2320,-9.596229868996652,0,0.4293333333333333,miss
2321,-7.122683804479824,0,0.42921666666666664,miss
2322,-16.05,0,0.4291,miss
2323,6.947920957162407,1,0.4289833333333333,hit
2324,-7.623684411343311,0,0.4288666666666667,miss
2325,-8.60719109324397,0,0.42875,miss
2326,-13.150206227828138,0,0.42863333333333337,miss
2327,-10.206541161298984,0,0.4285166666666667,miss
2328,-7.63731529359176,0,0.42839999999999995,miss
2329,-6.894098647774469,0,0.4282833333333333,miss
2330,-7.2600800256531315,0,0.42816666666666664,miss
2331,-12.556737339645665,0,0.42804999999999993,miss
2332,-9.223858197065299,0,0.4279333333333333,miss
2333,6.662117269216581,1,0.4278166666666666,hit
2334,-6.096628298050239,0,0.42769999999999997,miss
2335,-7.955369949390491,0,0.4275833333333333,miss
2336,-6.15915199643616,0,0.42746666666666666,miss
2337,-5.917388302356149,0,0.42735,miss
2338,-16.05,0,0.42723333333333335,miss
2339,-16.05,0,0.4271166666666667,miss
2340,-16.05,0,0.427,miss
2341,-16.05,0,0.42688333333333334,miss
2342,-6.977781381987585,0,0.4267666666666667,miss
2343,-6.942946606255183,0,0.4266499999999999,miss
2344,-7.829112833732724,0,0.42653333333333326,miss
2345,-6.085302356846029,0,0.4264166666666666,miss
2346,-7.816153654822325,0,0.42629999999999996,miss
2347,-6.889543561395792,0,0.4261833333333333,miss
2348,6.322208253612074,1,0.42606666666666665,hit
2349,-9.554032958679935,0,0.42595,miss
2350,-9.422335026478216,0,0.42583333333333334,miss
2351,-10.323274564648369,0,0.4257166666666667,miss
2352,-6.338071018021123,0,0.4256,miss
2353,-5.806967832582271,0,0.4254833333333333,miss
2354,-14.99816416508374,0,0.42536666666666667,miss
2355,-16.05,0,0.4252499999999999,miss
2356,-6.328000924350528,0,0.42513333333333325,miss
2357,-7.241723947179128,0,0.4250166666666666,miss
2358,-16.05,0,0.42489999999999994,miss
2359,-9.555881711187293,0,0.4247833333333333,miss
2360,-7.931626390319034,0,0.42466666666666664,miss
2361,6.866232659717427,1,0.42455,hit
2362,-8.470690582063513,0,0.42443333333333333,miss
2363,-8.7386556934495,0,0.4243166666666667,miss
2364,-6.856596446008723,0,0.42419999999999997,miss
2365,-16.05,0,0.4240833333333333,miss
2366,-9.842372954401664,0,0.42396666666666666,miss
2367,-6.209540883475821,0,0.42384999999999995,miss
2368,-10.493513641266125,0,0.4237333333333333,miss
2369,6.664330147614724,1,0.42361666666666664,hit
2370,-9.13189812183283,0,0.4235,miss
2371,-8.407140191418817,0,0.42338333333333333,miss
2372,-16.05,0,0.4232666666666667,miss
2373,-8.925232662043712,0,0.42315,miss
2374,-16.05,0,0.4230333333333334,miss
2375,-8.402873270799892,0,0.4229166666666667,miss
2376,-14.506351272652932,0,0.42279999999999995,miss
2377,-16.05,0,0.4226833333333333,miss
2378,-7.024950779375738,0,0.42256666666666665,miss
2379,-13.464607197408363,0,0.42244999999999994,miss
2380,-5.886214546088816,0,0.4223333333333333,miss
2381,-5.70399722161875,0,0.42221666666666663,miss
2382,-16.05,0,0.4221,miss
2383,-7.302855985807733,0,0.4219833333333333,miss
2384,-7.7809273159490875,0,0.42186666666666667,miss
2385,-8.747221125901468,0,0.42175,miss
2386,-13.0324760927794,0,0.42163333333333336,miss
2387,-6.351683159001076,0,0.4215166666666667,miss
2388,-8.858846646656556,0,0.42139999999999994,miss
2389,-7.104190768003892,0,0.4212833333333333,miss
2390,-8.092772260418524,0,0.42116666666666663,miss
2391,-11.774813542423292,0,0.4210499999999999,miss
2392,-12.009083705312612,0,0.42093333333333327,miss
2393,-5.6959647302699175,0,0.4208166666666666,miss
2394,-6.784300322583495,0,0.42069999999999996,miss
2395,-5.608014313535435,0,0.4205833333333333,miss
2396,-9.963339672160476,0,0.42046666666666666,miss
2397,-6.53390030783892,0,0.42035,miss
2398,-12.37366639551542,0,0.42023333333333335,miss
2399,-11.964814577132728,0,0.4201166666666667,miss
2400,-16.05,0,0.42,miss
2401,-12.580807043134675,0,0.41988333333333333,miss
2402,-15.093074612092309,0,0.4197666666666667,miss
2403,-16.075,0,0.4196499999999999,miss
2404,-9.889272653945593,0,0.41953333333333326,miss
2405,-6.722373889773872,0,0.4194166666666666,miss
2406,-5.98073147340887,0,0.41929999999999995,miss
2407,-16.075,0,0.4191833333333333,miss
2408,-8.096874188831913,0,0.41906666666666664,miss
2409,-16.05,0,0.41895,miss
2410,6.337498560700702,1,0.41883333333333334,hit
2411,-11.452341031234301,0,0.4187166666666667,miss
2412,-6.001548553354276,0,0.41859999999999997,miss
2413,-9.013813712624186,0,0.4184833333333333,miss
2414,-7.5119718662732105,0,0.41836666666666666,miss
2415,-6.245155841829942,0,0.4182499999999999,miss
2416,-7.200082615303386,0,0.41813333333333325,miss
2417,-16.05,0,0.4180166666666666,miss
2418,-16.05,0,0.41789999999999994,miss
2419,-16.1,0,0.4177833333333333,miss
2420,-7.925849449302719,0,0.41766666666666663,miss
2421,-9.195908088850723,0,0.41755,miss
2422,6.470958458300445,1,0.4174333333333333,hit
2423,-7.779943967998702,0,0.41731666666666667,miss
2424,-8.459495650860315,0,0.41719999999999996,miss
2425,-16.075,0,0.4170833333333333,miss
2426,-8.775965887129319,0,0.41696666666666665,miss
2427,-7.988838342577788,0,0.41684999999999994,miss
2428,-10.632540578405674,0,0.4167333333333333,miss
2429,-10.232813569914477,0,0.41661666666666664,miss
2430,-6.127009864942117,0,0.4165,miss
2431,-7.35261463150834,0,0.4163833333333333,miss
2432,-7.8092227608653495,0,0.4162666666666667,miss
2433,-16.1,0,0.41615,miss
2434,-16.075,0,0.41603333333333337,miss
2435,-6.246743839282451,0,0.4159166666666667,miss
2436,7.039033532316506,1,0.41579999999999995,hit
2437,-8.122049619744917,0,0.4156833333333333,miss
2438,-6.85073460469334,0,0.41556666666666664,miss
2439,-11.657496707846356,0,0.41545,miss
2440,-10.202031529812958,0,0.4153333333333333,miss
2441,-5.890886283041364,0,0.4152166666666666,miss
2442,-6.135272192982616,0,0.41509999999999997,miss
2443,-16.075,0,0.4149833333333333,miss
2444,-8.606278700525694,0,0.41486666666666666,miss
2445,-8.424252338988326,0,0.41475,miss
2446,-6.801515877708945,0,0.41463333333333335,miss
2447,-6.702805492536377,0,0.4145166666666667,miss
2448,-16.075,0,0.41440000000000005,miss
2449,-8.192337989748703,0,0.4142833333333333,miss
2450,-6.041023929829288,0,0.4141666666666666,miss
2451,-7.825440527512998,0,0.41405,miss
2452,-16.05,0,0.41393333333333326,miss
2453,-6.579085793026,0,0.4138166666666666,miss
2454,-6.675708352774243,0,0.41369999999999996,miss
2455,-16.05,0,0.4135833333333333,miss
2456,6.372818682197639,1,0.41346666666666665,hit
2457,-7.362435137729526,0,0.41335,miss
2458,-6.341064541343822,0,0.41323333333333334,miss
2459,-8.313512414822682,0,0.4131166666666667,miss
2460,-16.05,0,0.41300000000000003,miss
2461,-7.012933088237978,0,0.4128833333333333,miss
2462,-16.075,0,0.41276666666666667,miss
2463,7.080400206390792,1,0.41265,hit
2464,-7.953652615834166,0,0.41253333333333325,miss
2465,-9.569935505148624,0,0.4124166666666666,miss
2466,-10.351054007869106,0,0.41229999999999994,miss
2467,-6.112738963186538,0,0.4121833333333333,miss
2468,-6.49218936906371,0,0.41206666666666664,miss
2469,-10.146388588509742,0,0.41195,miss
2470,-16.05,0,0.41183333333333333,miss
2471,-11.601494266747705,0,0.4117166666666667,miss
2472,-16.05,0,0.4116,miss
2473,-9.357052913576942,0,0.4114833333333333,miss
2474,6.60882265272945,1,0.41136666666666666,hit
2475,-16.05,0,0.41125,miss
2476,-6.832137357470979,0,0.41113333333333324,miss
2477,-16.05,0,0.4110166666666666,miss
2478,-16.05,0,0.41089999999999993,miss
2479,-9.659117529153317,0,0.4107833333333333,miss
2480,-8.68163593099362,0,0.4106666666666666,miss
2481,-16.075,0,0.41054999999999997,miss
2482,-8.191382576801587,0,0.4104333333333333,miss
2483,-16.05,0,0.41031666666666666,miss
2484,-10.680772604648716,0,0.4102,miss
2485,-8.609038641753113,0,0.4100833333333333,miss
2486,-7.443972180735131,0,0.40996666666666665,miss
2487,-16.05,0,0.40985,miss
2488,-16.05,0,0.4097333333333333,miss
2489,-6.637975693449476,0,0.40961666666666663,miss
2490,-16.05,0,0.4095,miss
2491,-8.046700680775725,0,0.4093833333333333,miss
2492,-7.2961305585291205,0,0.40926666666666667,miss
2493,-6.943523463364597,0,0.40915,miss
2494,-16.075,0,0.40903333333333336,miss
2495,-16.05,0,0.4089166666666667,miss
2496,-7.954940519623684,0,0.40880000000000005,miss
2497,-7.206782619451843,0,0.4086833333333333,miss
2498,-7.389633129392712,0,0.40856666666666663,miss
2499,-8.572184437320502,0,0.40845,miss
2500,-8.231459871033445,0,0.40833333333333327,miss
2501,-7.567861497030599,0,0.4082166666666666,miss
2502,-11.964113437126366,0,0.40809999999999996,miss
2503,-10.2338065720586,0,0.4079833333333333,miss
2504,-16.05,0,0.40786666666666666,miss
2505,-7.281189755803058,0,0.40775,miss
2506,-16.05,0,0.40763333333333335,miss
2507,-16.075,0,0.4075166666666667,miss
2508,-7.554518868619129,0,0.40740000000000004,miss
2509,-8.848123894782708,0,0.4072833333333333,miss
2510,-7.149545761149045,0,0.4071666666666666,miss
2511,-6.360970906787552,0,0.40704999999999997,miss
2512,-5.9700408728874566,0,0.40693333333333326,miss
2513,-9.259956183541465,0,0.4068166666666666,miss
2514,-7.000445990678654,0,0.40669999999999995,miss
2515,-11.115156839200266,0,0.4065833333333333,miss
2516,-14.968485626086498,0,0.40646666666666664,miss
2517,6.197090295325335,1,0.40635,hit
2518,7.002748259037053,1,0.40623333333333334,hit
2519,-9.962785959311729,0,0.4061166666666667,miss
2520,-8.704669535642816,0,0.406,miss
2521,6.6921476437913086,1,0.4058833333333333,hit
2522,-16.05,0,0.40576666666666666,miss
2523,-7.703013256565082,0,0.40565,miss
2524,-6.447296806908731,0,0.40553333333333325,miss
2525,-16.05,0,0.4054166666666666,miss
2526,-16.05,0,0.40529999999999994,miss
2527,-8.34895257629125,0,0.4051833333333333,miss
2528,-16.05,0,0.40506666666666663,miss
2529,-6.883735908229796,0,0.40495,miss
2530,-16.05,0,0.4048333333333333,miss
2531,-8.23156264859692,0,0.40471666666666667,miss
2532,-6.695182055751054,0,0.4046,miss
2533,-6.362974791220088,0,0.4044833333333333,miss
2534,-5.856495680056513,0,0.40436666666666665,miss
2535,-7.3960821736177325,0,0.40425,miss
2536,-7.812941736012115,0,0.40413333333333323,miss
2537,-10.773671171870056,0,0.4040166666666666,miss
2538,-7.382698810333065,0,0.4038999999999999,miss
2539,-9.703650962271052,0,0.40378333333333327,miss
2540,-6.634472564644378,0,0.4036666666666666,miss
2541,-16.1,0,0.40354999999999996,miss
2542,-6.893150126800916,0,0.4034333333333333,miss
2543,-7.543075439125413,0,0.40331666666666666,miss
2544,-7.105575940514882,0,0.4032,miss
2545,-9.911896985233636,0,0.4030833333333333,miss
2546,-10.755095471057366,0,0.40296666666666664,miss
2547,-5.666786813795149,0,0.40285,miss
2548,-16.05,0,0.4027333333333333,miss
2549,-10.846406452279492,0,0.4026166666666666,miss
2550,-7.3263031673244665,0,0.40249999999999997,miss
2551,-16.075,0,0.4023833333333333,miss
2552,-7.967363055475079,0,0.40226666666666666,miss
2553,-12.04834555270849,0,0.40215,miss
2554,-10.821762219460377,0,0.40203333333333335,miss
2555,-10.301416492404266,0,0.4019166666666667,miss
2556,-9.143809108589004,0,0.40180000000000005,miss
2557,-10.09556666928029,0,0.4016833333333333,miss
2558,-7.955143324630601,0,0.4015666666666666,miss
2559,-9.942872114753433,0,0.40145,miss
2560,-16.075,0,0.40133333333333326,miss
2561,-8.539190920572363,0,0.4012166666666666,miss
2562,-9.756054754540632,0,0.40109999999999996,miss
2563,-14.121274039320813,0,0.4009833333333333,miss
2564,-8.053042848384418,0,0.40086666666666665,miss
2565,-16.05,0,0.40075,miss
2566,-10.599069855456548,0,0.40063333333333334,miss
2567,-16.05,0,0.4005166666666667,miss
2568,-5.907120747798919,0,0.40040000000000003,miss
2569,6.568003495440726,1,0.4002833333333334,hit
2570,-9.448850668870362,0,0.4001666666666666,miss
2571,-6.816390439595626,0,0.40004999999999996,miss
2572,-7.18034396861034,0,0.3999333333333333,miss
2573,-16.05,0,0.3998166666666666,miss
2574,-11.736155655964929,0,0.39969999999999994,miss
2575,-16.05,0,0.3995833333333333,miss
2576,-7.98209607035533,0,0.39946666666666664,miss
2577,-11.697833963451318,0,0.39935,miss
2578,-7.285919260456649,0,0.39923333333333333,miss
2579,-13.809386573435312,0,0.3991166666666667,miss
2580,-6.9225406399425005,0,0.399,miss
2581,-11.596526015088653,0,0.39888333333333337,miss
2582,-16.075,0,0.39876666666666666,miss
2583,-7.434746873787719,0,0.39865,miss
2584,-9.395640557068383,0,0.39853333333333335,miss
2585,-8.02244714206503,0,0.3984166666666666,miss
2586,-6.976499987905144,0,0.39829999999999993,miss
2587,-15.446455533365015,0,0.3981833333333333,miss
2588,-8.182401280451884,0,0.3980666666666666,miss
2589,-7.829279467422562,0,0.39794999999999997,miss
2590,-16.05,0,0.3978333333333333,miss
2591,-10.28555434147272,0,0.39771666666666666,miss
2592,-5.880007981565474,0,0.3976,miss
2593,-11.585897803991175,0,0.39748333333333336,miss
2594,-7.479772827791621,0,0.39736666666666665,miss
2595,-16.05,0,0.39725,miss
2596,-8.72437520170226,0,0.39713333333333334,miss
2597,-16.05,0,0.3970166666666666,miss
2598,-16.1,0,0.3968999999999999,miss
2599,-16.05,0,0.39678333333333327,miss
2600,-6.967821544129977,0,0.3966666666666666,miss
2601,-16.1,0,0.39654999999999996,miss
2602,-16.05,0,0.3964333333333333,miss
2603,-16.05,0,0.39631666666666665,miss
2604,6.942610177962173,1,0.3962,hit
2605,-6.65744227840704,0,0.39608333333333334,miss
2606,6.673587245005615,1,0.39596666666666663,hit
2607,-7.570067906623517,0,0.39585,miss
2608,-12.65673887874804,0,0.3957333333333333,miss
2609,-16.05,0,0.3956166666666666,miss
2610,-8.401267278660171,0,0.39549999999999996,miss
2611,-16.075,0,0.3953833333333333,miss
2612,-7.922167127467953,0,0.39526666666666666,miss
2613,-6.464763934725274,0,0.39515,miss
2614,-6.618913330886339,0,0.39503333333333335,miss
2615,6.768679075328743,1,0.3949166666666667,hit
2616,-6.085997141108731,0,0.39480000000000004,miss
2617,-5.870928480683713,0,0.3946833333333334,miss
2618,-16.05,0,0.3945666666666666,miss
2619,-7.962454756455354,0,0.39444999999999997,miss
2620,-8.582591449383443,0,0.3943333333333333,miss
2621,-8.510945135833028,0,0.3942166666666666,miss
2622,-15.126706208826358,0,0.39409999999999995,miss
2623,-16.05,0,0.3939833333333333,miss
2624,6.708384494708327,1,0.39386666666666664,hit
2625,-7.828253593882326,0,0.39375,miss
2626,-8.80008728110393,0,0.39363333333333334,miss
2627,-7.384962829818465,0,0.3935166666666667,miss
2628,-7.7170816586787,0,0.3934,miss
2629,-5.97709768281877,0,0.3932833333333334,miss
2630,-6.354535896939199,0,0.3931666666666666,miss
2631,-7.75480993836137,0,0.39304999999999995,miss
2632,-8.254820368669444,0,0.3929333333333333,miss
2633,-11.962342878244751,0,0.3928166666666666,miss
2634,-7.534833821938534,0,0.39269999999999994,miss
2635,-16.075,0,0.3925833333333333,miss
2636,-16.05,0,0.39246666666666663,miss
2637,-6.14880981727254,0,0.39235,miss
2638,-7.514822998594329,0,0.3922333333333333,miss
2639,-7.128300023139538,0,0.39211666666666667,miss
2640,-16.05,0,0.392,miss
2641,-7.108040203789205,0,0.39188333333333336,miss
2642,-7.185944544930637,0,0.39176666666666665,miss
2643,-16.075,0,0.39165,miss
2644,-16.05,0,0.39153333333333334,miss
2645,-7.671702706939369,0,0.3914166666666666,miss
2646,-11.695834393756341,0,0.3912999999999999,miss
2647,-6.314962033346966,0,0.39118333333333327,miss
2648,-5.746769172601573,0,0.3910666666666666,miss
2649,-7.694499897771677,0,0.39094999999999996,miss
2650,-16.05,0,0.3908333333333333,miss
2651,-5.4909316888144035,0,0.39071666666666666,miss
2652,-11.519112380355578,0,0.3906,miss
2653,-16.1,0,0.39048333333333335,miss
2654,-16.075,0,0.39036666666666664,miss
2655,-7.453253502582298,0,0.39025,miss
2656,-7.4713456292222435,0,0.39013333333333333,miss
2657,-12.11920451260094,0,0.39001666666666657,miss
2658,-6.430139355606974,0,0.3898999999999999,miss
2659,-16.075,0,0.38978333333333326,miss
2660,-12.555393358541403,0,0.3896666666666666,miss
2661,-6.959623988083344,0,0.38954999999999995,miss
2662,-10.876449418884508,0,0.3894333333333333,miss
2663,-10.86602467581351,0,0.38931666666666664,miss
2664,-16.05,0,0.3892,miss
2665,-7.792392182847289,0,0.38908333333333334,miss
2666,-6.772437857170296,0,0.3889666666666666,miss
2667,-16.05,0,0.38885,miss
2668,-7.731758292572334,0,0.3887333333333333,miss
2669,-8.433013894845445,0,0.3886166666666666,miss
2670,7.249834575039557,1,0.38849999999999996,hit
2671,-16.075,0,0.3883833333333333,miss
2672,-7.325534961573229,0,0.38826666666666665,miss
2673,-8.35080571214001,0,0.38815,miss
2674,-9.866956157834743,0,0.38803333333333334,miss
2675,-9.319109417064734,0,0.3879166666666667,miss
2676,-5.846758159218672,0,0.38780000000000003,miss
2677,-8.778174924374275,0,0.3876833333333334,miss
2678,6.303514836283617,1,0.3875666666666666,hit
2679,-10.283314935149559,0,0.38744999999999996,miss
2680,-10.463975763033558,0,0.3873333333333333,miss
2681,-16.05,0,0.3872166666666666,miss
2682,-10.801804666651012,0,0.38709999999999994,miss
2683,-7.852104981462235,0,0.3869833333333333,miss
2684,-6.362713247911279,0,0.38686666666666664,miss
2685,-16.075,0,0.38675,miss
2686,-7.414562459168769,0,0.38663333333333333,miss
2687,-8.593470989547532,0,0.3865166666666667,miss
2688,-16.05,0,0.3864,miss
2689,-16.05,0,0.38628333333333337,miss
2690,-16.05,0,0.3861666666666667,miss
2691,-8.696144654945687,0,0.38604999999999995,miss
2692,-14.632375382862227,0,0.3859333333333333,miss
2693,-16.075,0,0.38581666666666664,miss
2694,-8.195121616549008,0,0.38569999999999993,miss
2695,-6.614660081435403,0,0.3855833333333333,miss
2696,-7.546283532353316,0,0.3854666666666666,miss
2697,-14.485560570981088,0,0.38534999999999997,miss
2698,-16.075,0,0.3852333333333333,miss
2699,-16.075,0,0.38511666666666666,miss
2700,-16.05,0,0.385,miss
2701,-16.075,0,0.38488333333333336,miss
2702,-10.937975515702254,0,0.3847666666666667,miss
2703,-11.706709999618198,0,0.38465,miss
2704,-6.950928041473226,0,0.38453333333333334,miss
2705,-8.817650473999764,0,0.3844166666666667,miss
2706,-8.402487113922053,0,0.3842999999999999,miss
2707,-10.406173285642506,0,0.38418333333333327,miss
2708,-11.303417356346683,0,0.3840666666666666,miss
2709,-6.181570779503157,0,0.38394999999999996,miss
2710,-7.137223103634224,0,0.3838333333333333,miss
2711,6.699408166373057,1,0.38371666666666665,hit
2712,-7.922450799537063,0,0.3836,miss
2713,6.452437963260814,1,0.38348333333333334,hit
2714,-7.165198291670004,0,0.3833666666666667,miss
2715,-16.05,0,0.38325,miss
2716,-16.05,0,0.3831333333333333,miss
2717,-6.961388070526211,0,0.38301666666666667,miss
2718,-8.375115004202367,0,0.3828999999999999,miss
2719,-8.201168748607325,0,0.38278333333333325,miss
2720,-7.613924661485621,0,0.3826666666666666,miss
2721,-16.05,0,0.38254999999999995,miss
2722,-16.1,0,0.3824333333333333,miss
2723,-16.1,0,0.38231666666666664,miss
2724,-6.37233445443021,0,0.3822,miss
2725,-16.05,0,0.38208333333333333,miss
2726,-12.842180255934435,0,0.3819666666666667,miss
2727,-10.778389590758975,0,0.38184999999999997,miss
2728,-16.05,0,0.3817333333333333,miss
2729,-16.1,0,0.38161666666666666,miss
2730,-8.583685574336878,0,0.38149999999999995,miss
2731,-16.075,0,0.3813833333333333,miss
2732,-6.245037062159736,0,0.38126666666666664,miss
2733,6.820031020628292,1,0.38115,hit
2734,-6.551576149723611,0,0.38103333333333333,miss
2735,-9.57228654308138,0,0.3809166666666667,miss
2736,-16.075,0,0.3808,miss
2737,-8.898984392623365,0,0.3806833333333334,miss
2738,-8.0878228520805,0,0.3805666666666667,miss
2739,-10.166871325525628,0,0.38044999999999995,miss
2740,-7.995784332565714,0,0.3803333333333333,miss
2741,6.6194733838657545,1,0.38021666666666665,hit
2742,-16.075,0,0.38009999999999994,miss
2743,-16.05,0,0.3799833333333333,miss
2744,6.669594982879545,1,0.37986666666666663,hit
2745,-5.602753493205846,0,0.37975,miss
2746,-16.075,0,0.3796333333333333,miss
2747,-11.733292007169108,0,0.37951666666666667,miss
2748,-6.652220016198127,0,0.3794,miss
2749,-6.247080882243915,0,0.37928333333333336,miss
2750,-16.1,0,0.3791666666666667,miss
2751,-16.05,0,0.37904999999999994,miss
2752,-8.223803255979867,0,0.3789333333333333,miss
2753,-11.097652067237199,0,0.37881666666666663,miss
2754,-12.228730071900898,0,0.3786999999999999,miss
2755,-16.075,0,0.37858333333333327,miss
2756,-6.066644442895149,0,0.3784666666666666,miss
2757,-7.772031150500208,0,0.37834999999999996,miss
2758,-7.779501808862125,0,0.3782333333333333,miss
2759,-16.075,0,0.37811666666666666,miss
2760,-5.7257786926277285,0,0.378,miss
2761,-10.98727170793076,0,0.37788333333333335,miss
2762,-16.075,0,0.3777666666666667,miss
2763,-5.940534479305387,0,0.37765,miss
2764,-7.4564309385716605,0,0.37753333333333333,miss
2765,-7.823161981106054,0,0.3774166666666667,miss
2766,-10.960293902279568,0,0.3772999999999999,miss
2767,-6.234462464121947,0,0.37718333333333326,miss
2768,-8.830412877090193,0,0.3770666666666666,miss
2769,-9.612396570297049,0,0.37694999999999995,miss
2770,-16.05,0,0.3768333333333333,miss
2771,-6.746580569183155,0,0.37671666666666664,miss
2772,-16.075,0,0.3766,miss
2773,6.588998736144725,1,0.37648333333333334,hit
2774,6.408065456429749,1,0.3763666666666667,hit
2775,-7.123543995738311,0,0.37625,miss
2776,-5.826008806791151,0,0.3761333333333333,miss
2777,-6.275112050239393,0,0.37601666666666667,miss
2778,-5.680949535571034,0,0.3758999999999999,miss
2779,-7.938849826430746,0,0.37578333333333325,miss
2780,-16.1,0,0.3756666666666666,miss
2781,-16.05,0,0.37554999999999994,miss
2782,-7.297543526528885,0,0.3754333333333333,miss
2783,-7.791857957634949,0,0.37531666666666663,miss
2784,-10.70980630865707,0,0.3752,miss
2785,-11.93543078920518,0,0.3750833333333333,miss
2786,-9.69443618033375,0,0.37496666666666667,miss
2787,-16.075,0,0.37484999999999996,miss
2788,-5.949984646545261,0,0.3747333333333333,miss
2789,-7.17941941908567,0,0.37461666666666665,miss
2790,-15.229631608536167,0,0.37449999999999994,miss
2791,-6.206897198248054,0,0.3743833333333333,miss
2792,-6.232691859329757,0,0.37426666666666664,miss
2793,-7.167516332686689,0,0.37415,miss
2794,-8.617382873451175,0,0.37403333333333333,miss
2795,-16.05,0,0.3739166666666667,miss
2796,-5.902199264271097,0,0.3738,miss
2797,-7.508935595607126,0,0.37368333333333337,miss
2798,6.627161840599827,1,0.3735666666666667,hit
2799,-16.075,0,0.37344999999999995,miss
2800,-16.05,0,0.3733333333333333,miss
2801,-7.758593986216709,0,0.37321666666666664,miss
2802,7.0689545735705925,1,0.37309999999999993,hit
2803,-16.05,0,0.3729833333333333,miss
2804,-5.898326174888099,0,0.3728666666666666,miss
2805,-16.05,0,0.37274999999999997,miss
2806,-6.3492784450999595,0,0.3726333333333333,miss
2807,-10.376435466183892,0,0.37251666666666666,miss
2808,6.392735197381308,1,0.3724,hit
2809,-16.075,0,0.37228333333333335,miss
2810,-16.075,0,0.3721666666666667,miss
2811,-8.24355328011492,0,0.37204999999999994,miss
2812,-16.075,0,0.3719333333333333,miss
2813,-16.05,0,0.37181666666666663,miss
2814,-16.05,0,0.3717,miss
2815,-16.05,0,0.37158333333333327,miss
2816,-16.05,0,0.3714666666666666,miss
2817,-6.69104901584243,0,0.37134999999999996,miss
2818,7.196028160400351,1,0.3712333333333333,hit
2819,-7.2678592984073624,0,0.37111666666666665,miss
2820,-5.525361634748239,0,0.371,miss
2821,-9.31440678706026,0,0.37088333333333334,miss
2822,-8.258778427925032,0,0.3707666666666667,miss
2823,-16.075,0,0.37065000000000003,miss
2824,-8.26128615817709,0,0.3705333333333333,miss
2825,-12.066653062032712,0,0.37041666666666667,miss
2826,-16.075,0,0.3703,miss
2827,-6.726661018679726,0,0.37018333333333325,miss
2828,-11.144575081542733,0,0.3700666666666666,miss
2829,-9.058721545945907,0,0.36994999999999995,miss
2830,-6.316093678167651,0,0.3698333333333333,miss
2831,-6.311336399911944,0,0.36971666666666664,miss
2832,-6.789624003989833,0,0.3696,miss
2833,-8.096540171033071,0,0.36948333333333333,miss
2834,-16.05,0,0.3693666666666667,miss
2835,-8.096907413787594,0,0.36925,miss
2836,-7.130835992946964,0,0.3691333333333333,miss
2837,-16.05,0,0.36901666666666666,miss
2838,-9.126160324791092,0,0.3689,miss
2839,-16.05,0,0.36878333333333324,miss
2840,-9.598453287367736,0,0.3686666666666666,miss
2841,-8.1405320927907,0,0.36854999999999993,miss
2842,-16.075,0,0.3684333333333333,miss
2843,-16.075,0,0.3683166666666666,miss
2844,-7.698047210012715,0,0.36819999999999997,miss
2845,-10.281970951205043,0,0.3680833333333333,miss
2846,-10.128592485165738,0,0.36796666666666666,miss
2847,-10.001375731218074,0,0.36785,miss
2848,-10.232428052258904,0,0.3677333333333333,miss
2849,-7.472638310061223,0,0.36761666666666665,miss
2850,-16.075,0,0.3675,miss
2851,-9.41879171792209,0,0.3673833333333333,miss
2852,-7.150926746127278,0,0.36726666666666663,miss
2853,-16.05,0,0.36715,miss
2854,-9.647245298967093,0,0.3670333333333333,miss
2855,-6.435544128083154,0,0.36691666666666667,miss
2856,-14.409827799311017,0,0.3668,miss
2857,-10.58484763409299,0,0.36668333333333336,miss
2858,6.1988457431811685,1,0.3665666666666667,hit
2859,-7.375569767090569,0,0.36645000000000005,miss
2860,-7.60838136012169,0,0.3663333333333333,miss
2861,-10.146564501793604,0,0.36621666666666663,miss
2862,-16.05,0,0.3661,miss
2863,-5.883393799491146,0,0.36598333333333327,miss
2864,-6.0153909668924825,0,0.3658666666666666,miss
2865,-16.05,0,0.36574999999999996,miss
2866,-6.282796047531584,0,0.3656333333333333,miss
2867,-16.05,0,0.36551666666666666,miss
2868,-6.551934174003476,0,0.3654,miss
2869,-16.05,0,0.36528333333333335,miss
2870,-7.854704196582242,0,0.3651666666666667,miss
2871,-8.176913851352326,0,0.36505000000000004,miss
2872,-6.26725116865753,0,0.3649333333333333,miss
2873,6.737499346967083,1,0.3648166666666666,hit
2874,-8.80172921949314,0,0.36469999999999997,miss
2875,-8.193502190066624,0,0.36458333333333326,miss
2876,-7.548852012281866,0,0.3644666666666666,miss
2877,-8.711136609153709,0,0.36434999999999995,miss
2878,-9.672295761348632,0,0.3642333333333333,miss
2879,6.68146997733216,1,0.36411666666666664,hit
2880,-16.05,0,0.364,miss
2881,6.441812359709848,1,0.36388333333333334,hit
2882,-12.33567858390705,0,0.3637666666666667,miss
2883,7.245142368440664,1,0.36365000000000003,hit
2884,-16.05,0,0.3635333333333333,miss
2885,-6.187051996258231,0,0.36341666666666667,miss
2886,-8.20463421340853,0,0.3633,miss
2887,-16.05,0,0.36318333333333325,miss
2888,-16.05,0,0.3630666666666666,miss
2889,-16.05,0,0.36294999999999994,miss
2890,-6.784526278113932,0,0.3628333333333333,miss
2891,-7.09732867654181,0,0.36271666666666663,miss
2892,-8.608321701118667,0,0.3626,miss
2893,-16.075,0,0.3624833333333333,miss
2894,-6.274709081599679,0,0.36236666666666667,miss
2895,-16.05,0,0.36225,miss
2896,-16.075,0,0.3621333333333333,miss
2897,-6.843815221973798,0,0.36201666666666665,miss
2898,-7.628131443494977,0,0.3619,miss
2899,-16.075,0,0.36178333333333323,miss
2900,-10.252453893927232,0,0.3616666666666666,miss
2901,-8.662337792341983,0,0.3615499999999999,miss
2902,-5.544802222767718,0,0.3614333333333333,miss
2903,-10.01811669492864,0,0.3613166666666666,miss
2904,-6.949915696343881,0,0.36119999999999997,miss
2905,-8.556585736774027,0,0.3610833333333333,miss
2906,-8.521773229282688,0,0.36096666666666666,miss
2907,-16.075,0,0.36085,miss
2908,-16.05,0,0.3607333333333333,miss
2909,-12.00667260026912,0,0.36061666666666664,miss
2910,6.615883380882191,1,0.3605,hit
2911,-7.168671485711818,0,0.3603833333333333,miss
2912,-8.589238235535271,0,0.3602666666666666,miss
2913,-8.22855390431509,0,0.36014999999999997,miss
2914,6.797299046965306,1,0.3600333333333333,hit
2915,-7.846830072007729,0,0.35991666666666666,miss
2916,-9.322007915785955,0,0.3598,miss
2917,-6.984279890596212,0,0.35968333333333335,miss
2918,-5.817983296773603,0,0.3595666666666667,miss
2919,-9.065566064710666,0,0.35945000000000005,miss
2920,-5.634496922425082,0,0.3593333333333333,miss
2921,-16.05,0,0.35921666666666663,miss
2922,-7.818043689327477,0,0.3591,miss
2923,-8.809552828740053,0,0.35898333333333327,miss
2924,-16.075,0,0.3588666666666666,miss
2925,-6.064339766592856,0,0.35874999999999996,miss
2926,-6.014118415575306,0,0.3586333333333333,miss
2927,-6.914742652246551,0,0.35851666666666665,miss
2928,-10.786238433539847,0,0.3584,miss
2929,-6.194800279182473,0,0.35828333333333334,miss
2930,-7.26437256985771,0,0.3581666666666667,miss
2931,-6.173054777626747,0,0.35805000000000003,miss
2932,-6.99480338585109,0,0.35793333333333327,miss
2933,-16.05,0,0.3578166666666666,miss
2934,-5.683286281147863,0,0.35769999999999996,miss
2935,-9.005709841117222,0,0.35758333333333325,miss
2936,-16.075,0,0.3574666666666666,miss
2937,6.6554654916956855,1,0.35734999999999995,hit
2938,-16.070621138272024,0,0.3572333333333333,miss
2939,-7.6701831226644,0,0.35711666666666664,miss
2940,-10.187826670327478,0,0.357,miss
2941,-16.075,0,0.35688333333333333,miss
2942,6.8126016574583055,1,0.3567666666666667,hit
2943,-7.606335164582095,0,0.35665,miss
2944,-7.508142033139737,0,0.35653333333333337,miss
2945,-8.843485463848655,0,0.35641666666666666,miss
2946,-8.610239917305918,0,0.3563,miss
2947,-7.291786107954272,0,0.35618333333333335,miss
2948,-16.05,0,0.3560666666666666,miss
2949,-10.915012001300557,0,0.35594999999999993,miss
2950,-7.634244996330077,0,0.3558333333333333,miss
2951,6.346185133852195,1,0.3557166666666666,hit
2952,6.631795968181222,1,0.35559999999999997,hit
2953,-6.514749930485762,0,0.3554833333333333,miss
2954,6.490962113232844,1,0.35536666666666666,hit
2955,-7.46808753014986,0,0.35525,miss
2956,-6.559541797197988,0,0.35513333333333336,miss
2957,-8.40415239492743,0,0.35501666666666665,miss
2958,-16.05,0,0.3549,miss
2959,-6.796300237704345,0,0.35478333333333334,miss
2960,-6.118164810140046,0,0.3546666666666666,miss
2961,-8.359775606143437,0,0.3545499999999999,miss
2962,-7.793727932965441,0,0.35443333333333327,miss
2963,-8.162443468997123,0,0.3543166666666666,miss
2964,-16.075,0,0.35419999999999996,miss
2965,-16.1,0,0.3540833333333333,miss
2966,7.144337403892488,1,0.35396666666666665,hit
2967,-6.122222608254807,0,0.35385,miss
2968,-7.548634566398517,0,0.35373333333333334,miss
2969,-6.675292169252569,0,0.35361666666666663,miss
2970,-6.657502122929701,0,0.3535,miss
2971,-11.484403298218535,0,0.3533833333333333,miss
2972,-16.075,0,0.3532666666666666,miss
2973,-16.05,0,0.35314999999999996,miss
2974,6.641376212404408,1,0.3530333333333333,hit
2975,-5.9194409560624806,0,0.35291666666666666,miss
2976,-6.361661135187533,0,0.3528,miss
2977,-7.477700690687783,0,0.35268333333333335,miss
2978,-10.30274796116298,0,0.3525666666666667,miss
2979,6.987610248530836,1,0.35245000000000004,hit
2980,-6.139118406050893,0,0.3523333333333334,miss
2981,-6.995888375704002,0,0.3522166666666666,miss
2982,-13.001477475550363,0,0.35209999999999997,miss
2983,-9.702493249812285,0,0.3519833333333333,miss
2984,-6.735187654409386,0,0.3518666666666666,miss
2985,-9.462613934955337,0,0.35174999999999995,miss
2986,-9.602860147738763,0,0.3516333333333333,miss
2987,-16.15,0,0.35151666666666664,miss
2988,-16.05,0,0.3514,miss
2989,-16.075,0,0.35128333333333334,miss
2990,-6.275452668745801,0,0.3511666666666667,miss
2991,-11.154245807769342,0,0.35105000000000003,miss
2992,-9.794480915793343,0,0.3509333333333334,miss
2993,-16.05,0,0.3508166666666666,miss
2994,-16.05,0,0.35069999999999996,miss
2995,-16.05,0,0.3505833333333333,miss
2996,-7.437550360864918,0,0.3504666666666666,miss
2997,-16.05,0,0.35034999999999994,miss
2998,-16.075,0,0.3502333333333333,miss
2999,-16.05,0,0.35011666666666663,miss
3000,-6.568233858572536,0,0.35,miss
3001,-8.810592555312564,0,0.3498833333333333,miss
3002,-16.05,0,0.34976666666666667,miss
3003,6.68914936228353,1,0.34965,hit
3004,-8.521888447860142,0,0.3495333333333333,miss
3005,-8.903088851670578,0,0.34941666666666665,miss
3006,-7.326564300455442,0,0.3493,miss
3007,-10.409272167198893,0,0.34918333333333335,miss
3008,-5.6861207800264015,0,0.3490666666666667,miss
3009,-10.91048187734284,0,0.34895000000000004,miss
3010,-16.1,0,0.3488333333333333,miss
3011,-10.200279247240662,0,0.3487166666666666,miss
3012,-6.512842594188797,0,0.34859999999999997,miss
3013,-7.228252632726236,0,0.3484833333333333,miss
3014,-7.541704604588578,0,0.34836666666666666,miss
3015,-16.075,0,0.34825,miss
3016,-16.05,0,0.3481333333333333,miss
3017,-6.6393578877728325,0,0.34801666666666664,miss
3018,-16.075,0,0.3479,miss
3019,-10.09040968940602,0,0.34778333333333333,miss
3020,-10.415359469086509,0,0.3476666666666667,miss
3021,-6.667424032447281,0,0.34755,miss
3022,6.898276251193688,1,0.34743333333333326,hit
3023,-10.157835933038351,0,0.3473166666666666,miss
3024,-7.3984423549331,0,0.34719999999999995,miss
3025,-7.9197050262857145,0,0.3470833333333333,miss
3026,-8.163786665858925,0,0.34696666666666665,miss
3027,-8.030970682979092,0,0.34685,miss
3028,-11.457399417345917,0,0.3467333333333333,miss
3029,6.811943124892449,1,0.34661666666666663,hit
3030,-11.840410747655364,0,0.3465,miss
3031,-8.5998982311506,0,0.3463833333333333,miss
3032,-16.075,0,0.34626666666666667,miss
3033,-7.900241785543874,0,0.34615,miss
3034,-16.075,0,0.3460333333333333,miss
3035,-6.972784410150812,0,0.34591666666666665,miss
3036,-6.160111242743032,0,0.3458,miss
3037,-7.2514598063608915,0,0.34568333333333334,miss
3038,7.028148848062064,1,0.3455666666666667,hit
3039,-7.041356007084638,0,0.34545000000000003,miss
3040,-9.729930875213114,0,0.34533333333333327,miss
3041,-9.411334915375448,0,0.3452166666666666,miss
3042,-16.075,0,0.34509999999999996,miss
3043,-16.075,0,0.3449833333333333,miss
3044,-6.340088555296575,0,0.34486666666666665,miss
3045,-8.848744583323532,0,0.34475,miss
3046,-6.006247462570627,0,0.3446333333333333,miss
3047,-6.949970801929967,0,0.34451666666666664,miss
3048,-16.05,0,0.3444,miss
3049,-6.525940290749065,0,0.34428333333333333,miss
3050,-16.125,0,0.3441666666666667,miss
3051,-9.454204372550588,0,0.34405,miss
3052,-7.714741611525482,0,0.34393333333333326,miss
3053,-11.194728430144897,0,0.3438166666666666,miss
3054,6.75841255153896,1,0.34369999999999995,hit
3055,-6.502971840840741,0,0.3435833333333333,miss
3056,-6.180709469283404,0,0.34346666666666664,miss
3057,-5.807640595461877,0,0.34335,miss
3058,-16.075,0,0.3432333333333333,miss
3059,-9.53927022241888,0,0.3431166666666666,miss
3060,-7.418598782620856,0,0.34299999999999997,miss
3061,-16.1,0,0.3428833333333333,miss
3062,-16.05,0,0.34276666666666666,miss
3063,-9.560864745202489,0,0.34265,miss
3064,-10.707538465105515,0,0.3425333333333333,miss
3065,-10.475230120912448,0,0.34241666666666665,miss
3066,-16.125,0,0.3423,miss
3067,-6.3156016985858,0,0.34218333333333334,miss
3068,-16.05,0,0.3420666666666667,miss
3069,-16.05,0,0.34195000000000003,miss
3070,-11.574894503142996,0,0.34183333333333327,miss
3071,-9.862630394524786,0,0.3417166666666666,miss
3072,-6.20173836526838,0,0.34159999999999996,miss
3073,-16.075,0,0.3414833333333333,miss
3074,-11.564401629845419,0,0.34136666666666665,miss
3075,6.3748309964489165,1,0.34125,hit
3076,-6.279158301538664,0,0.3411333333333333,miss
3077,-7.134957335198033,0,0.34101666666666663,miss
3078,-8.91117900972314,0,0.3409,miss
3079,-11.132611456183948,0,0.3407833333333333,miss
3080,-9.349794545650765,0,0.3406666666666667,miss
3081,-11.61263028257083,0,0.34055,miss
3082,-13.82477478927543,0,0.34043333333333325,miss
3083,-10.05457173918198,0,0.3403166666666666,miss
3084,-10.401915926290163,0,0.34019999999999995,miss
3085,-7.851135346294098,0,0.3400833333333333,miss
3086,-7.464135161507809,0,0.33996666666666664,miss
3087,-16.05,0,0.33985,miss
3088,-8.656316915829285,0,0.3397333333333333,miss
3089,-8.524340657892253,0,0.3396166666666666,miss
3090,-10.701539823102117,0,0.33949999999999997,miss
3091,6.573122242246767,1,0.3393833333333333,hit
3092,-16.075,0,0.33926666666666666,miss
3093,-16.075,0,0.33915,miss
3094,-6.683854505874259,0,0.3390333333333333,miss
3095,-5.8224716337952325,0,0.33891666666666664,miss
3096,-16.05,0,0.3388,miss
3097,-6.92492567889331,0,0.33868333333333334,miss
3098,-7.794601811680509,0,0.3385666666666667,miss
3099,-16.05,0,0.33845000000000003,miss
3100,-7.253573720059159,0,0.33833333333333326,miss
3101,-5.840090056897801,0,0.3382166666666666,miss
3102,6.3549551200137,1,0.33809999999999996,hit
3103,-11.5123397973301,0,0.3379833333333333,miss
3104,-8.471314353622125,0,0.33786666666666665,miss
3105,6.6932234960403605,1,0.33775,hit
3106,-6.6273719155285935,0,0.3376333333333333,miss
3107,-10.068554964527845,0,0.33751666666666663,miss
3108,-16.075,0,0.3374,miss
3109,-10.622952745554084,0,0.3372833333333333,miss
3110,-7.0235942332780565,0,0.33716666666666667,miss
3111,7.0335430485974575,1,0.33705,hit
3112,-16.05904207437844,0,0.33693333333333325,miss
3113,-7.229711803403644,0,0.3368166666666666,miss
3114,-6.4157012540854845,0,0.33669999999999994,miss
3115,-16.075,0,0.3365833333333333,miss
3116,-7.131894975883543,0,0.33646666666666664,miss
3117,-10.033011199360242,0,0.33635,miss
3118,-16.05,0,0.3362333333333333,miss
3119,-16.05,0,0.3361166666666666,miss
3120,-15.120386320017706,0,0.33599999999999997,miss
3121,-16.075,0,0.3358833333333333,miss
3122,-16.05,0,0.33576666666666666,miss
3123,-10.716815318048894,0,0.33565,miss
3124,-16.1,0,0.3355333333333333,miss
3125,-5.951917064638403,0,0.33541666666666664,miss
3126,6.896714978459696,1,0.3353,hit
3127,-6.714532981375955,0,0.33518333333333333,miss
3128,-8.790088503063203,0,0.3350666666666667,miss
3129,6.359694763345949,1,0.33495,hit
3130,-7.3990829556528075,0,0.33483333333333337,miss
3131,6.86433101639704,1,0.3347166666666666,hit
3132,-16.05,0,0.33459999999999995,miss
3133,-10.496034339407839,0,0.3344833333333333,miss
3134,-5.930403955687622,0,0.33436666666666665,miss
3135,-5.978841613355453,0,0.33425,miss
3136,-10.137025803445784,0,0.33413333333333334,miss
3137,6.451066257836121,1,0.33401666666666663,hit
3138,-8.863731132063252,0,0.3339,miss
3139,-7.2962582330453465,0,0.3337833333333333,miss
3140,-7.059070802657462,0,0.33366666666666667,miss
3141,-16.05,0,0.33355,miss
3142,-16.05,0,0.33343333333333336,miss
3143,-9.433748193460174,0,0.3333166666666666,miss
3144,-10.578006337192825,0,0.33319999999999994,miss
3145,-8.499587099055429,0,0.3330833333333333,miss
3146,-16.05,0,0.33296666666666663,miss
3147,-7.095557779523161,0,0.33285,miss
3148,5.966431273704681,1,0.3327333333333333,hit
3149,-13.155180710947393,0,0.3326166666666666,miss
3150,-7.478484869652035,0,0.33249999999999996,miss
3151,-16.05,0,0.3323833333333333,miss
3152,-7.739654044099331,0,0.33226666666666665,miss
3153,-10.09777743318797,0,0.33215,miss
3154,-6.001000586404768,0,0.33203333333333335,miss
3155,-16.05,0,0.33191666666666664,miss
3156,-6.021599889931563,0,0.3318,miss
3157,-16.05,0,0.33168333333333333,miss
3158,6.64974340609318,1,0.3315666666666667,hit
3159,-16.05,0,0.33145,miss
3160,-7.092926730467456,0,0.33133333333333337,miss
3161,-8.885026876275388,0,0.3312166666666666,miss
3162,-7.025709092682407,0,0.33109999999999995,miss
3163,-16.1,0,0.3309833333333333,miss
3164,-8.149663098556625,0,0.33086666666666664,miss
3165,6.7444622468706275,1,0.33075,hit
3166,-7.311092346414594,0,0.33063333333333333,miss
3167,-8.039564949311456,0,0.3305166666666666,miss
3168,-10.529907313747756,0,0.33039999999999997,miss
3169,-7.03570025872918,0,0.3302833333333333,miss
3170,-16.05,0,0.33016666666666666,miss
3171,-16.05,0,0.33005,miss
3172,-8.468435074819197,0,0.32993333333333336,miss
3173,6.533826018381244,1,0.3298166666666666,hit
3174,-5.810365234481324,0,0.32969999999999994,miss
3175,-16.075,0,0.3295833333333333,miss
3176,-10.017424730998542,0,0.32946666666666663,miss
3177,-9.433110813481168,0,0.32935,miss
3178,-11.672212298603716,0,0.3292333333333333,miss
3179,-8.312204942818092,0,0.3291166666666666,miss
3180,7.256629899970454,1,0.32899999999999996,hit
3181,-16.075,0,0.3288833333333333,miss
3182,-6.065773523709521,0,0.32876666666666665,miss
3183,-16.1,0,0.32865,miss
3184,-6.066777402331402,0,0.32853333333333334,miss
3185,6.689378729977955,1,0.32841666666666663,hit
3186,-10.718865304447645,0,0.3283,miss
3187,-7.207204379078644,0,0.3281833333333333,miss
3188,-10.112252043256488,0,0.3280666666666667,miss
3189,-5.929741220940837,0,0.32795,miss
3190,-13.279213533196208,0,0.32783333333333337,miss
3191,-16.05,0,0.3277166666666666,miss
3192,-16.075,0,0.32759999999999995,miss
3193,-9.239725785901,0,0.3274833333333333,miss
3194,-16.05,0,0.32736666666666664,miss
3195,-6.537535500145175,0,0.32725,miss
3196,-16.05,0,0.32713333333333333,miss
3197,-6.929154167157351,0,0.3270166666666666,miss
3198,-7.52147097400495,0,0.32689999999999997,miss
3199,-5.95875993738197,0,0.3267833333333333,miss
3200,-5.854512678439277,0,0.32666666666666666,miss
3201,-16.075,0,0.32655,miss
3202,-8.090958075636612,0,0.32643333333333335,miss
3203,-6.197975135870814,0,0.3263166666666666,miss
3204,-5.602987943687853,0,0.32619999999999993,miss
3205,-7.716309264812004,0,0.3260833333333333,miss
3206,-16.075,0,0.3259666666666666,miss
3207,-16.05,0,0.32585,miss
3208,-11.543218629039773,0,0.3257333333333333,miss
3209,-6.477671997999436,0,0.3256166666666666,miss
3210,-16.05,0,0.32549999999999996,miss
3211,-5.571819840608579,0,0.3253833333333333,miss
3212,-8.174921278398513,0,0.32526666666666665,miss
3213,-9.416273208118014,0,0.32515,miss
3214,-6.511382071629391,0,0.32503333333333334,miss
3215,-7.895256761034886,0,0.32491666666666663,miss
3216,-16.075,0,0.3248,miss
3217,-6.862061292650211,0,0.3246833333333333,miss
3218,-16.05,0,0.32456666666666667,miss
3219,-8.207698767828685,0,0.32445,miss
3220,-8.133636008438721,0,0.32433333333333336,miss
3221,-11.324668511127191,0,0.3242166666666666,miss
3222,-16.075,0,0.32409999999999994,miss
3223,-5.871869943180938,0,0.3239833333333333,miss
3224,-9.321498478579016,0,0.32386666666666664,miss
3225,-16.05,0,0.32375,miss
3226,-8.206166204096258,0,0.32363333333333333,miss
3227,6.9040503858402085,1,0.3235166666666666,hit
3228,-8.499282382765585,0,0.32339999999999997,miss
3229,-13.582649354380491,0,0.3232833333333333,miss
3230,-16.05,0,0.32316666666666666,miss
3231,-16.05,0,0.32305,miss
3232,-16.05,0,0.32293333333333335,miss
3233,-8.074392158508843,0,0.3228166666666666,miss
3234,6.756102513246351,1,0.32269999999999993,hit
3235,-8.542495711342866,0,0.3225833333333333,miss
3236,-16.05,0,0.3224666666666666,miss
3237,-5.726370080448235,0,0.32234999999999997,miss
3238,-5.741867108627213,0,0.3222333333333333,miss
3239,-8.187616554481338,0,0.3221166666666666,miss
3240,-16.075,0,0.32199999999999995,miss
3241,-6.152905017439526,0,0.3218833333333333,miss
3242,-6.75215796440525,0,0.32176666666666665,miss
3243,6.4787295027838585,1,0.32165,hit
3244,7.041132084817235,1,0.32153333333333334,hit
3245,6.671836874876721,1,0.32141666666666663,hit
3246,-10.62144083411982,0,0.3213,miss
3247,-6.749889985974798,0,0.3211833333333333,miss
3248,-8.244012310503447,0,0.32106666666666667,miss
3249,-8.530950963510984,0,0.32095,miss
3250,-7.919825958747099,0,0.32083333333333336,miss
3251,-16.05,0,0.3207166666666667,miss
3252,-7.957523845111629,0,0.32059999999999994,miss
3253,-9.59591844368023,0,0.3204833333333333,miss
3254,-6.622114490729147,0,0.32036666666666663,miss
3255,-7.360873052540839,0,0.32025,miss
3256,-6.750360657215058,0,0.3201333333333333,miss
3257,-16.05,0,0.32001666666666667,miss
3258,-16.05,0,0.31989999999999996,miss
3259,-7.2814358940356305,0,0.3197833333333333,miss
3260,-5.9656012138839385,0,0.31966666666666665,miss
3261,-8.028989848632055,0,0.31955,miss
3262,-16.05,0,0.31943333333333335,miss
3263,-16.075,0,0.3193166666666667,miss
3264,-16.05,0,0.31919999999999993,miss
3265,-5.985312979321744,0,0.3190833333333333,miss
3266,-7.524829978826625,0,0.3189666666666666,miss
3267,-6.189580598174422,0,0.31884999999999997,miss
3268,-6.1026420730602355,0,0.3187333333333333,miss
3269,-7.1027064850921935,0,0.31861666666666666,miss
3270,-16.05,0,0.31849999999999995,miss
3271,-7.211371188628199,0,0.3183833333333333,miss
3272,-16.1,0,0.31826666666666664,miss
3273,-16.075,0,0.31815,miss
3274,-7.175401000349261,0,0.31803333333333333,miss
3275,-11.012413877115463,0,0.3179166666666667,miss
3276,-8.210237542528048,0,0.31779999999999997,miss
3277,-7.0722537543720625,0,0.3176833333333333,miss
3278,-16.05,0,0.31756666666666666,miss
3279,-10.865717724619284,0,0.31745,miss
3280,-8.360339487880054,0,0.31733333333333336,miss
3281,-16.05,0,0.3172166666666667,miss
3282,-8.265098011401063,0,0.31709999999999994,miss
3283,-7.3931541204284805,0,0.3169833333333333,miss
3284,-16.05,0,0.31686666666666663,miss
3285,-9.793205904456034,0,0.31675,miss
3286,-5.892049236518565,0,0.3166333333333333,miss
3287,-6.913382426325081,0,0.31651666666666667,miss
3288,-16.1,0,0.31639999999999996,miss
3289,-5.9190787977813155,0,0.3162833333333333,miss
3290,6.635110594689711,1,0.31616666666666665,hit
3291,-16.05,0,0.31605,miss
3292,-6.572036879555173,0,0.31593333333333334,miss
3293,6.831881499903911,1,0.3158166666666667,hit
3294,-16.075,0,0.3156999999999999,miss
3295,-16.1,0,0.31558333333333327,miss
3296,-5.604934222436599,0,0.3154666666666666,miss
3297,-8.951422389675862,0,0.31534999999999996,miss
3298,-8.007896399733887,0,0.3152333333333333,miss
3299,-8.783013470630001,0,0.31511666666666666,miss
3300,-9.268032523152343,0,0.31499999999999995,miss
3301,-16.05,0,0.3148833333333333,miss
3302,-5.935624337663757,0,0.31476666666666664,miss
3303,-6.832140649178097,0,0.31465,miss
3304,-8.203176375063215,0,0.31453333333333333,miss
3305,-6.467499193518762,0,0.3144166666666667,miss
3306,-16.075,0,0.31429999999999997,miss
3307,-6.617868016713691,0,0.3141833333333333,miss
3308,-8.816735296556047,0,0.31406666666666666,miss
3309,-6.992415946378145,0,0.31395,miss
3310,-7.915271773493822,0,0.31383333333333335,miss
3311,-7.556381424142187,0,0.3137166666666667,miss
3312,-16.1,0,0.31359999999999993,miss
3313,-5.950319513116271,0,0.3134833333333333,miss
3314,-10.635713111036882,0,0.3133666666666666,miss
3315,-8.495371944268607,0,0.31325,miss
3316,-7.318786435316658,0,0.3131333333333333,miss
3317,-16.05,0,0.31301666666666667,miss
3318,6.4947415257578065,1,0.31289999999999996,hit
3319,-11.34547789780061,0,0.3127833333333333,miss
3320,-14.244827826938259,0,0.31266666666666665,miss
3321,-8.06114190337821,0,0.31255,miss
3322,-5.942388042241557,0,0.31243333333333334,miss
3323,-6.060724835698524,0,0.3123166666666667,miss
3324,-16.075,0,0.3121999999999999,miss
3325,-16.05,0,0.31208333333333327,miss
3326,-16.05,0,0.3119666666666666,miss
3327,-16.05,0,0.31184999999999996,miss
3328,6.451132768067993,1,0.3117333333333333,hit
3329,-7.444697155471664,0,0.31161666666666665,miss
3330,-7.205362672489738,0,0.31149999999999994,miss
3331,-10.28462445407871,0,0.3113833333333333,miss
3332,-6.985340763097691,0,0.31126666666666664,miss
3333,-16.05,0,0.31115,miss
3334,-9.424092026133836,0,0.31103333333333333,miss
3335,-7.08587415630571,0,0.3109166666666667,miss
3336,-7.354901357687914,0,0.31079999999999997,miss
3337,-16.05,0,0.3106833333333333,miss
3338,-6.468196557766694,0,0.31056666666666666,miss
3339,-6.367871950165027,0,0.31045,miss
3340,-7.407660240629362,0,0.31033333333333335,miss
3341,-8.358339160471315,0,0.3102166666666667,miss
3342,-8.091752596125124,0,0.31009999999999993,miss
3343,-16.05,0,0.3099833333333333,miss
3344,-6.674191405632592,0,0.3098666666666666,miss
3345,-6.584577300235088,0,0.30974999999999997,miss
3346,-7.748922977589254,0,0.3096333333333333,miss
3347,-9.259311291016786,0,0.30951666666666666,miss
3348,-16.05,0,0.30939999999999995,miss
3349,6.85428040556572,1,0.3092833333333333,hit
3350,-16.05,0,0.30916666666666665,miss
3351,-7.348741728160621,0,0.30905,miss
3352,-16.075,0,0.30893333333333334,miss
3353,6.547643796044466,1,0.3088166666666667,hit
3354,-9.814503738326936,0,0.3086999999999999,miss
3355,-9.225197820166635,0,0.30858333333333327,miss
3356,6.9735913014286055,1,0.3084666666666666,hit
3357,6.836798267869341,1,0.30834999999999996,hit
3358,-16.05,0,0.3082333333333333,miss
3359,-5.744663914973517,0,0.30811666666666665,miss
3360,-16.1,0,0.30799999999999994,miss
3361,-14.635804048269053,0,0.3078833333333333,miss
3362,-5.854745522870207,0,0.30776666666666663,miss
3363,-6.699949075770436,0,0.30765,miss
3364,-6.724744174612768,0,0.3075333333333333,miss
3365,-10.56439667669364,0,0.30741666666666667,miss
3366,-8.723885437858794,0,0.30729999999999996,miss
3367,-8.460393833857278,0,0.3071833333333333,miss
3368,-6.421213901568227,0,0.30706666666666665,miss
3369,-16.05,0,0.30695,miss
3370,-10.119392158343857,0,0.30683333333333335,miss
3371,-16.075,0,0.3067166666666667,miss
3372,6.476827526683503,1,0.30659999999999993,hit
3373,-9.808862363657008,0,0.3064833333333333,miss
3374,-16.1,0,0.3063666666666666,miss
3375,-16.05,0,0.30624999999999997,miss
3376,-6.951886197210493,0,0.3061333333333333,miss
3377,-10.089885596048171,0,0.30601666666666666,miss
3378,-7.282239131270507,0,0.3059,miss
3379,-5.9912177398824165,0,0.3057833333333333,miss
3380,-10.997037434315619,0,0.30566666666666664,miss
3381,-7.891971125958657,0,0.30555,miss
3382,-16.05,0,0.30543333333333333,miss
3383,-7.360550238468996,0,0.3053166666666667,miss
3384,-16.05,0,0.3052,miss
3385,-10.101387416314463,0,0.30508333333333326,miss
3386,-16.075,0,0.3049666666666666,miss
3387,-6.005219507357198,0,0.30484999999999995,miss
3388,-10.04438189957789,0,0.3047333333333333,miss
3389,-11.141666232841244,0,0.30461666666666665,miss
3390,-16.05,0,0.3045,miss
3391,-6.685242794852815,0,0.3043833333333333,miss
3392,-8.762646843759956,0,0.30426666666666663,miss
3393,-8.019577709174476,0,0.30415,miss
3394,-6.358263358909204,0,0.3040333333333333,miss
3395,-16.05,0,0.30391666666666667,miss
3396,-8.707070533099216,0,0.3038,miss
3397,6.600781489860861,1,0.3036833333333333,hit
3398,-16.05,0,0.30356666666666665,miss
3399,6.72283800714882,1,0.30345,hit
3400,-6.4905441964158115,0,0.30333333333333334,miss
3401,-5.6075757432757065,0,0.3032166666666667,miss
3402,-9.858277008281808,0,0.30310000000000004,miss
3403,-9.730502331859608,0,0.30298333333333327,miss
3404,6.951782269850517,1,0.3028666666666666,hit
3405,-7.794345360881512,0,0.30274999999999996,miss
3406,-8.809047415242741,0,0.3026333333333333,miss
3407,-9.058761764096467,0,0.30251666666666666,miss
3408,-16.1,0,0.3024,miss
3409,-6.189350538444673,0,0.3022833333333333,miss
3410,-6.331788577595188,0,0.30216666666666664,miss
3411,-9.145814685374958,0,0.30205,miss
3412,-16.05,0,0.30193333333333333,miss
3413,-11.273384453283338,0,0.3018166666666667,miss
3414,-16.05,0,0.3017,miss
3415,-6.289234200809623,0,0.30158333333333326,miss
3416,-9.277266326047895,0,0.3014666666666666,miss
3417,-11.976510058535737,0,0.30134999999999995,miss
3418,-6.218324515953385,0,0.3012333333333333,miss
3419,-5.856605041158977,0,0.30111666666666664,miss
3420,-13.67174432596363,0,0.301,miss
3421,-16.1,0,0.3008833333333333,miss
3422,-16.05,0,0.3007666666666666,miss
3423,-16.05,0,0.30065,miss
3424,-7.501285355667836,0,0.3005333333333333,miss
3425,-12.146825015790089,0,0.30041666666666667,miss
3426,-16.075,0,0.3003,miss
3427,-6.472318631171244,0,0.3001833333333333,miss
3428,-8.644182117410386,0,0.30006666666666665,miss
3429,-6.979360573576416,0,0.29995,miss
3430,-5.93368258782286,0,0.29983333333333334,miss
3431,-6.132886191704811,0,0.2997166666666667,miss
3432,-7.796958821999674,0,0.29960000000000003,miss
3433,7.013830832028474,1,0.29948333333333327,hit
3434,-16.05,0,0.2993666666666666,miss
3435,-7.109105409350875,0,0.29924999999999996,miss
3436,-8.170871517597325,0,0.2991333333333333,miss
3437,-6.180862369601593,0,0.29901666666666665,miss
3438,-7.120573911763239,0,0.2989,miss
3439,-16.05,0,0.2987833333333333,miss
3440,-8.877952637635248,0,0.29866666666666664,miss
3441,-14.016097932105163,0,0.29855,miss
3442,-16.05,0,0.29843333333333333,miss
3443,-6.618626167309788,0,0.2983166666666667,miss
3444,-9.049624691807386,0,0.2982,miss
3445,-16.05,0,0.29808333333333326,miss
3446,-16.05,0,0.2979666666666666,miss
3447,-10.437083262642972,0,0.29784999999999995,miss
3448,-6.226866905937349,0,0.2977333333333333,miss
3449,-7.249894464678555,0,0.29761666666666664,miss
3450,-7.385869954879139,0,0.2975,miss
3451,6.59951615491458,1,0.2973833333333333,hit
3452,-10.690147383404476,0,0.2972666666666666,miss
3453,-16.075,0,0.29714999999999997,miss
3454,-9.114064383153252,0,0.2970333333333333,miss
3455,-6.952093397577357,0,0.29691666666666666,miss
3456,-6.69735512952333,0,0.2968,miss
3457,-6.773310995695657,0,0.2966833333333333,miss
3458,-10.728279825839788,0,0.29656666666666665,miss
3459,-12.551833684876739,0,0.29645,miss
3460,-16.075,0,0.29633333333333334,miss
3461,-16.075,0,0.2962166666666667,miss
3462,-16.075,0,0.29610000000000003,miss
3463,-8.011858402864728,0,0.29598333333333327,miss
3464,-6.041085681874643,0,0.2958666666666666,miss
3465,6.332852026932502,1,0.29574999999999996,hit
3466,-7.524339567137712,0,0.2956333333333333,miss
3467,6.512811187575741,1,0.29551666666666665,hit
3468,-6.348465721629022,0,0.2954,miss
3469,-16.075,0,0.2952833333333333,miss
3470,-9.32606597904204,0,0.29516666666666663,miss
3471,-12.887288387208631,0,0.29505,miss
3472,-7.195444361705977,0,0.2949333333333333,miss
3473,-10.883410491119188,0,0.29481666666666667,miss
3474,-9.403055453480226,0,0.2947,miss
3475,-8.883089230148158,0,0.29458333333333325,miss
3476,-9.371021344565323,0,0.2944666666666666,miss
3477,6.283565549401559,1,0.29434999999999995,hit
3478,-7.044785997154619,0,0.2942333333333333,miss
3479,6.6387342335219595,1,0.29411666666666664,hit
3480,-6.293635676430476,0,0.294,miss
3481,-7.636254290031317,0,0.2938833333333333,miss
3482,-8.673806225992235,0,0.2937666666666666,miss
3483,-16.05,0,0.29364999999999997,miss
3484,6.691107107751086,1,0.2935333333333333,hit
3485,-8.402669852084252,0,0.29341666666666666,miss
3486,-9.396445134692236,0,0.2933,miss
3487,-14.589265473737083,0,0.2931833333333333,miss
3488,-7.147219599862998,0,0.29306666666666664,miss
3489,-8.194338203373299,0,0.29295,miss
3490,-11.911869916325932,0,0.29283333333333333,miss
3491,-7.7686783342504775,0,0.2927166666666667,miss
3492,-16.05,0,0.2926,miss
3493,-9.687770935524853,0,0.29248333333333326,miss
3494,-16.05,0,0.2923666666666666,miss
3495,-16.1,0,0.29224999999999995,miss
3496,-6.060068081082585,0,0.2921333333333333,miss
3497,-16.075,0,0.29201666666666665,miss
3498,6.923505789710318,1,0.2919,hit
3499,-16.075,0,0.2917833333333333,miss
3500,-8.004787231231576,0,0.29166666666666663,miss
3501,-7.5529225581127415,0,0.29155,miss
3502,-8.444757780878858,0,0.2914333333333333,miss
3503,-9.738712166069412,0,0.29131666666666667,miss
3504,-16.05,0,0.2912,miss
3505,-13.097666720410984,0,0.29108333333333336,miss
3506,-11.445303397492395,0,0.2909666666666666,miss
3507,6.561234232615081,1,0.29084999999999994,hit
3508,-14.528523137583875,0,0.2907333333333333,miss
3509,-8.138819842636885,0,0.29061666666666663,miss
3510,7.2477929262505185,1,0.2905,hit
3511,6.870891785909049,1,0.2903833333333333,hit
3512,-9.456494848185832,0,0.2902666666666666,miss
3513,-9.017604192634396,0,0.29014999999999996,miss
3514,-6.582292213871541,0,0.2900333333333333,miss
3515,-16.05,0,0.28991666666666666,miss
3516,6.251359422702389,1,0.2898,hit
3517,-5.7258591719227265,0,0.28968333333333335,miss
3518,-8.579310284659872,0,0.28956666666666664,miss
3519,-16.05,0,0.28945,miss
3520,-8.949968838590971,0,0.28933333333333333,miss
3521,-16.05,0,0.2892166666666667,miss
3522,7.357934348058823,1,0.2891,hit
3523,-6.683564042541169,0,0.28898333333333337,miss
3524,-5.783873604675101,0,0.2888666666666666,miss
3525,-5.843237035888587,0,0.28874999999999995,miss
3526,-16.075,0,0.2886333333333333,miss
3527,-8.510104315667917,0,0.28851666666666664,miss
3528,-5.558437561730565,0,0.2884,miss
3529,-8.203037924589115,0,0.28828333333333334,miss
3530,6.3852406818494645,1,0.2881666666666666,hit
3531,-7.4472577003088,0,0.28805,miss
3532,-12.000549733344686,0,0.2879333333333333,miss
3533,-6.2872735976235665,0,0.28781666666666667,miss
3534,-6.802021125248936,0,0.2877,miss
3535,-16.05,0,0.28758333333333336,miss
3536,-7.1587698253995224,0,0.2874666666666666,miss
3537,6.912494566053095,1,0.28734999999999994,hit
3538,-16.05,0,0.2872333333333333,miss
3539,-6.868238037554237,0,0.28711666666666663,miss
3540,6.933071319247109,1,0.287,hit
3541,-7.718202881823719,0,0.2868833333333333,miss
3542,-16.05,0,0.2867666666666666,miss
3543,-5.707996074342085,0,0.28664999999999996,miss
3544,-7.03843498870235,0,0.2865333333333333,miss
3545,-8.676636591666117,0,0.28641666666666665,miss
3546,-16.1,0,0.2863,miss
3547,-16.075,0,0.28618333333333335,miss
3548,-16.1,0,0.28606666666666664,miss
3549,-6.401024637479391,0,0.28595,miss
3550,6.435991969229914,1,0.28583333333333333,hit
3551,-11.205227555888317,0,0.2857166666666667,miss
3552,-7.7131736472106045,0,0.2856,miss
3553,6.3502088493813895,1,0.28548333333333337,hit
3554,6.697586511237496,1,0.2853666666666666,hit
3555,-9.099814866954569,0,0.28524999999999995,miss
3556,-16.05,0,0.2851333333333333,miss
3557,-9.232306624296967,0,0.28501666666666664,miss
3558,-6.002223560798838,0,0.2849,miss
3559,-8.237405061173718,0,0.28478333333333333,miss
3560,-16.05,0,0.2846666666666666,miss
3561,-9.625016504223655,0,0.28454999999999997,miss
3562,-9.878376097839524,0,0.2844333333333333,miss
3563,-7.195332204512607,0,0.28431666666666666,miss
3564,-16.1,0,0.2842,miss
3565,6.911952248855876,1,0.28408333333333335,hit
3566,-7.039281676811872,0,0.2839666666666666,miss
3567,-11.815181141152163,0,0.28384999999999994,miss
3568,-6.016336699764453,0,0.2837333333333333,miss
3569,-8.269009973452215,0,0.28361666666666663,miss
3570,-16.075,0,0.2835,miss
3571,-8.210643117378336,0,0.2833833333333333,miss
3572,-8.703442067651682,0,0.2832666666666666,miss
3573,-5.9467309659185785,0,0.28314999999999996,miss
3574,6.548023125259664,1,0.2830333333333333,hit
3575,-7.313546481729963,0,0.28291666666666665,miss
3576,-7.556487118246159,0,0.2828,miss
3577,-6.964199437472355,0,0.28268333333333334,miss
3578,6.484278119923485,1,0.28256666666666663,hit
3579,-11.286384197740183,0,0.28245,miss
3580,-7.614404873313983,0,0.2823333333333333,miss
3581,-16.05,0,0.28221666666666667,miss
3582,6.485453457925463,1,0.2821,hit
3583,-6.965238457012821,0,0.28198333333333336,miss
3584,-9.552552155513068,0,0.2818666666666666,miss
3585,6.469830464015476,1,0.28174999999999994,hit
3586,-8.960995654626123,0,0.2816333333333333,miss
3587,-9.55944380843589,0,0.28151666666666664,miss
3588,-16.05,0,0.2814,miss
3589,-16.05,0,0.28128333333333333,miss
3590,-9.09572028913433,0,0.2811666666666666,miss
3591,-10.838155208173248,0,0.28104999999999997,miss
3592,6.4079776932989265,1,0.2809333333333333,hit
3593,-7.408502074909593,0,0.28081666666666666,miss
3594,-8.853819916816624,0,0.2807,miss
3595,6.399006600255946,1,0.28058333333333335,hit
3596,6.663044249584263,1,0.2804666666666666,hit
3597,-11.66227860542894,0,0.28034999999999993,miss
3598,6.854148407196281,1,0.2802333333333333,hit
3599,-7.556611250352787,0,0.2801166666666666,miss
3600,7.093455838442704,1,0.27999999999999997,hit
3601,-16.075,0,0.2798833333333333,miss
3602,-10.160350300782698,0,0.2797666666666666,miss
3603,6.947474139952384,1,0.27964999999999995,hit
3604,-14.13696401851758,0,0.2795333333333333,miss
3605,6.406964224543016,1,0.27941666666666665,hit
3606,-6.562668012913741,0,0.2793,miss
3607,-7.275549436985236,0,0.27918333333333334,miss
3608,-16.05,0,0.27906666666666663,miss
3609,-7.1303276640365745,0,0.27895,miss
3610,-8.19770332227265,0,0.2788333333333333,miss
3611,6.623776766947799,1,0.27871666666666667,hit
3612,6.222361511908175,1,0.2786,hit
3613,-8.220997912006387,0,0.27848333333333336,miss
3614,-16.05,0,0.2783666666666666,miss
3615,-6.256509511723503,0,0.27824999999999994,miss
3616,-6.290703436874448,0,0.2781333333333333,miss
3617,-6.5955284807742816,0,0.27801666666666663,miss
3618,-9.56581438938473,0,0.2779,miss
3619,-6.0540320212786165,0,0.2777833333333333,miss
3620,-16.1,0,0.2776666666666666,miss
3621,6.740165604958624,1,0.27754999999999996,hit
3622,-10.997127269155547,0,0.2774333333333333,miss
3623,-8.052017635548397,0,0.27731666666666666,miss
3624,-16.075,0,0.2772,miss
3625,-5.856182765007461,0,0.27708333333333335,miss
3626,-16.05,0,0.2769666666666667,miss
3627,-8.27029195357196,0,0.27684999999999993,miss
3628,-12.132720274958968,0,0.2767333333333333,miss
3629,-9.430824751723039,0,0.2766166666666666,miss
3630,-11.21007728805919,0,0.27649999999999997,miss
3631,-16.05,0,0.2763833333333333,miss
3632,-16.1,0,0.27626666666666666,miss
3633,-16.1,0,0.27614999999999995,miss
3634,-16.075,0,0.2760333333333333,miss
3635,-9.938406494626518,0,0.27591666666666664,miss
3636,-9.183030982166597,0,0.2758,miss
3637,-16.075,0,0.27568333333333334,miss
3638,-6.301938927720862,0,0.2755666666666667,miss
3639,-16.05,0,0.27545,miss
3640,-16.075,0,0.2753333333333333,miss
3641,-6.404185327485635,0,0.27521666666666667,miss
3642,-8.103654271368244,0,0.2751,miss
3643,-9.886329182248149,0,0.27498333333333336,miss
3644,-16.1,0,0.2748666666666667,miss
3645,-8.538389226072628,0,0.27474999999999994,miss
3646,-10.803650144142035,0,0.2746333333333333,miss
3647,-6.2548631159542865,0,0.27451666666666663,miss
3648,6.995300092282972,1,0.2744,hit
3649,-6.441155206359082,0,0.2742833333333333,miss
3650,-7.618782323350451,0,0.27416666666666667,miss
3651,-7.7933677202679865,0,0.27404999999999996,miss
3652,-7.633371197796059,0,0.2739333333333333,miss
3653,-16.075,0,0.27381666666666665,miss
3654,-16.05,0,0.2737,miss
3655,-7.9610192674594895,0,0.27358333333333335,miss
3656,-7.882485751313067,0,0.2734666666666667,miss
3657,-16.05,0,0.2733499999999999,miss
3658,6.584229188396225,1,0.2732333333333333,hit
3659,-16.075,0,0.2731166666666666,miss
3660,-9.039681558056763,0,0.27299999999999996,miss
3661,-6.443817571738254,0,0.2728833333333333,miss
3662,-9.611283280939015,0,0.27276666666666666,miss
3663,-16.075,0,0.27264999999999995,miss
3664,-16.05,0,0.2725333333333333,miss
3665,-16.05,0,0.27241666666666664,miss
3666,-8.431705651747963,0,0.2723,miss
3667,-11.39481816450617,0,0.27218333333333333,miss
3668,-16.05,0,0.2720666666666667,miss
3669,-9.749665937370972,0,0.27194999999999997,miss
3670,-7.71231369300343,0,0.2718333333333333,miss
3671,6.521633680567801,1,0.27171666666666666,hit
3672,-5.824151255272989,0,0.2716,miss
3673,-6.752271956113148,0,0.27148333333333335,miss
3674,6.6239510928296115,1,0.2713666666666667,hit
3675,6.756380806932151,1,0.27124999999999994,hit
3676,-16.05,0,0.2711333333333333,miss
3677,-9.649117150606852,0,0.27101666666666663,miss
3678,7.142493558566468,1,0.2709,hit
3679,-8.108700973218507,0,0.2707833333333333,miss
3680,-16.05,0,0.27066666666666667,miss
3681,6.898142842613267,1,0.27054999999999996,hit
3682,6.374175465509503,1,0.2704333333333333,hit
3683,-16.05,0,0.27031666666666665,miss
3684,-6.453010916914765,0,0.2702,miss
3685,-16.05,0,0.27008333333333334,miss
3686,-16.05,0,0.2699666666666667,miss
3687,-16.05,0,0.2698499999999999,miss
3688,-12.735558579508245,0,0.26973333333333327,miss
3689,-7.963318801456014,0,0.2696166666666666,miss
3690,7.212412601564783,1,0.26949999999999996,hit
3691,6.623624427413995,1,0.2693833333333333,hit
3692,6.4802884887934145,1,0.26926666666666665,hit
3693,-7.405057495216709,0,0.26914999999999994,miss
3694,-6.540986188351434,0,0.2690333333333333,miss
3695,-7.9983191638976034,0,0.26891666666666664,miss
3696,-8.244012824724322,0,0.2688,miss
3697,-16.05,0,0.26868333333333333,miss
3698,-8.087108575138949,0,0.2685666666666667,miss
3699,7.209273926460257,1,0.26844999999999997,hit
3700,-5.889517954538269,0,0.2683333333333333,miss
3701,-7.07385676571545,0,0.26821666666666666,miss
3702,-9.055091130846678,0,0.2681,miss
3703,-7.735966273086509,0,0.26798333333333335,miss
3704,-13.167692516769327,0,0.2678666666666667,miss
3705,-8.054617256322642,0,0.26774999999999993,miss
3706,-6.253721297541852,0,0.2676333333333333,miss
3707,-5.781575444004152,0,0.2675166666666666,miss
3708,-6.118135718834085,0,0.26739999999999997,miss
3709,-8.763826166809686,0,0.2672833333333333,miss
3710,-16.05,0,0.26716666666666666,miss
3711,6.748084101059088,1,0.26704999999999995,hit
3712,-5.831546285344936,0,0.2669333333333333,miss
3713,-8.591609555395058,0,0.26681666666666665,miss
3714,-6.123083070955169,0,0.2667,miss
3715,6.5245633597799015,1,0.26658333333333334,hit
3716,-16.075,0,0.2664666666666667,miss
3717,-6.925146592287404,0,0.2663499999999999,miss
3718,-5.808076746609605,0,0.26623333333333327,miss
3719,-8.820908694641684,0,0.2661166666666666,miss
3720,-16.1,0,0.26599999999999996,miss
3721,-9.349540604394091,0,0.2658833333333333,miss
3722,-7.0471652725153655,0,0.26576666666666665,miss
3723,-9.156468981953687,0,0.26564999999999994,miss
3724,-14.920328627156072,0,0.2655333333333333,miss
3725,6.743581505358914,1,0.26541666666666663,hit
3726,-7.071673962921444,0,0.2653,miss
3727,-16.05,0,0.2651833333333333,miss
3728,-16.05,0,0.2650666666666667,miss
3729,6.537421564418546,1,0.26494999999999996,hit
3730,-8.742710743466155,0,0.2648333333333333,miss
3731,-6.170235418325357,0,0.26471666666666666,miss
3732,-16.05,0,0.2646,miss
3733,-7.225680762877379,0,0.26448333333333335,miss
3734,-8.646617632632566,0,0.2643666666666667,miss
3735,-5.751750228935018,0,0.26424999999999993,miss
3736,-6.502212324820039,0,0.2641333333333333,miss
3737,6.295315227708677,1,0.2640166666666666,hit
3738,6.5951768966642295,1,0.26389999999999997,hit
3739,-7.868550259718297,0,0.2637833333333333,miss
3740,-7.0865580724963815,0,0.26366666666666666,miss
3741,-7.119408607260386,0,0.26354999999999995,miss
3742,-6.3806805592143006,0,0.2634333333333333,miss
3743,-6.522157099522292,0,0.26331666666666664,miss
3744,-16.1,0,0.2632,miss
3745,-10.66250660736536,0,0.26308333333333334,miss
3746,-6.346234806567189,0,0.2629666666666667,miss
3747,-9.86107459853126,0,0.2628499999999999,miss
3748,-8.219437875039143,0,0.26273333333333326,miss
3749,-8.846309363714354,0,0.2626166666666666,miss
3750,-16.05,0,0.26249999999999996,miss
3751,-6.602077607934432,0,0.26238333333333336,miss
3752,-6.42635981778062,0,0.2622666666666667,miss
3753,-16.05,0,0.26215000000000005,miss
3754,-6.536548443567868,0,0.2620333333333333,miss
3755,-16.05,0,0.26191666666666663,miss
3756,-5.832153933680933,0,0.2618,miss
3757,6.491654785202973,1,0.2616833333333333,hit
3758,-8.936499409964778,0,0.26156666666666667,miss
3759,-6.331719666816083,0,0.26145,miss
3760,-16.05,0,0.2613333333333333,miss
3761,-6.924959625730641,0,0.26121666666666665,miss
3762,-9.330540643453945,0,0.2611,miss
3763,-7.963591501492077,0,0.26098333333333334,miss
3764,6.809007590921549,1,0.2608666666666667,hit
3765,-10.84029207498569,0,0.26075000000000004,miss
3766,-8.39942307860023,0,0.2606333333333333,miss
3767,-5.892551070203712,0,0.2605166666666666,miss
3768,6.496225773512329,1,0.26039999999999996,hit
3769,-16.05,0,0.2602833333333333,miss
3770,-16.075,0,0.26016666666666666,miss
3771,-6.585269470101577,0,0.26005,miss
3772,-7.936204265547479,0,0.2599333333333333,miss
3773,-16.075,0,0.25981666666666664,miss
3774,6.97253365859908,1,0.2597,hit
3775,-6.582933025043658,0,0.25958333333333333,miss
3776,-7.519553910230772,0,0.2594666666666667,miss
3777,-7.5802736736685965,0,0.25935,miss
3778,-8.536347256658823,0,0.2592333333333333,miss
3779,-5.734401052746435,0,0.25911666666666666,miss
3780,-9.998828601638495,0,0.259,miss
3781,-7.514092590834183,0,0.25888333333333335,miss
3782,-16.075,0,0.2587666666666667,miss
3783,6.584930501874035,1,0.25865000000000005,hit
3784,-5.956215534278819,0,0.2585333333333333,miss
3785,-16.05,0,0.25841666666666663,miss
3786,-16.05,0,0.2583,miss
3787,-6.317537091486858,0,0.2581833333333333,miss
3788,-8.030641506686711,0,0.25806666666666667,miss
3789,-8.592382739785094,0,0.25795,miss
3790,-8.334735837029486,0,0.2578333333333333,miss
3791,6.704162248993195,1,0.25771666666666665,hit
3792,-16.05,0,0.2576,miss
3793,-9.93537488929407,0,0.25748333333333334,miss
3794,-9.753290262224542,0,0.2573666666666667,miss
3795,-8.43201181352295,0,0.25725000000000003,miss
3796,-6.433084904005512,0,0.25713333333333327,miss
3797,-5.628481006113306,0,0.2570166666666666,miss
3798,6.189532727478571,1,0.25689999999999996,hit
3799,-8.240061948022289,0,0.2567833333333333,miss
3800,-16.075,0,0.25666666666666665,miss
3801,-7.696651145425125,0,0.25655,miss
3802,-8.33787693211722,0,0.2564333333333333,miss
3803,-15.667900194683229,0,0.25631666666666664,miss
3804,-6.688527476169481,0,0.2562,miss
3805,-16.05,0,0.25608333333333333,miss
3806,-12.146742729615124,0,0.2559666666666667,miss
3807,-16.05,0,0.25585,miss
3808,6.5441077497698235,1,0.2557333333333333,hit
3809,-7.491054835915235,0,0.25561666666666666,miss
3810,6.6744106284711515,1,0.2555,hit
3811,-6.952630894526895,0,0.25538333333333335,miss
3812,-7.166796000065418,0,0.2552666666666667,miss
3813,-16.075,0,0.25515000000000004,miss
3814,-6.948800494050449,0,0.2550333333333333,miss
3815,6.374111849062164,1,0.2549166666666666,hit
3816,-6.965509548771102,0,0.25479999999999997,miss
3817,-8.767711686997059,0,0.2546833333333333,miss
3818,-7.129321902528153,0,0.25456666666666666,miss
3819,-16.05,0,0.25445,miss
3820,-6.6586418781585,0,0.2543333333333333,miss
3821,-16.05,0,0.25421666666666665,miss
3822,-7.666888774151864,0,0.2541,miss
3823,-5.820132954220189,0,0.25398333333333334,miss
3824,6.417108838254375,1,0.2538666666666667,hit
3825,6.430205103640618,1,0.25375000000000003,hit
3826,-16.075,0,0.25363333333333327,miss
3827,-16.05,0,0.2535166666666666,miss
3828,6.563107602030644,1,0.25339999999999996,hit
3829,-5.898551640838083,0,0.2532833333333333,miss
3830,-11.683034286262478,0,0.25316666666666665,miss
3831,-7.041091208343178,0,0.25305,miss
3832,-13.634915706994978,0,0.2529333333333333,miss
3833,-7.763188897722072,0,0.25281666666666663,miss
3834,-16.05,0,0.2527,miss
3835,-6.186246733868711,0,0.2525833333333333,miss
3836,-6.701783315350366,0,0.2524666666666667,miss
3837,6.539993118038517,1,0.25235,hit
3838,-16.075,0,0.2522333333333333,miss
3839,6.885133218683412,1,0.25211666666666666,hit
3840,-16.05,0,0.252,miss
3841,-6.315227971133271,0,0.25188333333333335,miss
3842,-10.900927667030624,0,0.2517666666666667,miss
3843,-16.05,0,0.25165000000000004,miss
3844,-6.165443983083834,0,0.2515333333333333,miss
3845,-16.1,0,0.2514166666666666,miss
3846,-6.342788590072725,0,0.25129999999999997,miss
3847,-7.9934135725699065,0,0.2511833333333333,miss
3848,-6.356298981855241,0,0.25106666666666666,miss
3849,-16.05,0,0.25095,miss
3850,-6.1072060262264225,0,0.2508333333333333,miss
3851,7.078080692791409,1,0.25071666666666664,hit
3852,-16.075,0,0.2506,miss
3853,-7.46761052432286,0,0.25048333333333334,miss
3854,-9.959014925191887,0,0.2503666666666667,miss
3855,-16.05,0,0.25025000000000003,miss
3856,-16.05,0,0.25013333333333326,miss
3857,6.477381625482785,1,0.2500166666666666,hit
3858,-16.075,0,0.24989999999999998,miss
3859,-8.537468980401732,0,0.24978333333333333,miss
3860,-8.815251876909922,0,0.24966666666666668,miss
3861,-8.19692127569598,0,0.24955000000000002,miss
3862,-16.075,0,0.24943333333333328,miss
3863,-8.648002033852475,0,0.24931666666666663,miss
3864,-6.65975166825812,0,0.24919999999999998,miss
3865,-9.02299215651649,0,0.24908333333333332,miss
3866,-6.293085635671741,0,0.24896666666666667,miss
3867,-7.793476635906028,0,0.24885000000000002,miss
3868,-6.903014584502078,0,0.24873333333333328,miss
3869,-5.867378394340844,0,0.24861666666666662,miss
3870,-16.05,0,0.24849999999999997,miss
3871,-6.3112514307910335,0,0.24838333333333332,miss
3872,6.006145805285829,1,0.24826666666666666,hit
3873,-13.01223066978512,0,0.24815,miss
3874,-12.073204398480945,0,0.24803333333333327,miss
3875,-9.723786204861428,0,0.24791666666666662,miss
3876,-16.05,0,0.24779999999999996,miss
3877,6.578694925707416,1,0.2476833333333333,hit
3878,-8.88723345885722,0,0.24756666666666666,miss
3879,-7.794175307058108,0,0.24745,miss
3880,-16.05,0,0.24733333333333335,miss
3881,-8.160522099388649,0,0.2472166666666666,miss
3882,-6.226847105000926,0,0.24709999999999996,miss
3883,-7.267694405003075,0,0.2469833333333333,miss
3884,-7.228477967390473,0,0.24686666666666665,miss
3885,-16.05,0,0.24675,miss
3886,6.454877789496223,1,0.24663333333333334,hit
3887,-8.930743927958472,0,0.24651666666666663,miss
3888,-9.769699135109624,0,0.24639999999999998,miss
3889,-8.33646013094243,0,0.24628333333333333,miss
3890,-16.05,0,0.24616666666666667,miss
3891,-10.984467793713419,0,0.24605000000000002,miss
3892,-16.075,0,0.24593333333333336,miss
3893,-6.681169487696217,0,0.24581666666666663,miss
3894,-6.692665902448097,0,0.24569999999999997,miss
3895,-9.609709789251518,0,0.24558333333333332,miss
3896,-8.068928136561134,0,0.24546666666666667,miss
3897,6.908128776458182,1,0.24535,hit
3898,-5.951708390904988,0,0.24523333333333336,miss
3899,-5.818660372819684,0,0.24511666666666662,miss
3900,-14.454730693444702,0,0.24499999999999997,miss
3901,-8.0143906296846,0,0.24488333333333331,miss
3902,-16.05,0,0.24476666666666666,miss
3903,-8.757026792023359,0,0.24465,miss
3904,6.437369401472041,1,0.24453333333333335,hit
3905,-9.029808929419783,0,0.24441666666666662,miss
3906,-16.05,0,0.24429999999999996,miss
3907,-6.519636833294049,0,0.2441833333333333,miss
3908,-10.294158668881257,0,0.24406666666666665,miss
3909,-16.05,0,0.24395,miss
3910,-6.0679354792624505,0,0.24383333333333335,miss
3911,-6.360992745439934,0,0.2437166666666666,miss
3912,-6.7515635559496845,0,0.24359999999999996,miss
3913,-16.05,0,0.2434833333333333,miss
3914,-6.9700331694395095,0,0.24336666666666665,miss
3915,-6.888705262141246,0,0.24325,miss
3916,-9.50500245665846,0,0.24313333333333334,miss
3917,7.030982684340571,1,0.24301666666666663,hit
3918,-5.990304285641849,0,0.24289999999999998,miss
3919,6.496072006466042,1,0.24278333333333332,hit
3920,6.6510761106280025,1,0.24266666666666667,hit
3921,-7.305571924266691,0,0.24255000000000002,miss
3922,-9.180782837393934,0,0.24243333333333336,miss
3923,-6.848225970034185,0,0.24231666666666662,miss
3924,-7.158626087203042,0,0.24219999999999997,miss
3925,-11.537031519847087,0,0.24208333333333332,miss
3926,6.84950389295024,1,0.24196666666666666,hit
3927,6.533043846203496,1,0.24185,hit
3928,-8.768699846618699,0,0.24173333333333336,miss
3929,6.584754063894673,1,0.24161666666666662,hit
3930,-7.903570044378706,0,0.24149999999999996,miss
3931,-16.075,0,0.2413833333333333,miss
3932,-7.195787364166712,0,0.24126666666666666,miss
3933,6.2213165729957325,1,0.24115,hit
3934,-8.639033132415028,0,0.24103333333333335,miss
3935,-9.09173900060559,0,0.2409166666666666,miss
3936,-6.92364150270267,0,0.24079999999999996,miss
3937,-8.299518690742227,0,0.2406833333333333,miss
3938,-12.499221973872118,0,0.24056666666666665,miss
3939,-9.952593880034465,0,0.24045,miss
3940,-7.247666735564856,0,0.24033333333333334,miss
3941,-7.893297085606671,0,0.2402166666666666,miss
3942,-7.083602739844229,0,0.24009999999999995,miss
3943,6.946041008013301,1,0.2399833333333333,hit
3944,-8.402055941248,0,0.23986666666666664,miss
3945,-16.075,0,0.23975,miss
3946,-7.782332511394995,0,0.23963333333333334,miss
3947,7.012860050343153,1,0.23951666666666663,hit
3948,6.548256752295618,1,0.23939999999999997,hit
3949,-6.746497422514388,0,0.23928333333333332,miss
3950,-6.9737450377710815,0,0.23916666666666667,miss
3951,-5.978628370679278,0,0.23905,miss
3952,6.708425651753299,1,0.23893333333333336,hit
3953,-12.787351670109938,0,0.23881666666666662,miss
3954,-16.05,0,0.23869999999999997,miss
3955,-12.673626400386334,0,0.23858333333333331,miss
3956,-7.7478992481969,0,0.23846666666666666,miss
3957,6.298549477657156,1,0.23835,hit
3958,-6.149043220694417,0,0.23823333333333335,miss
3959,-6.401757797738,0,0.23811666666666662,miss
3960,-16.05,0,0.23799999999999996,miss
3961,-16.05,0,0.2378833333333333,miss
3962,6.17497090257442,1,0.23776666666666665,hit
3963,-13.658636242541077,0,0.23765,miss
3964,-5.524349474185289,0,0.23753333333333335,miss
3965,-6.414023201597927,0,0.2374166666666666,miss
3966,6.783173212500507,1,0.23729999999999996,hit
3967,6.638541738550641,1,0.2371833333333333,hit
3968,-9.7506304473256,0,0.23706666666666665,miss
3969,-16.05,0,0.23695,miss
3970,6.1151767467672045,1,0.23683333333333334,hit
3971,-7.214099339123159,0,0.2367166666666666,miss
3972,-5.968718916057719,0,0.23659999999999995,miss
3973,-6.0063830181994655,0,0.2364833333333333,miss
3974,-5.958866436131731,0,0.23636666666666664,miss
3975,-6.105569371081991,0,0.23625,miss
3976,6.501192006740755,1,0.23613333333333333,hit
3977,-16.075,0,0.23601666666666662,miss
3978,-16.05,0,0.23589999999999997,miss
3979,6.52175365992057,1,0.23578333333333332,hit
3980,-16.075,0,0.23566666666666666,miss
3981,-10.162288750145995,0,0.23555,miss
3982,-8.155504012451656,0,0.23543333333333336,miss
3983,-8.172097963635121,0,0.23531666666666662,miss
3984,-16.075,0,0.23519999999999996,miss
3985,-6.483509034098867,0,0.2350833333333333,miss
3986,-16.175,0,0.23496666666666666,miss
3987,-16.075,0,0.23485,miss
3988,-7.884215672780488,0,0.23473333333333335,miss
3989,-16.075,0,0.2346166666666666,miss
3990,-7.668228796367839,0,0.23449999999999996,miss
3991,-15.82685550938532,0,0.2343833333333333,miss
3992,-6.630076350654888,0,0.23426666666666665,miss
3993,-7.228821459626895,0,0.23415,miss
3994,-7.922775017683004,0,0.23403333333333334,miss
3995,-16.05,0,0.2339166666666666,miss
3996,6.4166749314126434,1,0.23379999999999995,hit
3997,-6.468999197673802,0,0.2336833333333333,miss
3998,-8.392099248043035,0,0.23356666666666664,miss
3999,-9.653634088067701,0,0.23345,miss
4000,-16.05,0,0.23333333333333334,miss
4001,-5.740591857571994,0,0.23321666666666668,miss
4002,-9.004166132153575,0,0.23309999999999995,miss
4003,-8.371142810082844,0,0.2329833333333333,miss
4004,-8.664894243031704,0,0.23286666666666664,miss
4005,7.118775773267252,1,0.23274999999999998,hit
4006,-8.119231456830402,0,0.23263333333333333,miss
4007,6.725610426056167,1,0.23251666666666668,hit
4008,-14.613390010132987,0,0.23239999999999997,miss
4009,-7.398973552811334,0,0.23228333333333331,miss
4010,-7.393956038995166,0,0.23216666666666666,miss
4011,-8.118915724092288,0,0.23205,miss
4012,-10.393718777934202,0,0.23193333333333335,miss
4013,-7.091144860669273,0,0.2318166666666667,miss
4014,-6.178065572829035,0,0.23169999999999996,miss
4015,-16.075,0,0.2315833333333333,miss
4016,-8.668207640369742,0,0.23146666666666665,miss
4017,6.464056957371736,1,0.23135,hit
4018,6.717073995714941,1,0.23123333333333335,hit
4019,6.102974020747932,1,0.2311166666666667,hit
4020,-8.090503715064893,0,0.23099999999999996,miss
4021,-7.18433587036128,0,0.2308833333333333,miss
4022,-6.871336521932951,0,0.23076666666666665,miss
4023,-16.05,0,0.23065,miss
4024,-6.887607041025777,0,0.23053333333333334,miss
4025,-7.609089452093836,0,0.2304166666666667,miss
4026,-7.683198013548601,0,0.23029999999999995,miss
4027,6.678173806620759,1,0.2301833333333333,hit
4028,-9.009834453315145,0,0.23006666666666664,miss
4029,-6.70545783094232,0,0.22995,miss
4030,-16.075,0,0.22983333333333333,miss
4031,6.144313064250829,1,0.22971666666666668,hit
4032,-7.212475194778731,0,0.22959999999999994,miss
4033,7.230671209201415,1,0.2294833333333333,hit
4034,-11.087797166561879,0,0.22936666666666664,miss
4035,-6.537225592193962,0,0.22924999999999998,miss
4036,-6.189412074067217,0,0.22913333333333333,miss
4037,-6.8858106407524815,0,0.22901666666666667,miss
4038,7.174145134970918,1,0.22889999999999996,hit
4039,-8.992503663569709,0,0.2287833333333333,miss
4040,-7.902282084402822,0,0.22866666666666666,miss
4041,-6.711774684930594,0,0.22855,miss
4042,-9.194028873665202,0,0.22843333333333335,miss
4043,6.305998215902118,1,0.2283166666666667,hit
4044,6.636418293984233,1,0.22819999999999996,hit
4045,6.7804714029986135,1,0.2280833333333333,hit
4046,-6.25182716518281,0,0.22796666666666665,miss
4047,-6.71984975905246,0,0.22785,miss
4048,-6.3382102258880835,0,0.22773333333333334,miss
4049,-7.540067768816656,0,0.2276166666666667,miss
4050,-11.5646077890053,0,0.22749999999999995,miss
4051,7.248769582063694,1,0.2273833333333333,hit
4052,6.578286769426444,1,0.22726666666666664,hit
4053,-5.4153391086642895,0,0.22715,miss
4054,-9.110451350202217,0,0.22703333333333334,miss
4055,-9.522678312043027,0,0.22691666666666668,miss
4056,-16.05,0,0.22679999999999995,miss
4057,6.59071087250924,1,0.2266833333333333,hit
4058,-16.05,0,0.22656666666666664,miss
4059,-6.053465245014941,0,0.22644999999999998,miss
4060,-6.137363676720184,0,0.22633333333333333,miss
4061,6.897184677560071,1,0.22621666666666668,hit
4062,-8.86067971691874,0,0.22609999999999994,miss
4063,6.528949899682222,1,0.22598333333333329,hit
4064,-10.663626785774355,0,0.22586666666666663,miss
4065,-16.075,0,0.22574999999999998,miss
4066,-5.909591498623888,0,0.22563333333333332,miss
4067,-10.602324464394016,0,0.22551666666666667,miss
4068,-7.230489335481269,0,0.22539999999999996,miss
4069,-8.986144824239556,0,0.2252833333333333,miss
4070,-11.443605896863193,0,0.22516666666666665,miss
4071,-7.264680204080833,0,0.22505,miss
4072,-9.253509383182196,0,0.22493333333333335,miss
4073,-6.091099866037292,0,0.2248166666666667,miss
4074,-10.119704357505876,0,0.22469999999999996,miss
4075,-6.6970756376219684,0,0.2245833333333333,miss
4076,-9.687670439765823,0,0.22446666666666665,miss
4077,-5.888364513517274,0,0.22435,miss
4078,-11.008629514673407,0,0.22423333333333334,miss
4079,-11.983615933104089,0,0.2241166666666667,miss
4080,-16.075,0,0.22399999999999995,miss
4081,6.623397616587476,1,0.2238833333333333,hit
4082,-11.816000632148441,0,0.22376666666666664,miss
4083,-7.650142953382586,0,0.22365,miss
4084,-7.087009890995473,0,0.22353333333333333,miss
4085,-5.643944322202729,0,0.22341666666666668,miss
4086,-6.814561332032269,0,0.22329999999999994,miss
4087,-10.602208907979952,0,0.2231833333333333,miss
4088,-7.330236785280851,0,0.22306666666666664,miss
4089,-6.596477177586953,0,0.22294999999999998,miss
4090,-5.970266508445786,0,0.22283333333333333,miss
4091,-6.3419910602020995,0,0.22271666666666667,miss
4092,-7.395024844915763,0,0.22259999999999994,miss
4093,-9.209412679323469,0,0.22248333333333328,miss
4094,6.472715834005723,1,0.22236666666666663,hit
4095,-5.892940198086086,0,0.22224999999999998,miss
4096,-7.148061966662714,0,0.22213333333333332,miss
4097,-6.823947920691135,0,0.22201666666666667,miss
4098,-16.075,0,0.22189999999999996,miss
4099,-7.011426388425771,0,0.2217833333333333,miss
4100,-8.936683855533008,0,0.22166666666666665,miss
4101,-16.05,0,0.22155,miss
4102,-10.926581497214938,0,0.22143333333333334,miss
4103,6.6287209888884435,1,0.2213166666666667,hit
4104,-16.05,0,0.22119999999999995,miss
4105,-6.9735780727324235,0,0.2210833333333333,miss
4106,-11.717870364089341,0,0.22096666666666664,miss
4107,-7.183621956941122,0,0.22085,miss
4108,-8.984239182849828,0,0.22073333333333334,miss
4109,-6.183048667217101,0,0.22061666666666668,miss
4110,-16.05,0,0.22049999999999995,miss
4111,-6.745449950676192,0,0.2203833333333333,miss
4112,-7.073881032592702,0,0.22026666666666664,miss
4113,-6.5689308361938075,0,0.22014999999999998,miss
4114,-16.05,0,0.22003333333333333,miss
4115,-5.876247750870195,0,0.21991666666666668,miss
4116,-5.6032186217874775,0,0.21979999999999994,miss
4117,-5.880621168632885,0,0.21968333333333329,miss
4118,-9.30250640005641,0,0.21956666666666663,miss
4119,-9.546415676983193,0,0.21944999999999998,miss
4120,6.288788354473441,1,0.21933333333333332,hit
4121,6.576388959159345,1,0.21921666666666667,hit
4122,-16.05,0,0.21909999999999993,miss
4123,-6.707577889116987,0,0.21898333333333328,miss
4124,-6.331993958303358,0,0.21886666666666663,miss
4125,-6.978878926422288,0,0.21875,miss
4126,-5.704125037995358,0,0.21863333333333335,miss
4127,-5.936234427010755,0,0.2185166666666667,miss
4128,-9.273771625799041,0,0.21840000000000004,miss
4129,-16.075,0,0.2182833333333333,miss
4130,-8.731331078877034,0,0.21816666666666665,miss
4131,-16.05,0,0.21805,miss
4132,-10.653028157315122,0,0.21793333333333334,miss
4133,-7.454412527411687,0,0.2178166666666667,miss
4134,6.236446492028125,1,0.21770000000000003,hit
4135,6.882395598444236,1,0.2175833333333333,hit
4136,-8.434512610581482,0,0.21746666666666664,miss
4137,-16.05,0,0.21735,miss
4138,-8.818939777662413,0,0.21723333333333333,miss
4139,-6.01386341905685,0,0.21711666666666668,miss
4140,-6.892077113832182,0,0.21700000000000003,miss
4141,-7.624247204194638,0,0.2168833333333333,miss
4142,-7.680492265050675,0,0.21676666666666664,miss
4143,-10.85264723443748,0,0.21664999999999998,miss
4144,-16.05,0,0.21653333333333333,miss
4145,6.37700914206574,1,0.21641666666666667,hit
4146,6.453658500770562,1,0.21630000000000002,hit
4147,-8.647418616658937,0,0.21618333333333328,miss
4148,-7.32278504892383,0,0.21606666666666663,miss
4149,6.616205541126109,1,0.21594999999999998,hit
4150,-6.835340305168595,0,0.21583333333333332,miss
4151,-6.351618939254263,0,0.21571666666666667,miss
4152,-10.013983078238688,0,0.2156,miss
4153,-6.306541858664879,0,0.2154833333333333,miss
4154,-16.05,0,0.21536666666666665,miss
4155,-6.569572725547565,0,0.21525,miss
4156,-7.280973825816382,0,0.21513333333333334,miss
4157,-6.00761553574535,0,0.2150166666666667,miss
4158,-6.151003268448657,0,0.21490000000000004,miss
4159,-10.042580836202383,0,0.2147833333333333,miss
4160,6.089114849761795,1,0.21466666666666664,hit
4161,-7.591192283545171,0,0.21455,miss
4162,-9.79422639284435,0,0.21443333333333334,miss
4163,-6.56632928787087,0,0.21431666666666668,miss
4164,-16.075,0,0.21420000000000003,miss
4165,-7.852439198838107,0,0.2140833333333333,miss
4166,-16.05,0,0.21396666666666664,miss
4167,-7.486471423810154,0,0.21384999999999998,miss
4168,-16.05,0,0.21373333333333333,miss
4169,6.858689975374028,1,0.21361666666666668,hit
4170,6.649137637433992,1,0.21350000000000002,hit
4171,-5.842896741925079,0,0.21338333333333329,miss
4172,-10.551776548081953,0,0.21326666666666663,miss
4173,-5.900745260909715,0,0.21314999999999998,miss
4174,-16.05,0,0.21303333333333332,miss
4175,-16.075,0,0.21291666666666667,miss
4176,6.364963035483862,1,0.21280000000000002,hit
4177,-6.23607313014935,0,0.21268333333333328,miss
4178,-11.98089557527649,0,0.21256666666666663,miss
4179,-7.1297528057465875,0,0.21244999999999997,miss
4180,-8.828974220828592,0,0.21233333333333332,miss
4181,-6.489536078098071,0,0.21221666666666666,miss
4182,-16.05,0,0.2121,miss
4183,-7.083279421468003,0,0.2119833333333333,miss
4184,-15.451459001412177,0,0.21186666666666665,miss
4185,-6.237698270090154,0,0.21175,miss
4186,-9.24699581632722,0,0.21163333333333334,miss
4187,-16.05,0,0.2115166666666667,miss
4188,-6.420825843637221,0,0.21140000000000003,miss
4189,-9.055356832556475,0,0.2112833333333333,miss
4190,-16.05,0,0.21116666666666664,miss
4191,-8.934110115997283,0,0.21105,miss
4192,-16.075,0,0.21093333333333333,miss
4193,-8.767931323777026,0,0.21081666666666668,miss
4194,-16.125,0,0.21070000000000003,miss
4195,-8.792164630723898,0,0.2105833333333333,miss
4196,-11.025933794632323,0,0.21046666666666664,miss
4197,-16.05,0,0.21034999999999998,miss
4198,-5.741561019382408,0,0.21023333333333333,miss
4199,-6.1575274779697455,0,0.21011666666666667,miss
4200,7.137602279093012,1,0.21000000000000002,hit
4201,-8.500796678548927,0,0.20988333333333328,miss
4202,-7.01532935178385,0,0.20976666666666663,miss
4203,6.657150373252558,1,0.20964999999999998,hit
4204,6.552428070078974,1,0.20953333333333332,hit
4205,5.860808600502752,1,0.20941666666666667,hit
4206,-7.2429916533652605,0,0.2093,miss
4207,-6.024890813953542,0,0.20918333333333328,miss
4208,-15.40460812859829,0,0.20906666666666662,miss
4209,6.519553298276573,1,0.20894999999999997,hit
4210,-9.015107063464361,0,0.20883333333333332,miss
4211,-16.05,0,0.20871666666666666,miss
4212,-6.53531655025144,0,0.2086,miss
4213,-6.096145299556671,0,0.2084833333333333,miss
4214,-6.300866025517332,0,0.20836666666666664,miss
4215,-7.697790269842848,0,0.20825,miss
4216,-5.9788390573916566,0,0.20813333333333334,miss
4217,-16.05,0,0.20801666666666668,miss
4218,-6.28017832107299,0,0.20790000000000003,miss
4219,-6.851636387575747,0,0.2077833333333333,miss
4220,-16.05,0,0.20766666666666664,miss
4221,-10.42955438582651,0,0.20754999999999998,miss
4222,6.418670878503337,1,0.20743333333333333,hit
4223,-6.117636640929618,0,0.20731666666666668,miss
4224,-6.591455841991162,0,0.20720000000000002,miss
4225,-6.5500736080707656,0,0.20708333333333329,miss
4226,-6.231775039055628,0,0.20696666666666663,miss
4227,-5.923570035796561,0,0.20684999999999998,miss
4228,-6.2399511234105605,0,0.20673333333333332,miss
4229,-6.923212690355097,0,0.20661666666666667,miss
4230,-8.669436537775445,0,0.20650000000000002,miss
4231,-16.05,0,0.20638333333333328,miss
4232,-7.485945022763807,0,0.20626666666666663,miss
4233,-9.668041150627747,0,0.20614999999999997,miss
4234,-7.223637404946544,0,0.20603333333333332,miss
4235,-7.795127214642569,0,0.20591666666666666,miss
4236,-6.184103973918418,0,0.2058,miss
4237,7.2179793722735095,1,0.20568333333333327,hit
4238,-6.716526175321008,0,0.20556666666666662,miss
4239,-5.771549017651516,0,0.20544999999999997,miss
4240,7.17848181237874,1,0.2053333333333333,hit
4241,-9.702970237297341,0,0.20521666666666666,miss
4242,-11.884129363279476,0,0.2051,miss
4243,-6.317197550784059,0,0.2049833333333333,miss
4244,-16.05,0,0.20486666666666664,miss
4245,6.2450307429066765,1,0.20475,hit
4246,7.014105151550845,1,0.20463333333333333,hit
4247,6.612005705428808,1,0.20451666666666668,hit
4248,-9.808835938057229,0,0.20440000000000003,miss
4249,6.40724153779284,1,0.2042833333333333,hit
4250,-6.152357175280818,0,0.20416666666666664,miss
4251,-6.640220193852258,0,0.20404999999999998,miss
4252,-16.05,0,0.20393333333333333,miss
4253,6.253908734921419,1,0.20381666666666667,hit
4254,-6.965542693423512,0,0.20370000000000002,miss
4255,-6.6452157038300905,0,0.20358333333333337,miss
4256,6.995581474070934,1,0.20346666666666663,hit
4257,-6.462023437437332,0,0.20334999999999998,miss
4258,-6.546396208652914,0,0.20323333333333332,miss
4259,-5.848792474721145,0,0.20311666666666667,miss
4260,-9.32447405309959,0,0.203,miss
4261,-5.726052387059107,0,0.20288333333333336,miss
4262,-6.764350712612478,0,0.20276666666666662,miss
4263,6.3969114096010635,1,0.20264999999999997,hit
4264,-5.827711358968374,0,0.20253333333333332,miss
4265,-7.304260023379674,0,0.20241666666666666,miss
4266,6.351607436937627,1,0.2023,hit
4267,-8.402214624065687,0,0.20218333333333335,miss
4268,6.455005290286795,1,0.20206666666666662,hit
4269,-7.741313935541372,0,0.20194999999999996,miss
4270,-7.164639316416144,0,0.2018333333333333,miss
4271,-6.2841194454829505,0,0.20171666666666666,miss
4272,-6.026787116518506,0,0.2016,miss
4273,6.032227081943363,1,0.20148333333333335,hit
4274,-8.11923307531893,0,0.20136666666666664,miss
4275,-5.977835675789895,0,0.20124999999999998,miss
4276,-11.498496617183523,0,0.20113333333333333,miss
4277,-6.544662743889316,0,0.20101666666666668,miss
4278,6.957733568322169,1,0.20090000000000002,hit
4279,-6.055685514697641,0,0.20078333333333337,miss
4280,-8.817852853488816,0,0.20066666666666663,miss
4281,-6.632774692302086,0,0.20054999999999998,miss
4282,-11.370467997599727,0,0.20043333333333332,miss
4283,-5.5215853003469055,0,0.20031666666666667,miss
4284,-16.05,0,0.20020000000000002,miss
4285,6.457059785116176,1,0.20008333333333336,hit
4286,-16.075,0,0.19996666666666663,miss
4287,-6.476065300452791,0,0.19984999999999997,miss
4288,-7.753226412881769,0,0.19973333333333332,miss
4289,6.141472207743162,1,0.19961666666666666,hit
4290,-16.05,0,0.1995,miss
4291,-16.05,0,0.19938333333333336,miss
4292,-12.038140864917386,0,0.19926666666666662,miss
4293,6.9423121582449365,1,0.19914999999999997,hit
4294,-7.948883311638509,0,0.1990333333333333,miss
4295,7.115606347495328,1,0.19891666666666666,hit
4296,-8.621034490407347,0,0.1988,miss
4297,-5.527287427361106,0,0.19868333333333335,miss
4298,-16.05,0,0.1985666666666666,miss
4299,-6.321809446539942,0,0.19844999999999996,miss
4300,-16.05,0,0.1983333333333333,miss
4301,-11.164158795569083,0,0.19821666666666665,miss
4302,-6.540942153985885,0,0.1981,miss
4303,-7.346158905193066,0,0.19798333333333334,miss
4304,-8.973964492735277,0,0.19786666666666664,miss
4305,-8.059786373813001,0,0.19774999999999998,miss
4306,-9.124124283404102,0,0.19763333333333333,miss
4307,-7.116300176837429,0,0.19751666666666667,miss
4308,-6.913549430146579,0,0.19740000000000002,miss
4309,-7.98034800362142,0,0.19728333333333337,miss
4310,7.060172618391358,1,0.19716666666666663,hit
4311,6.696682074119939,1,0.19704999999999998,hit
4312,-11.483883851487407,0,0.19693333333333332,miss
4313,-6.695965752585252,0,0.19681666666666667,miss
4314,-7.052965475431061,0,0.1967,miss
4315,6.248906300547926,1,0.19658333333333336,hit
4316,-16.05,0,0.19646666666666662,miss
4317,-8.137255940814374,0,0.19634999999999997,miss
4318,-7.252825850822207,0,0.19623333333333332,miss
4319,-6.6470800317713685,0,0.19611666666666666,miss
4320,-6.871185117187441,0,0.196,miss
4321,-6.673840410760815,0,0.19588333333333335,miss
4322,6.993378700163871,1,0.19576666666666662,hit
4323,-9.287152238325158,0,0.19564999999999996,miss
4324,6.658232978717576,1,0.1955333333333333,hit
4325,6.836402004861712,1,0.19541666666666666,hit
4326,6.9226221340949365,1,0.1953,hit
4327,-16.075,0,0.19518333333333335,miss
4328,-16.05,0,0.1950666666666666,miss
4329,-6.370922351143185,0,0.19494999999999996,miss
4330,-6.3532528374591655,0,0.1948333333333333,miss
4331,-16.05,0,0.19471666666666665,miss
4332,-6.172497054958383,0,0.1946,miss
4333,-5.863095162643159,0,0.19448333333333334,miss
4334,-8.978633296769368,0,0.19436666666666663,miss
4335,-9.924611851545908,0,0.19424999999999998,miss
4336,-7.422634579274641,0,0.19413333333333332,miss
4337,-7.118225970026161,0,0.19401666666666667,miss
4338,-10.143383483609458,0,0.19390000000000002,miss
4339,-5.826879326887739,0,0.19378333333333336,miss
4340,-8.028181630036498,0,0.19366666666666663,miss
4341,-6.948799392401116,0,0.19354999999999997,miss
4342,-16.05,0,0.19343333333333332,miss
4343,-5.813897575727801,0,0.19331666666666666,miss
4344,-6.696556513464667,0,0.1932,miss
4345,-5.632525675182574,0,0.19308333333333336,miss
4346,-6.261427462296378,0,0.19296666666666662,miss
4347,-16.075,0,0.19284999999999997,miss
4348,6.60817147421287,1,0.1927333333333333,hit
4349,-6.432627176497396,0,0.19261666666666666,miss
4350,6.787102930018978,1,0.1925,hit
4351,6.422912804620269,1,0.19238333333333335,hit
4352,-7.752775106322343,0,0.1922666666666666,miss
4353,-8.727234801563213,0,0.19214999999999996,miss
4354,-6.157318946035275,0,0.1920333333333333,miss
4355,-16.125,0,0.19191666666666665,miss
4356,-9.735699473168498,0,0.1918,miss
4357,-5.899775786214569,0,0.19168333333333334,miss
4358,-9.697699986947915,0,0.1915666666666666,miss
4359,-6.311479145057701,0,0.19144999999999995,miss
4360,6.500930678570225,1,0.1913333333333333,hit
4361,6.760629170094729,1,0.19121666666666665,hit
4362,-10.70736116523572,0,0.1911,miss
4363,6.870165783490572,1,0.19098333333333334,hit
4364,7.001285364034116,1,0.19086666666666663,hit
4365,6.466630399412637,1,0.19074999999999998,hit
4366,-6.328823126082861,0,0.19063333333333332,miss
4367,-6.140103566211414,0,0.19051666666666667,miss
4368,-7.285606757755848,0,0.1904,miss
4369,-16.1,0,0.19028333333333336,miss
4370,-8.15133834922729,0,0.19016666666666662,miss
4371,-9.465670773082115,0,0.19004999999999997,miss
4372,6.091223484193925,1,0.18993333333333332,hit
4373,6.756042106185561,1,0.18981666666666666,hit
4374,-6.299222240597567,0,0.1897,miss
4375,6.506418019159682,1,0.18958333333333335,hit
4376,-8.855034548655883,0,0.1894666666666667,miss
4377,-6.557638154567449,0,0.18934999999999996,miss
4378,-16.05,0,0.1892333333333333,miss
4379,-7.012996154795525,0,0.18911666666666666,miss
4380,-6.241966146780467,0,0.189,miss
4381,-9.410553579590188,0,0.18888333333333335,miss
4382,-8.13081575267141,0,0.1887666666666667,miss
4383,-8.84607200404921,0,0.18864999999999996,miss
4384,-16.075,0,0.1885333333333333,miss
4385,-16.05,0,0.18841666666666665,miss
4386,-9.443220040575806,0,0.1883,miss
4387,6.351262985683806,1,0.18818333333333334,hit
4388,-7.556288013460187,0,0.1880666666666667,miss
4389,-6.08922623896155,0,0.18794999999999995,miss
4390,-16.075,0,0.1878333333333333,miss
4391,6.550281825808092,1,0.18771666666666664,hit
4392,6.449684279003049,1,0.1876,hit
4393,7.087651526942006,1,0.18748333333333334,hit
4394,-6.178146126333735,0,0.18736666666666668,miss
4395,-7.141799265783771,0,0.18724999999999997,miss
4396,-6.118036464916931,0,0.18713333333333332,miss
4397,6.835191393551321,1,0.18701666666666666,hit
4398,7.025560417219346,1,0.1869,hit
4399,-5.575413869135578,0,0.18678333333333336,miss
4400,-6.131021813921429,0,0.1866666666666667,miss
4401,-7.638563482149818,0,0.18654999999999997,miss
4402,-6.3411166622725315,0,0.1864333333333333,miss
4403,6.525348124843769,1,0.18631666666666666,hit
4404,-6.854943376540264,0,0.1862,miss
4405,-16.05,0,0.18608333333333335,miss
4406,-10.063034164871246,0,0.1859666666666667,miss
4407,-9.369804554796193,0,0.18584999999999996,miss
4408,-5.794855292804573,0,0.1857333333333333,miss
4409,-16.05,0,0.18561666666666665,miss
4410,-10.84746046661447,0,0.1855,miss
4411,-5.688810137690564,0,0.18538333333333334,miss
4412,-7.366239880911984,0,0.1852666666666667,miss
4413,-6.690296787596499,0,0.18514999999999995,miss
4414,-7.8312131885200085,0,0.1850333333333333,miss
4415,-16.05,0,0.18491666666666665,miss
4416,-8.80469132690213,0,0.1848,miss
4417,-6.924948274751845,0,0.18468333333333334,miss
4418,6.2895008562400285,1,0.18456666666666668,hit
4419,6.38691604115348,1,0.18444999999999995,hit
4420,-12.892066311443397,0,0.1843333333333333,miss
4421,-6.9313327430143525,0,0.18421666666666664,miss
4422,-6.934845374235543,0,0.18409999999999999,miss
4423,6.5691882915564745,1,0.18398333333333333,hit
4424,-7.7889032633665645,0,0.18386666666666668,miss
4425,-16.05,0,0.18374999999999997,miss
4426,7.138895518209744,1,0.18363333333333332,hit
4427,-7.097349239397832,0,0.18351666666666666,miss
4428,-6.202703142493819,0,0.1834,miss
4429,-6.370552533427058,0,0.18328333333333335,miss
4430,-5.849898041693472,0,0.1831666666666667,miss
4431,6.913049588568256,1,0.18304999999999996,hit
4432,-6.7425918125224955,0,0.1829333333333333,miss
4433,-7.307777982956158,0,0.18281666666666666,miss
4434,-11.072849444231174,0,0.1827,miss
4435,-7.085115950132357,0,0.18258333333333335,miss
4436,-10.97609205233278,0,0.1824666666666667,miss
4437,6.984325589222578,1,0.18234999999999996,hit
4438,6.83412436683801,1,0.1822333333333333,hit
4439,-6.2849370819985895,0,0.18211666666666665,miss
4440,-8.490284433010263,0,0.182,miss
4441,6.594212116914758,1,0.18188333333333334,hit
4442,-10.37605325259852,0,0.1817666666666667,miss
4443,-8.734639837578474,0,0.18164999999999995,miss
4444,-15.744558551624298,0,0.1815333333333333,miss
4445,-7.248640893987364,0,0.18141666666666664,miss
4446,-8.174113591762751,0,0.1813,miss
4447,-8.830888634690151,0,0.18118333333333334,miss
4448,6.856611686569334,1,0.18106666666666668,hit
4449,-7.530365151619834,0,0.18094999999999994,miss
4450,-7.56199085459635,0,0.1808333333333333,miss
4451,-6.589285307531967,0,0.18071666666666664,miss
4452,-16.042521294907928,0,0.18059999999999998,miss
4453,-10.790701375754587,0,0.18048333333333333,miss
4454,-6.2487473342347135,0,0.18036666666666668,miss
4455,-10.114144168708286,0,0.18024999999999997,miss
4456,-7.509480462827087,0,0.1801333333333333,miss
4457,6.395166806421943,1,0.18001666666666666,hit
4458,-10.024083374135428,0,0.1799,miss
4459,-8.050314980943101,0,0.17978333333333335,miss
4460,6.493620975531354,1,0.1796666666666667,hit
4461,-6.64980337426318,0,0.17954999999999996,miss
4462,-11.925620700932981,0,0.1794333333333333,miss
4463,-7.736318673855693,0,0.17931666666666665,miss
4464,-16.1,0,0.1792,miss
4465,6.066590765974199,1,0.17908333333333334,hit
4466,-16.075,0,0.1789666666666667,miss
4467,-6.101180036561343,0,0.17884999999999995,miss
4468,6.45028739231855,1,0.1787333333333333,hit
4469,-5.849580272861534,0,0.17861666666666665,miss
4470,6.633549339284805,1,0.1785,hit
4471,6.64396707423359,1,0.17838333333333334,hit
4472,-8.708790841063212,0,0.17826666666666668,miss
4473,-7.249621325344696,0,0.17814999999999995,miss
4474,-7.088936984589284,0,0.1780333333333333,miss
4475,-16.05,0,0.17791666666666664,miss
4476,-10.305886419908258,0,0.17779999999999999,miss
4477,6.113874065557414,1,0.17768333333333333,hit
4478,-7.131879867908676,0,0.17756666666666668,miss
4479,-16.1,0,0.17744999999999994,miss
4480,6.5138980415189724,1,0.1773333333333333,hit
4481,6.834768751517464,1,0.17721666666666663,hit
4482,-6.0763571923267214,0,0.17709999999999998,miss
4483,-5.861632823685257,0,0.17698333333333333,miss
4484,-16.05,0,0.17686666666666667,miss
4485,-7.625355085213302,0,0.17674999999999996,miss
4486,-16.05,0,0.1766333333333333,miss
4487,-6.297839602120704,0,0.17651666666666666,miss
4488,-5.564004795179393,0,0.1764,miss
4489,-10.742705307913832,0,0.17628333333333335,miss
4490,6.665580999060673,1,0.1761666666666667,hit
4491,6.67517504294193,1,0.17604999999999996,hit
4492,-7.555130980424708,0,0.1759333333333333,miss
4493,-6.8409370029547665,0,0.17581666666666665,miss
4494,-6.282541762943742,0,0.1757,miss
4495,-8.47704951142504,0,0.17558333333333334,miss
4496,6.380681186673853,1,0.1754666666666667,hit
4497,6.51282668188341,1,0.17534999999999995,hit
4498,6.910998611681573,1,0.1752333333333333,hit
4499,-11.203317181532746,0,0.17511666666666664,miss
4500,-6.96764491581922,0,0.175,miss
4501,-7.355029348445148,0,0.17488333333333334,miss
4502,-16.075,0,0.17476666666666668,miss
4503,-9.892798595008447,0,0.17465000000000003,miss
4504,-8.70361181321799,0,0.1745333333333333,miss
4505,-10.165942028194241,0,0.17441666666666664,miss
4506,-16.075,0,0.17429999999999998,miss
4507,6.160040633224126,1,0.17418333333333333,hit
4508,6.89169849602632,1,0.17406666666666668,hit
4509,-14.478531364166688,0,0.17395000000000002,miss
4510,7.102864051742795,1,0.17383333333333328,hit
4511,6.026293427029627,1,0.17371666666666663,hit
4512,-5.882532570051887,0,0.17359999999999998,miss
4513,-14.585562431122385,0,0.17348333333333332,miss
4514,-6.969676511564304,0,0.17336666666666667,miss
4515,6.1655621129405835,1,0.17325000000000002,hit
4516,6.468402238690369,1,0.1731333333333333,hit
4517,-6.509212088007588,0,0.17301666666666665,miss
4518,-11.17217368264222,0,0.1729,miss
4519,6.451132794200519,1,0.17278333333333334,hit
4520,-7.6641913101961014,0,0.1726666666666667,miss
4521,6.7342558615799835,1,0.17255000000000004,hit
4522,-6.927223752852376,0,0.1724333333333333,miss
4523,-16.05,0,0.17231666666666665,miss
4524,-5.953923553176055,0,0.1722,miss
4525,-7.708461888083525,0,0.17208333333333334,miss
4526,-7.32390218487273,0,0.17196666666666668,miss
4527,6.675807366056126,1,0.17185000000000003,hit
4528,-5.998658948270546,0,0.1717333333333333,miss
4529,-6.790450887611487,0,0.17161666666666664,miss
4530,-7.238338929051784,0,0.17149999999999999,miss
4531,-6.280711324768815,0,0.17138333333333333,miss
4532,-16.05,0,0.17126666666666668,miss
4533,6.6668711244646754,1,0.17115000000000002,hit
4534,-9.416841449046187,0,0.1710333333333333,miss
4535,-6.768914801111961,0,0.17091666666666663,miss
4536,6.495777762831323,1,0.17079999999999998,hit
4537,-7.884667799563208,0,0.17068333333333333,miss
4538,-9.889570533919702,0,0.17056666666666667,miss
4539,6.423649830966821,1,0.17045000000000002,hit
4540,-6.339205578405757,0,0.17033333333333328,miss
4541,-16.05,0,0.17021666666666663,miss
4542,7.485896976398618,1,0.17009999999999997,hit
4543,7.213939087902055,1,0.16998333333333332,hit
4544,-6.239350244718967,0,0.16986666666666667,miss
4545,-16.075,0,0.16975,miss
4546,-9.443581226929915,0,0.1696333333333333,miss
4547,-7.706570845340691,0,0.16951666666666665,miss
4548,-6.16168117935302,0,0.1694,miss
4549,-5.987087734894832,0,0.16928333333333334,miss
4550,6.601757651815644,1,0.1691666666666667,hit
4551,-7.862399076277243,0,0.16905000000000003,miss
4552,-9.985861089729124,0,0.1689333333333333,miss
4553,-16.05,0,0.16881666666666664,miss
4554,6.667070730948854,1,0.1687,hit
4555,-7.383082343022595,0,0.16858333333333334,miss
4556,-7.806991039846826,0,0.16846666666666668,miss
4557,-7.395215186688341,0,0.16835000000000003,miss
4558,-7.659464391506129,0,0.1682333333333333,miss
4559,-16.05,0,0.16811666666666664,miss
4560,-7.2265232655119,0,0.16799999999999998,miss
4561,-6.661414041958275,0,0.16788333333333333,miss
4562,-6.6923436823445375,0,0.16776666666666668,miss
4563,-6.876090623897106,0,0.16765000000000002,miss
4564,-16.05,0,0.16753333333333328,miss
4565,-5.877164791228034,0,0.16741666666666663,miss
4566,-8.094466007412837,0,0.16729999999999998,miss
4567,-9.893640415483544,0,0.16718333333333332,miss
4568,6.650087020107935,1,0.16706666666666667,hit
4569,-6.300786176407367,0,0.16695000000000002,miss
4570,-11.376856130787868,0,0.16683333333333328,miss
4571,-7.198951448124007,0,0.16671666666666662,miss
4572,-5.803178110476068,0,0.16659999999999997,miss
4573,-8.882993879374041,0,0.16648333333333332,miss
4574,-6.993879950765892,0,0.16636666666666666,miss
4575,-16.05,0,0.16625,miss
4576,-6.782355435389449,0,0.1661333333333333,miss
4577,-8.173674888349463,0,0.16601666666666665,miss
4578,-16.1,0,0.1659,miss
4579,-11.62565596786412,0,0.16578333333333334,miss
4580,-5.814294629437736,0,0.16566666666666668,miss
4581,-13.829737336617237,0,0.16555000000000003,miss
4582,-7.871389965696423,0,0.1654333333333333,miss
4583,-16.05,0,0.16531666666666664,miss
4584,7.047979890310474,1,0.16519999999999999,hit
4585,-6.836600443500605,0,0.16508333333333333,miss
4586,6.453785741505896,1,0.16496666666666668,hit
4587,-11.30981665065674,0,0.16485000000000002,miss
4588,-7.191471310956699,0,0.1647333333333333,miss
4589,-10.967527749731238,0,0.16461666666666663,miss
4590,6.143555976198546,1,0.16449999999999998,hit
4591,-7.860764489998766,0,0.16438333333333333,miss
4592,-6.193755029601544,0,0.16426666666666667,miss
4593,-9.791297836387816,0,0.16415000000000002,miss
4594,6.983205796658204,1,0.16403333333333328,hit
4595,-9.220017642925551,0,0.16391666666666663,miss
4596,-5.951479614459569,0,0.16379999999999997,miss
4597,-7.568472569622489,0,0.16368333333333332,miss
4598,6.439278058123566,1,0.16356666666666667,hit
4599,-16.1,0,0.16345,miss
4600,-6.876980875349386,0,0.16333333333333327,miss
4601,6.467441485784659,1,0.16321666666666662,hit
4602,6.443918389806255,1,0.16309999999999997,hit
4603,-7.766199899158812,0,0.1629833333333333,miss
4604,-8.454549581648246,0,0.16286666666666666,miss
4605,-11.133658774015315,0,0.16275,miss
4606,-7.183233985804452,0,0.1626333333333333,miss
4607,-7.682838585357119,0,0.16251666666666664,miss
4608,7.067463609731606,1,0.1624,hit
4609,-7.231708302497004,0,0.16228333333333333,miss
4610,6.9301673108895665,1,0.16216666666666668,hit
4611,-5.976708328731752,0,0.16205000000000003,miss
4612,-5.991340220055928,0,0.1619333333333333,miss
4613,-16.05,0,0.16181666666666664,miss
4614,-16.05,0,0.16169999999999998,miss
4615,6.545937817861576,1,0.16158333333333333,hit
4616,6.688411955670479,1,0.16146666666666668,hit
4617,-16.075,0,0.16135000000000002,miss
4618,-7.050437519509358,0,0.16123333333333328,miss
4619,-6.479206401570213,0,0.16111666666666663,miss
4620,-8.004364221776566,0,0.16099999999999998,miss
4621,6.608126724791417,1,0.16088333333333332,hit
4622,-16.075,0,0.16076666666666667,miss
4623,-8.087366136282073,0,0.16065000000000002,miss
4624,-6.135674944922293,0,0.16053333333333328,miss
4625,6.7159284811425355,1,0.16041666666666662,hit
4626,-6.122982506009569,0,0.16029999999999997,miss
4627,-6.602347392484139,0,0.16018333333333332,miss
4628,6.016620369314287,1,0.16006666666666666,hit
4629,-16.05,0,0.15995,miss
4630,-6.195965717612982,0,0.15983333333333336,miss
4631,-6.238269403121693,0,0.15971666666666662,miss
4632,-7.055578288834536,0,0.15959999999999996,miss
4633,-6.237454994818315,0,0.1594833333333333,miss
4634,-7.908287941635478,0,0.15936666666666666,miss
4635,-9.701855358136767,0,0.15925,miss
4636,-7.253300051371178,0,0.15913333333333335,miss
4637,6.265029939519984,1,0.15901666666666664,hit
4638,-16.05,0,0.15889999999999999,miss
4639,6.4900908399444575,1,0.15878333333333333,hit
4640,6.433548524674259,1,0.15866666666666668,hit
4641,6.276443423256762,1,0.15855000000000002,hit
4642,-16.05,0,0.15843333333333337,miss
4643,-16.075,0,0.15831666666666663,miss
4644,-9.986878115900614,0,0.15819999999999998,miss
4645,-8.063412787818617,0,0.15808333333333333,miss
4646,6.585178029878618,1,0.15796666666666667,hit
4647,-16.05,0,0.15785000000000002,miss
4648,-12.392800471498058,0,0.15773333333333336,miss
4649,-7.288673653830527,0,0.15761666666666663,miss
4650,6.652008277854486,1,0.15749999999999997,hit
4651,-9.616004307639269,0,0.15738333333333332,miss
4652,-5.835167828913898,0,0.15726666666666667,miss
4653,-6.019116506555679,0,0.15715,miss
4654,-8.56506242417478,0,0.15703333333333336,miss
4655,-6.397394611822023,0,0.15691666666666662,miss
4656,-16.05,0,0.15679999999999997,miss
4657,6.778549485641866,1,0.1566833333333333,hit
4658,-6.050201766007676,0,0.15656666666666666,miss
4659,-5.982811618740178,0,0.15645,miss
4660,6.399629488555814,1,0.15633333333333335,hit
4661,-6.552840302419241,0,0.15621666666666661,miss
4662,-5.943097727304057,0,0.15609999999999996,miss
4663,-6.222675581258661,0,0.1559833333333333,miss
4664,-7.373685655013039,0,0.15586666666666665,miss
4665,-16.1,0,0.15575,miss
4666,6.420514235034799,1,0.15563333333333335,hit
4667,7.128832242370153,1,0.15551666666666664,hit
4668,-6.252289956702454,0,0.15539999999999998,miss
4669,-8.099075532675684,0,0.15528333333333333,miss
4670,-11.376321426495752,0,0.15516666666666667,miss
4671,-16.05,0,0.15505000000000002,miss
4672,6.549445925614145,1,0.15493333333333337,hit
4673,-6.3998834479312015,0,0.15481666666666663,miss
4674,-16.05,0,0.15469999999999998,miss
4675,-11.455753050091777,0,0.15458333333333332,miss
4676,6.739248936575,1,0.15446666666666667,hit
4677,6.672348672033178,1,0.15435000000000001,hit
4678,7.085622605585158,1,0.15423333333333336,hit
4679,-6.840151516452511,0,0.15411666666666662,miss
4680,-6.642664207103952,0,0.15399999999999997,miss
4681,-7.576975270047326,0,0.15388333333333332,miss
4682,6.798662027777922,1,0.15376666666666666,hit
4683,-7.184037949561388,0,0.15365,miss
4684,6.829723627492997,1,0.15353333333333335,hit
4685,6.763203841828713,1,0.15341666666666662,hit
4686,-6.6847001207242425,0,0.15329999999999996,miss
4687,-16.05,0,0.1531833333333333,miss
4688,7.504641310423784,1,0.15306666666666666,hit
4689,-9.013522841830198,0,0.15295,miss
4690,-7.112857729996162,0,0.15283333333333335,miss
4691,6.4380161545296355,1,0.1527166666666666,hit
4692,-7.006486454303054,0,0.15259999999999996,miss
4693,-6.870575413029307,0,0.1524833333333333,miss
4694,-9.12827033593115,0,0.15236666666666665,miss
4695,-6.18713174301651,0,0.15225,miss
4696,-13.61852218785428,0,0.15213333333333334,miss
4697,-16.1,0,0.15201666666666663,miss
4698,6.7055341518379885,1,0.15189999999999998,hit
4699,-7.846559492075443,0,0.15178333333333333,miss
4700,-16.075,0,0.15166666666666667,miss
4701,-8.283152237458703,0,0.15155000000000002,miss
4702,6.440757069426103,1,0.15143333333333336,hit
4703,6.810223198976195,1,0.15131666666666663,hit
4704,-9.102182977537328,0,0.15119999999999997,miss
4705,-6.9435824934971295,0,0.15108333333333332,miss
4706,6.588124104233613,1,0.15096666666666667,hit
4707,-6.673445728231343,0,0.15085,miss
4708,-13.39629356135357,0,0.15073333333333336,miss
4709,-16.05,0,0.15061666666666662,miss
4710,-8.01967799393139,0,0.15049999999999997,miss
4711,-6.2457500832110435,0,0.1503833333333333,miss
4712,-14.291619792278937,0,0.15026666666666666,miss
4713,-8.116529199256679,0,0.15015,miss
4714,-7.256267630561142,0,0.15003333333333335,miss
4715,6.730041926522043,1,0.14991666666666661,hit
4716,-6.563543709322778,0,0.14979999999999996,miss
4717,-6.881802874791797,0,0.1496833333333333,miss
4718,-7.054366697587462,0,0.14956666666666665,miss
4719,-11.567833167550354,0,0.14945,miss
4720,-10.294867677438376,0,0.14933333333333335,miss
4721,6.112618330504271,1,0.1492166666666666,hit
4722,-8.363686167632089,0,0.14909999999999995,miss
4723,-9.60155721160511,0,0.1489833333333333,miss
4724,6.226266613983852,1,0.14886666666666665,hit
4725,6.490124983098373,1,0.14875,hit
4726,-10.071746457603282,0,0.14863333333333334,miss
4727,-5.831322109883915,0,0.14851666666666663,miss
4728,-6.519782488317641,0,0.14839999999999998,miss
4729,-7.016592680842372,0,0.14828333333333332,miss
4730,7.079799619479335,1,0.14816666666666667,hit
4731,-6.612452512105326,0,0.14805000000000001,miss
4732,-7.963192085635634,0,0.14793333333333336,miss
4733,-6.614071831811494,0,0.14781666666666662,miss
4734,-5.891505343955684,0,0.14769999999999997,miss
4735,6.66077369852059,1,0.14758333333333332,hit
4736,-6.186457019326728,0,0.14746666666666666,miss
4737,-6.540138284788055,0,0.14735,miss
4738,6.515141718832165,1,0.14723333333333335,hit
4739,6.519356452653602,1,0.14711666666666662,hit
4740,-11.59098081910438,0,0.14699999999999996,miss
4741,-6.658598559262659,0,0.1468833333333333,miss
4742,-8.07984980189758,0,0.14676666666666666,miss
4743,-6.788539919030838,0,0.14665,miss
4744,-11.456302771106916,0,0.14653333333333335,miss
4745,-9.12729753426473,0,0.1464166666666666,miss
4746,6.580293613095602,1,0.14629999999999996,hit
4747,-5.727250881596094,0,0.1461833333333333,miss
4748,-7.723314726891477,0,0.14606666666666665,miss
4749,-6.016991673597722,0,0.14595,miss
4750,-16.075,0,0.14583333333333334,miss
4751,-6.553292839907276,0,0.1457166666666667,miss
4752,-7.816873202128043,0,0.14559999999999995,miss
4753,-16.05,0,0.1454833333333333,miss
4754,-6.053334714345343,0,0.14536666666666664,miss
4755,-7.510932082414287,0,0.14525,miss
4756,-5.685948397457404,0,0.14513333333333334,miss
4757,-6.191176757315661,0,0.14501666666666668,miss
4758,-6.122059809198398,0,0.14489999999999997,miss
4759,-12.60134786123523,0,0.14478333333333332,miss
4760,6.368236223617732,1,0.14466666666666667,hit
4761,6.791267870486285,1,0.14455,hit
4762,-8.91467206122456,0,0.14443333333333336,miss
4763,-6.0153409999776875,0,0.1443166666666667,miss
4764,-7.873393354607417,0,0.14419999999999997,miss
4765,-10.610207353182396,0,0.1440833333333333,miss
4766,6.46718791274542,1,0.14396666666666666,hit
4767,6.764540923880336,1,0.14385,hit
4768,-6.424515063640434,0,0.14373333333333335,miss
4769,-8.065072920487719,0,0.1436166666666667,miss
4770,-8.80351218596497,0,0.14349999999999996,miss
4771,6.797720835913962,1,0.1433833333333333,hit
4772,-16.05,0,0.14326666666666665,miss
4773,-6.9758805154538,0,0.14315,miss
4774,-6.618588201333753,0,0.14303333333333335,miss
4775,-14.255900210930664,0,0.1429166666666667,miss
4776,6.921687770469408,1,0.14279999999999995,hit
4777,-9.602009295132921,0,0.1426833333333333,miss
4778,6.671223520084415,1,0.14256666666666665,hit
4779,-6.730739604163923,0,0.14245,miss
4780,-7.52498940575911,0,0.14233333333333334,miss
4781,-16.05,0,0.14221666666666669,miss
4782,-8.417423472772807,0,0.14209999999999995,miss
4783,-7.681823742535119,0,0.1419833333333333,miss
4784,-6.0287406362324845,0,0.14186666666666664,miss
4785,-7.935292132406389,0,0.14175,miss
4786,-16.1,0,0.14163333333333333,miss
4787,6.395501126853217,1,0.14151666666666668,hit
4788,6.664804000480421,1,0.14139999999999997,hit
4789,-12.293148028266693,0,0.14128333333333332,miss
4790,6.018812359447164,1,0.14116666666666666,hit
4791,-5.834927472404123,0,0.14105,miss
4792,-10.567216644530014,0,0.14093333333333335,miss
4793,-11.283954525088708,0,0.1408166666666667,miss
4794,6.619467937504046,1,0.14069999999999996,hit
4795,6.487156988163305,1,0.1405833333333333,hit
4796,-7.939191798275905,0,0.14046666666666666,miss
4797,-7.799542768119837,0,0.14035,miss
4798,-6.095543958699314,0,0.14023333333333335,miss
4799,6.342757004521745,1,0.1401166666666667,hit
4800,6.901569808588204,1,0.13999999999999996,hit
4801,-10.077943292164642,0,0.1398833333333333,miss
4802,-13.880688673427311,0,0.13976666666666665,miss
4803,-6.075801715872699,0,0.13965,miss
4804,-9.99247290630371,0,0.13953333333333334,miss
4805,-6.381788101553936,0,0.1394166666666667,miss
4806,-16.05,0,0.13929999999999995,miss
4807,-7.977051844164008,0,0.1391833333333333,miss
4808,-7.484619744617544,0,0.13906666666666664,miss
4809,-6.211332791761537,0,0.13895,miss
4810,-8.496977370895602,0,0.13883333333333334,miss
4811,7.19862423831063,1,0.13871666666666668,hit
4812,-13.237818017440615,0,0.13859999999999995,miss
4813,6.875166481352013,1,0.1384833333333333,hit
4814,-7.905749553736952,0,0.13836666666666664,miss
4815,-6.2667706140533515,0,0.13824999999999998,miss
4816,-6.809023283498154,0,0.13813333333333333,miss
4817,6.9900770387136895,1,0.13801666666666668,hit
4818,-6.894696532861443,0,0.13789999999999997,miss
4819,6.776453894387997,1,0.1377833333333333,hit
4820,-6.067031821758035,0,0.13766666666666666,miss
4821,-16.05,0,0.13755,miss
4822,6.049930353388515,1,0.13743333333333335,hit
4823,-7.209130317710246,0,0.1373166666666667,miss
4824,6.392345910001512,1,0.13719999999999996,hit
4825,-6.2622835299598085,0,0.1370833333333333,miss
4826,-6.307088435848621,0,0.13696666666666665,miss
4827,6.613512250210292,1,0.13685,hit
4828,6.82962858250206,1,0.13673333333333335,hit
4829,7.0300829845910435,1,0.1366166666666667,hit
4830,-9.316191142264126,0,0.13649999999999995,miss
4831,-8.543463817980898,0,0.1363833333333333,miss
4832,6.598309799836597,1,0.13626666666666665,hit
4833,6.448673193544844,1,0.13615,hit
4834,-7.003663526523599,0,0.13603333333333334,miss
4835,6.277751086856581,1,0.13591666666666669,hit
4836,-16.075,0,0.13579999999999995,miss
4837,6.892806838994287,1,0.1356833333333333,hit
4838,-7.567699582500526,0,0.13556666666666664,miss
4839,-8.523789148199873,0,0.13545,miss
4840,6.707647985640653,1,0.13533333333333333,hit
4841,-8.350977221252931,0,0.13521666666666668,miss
4842,6.273359607936054,1,0.13509999999999994,hit
4843,6.302670771754721,1,0.1349833333333333,hit
4844,-6.238402325953583,0,0.13486666666666663,miss
4845,6.915160351931247,1,0.13474999999999998,hit
4846,-6.250048301517296,0,0.13463333333333333,miss
4847,7.266030539176223,1,0.13451666666666667,hit
4848,6.539593286674436,1,0.13439999999999996,hit
4849,6.1052648494723885,1,0.1342833333333333,hit
4850,6.107057858072908,1,0.13416666666666666,hit
4851,-6.558548291651315,0,0.13405,miss
4852,6.808461041934289,1,0.13393333333333335,hit
4853,-6.426103523930378,0,0.1338166666666667,miss
4854,-9.908786876748259,0,0.13369999999999996,miss
4855,-9.171922857291133,0,0.1335833333333333,miss
4856,-16.05,0,0.13346666666666665,miss
4857,6.21076427244661,1,0.13335,hit
4858,-7.435619012384418,0,0.13323333333333334,miss
4859,-7.68529795271134,0,0.1331166666666667,miss
4860,-16.05,0,0.13299999999999995,miss
4861,-16.075,0,0.1328833333333333,miss
4862,-7.232018383573015,0,0.13276666666666664,miss
4863,6.698796981919454,1,0.13265,hit
4864,6.579028701508669,1,0.13253333333333334,hit
4865,-10.856912436112399,0,0.13241666666666668,miss
4866,6.841289662678443,1,0.13229999999999995,hit
4867,6.264472513377566,1,0.1321833333333333,hit
4868,-6.7525837379380285,0,0.13206666666666664,miss
4869,7.212717515663468,1,0.13194999999999998,hit
4870,6.5427169321318495,1,0.13183333333333333,hit
4871,6.429718635144019,1,0.13171666666666668,hit
4872,-10.852251163273465,0,0.13159999999999994,miss
4873,-5.852409001498034,0,0.13148333333333329,miss
4874,-16.05,0,0.13136666666666663,miss
4875,6.834621685928961,1,0.13124999999999998,hit
4876,7.125743141675812,1,0.13113333333333335,hit
4877,-6.000049517968438,0,0.1310166666666667,miss
4878,-6.078323549773184,0,0.13090000000000004,miss
4879,-16.1,0,0.1307833333333333,miss
4880,-10.715839538652977,0,0.13066666666666665,miss
4881,6.688424447306775,1,0.13055,hit
4882,-8.026533137394951,0,0.13043333333333335,miss
4883,-6.947028868870769,0,0.1303166666666667,miss
4884,6.628492626498975,1,0.13020000000000004,hit
4885,6.157855999547141,1,0.1300833333333333,hit
4886,-6.110391092246855,0,0.12996666666666665,miss
4887,6.656100674022498,1,0.12985,hit
4888,-7.319938295696589,0,0.12973333333333334,miss
4889,-7.1326383404618054,0,0.12961666666666669,miss
4890,-16.075,0,0.12950000000000003,miss
4891,-5.866131886736935,0,0.1293833333333333,miss
4892,-7.7877330588797316,0,0.12926666666666664,miss
4893,-8.802020573608777,0,0.12915,miss
4894,6.231263546495218,1,0.12903333333333333,hit
4895,-16.05,0,0.12891666666666668,miss
4896,-6.166125837137261,0,0.12880000000000003,miss
4897,-16.05,0,0.1286833333333333,miss
4898,-5.803780044506902,0,0.12856666666666663,miss
4899,-6.381898722915584,0,0.12844999999999998,miss
4900,-10.93628023286165,0,0.12833333333333333,miss
4901,-6.951493590225755,0,0.12821666666666667,miss
4902,-6.8939684954782905,0,0.12810000000000002,miss
4903,6.754276491660223,1,0.1279833333333333,hit
4904,-16.05,0,0.12786666666666666,miss
4905,-7.179620567782435,0,0.12775,miss
4906,-5.758524291157717,0,0.12763333333333335,miss
4907,-12.229429987204018,0,0.1275166666666667,miss
4908,6.006977394470731,1,0.12740000000000004,hit
4909,-8.280660406601646,0,0.1272833333333333,miss
4910,-6.357866708937564,0,0.12716666666666665,miss
4911,-6.192151604179042,0,0.12705,miss
4912,7.3143139833133395,1,0.12693333333333334,hit
4913,-6.683972751969067,0,0.1268166666666667,miss
4914,-16.075,0,0.12670000000000003,miss
4915,-9.623974275786782,0,0.1265833333333333,miss
4916,-10.595050367088419,0,0.12646666666666664,miss
4917,-16.05,0,0.12635,miss
4918,7.093559624422468,1,0.12623333333333334,hit
4919,-7.053600451309468,0,0.12611666666666668,miss
4920,-6.512484731787556,0,0.12600000000000003,miss
4921,6.785721843117689,1,0.1258833333333333,hit
4922,-6.526481962078035,0,0.12576666666666664,miss
4923,6.896211126167211,1,0.12564999999999998,hit
4924,6.212108667959803,1,0.12553333333333333,hit
4925,-7.104620407966808,0,0.12541666666666668,miss
4926,6.600935216615748,1,0.12530000000000002,hit
4927,6.477941017401005,1,0.12518333333333329,hit
4928,7.186306214256111,1,0.12506666666666663,hit
4929,-6.657646164142269,0,0.12494999999999999,miss
4930,-7.10051060078948,0,0.12483333333333334,miss
4931,7.120926094290302,1,0.12471666666666668,hit
4932,-9.002089889803232,0,0.12460000000000003,miss
4933,-6.821433976996902,0,0.1244833333333333,miss
4934,-6.3061830637301295,0,0.12436666666666664,miss
4935,-16.05,0,0.12424999999999999,miss
4936,6.44806221256842,1,0.12413333333333333,hit
4937,6.151975768309836,1,0.12401666666666668,hit
4938,-6.4998331646354455,0,0.12390000000000002,miss
4939,7.417646035497445,1,0.12378333333333329,hit
4940,-16.075,0,0.12366666666666663,miss
4941,-7.420115069270085,0,0.12354999999999998,miss
4942,-7.250297491026553,0,0.12343333333333333,miss
4943,6.433562346252623,1,0.12331666666666667,hit
4944,6.919453576934644,1,0.12320000000000002,hit
4945,-9.315682493715878,0,0.1230833333333333,miss
4946,-8.350783451709312,0,0.12296666666666664,miss
4947,6.795322404789465,1,0.12284999999999999,hit
4948,-8.70256996828086,0,0.12273333333333333,miss
4949,-11.001176987417987,0,0.12261666666666668,miss
4950,-5.821969419458642,0,0.12250000000000003,miss
4951,-6.141073071186976,0,0.12238333333333329,miss
4952,7.208534929234532,1,0.12226666666666663,hit
4953,-16.075,0,0.12214999999999998,miss
4954,-6.414115462313999,0,0.12203333333333333,miss
4955,-6.252067085237889,0,0.12191666666666667,miss
4956,6.432391415757319,1,0.12180000000000002,hit
4957,6.908828098170127,1,0.1216833333333333,hit
4958,-5.632612542493264,0,0.12156666666666664,miss
4959,6.489632139624721,1,0.12144999999999999,hit
4960,-5.843930236959638,0,0.12133333333333333,miss
4961,6.322126083143541,1,0.12121666666666668,hit
4962,-6.082693543495798,0,0.12110000000000003,miss
4963,-10.316202119203613,0,0.12098333333333329,miss
4964,-6.722558762010612,0,0.12086666666666664,miss
4965,-6.023239525292144,0,0.12074999999999998,miss
4966,-11.506563552312958,0,0.12063333333333333,miss
4967,7.083151192743828,1,0.12051666666666667,hit
4968,6.350383704358849,1,0.12040000000000002,hit
4969,-5.971323507686282,0,0.12028333333333328,miss
4970,-8.028248245212367,0,0.12016666666666663,miss
4971,-12.801645461714182,0,0.12004999999999998,miss
4972,-6.936752350518269,0,0.11993333333333332,miss
4973,6.942251812381608,1,0.11981666666666667,hit
4974,6.432609193749421,1,0.11970000000000001,hit
4975,6.437394842782638,1,0.11958333333333329,hit
4976,-5.815185830588245,0,0.11946666666666664,miss
4977,-6.5111446275236124,0,0.11934999999999998,miss
4978,-6.306318390786569,0,0.11923333333333333,miss
4979,-16.075,0,0.11911666666666668,miss
4980,-6.57482825696277,0,0.11900000000000002,miss
4981,-7.584388518655483,0,0.11888333333333329,miss
4982,6.856295651225951,1,0.11876666666666663,hit
4983,-9.856013022607327,0,0.11864999999999998,miss
4984,-5.880426505094533,0,0.11853333333333332,miss
4985,6.575318575990792,1,0.11841666666666667,hit
4986,-6.397430770760312,0,0.11830000000000002,miss
4987,-5.876453993334826,0,0.11818333333333329,miss
4988,6.880247646199262,1,0.11806666666666664,hit
4989,-6.616174991635776,0,0.11794999999999999,miss
4990,-13.398897884988912,0,0.11783333333333333,miss
4991,7.035191626936106,1,0.11771666666666668,hit
4992,-7.558945066335127,0,0.11760000000000002,miss
4993,5.96178138979732,1,0.11748333333333329,hit
4994,-5.909737475169508,0,0.11736666666666663,miss
4995,6.686168247874359,1,0.11724999999999998,hit
4996,-8.640040966396281,0,0.11713333333333333,miss
4997,-7.361978752012205,0,0.11701666666666667,miss
4998,-6.707459630914142,0,0.11690000000000002,miss
4999,-6.402238003089507,0,0.11678333333333328,miss
5000,-6.1219224671762165,0,0.11666666666666663,miss
5001,-5.98641481700896,0,0.11654999999999997,miss
5002,-6.4976121207379,0,0.11643333333333332,miss
5003,-7.612777658839654,0,0.11631666666666667,miss
5004,-6.886823447706631,0,0.11620000000000001,miss
5005,-6.261543664796452,0,0.11608333333333336,miss
5006,6.160054597725422,1,0.11596666666666663,hit
5007,-8.808322913527936,0,0.11584999999999998,miss
5008,-6.365481996966241,0,0.11573333333333333,miss
5009,-16.075,0,0.11561666666666667,miss
5010,-6.315807343928753,0,0.11550000000000002,miss
5011,-6.289809517739545,0,0.11538333333333337,miss
5012,6.487147285018696,1,0.11526666666666663,hit
5013,-8.54113176690167,0,0.11514999999999997,miss
5014,-16.05,0,0.11503333333333332,miss
5015,6.90247573558165,1,0.11491666666666667,hit
5016,-8.09551846917447,0,0.11480000000000001,miss
5017,6.888664459842813,1,0.11468333333333336,hit
5018,-7.19226956186195,0,0.11456666666666664,miss
5019,-6.713282157021521,0,0.11444999999999998,miss
5020,6.674294518095662,1,0.11433333333333333,hit
5021,-5.969638298822174,0,0.11421666666666667,miss
5022,-6.503838080312087,0,0.11410000000000002,miss
5023,6.537213998875909,1,0.11398333333333337,hit
5024,-5.811702911901556,0,0.11386666666666663,miss
5025,-6.810197188202466,0,0.11374999999999998,miss
5026,6.485408440225731,1,0.11363333333333332,hit
5027,6.530569750097383,1,0.11351666666666667,hit
5028,-8.44634658759698,0,0.11340000000000001,miss
5029,-7.418756925708146,0,0.11328333333333336,miss
5030,-9.592440648863533,0,0.11316666666666662,miss
5031,-9.005275299165342,0,0.11304999999999997,miss
5032,-16.05,0,0.11293333333333332,miss
5033,6.588906044808236,1,0.11281666666666666,hit
5034,-6.800980002197105,0,0.11270000000000001,miss
5035,6.468909445902205,1,0.11258333333333335,hit
5036,-5.963248686827234,0,0.11246666666666663,miss
5037,-6.066958362194875,0,0.11234999999999998,miss
5038,-8.118298884997857,0,0.11223333333333332,miss
5039,6.1353288217783675,1,0.11211666666666667,hit
5040,-6.291261534396526,0,0.11200000000000002,miss
5041,-10.531033251334922,0,0.11188333333333336,miss
5042,-7.593300509014921,0,0.11176666666666663,miss
5043,6.220992725380266,1,0.11164999999999997,hit
5044,-6.167565265824608,0,0.11153333333333332,miss
5045,6.881261358698356,1,0.11141666666666666,hit
5046,-7.217357780336711,0,0.11130000000000001,miss
5047,-11.436249249732782,0,0.11118333333333336,miss
5048,6.629126373428589,1,0.11106666666666663,hit
5049,-7.2237153534474405,0,0.11094999999999998,miss
5050,7.018394562900487,1,0.11083333333333333,hit
5051,-7.079420205206165,0,0.11071666666666667,miss
5052,-6.197436667268204,0,0.11060000000000002,miss
5053,6.877809152152204,1,0.11048333333333336,hit
5054,-6.0322212788307885,0,0.11036666666666663,miss
5055,6.764907373847622,1,0.11024999999999997,hit
5056,-15.95200596513389,0,0.11013333333333332,miss
5057,-7.147105455873045,0,0.11001666666666667,miss
5058,6.971919435635032,1,0.10990000000000001,hit
5059,-6.008335683728508,0,0.10978333333333336,miss
5060,-9.760540760799476,0,0.10966666666666662,miss
5061,6.9990553080743085,1,0.10954999999999997,hit
5062,-5.571288556545386,0,0.10943333333333331,miss
5063,-8.380433239260666,0,0.10931666666666667,miss
5064,-6.7165456620168715,0,0.10920000000000002,miss
5065,-16.05,0,0.10908333333333337,miss
5066,6.56915875985455,1,0.10896666666666663,hit
5067,-16.05,0,0.10884999999999997,miss
5068,7.0487138563751595,1,0.10873333333333332,hit
5069,-16.05,0,0.10861666666666667,miss
5070,-6.0932716337284365,0,0.10850000000000001,miss
5071,7.113218241988063,1,0.10838333333333336,hit
5072,-6.02425531443602,0,0.10826666666666662,miss
5073,-6.103440144616911,0,0.10814999999999997,miss
5074,-7.321211785109317,0,0.10803333333333331,miss
5075,6.287740002749931,1,0.10791666666666666,hit
5076,6.510741644096806,1,0.1078,hit
5077,6.8999683635266065,1,0.10768333333333335,hit
5078,-16.05,0,0.10756666666666663,miss
5079,6.474215393925875,1,0.10744999999999998,hit
5080,6.539774772263601,1,0.10733333333333332,hit
5081,6.570806539171306,1,0.10721666666666667,hit
5082,6.6507970223451425,1,0.10710000000000001,hit
5083,7.208845309032191,1,0.10698333333333336,hit
5084,5.963345901652088,1,0.10686666666666662,hit
5085,-9.838770530542348,0,0.10674999999999997,miss
5086,-8.944110298338638,0,0.10663333333333332,miss
5087,-6.7333788062421505,0,0.10651666666666666,miss
5088,-10.504265190806365,0,0.10640000000000001,miss
5089,-8.008723371900066,0,0.10628333333333335,miss
5090,-9.024780066433603,0,0.10616666666666663,miss
5091,-7.11350285984872,0,0.10604999999999998,miss
5092,7.117622492211393,1,0.10593333333333332,hit
5093,-7.008018293232054,0,0.10581666666666667,miss
5094,6.631817645274695,1,0.10570000000000002,hit
5095,-16.05,0,0.10558333333333336,miss
5096,-6.40569472437993,0,0.10546666666666663,miss
5097,6.622672476104033,1,0.10534999999999997,hit
5098,-6.720894536364482,0,0.10523333333333332,miss
5099,-5.7522165766007936,0,0.10511666666666666,miss
5100,-9.439831466745078,0,0.10500000000000001,miss
5101,6.312920445195445,1,0.10488333333333336,hit
5102,-6.005295493991048,0,0.10476666666666662,miss
5103,-6.373274220788553,0,0.10464999999999997,miss
5104,-5.736665383756121,0,0.10453333333333331,miss
5105,-16.075,0,0.10441666666666666,miss
5106,-8.718111613224439,0,0.1043,miss
5107,-7.69959689995228,0,0.10418333333333335,miss
5108,-6.495595070911502,0,0.10406666666666663,miss
5109,-7.165405162780564,0,0.10394999999999997,miss
5110,6.277789772174339,1,0.10383333333333332,hit
5111,-10.878437001951587,0,0.10371666666666667,miss
5112,-6.5445423250172325,0,0.10360000000000001,miss
5113,6.204139048986507,1,0.10348333333333336,hit
5114,6.729740913891414,1,0.10336666666666662,hit
5115,6.202526886455337,1,0.10324999999999997,hit
5116,-16.1,0,0.10313333333333331,miss
5117,-7.05436386820994,0,0.10301666666666666,miss
5118,6.290547278635277,1,0.1029,hit
5119,-6.137427957851468,0,0.10278333333333335,miss
5120,6.624472431520646,1,0.10266666666666663,hit
5121,-6.6286516090908085,0,0.10254999999999997,miss
5122,6.765629667413733,1,0.10243333333333332,hit
5123,-6.410800388400378,0,0.10231666666666667,miss
5124,-6.031154557414447,0,0.10220000000000001,miss
5125,-7.662104823532244,0,0.10208333333333336,miss
5126,-10.031455033498089,0,0.1019666666666667,miss
5127,6.873332279139222,1,0.10184999999999997,hit
5128,6.614456760111408,1,0.10173333333333331,hit
5129,-7.146669584230326,0,0.10161666666666666,miss
5130,-8.000747718219616,0,0.1015,miss
5131,7.097513192984902,1,0.10138333333333335,hit
5132,6.21300002659983,1,0.1012666666666667,hit
5133,6.944427916059273,1,0.10114999999999996,hit
5134,-7.83946429649661,0,0.10103333333333331,miss
5135,-7.9221995604610855,0,0.10091666666666665,miss
5136,-5.8147556912693,0,0.1008,miss
5137,-5.948992639472765,0,0.10068333333333335,miss
5138,6.062149000662405,1,0.1005666666666667,hit
5139,-6.976736662519734,0,0.10044999999999997,miss
5140,7.100304589141151,1,0.10033333333333332,hit
5141,7.040256434218961,1,0.10021666666666666,hit
5142,-6.2690296205121605,0,0.10010000000000001,miss
5143,-9.384910835717836,0,0.09998333333333335,miss
5144,-16.05,0,0.0998666666666667,miss
5145,6.617677127488909,1,0.09974999999999996,hit
5146,-6.643457483360041,0,0.09963333333333331,miss
5147,-10.758722474147458,0,0.09951666666666666,miss
5148,-6.3376988397833225,0,0.0994,miss
5149,-6.54991214067163,0,0.09928333333333335,miss
5150,6.765373884597505,1,0.0991666666666667,hit
5151,6.998710856771139,1,0.09904999999999997,hit
5152,-5.969136232390066,0,0.09893333333333332,miss
5153,6.632286397756726,1,0.09881666666666666,hit
5154,-16.075,0,0.09870000000000001,miss
5155,6.742731181448929,1,0.09858333333333336,hit
5156,6.200883034566521,1,0.0984666666666667,hit
5157,-14.638674343185565,0,0.09834999999999997,miss
5158,-8.818962863338657,0,0.09823333333333331,miss
5159,6.525700244195301,1,0.09811666666666666,hit
5160,-5.817345624153168,0,0.098,miss
5161,-8.05185346381082,0,0.09788333333333335,miss
5162,-9.786483690402065,0,0.0977666666666667,miss
5163,-16.075,0,0.09764999999999996,miss
5164,-9.446666555817377,0,0.0975333333333333,miss
5165,7.015486432567371,1,0.09741666666666665,hit
5166,-8.920442377063006,0,0.0973,miss
5167,6.904304323361846,1,0.09718333333333334,hit
5168,-5.855964287474878,0,0.09706666666666669,miss
5169,-6.543562385036708,0,0.09694999999999997,miss
5170,-7.051992758051507,0,0.09683333333333331,miss
5171,-10.589950123838303,0,0.09671666666666666,miss
5172,-6.018758367286666,0,0.0966,miss
5173,6.168096457419382,1,0.09648333333333335,hit
5174,6.449012393000283,1,0.0963666666666667,hit
5175,6.2272584290045225,1,0.09624999999999996,hit
5176,6.912475640950319,1,0.0961333333333333,hit
5177,-6.241543604317919,0,0.09601666666666665,miss
5178,6.759012160969993,1,0.0959,hit
5179,6.029763584850496,1,0.09578333333333335,hit
5180,7.027475091250565,1,0.09566666666666669,hit
5181,-6.47716926918881,0,0.09554999999999997,miss
5182,-6.261812141951403,0,0.09543333333333331,miss
5183,6.828859698670093,1,0.09531666666666666,hit
5184,6.992928675061673,1,0.0952,hit
5185,6.169002831157648,1,0.09508333333333335,hit
5186,-16.05,0,0.0949666666666667,miss
5187,6.188730386239342,1,0.09484999999999996,hit
5188,-7.264359468659741,0,0.09473333333333331,miss
5189,-8.64280881177499,0,0.09461666666666665,miss
5190,-8.31359501818316,0,0.0945,miss
5191,-11.420862568082445,0,0.09438333333333335,miss
5192,-6.6743890454672,0,0.09426666666666669,miss
5193,-16.05,0,0.09414999999999996,miss
5194,-5.82522864313063,0,0.0940333333333333,miss
5195,-14.198021218430268,0,0.09391666666666665,miss
5196,-6.746128487377881,0,0.0938,miss
5197,6.705541292359643,1,0.09368333333333334,hit
5198,7.057067610722136,1,0.09356666666666669,hit
5199,6.164061541299062,1,0.09344999999999996,hit
5200,-9.959160240308504,0,0.09333333333333331,miss
5201,-5.731480135765224,0,0.09321666666666666,miss
5202,-16.075,0,0.0931,miss
5203,6.3656247357365405,1,0.09298333333333335,hit
5204,-7.700377594724273,0,0.0928666666666667,miss
5205,6.498522235463605,1,0.09274999999999996,hit
5206,5.843032961798869,1,0.0926333333333333,hit
5207,-16.075,0,0.09251666666666665,miss
5208,-6.319849340599634,0,0.0924,miss
5209,6.128856685035792,1,0.09228333333333334,hit
5210,6.446220368982344,1,0.09216666666666669,hit
5211,6.758411305170172,1,0.09204999999999997,hit
5212,-6.191349326108594,0,0.09193333333333331,miss
5213,6.325017014832346,1,0.09181666666666666,hit
5214,-6.951641251645718,0,0.0917,miss
5215,-6.082619246586511,0,0.09158333333333335,miss
5216,6.316216729280313,1,0.0914666666666667,hit
5217,6.45158996368132,1,0.09134999999999996,hit
5218,-16.05,0,0.0912333333333333,miss
5219,-9.710245212703366,0,0.09111666666666665,miss
5220,6.558324488518581,1,0.091,hit
5221,7.062751906763033,1,0.09088333333333334,hit
5222,5.902429383451381,1,0.09076666666666669,hit
5223,-6.863908281407618,0,0.09064999999999995,miss
5224,7.177648294991135,1,0.0905333333333333,hit
5225,-6.251526431725237,0,0.09041666666666665,miss
5226,7.162467899280915,1,0.09029999999999999,hit
5227,-8.864271727556902,0,0.09018333333333334,miss
5228,-7.043534901061026,0,0.09006666666666668,miss
5229,-7.676802368402894,0,0.08994999999999996,miss
5230,-9.331596860299637,0,0.0898333333333333,miss
5231,-5.959259827931184,0,0.08971666666666665,miss
5232,-7.845601235878116,0,0.0896,miss
5233,-11.265846621913678,0,0.08948333333333335,miss
5234,-6.531176941937987,0,0.08936666666666669,miss
5235,-6.352721616542052,0,0.08924999999999995,miss
5236,-7.139310364074005,0,0.0891333333333333,miss
5237,6.808360596050664,1,0.08901666666666665,hit
5238,6.6537615634005824,1,0.08889999999999999,hit
5239,-6.650532239847323,0,0.08878333333333334,miss
5240,-5.790296668070826,0,0.08866666666666669,miss
5241,7.0429945169619295,1,0.08854999999999996,hit
5242,6.400984950475095,1,0.08843333333333331,hit
5243,6.607765014859705,1,0.08831666666666665,hit
5244,-6.254771507214055,0,0.0882,miss
5245,-6.473408769008751,0,0.08808333333333335,miss
5246,-5.8674289890806435,0,0.08796666666666669,miss
5247,-6.09309805000387,0,0.08784999999999996,miss
5248,-6.652659913606422,0,0.0877333333333333,miss
5249,6.472670570635766,1,0.08761666666666665,hit
5250,6.816126069877708,1,0.0875,hit
5251,6.786224173048718,1,0.08738333333333334,hit
5252,-16.1,0,0.08726666666666669,miss
5253,-7.1580593014072695,0,0.08715000000000003,miss
5254,-6.229424593856415,0,0.0870333333333333,miss
5255,-16.05,0,0.08691666666666664,miss
5256,6.304954397234233,1,0.08679999999999999,hit
5257,6.7547527300535535,1,0.08668333333333333,hit
5258,6.7184804492735655,1,0.08656666666666668,hit
5259,-16.05,0,0.08645000000000003,miss
5260,6.4309978441035085,1,0.0863333333333333,hit
5261,-6.4900624888627805,0,0.08621666666666665,miss
5262,-6.347249957774677,0,0.0861,miss
5263,6.160950068506793,1,0.08598333333333334,hit
5264,-5.978530177917854,0,0.08586666666666669,miss
5265,6.22415146831015,1,0.08575000000000003,hit
5266,-11.688941568581788,0,0.0856333333333333,miss
5267,-10.436991172981074,0,0.08551666666666664,miss
5268,6.905815624927844,1,0.08539999999999999,hit
5269,6.832275356623299,1,0.08528333333333334,hit
5270,6.120740975632219,1,0.08516666666666668,hit
5271,7.064330301797934,1,0.08505000000000003,hit
5272,-6.335806764295583,0,0.0849333333333333,miss
5273,6.869396812443843,1,0.08481666666666665,hit
5274,6.5081596954078655,1,0.0847,hit
5275,-5.854553188438827,0,0.08458333333333334,miss
5276,-16.075,0,0.08446666666666669,miss
5277,6.948812895581706,1,0.08435000000000004,hit
5278,6.625087011530715,1,0.0842333333333333,hit
5279,-6.4766053585501515,0,0.08411666666666665,miss
5280,-6.067040895093001,0,0.08399999999999999,miss
5281,6.873749767598141,1,0.08388333333333334,hit
5282,-6.046569991904682,0,0.08376666666666668,miss
5283,-6.069336024198571,0,0.08365000000000003,miss
5284,6.581986366192151,1,0.08353333333333329,hit
5285,-6.082919379380547,0,0.08341666666666664,miss
5286,-16.05,0,0.08329999999999999,miss
5287,-6.5868477570496236,0,0.08318333333333333,miss
5288,-11.604775448416682,0,0.08306666666666668,miss
5289,-6.8820518582658385,0,0.08295000000000002,miss
5290,-11.601840172228792,0,0.0828333333333333,miss
5291,-6.253486927924195,0,0.08271666666666665,miss
5292,-7.879427309603985,0,0.08259999999999999,miss
5293,6.417263546099054,1,0.08248333333333334,hit
5294,-6.354340165102465,0,0.08236666666666669,miss
5295,6.400443497810534,1,0.08225000000000003,hit
5296,7.057010997191552,1,0.0821333333333333,hit
5297,6.650359202532745,1,0.08201666666666664,hit
5298,-16.05,0,0.08189999999999999,miss
5299,-8.143008837660807,0,0.08178333333333333,miss
5300,6.7217836635011246,1,0.08166666666666668,hit
5301,-6.5996648887868155,0,0.08155000000000003,miss
5302,6.586112462640001,1,0.0814333333333333,hit
5303,6.842155732346275,1,0.08131666666666665,hit
5304,-7.652933327939756,0,0.0812,miss
5305,-8.43451717274206,0,0.08108333333333334,miss
5306,-16.05,0,0.08096666666666669,miss
5307,-5.79911897103704,0,0.08085000000000003,miss
5308,-8.644871636873827,0,0.0807333333333333,miss
5309,-16.075,0,0.08061666666666664,miss
5310,6.654332208650196,1,0.08049999999999999,hit
5311,-6.344522391192908,0,0.08038333333333333,miss
5312,-10.205008982548774,0,0.08026666666666668,miss
5313,7.085090318082671,1,0.08015000000000003,hit
5314,-10.701098954183458,0,0.08003333333333329,miss
5315,-9.461759366479308,0,0.07991666666666664,miss
5316,5.976462298421776,1,0.07979999999999998,hit
5317,7.290696423192889,1,0.07968333333333333,hit
5318,-6.681326532968933,0,0.07956666666666667,miss
5319,6.155484547171223,1,0.07945000000000002,hit
5320,-5.973984596278685,0,0.0793333333333333,miss
5321,-16.05,0,0.07921666666666664,miss
5322,6.766589763758465,1,0.07909999999999999,hit
5323,6.487424163559201,1,0.07898333333333334,hit
5324,-8.03116552357107,0,0.07886666666666668,miss
5325,6.700017658515737,1,0.07875000000000003,hit
5326,-6.10808909644615,0,0.07863333333333329,miss
5327,6.172524678536461,1,0.07851666666666664,hit
5328,6.563854822024146,1,0.07839999999999998,hit
5329,-6.613878760256585,0,0.07828333333333333,miss
5330,6.690593158634416,1,0.07816666666666668,hit
5331,-7.95713046797034,0,0.07805000000000002,miss
5332,6.034529872505587,1,0.0779333333333333,hit
5333,6.752400645388583,1,0.07781666666666665,hit
5334,-5.768793313380554,0,0.07769999999999999,miss
5335,-6.206559893317362,0,0.07758333333333334,miss
5336,7.226186324008539,1,0.07746666666666668,hit
5337,-6.481526392250465,0,0.07735000000000003,miss
5338,6.203574753833392,1,0.07723333333333329,hit
5339,-6.553147118447388,0,0.07711666666666664,miss
5340,-6.864350629923618,0,0.07699999999999999,miss
5341,-6.744906021952886,0,0.07688333333333333,miss
5342,-8.057047848333733,0,0.07676666666666668,miss
5343,-9.391739227534355,0,0.07665000000000002,miss
5344,6.457502854925029,1,0.07653333333333329,hit
5345,7.27295986622571,1,0.07641666666666663,hit
5346,6.403055255806051,1,0.07629999999999998,hit
5347,6.3039256922683204,1,0.07618333333333333,hit
5348,-6.040412737339414,0,0.07606666666666667,miss
5349,6.4593773962224885,1,0.07595000000000002,hit
5350,-7.709646207532241,0,0.0758333333333333,miss
5351,6.516400795037486,1,0.07571666666666664,hit
5352,-6.916418485923819,0,0.07559999999999999,miss
5353,6.939128754055675,1,0.07548333333333333,hit
5354,-5.9004304197574315,0,0.07536666666666668,miss
5355,6.0962977863782335,1,0.07525000000000003,hit
5356,-6.643442848080079,0,0.07513333333333329,miss
5357,6.130426427387362,1,0.07501666666666663,hit
5358,-11.666983325289339,0,0.07489999999999998,miss
5359,-6.126593259131051,0,0.07478333333333333,miss
5360,-16.075,0,0.07466666666666667,miss
5361,6.841733009038156,1,0.07455000000000002,hit
5362,-5.9538939616967745,0,0.0744333333333333,miss
5363,-5.787809694241559,0,0.07431666666666664,miss
5364,-9.249224952164695,0,0.07419999999999999,miss
5365,6.446527479321945,1,0.07408333333333333,hit
5366,-6.178250224480191,0,0.07396666666666668,miss
5367,6.500080869834833,1,0.07385000000000003,hit
5368,-16.075,0,0.07373333333333329,miss
5369,-6.435883308048409,0,0.07361666666666664,miss
5370,6.234656703696627,1,0.07349999999999998,hit
5371,5.960888289904931,1,0.07338333333333333,hit
5372,6.396466247939673,1,0.07326666666666667,hit
5373,-6.254173389955444,0,0.07315000000000002,miss
5374,-6.523879551646157,0,0.07303333333333328,miss
5375,6.286801496227405,1,0.07291666666666663,hit
5376,-16.05,0,0.07279999999999998,miss
5377,-7.039074801384916,0,0.07268333333333332,miss
5378,-6.446743967286177,0,0.07256666666666667,miss
5379,-6.6117413984218,0,0.07245000000000001,miss
5380,-6.444386523656837,0,0.07233333333333336,miss
5381,-10.817927128555075,0,0.07221666666666664,miss
5382,6.587697268636966,1,0.07209999999999998,hit
5383,6.526739237046348,1,0.07198333333333333,hit
5384,6.389734625608349,1,0.07186666666666668,hit
5385,-7.511419719366256,0,0.07175000000000002,miss
5386,-11.501731223583164,0,0.07163333333333337,miss
5387,-6.8836016376255955,0,0.07151666666666663,miss
5388,-7.741831790974056,0,0.07139999999999998,miss
5389,6.732184290877582,1,0.07128333333333332,hit
5390,-6.054810920280615,0,0.07116666666666667,miss
5391,6.886977600265106,1,0.07105000000000002,hit
5392,6.307841059723529,1,0.07093333333333336,hit
5393,6.163315459467379,1,0.07081666666666664,hit
5394,7.3095583385940905,1,0.07069999999999999,hit
5395,6.52114498020548,1,0.07058333333333333,hit
5396,-6.572561847118372,0,0.07046666666666668,miss
5397,6.880594437019883,1,0.07035000000000002,hit
5398,7.338863454800148,1,0.07023333333333337,hit
5399,-16.125,0,0.07011666666666663,miss
5400,6.975618882926717,1,0.06999999999999998,hit
5401,6.831103011110889,1,0.06988333333333333,hit
5402,-5.796670651157223,0,0.06976666666666667,miss
5403,-5.850260186406665,0,0.06965000000000002,miss
5404,-5.502504093197024,0,0.06953333333333336,miss
5405,-6.947894559447024,0,0.06941666666666663,miss
5406,-7.686293202936609,0,0.06929999999999997,miss
5407,6.546890435184131,1,0.06918333333333332,hit
5408,-5.986633686877832,0,0.06906666666666667,miss
5409,6.252622413726456,1,0.06895000000000001,hit
5410,-6.19644974572063,0,0.06883333333333336,miss
5411,6.525116759755566,1,0.06871666666666663,hit
5412,-9.095169159950823,0,0.06859999999999998,miss
5413,-6.169019887512892,0,0.06848333333333333,miss
5414,6.8093815703667016,1,0.06836666666666667,hit
5415,-7.489614085394645,0,0.06825000000000002,miss
5416,-6.903636906826573,0,0.06813333333333337,miss
5417,6.728267278474909,1,0.06801666666666663,hit
5418,-6.199708707665191,0,0.06789999999999997,miss
5419,5.834618736513371,1,0.06778333333333332,hit
5420,-7.889718496462722,0,0.06766666666666667,miss
5421,-6.187282822341175,0,0.06755000000000001,miss
5422,-16.1,0,0.06743333333333336,miss
5423,7.0254110929864195,1,0.06731666666666664,hit
5424,-6.132848684314657,0,0.06719999999999998,miss
5425,-6.255088980684603,0,0.06708333333333333,miss
5426,-9.237982265736854,0,0.06696666666666667,miss
5427,6.333084473285309,1,0.06685000000000002,hit
5428,-8.838643825475359,0,0.06673333333333337,miss
5429,6.5892250069844875,1,0.06661666666666663,hit
5430,-7.527100142309544,0,0.06649999999999998,miss
5431,7.217927441906946,1,0.06638333333333332,hit
5432,-7.255356148489017,0,0.06626666666666667,miss
5433,6.632529865595533,1,0.06615000000000001,hit
5434,6.673081716406644,1,0.06603333333333336,hit
5435,6.705708742545314,1,0.06591666666666662,hit
5436,6.018173521495455,1,0.06579999999999997,hit
5437,6.519097945178296,1,0.06568333333333332,hit
5438,7.0897683329728896,1,0.06556666666666668,hit
5439,7.0919794141903045,1,0.06545000000000002,hit
5440,6.351568932055741,1,0.06533333333333337,hit
5441,6.806047472274607,1,0.06521666666666663,hit
5442,-6.285103294284074,0,0.06509999999999998,miss
5443,-5.953877615704178,0,0.06498333333333332,miss
5444,-10.485543313048693,0,0.06486666666666667,miss
5445,-7.019852331224838,0,0.06475000000000002,miss
5446,-7.199444209516186,0,0.06463333333333336,miss
5447,-9.891037445030022,0,0.06451666666666662,miss
5448,6.391939599623118,1,0.06439999999999997,hit
5449,-6.3715503742450075,0,0.06428333333333332,miss
5450,6.8790226150223,1,0.06416666666666666,hit
5451,7.137218417105194,1,0.06405000000000001,hit
5452,7.23764602511999,1,0.06393333333333336,hit
5453,-7.6940251757604665,0,0.06381666666666663,miss
5454,6.26334318849538,1,0.06369999999999998,hit
5455,6.9198008631289,1,0.06358333333333333,hit
5456,-5.964939375351912,0,0.06346666666666667,miss
5457,6.440756226364097,1,0.06335000000000002,hit
5458,6.985978500783724,1,0.06323333333333336,hit
5459,-6.883345212103747,0,0.06311666666666663,miss
5460,5.742779889047416,1,0.06299999999999997,hit
5461,6.606004080122945,1,0.06288333333333332,hit
5462,7.062399585832931,1,0.06276666666666667,hit
5463,-16.05,0,0.06265000000000001,miss
5464,6.099985656940769,1,0.06253333333333336,hit
5465,-5.800882574591974,0,0.06241666666666663,miss
5466,-6.900974032850568,0,0.06229999999999997,miss
5467,-6.3066940992427645,0,0.06218333333333332,miss
5468,-8.562230304139366,0,0.062066666666666666,miss
5469,-5.892100052984542,0,0.06195000000000001,miss
5470,-6.581758488924503,0,0.06183333333333336,miss
5471,6.619646927507073,1,0.06171666666666663,hit
5472,-6.707099107129995,0,0.061599999999999974,miss
5473,-5.9456978314329625,0,0.06148333333333332,miss
5474,7.270038370427336,1,0.06136666666666667,hit
5475,6.8568869446215475,1,0.06125000000000001,hit
5476,6.782029177374099,1,0.06113333333333336,hit
5477,6.168413755522202,1,0.06101666666666663,hit
5478,-16.05,0,0.060899999999999975,miss
5479,-6.2551200828638125,0,0.06078333333333332,miss
5480,6.832540196762136,1,0.06066666666666667,hit
5481,-6.652361792626967,0,0.060550000000000014,miss
5482,7.278759110417164,1,0.06043333333333336,hit
5483,6.722212876555262,1,0.06031666666666662,hit
5484,6.508564761669029,1,0.06019999999999997,hit
5485,-16.075,0,0.060083333333333315,miss
5486,-6.749383050838929,0,0.05996666666666666,miss
5487,6.639656759753007,1,0.05985000000000001,hit
5488,6.401687763227239,1,0.059733333333333354,hit
5489,6.214359669704535,1,0.05961666666666662,hit
5490,-6.3031727267956965,0,0.05949999999999997,miss
5491,6.090907600408851,1,0.059383333333333316,hit
5492,-16.05,0,0.05926666666666666,miss
5493,-6.421065848684946,0,0.05915000000000001,miss
5494,6.652196964026627,1,0.059033333333333354,hit
5495,-8.31278945269571,0,0.058916666666666624,miss
5496,6.157922609561502,1,0.05879999999999997,hit
5497,6.173100776279869,1,0.058683333333333317,hit
5498,6.795123703484229,1,0.05856666666666666,hit
5499,7.083941972913221,1,0.05845000000000001,hit
5500,6.953422397327842,1,0.058333333333333355,hit
5501,-7.8658076284138625,0,0.0582166666666667,miss
5502,-6.223630419761004,0,0.05809999999999997,miss
5503,-8.272121560095211,0,0.05798333333333332,miss
5504,-6.911530175140694,0,0.057866666666666663,miss
5505,-6.0126827776546055,0,0.05775000000000001,miss
5506,-11.932427177426938,0,0.057633333333333356,miss
5507,-6.318429510363209,0,0.0575166666666667,miss
5508,6.2994468598433935,1,0.05739999999999997,hit
5509,6.7020275902976785,1,0.05728333333333332,hit
5510,-8.548735316208237,0,0.057166666666666664,miss
5511,6.6403314356396175,1,0.05705000000000001,hit
5512,7.1150912033103815,1,0.05693333333333336,hit
5513,-8.582193770141203,0,0.0568166666666667,miss
5514,6.412650429072933,1,0.056699999999999966,hit
5515,-6.380164524969451,0,0.05658333333333331,miss
5516,6.444475240822236,1,0.05646666666666666,hit
5517,6.869355789331233,1,0.056350000000000004,hit
5518,-6.420910598543571,0,0.05623333333333335,miss
5519,6.3717856602745435,1,0.0561166666666667,hit
5520,6.088248098644884,1,0.055999999999999966,hit
5521,6.790467166762339,1,0.05588333333333331,hit
5522,-7.39434474737983,0,0.05576666666666666,miss
5523,6.513107719558787,1,0.055650000000000005,hit
5524,-6.266028048592889,0,0.05553333333333335,miss
5525,6.34776398820774,1,0.0554166666666667,hit
5526,6.024291241061196,1,0.05529999999999997,hit
5527,-5.579000534157295,0,0.05518333333333331,miss
5528,6.82641948070707,1,0.05506666666666666,hit
5529,-16.05,0,0.054950000000000006,miss
5530,6.702643781048471,1,0.05483333333333335,hit
5531,7.022026226047896,1,0.0547166666666667,hit
5532,-6.619181460135862,0,0.05459999999999997,miss
5533,6.468790095770891,1,0.054483333333333314,hit
5534,-7.129554320831907,0,0.05436666666666666,miss
5535,6.656614044568824,1,0.05425000000000001,hit
5536,-6.395500872156828,0,0.05413333333333335,miss
5537,7.169275455190213,1,0.0540166666666667,hit
5538,-5.782314584445384,0,0.05389999999999997,miss
5539,6.518778480299841,1,0.053783333333333315,hit
5540,5.7538861281332885,1,0.05366666666666666,hit
5541,6.64617509323102,1,0.05355000000000001,hit
5542,6.8623779331296415,1,0.053433333333333353,hit
5543,7.154217461468753,1,0.0533166666666667,hit
5544,-6.7161524092971785,0,0.05319999999999997,miss
5545,-6.708280208873909,0,0.053083333333333316,miss
5546,-14.27085672839771,0,0.05296666666666666,miss
5547,6.41516691823001,1,0.05285000000000001,hit
5548,6.726438527147248,1,0.052733333333333354,hit
5549,6.454775933443663,1,0.0526166666666667,hit
5550,-12.102154160568153,0,0.05249999999999996,miss
5551,6.17945969857925,1,0.05238333333333331,hit
5552,-9.527478762633951,0,0.052266666666666656,miss
5553,-8.793214053878295,0,0.05215,miss
5554,-5.915777515148044,0,0.05203333333333335,miss
5555,-6.751559350536708,0,0.051916666666666694,miss
5556,-6.13425425232933,0,0.051799999999999964,miss
5557,6.664990856870001,1,0.05168333333333331,hit
5558,-6.136931875097684,0,0.051566666666666656,miss
5559,-7.042405731629623,0,0.05145,miss
5560,-16.05,0,0.05133333333333335,miss
5561,6.722246836213282,1,0.051216666666666695,hit
5562,-5.681925147410512,0,0.051099999999999965,miss
5563,6.3233115147434695,1,0.05098333333333331,hit
5564,-6.857459855532882,0,0.05086666666666666,miss
5565,6.434817095188011,1,0.05075,hit
5566,7.199730096255314,1,0.05063333333333335,hit
5567,6.7286514105618425,1,0.050516666666666696,hit
5568,6.553880117917577,1,0.050399999999999966,hit
5569,-6.5155993629443145,0,0.05028333333333331,miss
5570,-6.319795382416593,0,0.05016666666666666,miss
5571,-6.04977522044546,0,0.050050000000000004,miss
5572,6.7234399709235495,1,0.04993333333333335,hit
5573,-6.192488997328369,0,0.0498166666666667,miss
5574,6.040133515068624,1,0.049699999999999966,hit
5575,-6.164750356200526,0,0.04958333333333331,miss
5576,-5.877001865063048,0,0.04946666666666666,miss
5577,6.778833071485556,1,0.049350000000000005,hit
5578,6.796883025497516,1,0.04923333333333335,hit
5579,-5.927692389692179,0,0.0491166666666667,miss
5580,-6.755265029713034,0,0.04899999999999996,miss
5581,-5.991785405110715,0,0.048883333333333306,miss
5582,-16.05,0,0.04876666666666665,miss
5583,6.964051232124495,1,0.04865,hit
5584,6.714714790839271,1,0.048533333333333345,hit
5585,6.26219006800436,1,0.04841666666666669,hit
5586,-6.518250261613894,0,0.04829999999999996,miss
5587,6.5467769651739545,1,0.04818333333333331,hit
5588,-5.995668626226587,0,0.04806666666666665,miss
5589,-7.145014335112982,0,0.04795,miss
5590,7.031812793260823,1,0.047833333333333346,hit
5591,-5.872194529992413,0,0.04771666666666669,miss
5592,6.866225163085645,1,0.04759999999999996,hit
5593,-14.027179732881203,0,0.04748333333333331,miss
5594,-6.355193993767486,0,0.047366666666666654,miss
5595,6.118473960694449,1,0.04725,hit
5596,7.107919220348672,1,0.047133333333333347,hit
5597,-6.235216921523083,0,0.04701666666666669,miss
5598,-6.565260446409567,0,0.04689999999999996,miss
5599,6.5746006773202295,1,0.04678333333333331,hit
5600,7.124175900493587,1,0.046666666666666655,hit
5601,7.018830567408694,1,0.04655,hit
5602,-8.235354590489969,0,0.04643333333333335,miss
5603,-6.518687822653175,0,0.04631666666666669,miss
5604,-5.808231056009952,0,0.04619999999999996,miss
5605,6.295374826460086,1,0.04608333333333331,hit
5606,6.662691286159362,1,0.045966666666666656,hit
5607,5.923016753587172,1,0.04585,hit
5608,-10.776180222547774,0,0.04573333333333335,miss
5609,6.988273345055841,1,0.045616666666666694,hit
5610,6.387032189652267,1,0.04549999999999996,hit
5611,6.491811311996073,1,0.0453833333333333,hit
5612,6.868493375870704,1,0.04526666666666665,hit
5613,-15.105491176542358,0,0.045149999999999996,miss
5614,5.850884675783641,1,0.04503333333333334,hit
5615,-5.961002060326581,0,0.04491666666666669,miss
5616,5.774596777369712,1,0.04479999999999996,hit
5617,5.594939145364512,1,0.044683333333333304,hit
5618,6.642456534536807,1,0.04456666666666665,hit
5619,6.885041909861385,1,0.044449999999999996,hit
5620,-6.080518604161762,0,0.04433333333333334,miss
5621,7.230289338697176,1,0.04421666666666669,hit
5622,6.5225581529898395,1,0.04409999999999996,hit
5623,6.886050288309638,1,0.043983333333333305,hit
5624,6.134243984083203,1,0.04386666666666665,hit
5625,6.318328462611879,1,0.04375,hit
5626,6.217719502665787,1,0.04363333333333334,hit
5627,-6.937012400188459,0,0.04351666666666669,miss
5628,-7.165433433868765,0,0.043400000000000036,miss
5629,6.530479421433693,1,0.043283333333333306,hit
5630,6.923896563051601,1,0.04316666666666665,hit
5631,-6.261964024292799,0,0.04305,miss
5632,6.934181936661305,1,0.042933333333333344,hit
5633,6.904640535963125,1,0.04281666666666669,hit
5634,6.3765479451010485,1,0.04270000000000004,hit
5635,-6.593872370675963,0,0.042583333333333306,miss
5636,-5.8335999957142946,0,0.04246666666666665,miss
5637,-6.918693363842715,0,0.04235,miss
5638,6.6793675900431495,1,0.042233333333333345,hit
5639,-8.559768088404269,0,0.04211666666666669,miss
5640,-7.273262516380682,0,0.04200000000000004,miss
5641,-6.06058370227459,0,0.0418833333333333,miss
5642,6.424206754153873,1,0.041766666666666646,hit
5643,7.056896721989263,1,0.04164999999999999,hit
5644,-6.741824128698371,0,0.04153333333333334,miss
5645,6.962842250400035,1,0.041416666666666685,hit
5646,7.0829738119171815,1,0.04130000000000003,hit
5647,6.342559668568082,1,0.0411833333333333,hit
5648,-6.746200370053203,0,0.04106666666666665,miss
5649,6.632494169475015,1,0.04094999999999999,hit
5650,6.6148888955574145,1,0.04083333333333334,hit
5651,6.569155651968893,1,0.040716666666666686,hit
5652,-7.611079619460883,0,0.04060000000000003,miss
5653,6.740400690422504,1,0.0404833333333333,hit
5654,6.749064000098,1,0.04036666666666665,hit
5655,6.846181051508803,1,0.040249999999999994,hit
5656,-6.391631112768209,0,0.04013333333333334,miss
5657,6.6831035871424165,1,0.040016666666666686,hit
5658,6.630106444149431,1,0.04,hit
5659,6.613349071618774,1,0.04,hit
5660,6.733216053356986,1,0.04,hit
5661,6.468849095827482,1,0.04,hit
5662,6.43002941535287,1,0.04,hit
5663,6.882708360054107,1,0.04,hit
5664,6.547785361901577,1,0.04,hit
5665,-7.014593685937057,0,0.04,miss
5666,-6.692431682569258,0,0.04,miss
5667,-7.605087637325446,0,0.04,miss
5668,6.863985991289099,1,0.04,hit
5669,6.044490230657893,1,0.04,hit
5670,-6.0060172718109035,0,0.04,miss
5671,5.900978541184819,1,0.04,hit
5672,5.9760265460733475,1,0.04,hit
5673,6.660022472277188,1,0.04,hit
5674,-7.856935145653093,0,0.04,miss
5675,-6.551098885329283,0,0.04,miss
5676,-16.05,0,0.04,miss
5677,6.3686492444873295,1,0.04,hit
5678,6.4885591432583185,1,0.04,hit
5679,6.6783316729512165,1,0.04,hit
5680,6.712604421070127,1,0.04,hit
5681,6.610614437105439,1,0.04,hit
5682,6.756414519667674,1,0.04,hit
5683,6.982024122252725,1,0.04,hit
5684,-7.271479389543861,0,0.04,miss
5685,6.461831875072995,1,0.04,hit
5686,6.649345061353322,1,0.04,hit
5687,6.7964643866706815,1,0.04,hit
5688,6.9182021018962185,1,0.04,hit
5689,-6.055078690210086,0,0.04,miss
5690,-7.201990556052582,0,0.04,miss
5691,6.804954960949108,1,0.04,hit
5692,6.535289188197966,1,0.04,hit
5693,6.8932032632178375,1,0.04,hit
5694,6.641317914864144,1,0.04,hit
5695,6.218273629759371,1,0.04,hit
5696,-16.05,0,0.04,miss
5697,7.286152528177877,1,0.04,hit
5698,-16.05,0,0.04,miss
5699,6.514794559458857,1,0.04,hit
5700,6.892353872640042,1,0.04,hit
5701,-6.600566154732939,0,0.04,miss
5702,-6.447058826827156,0,0.04,miss
5703,6.123807546227898,1,0.04,hit
5704,-6.625147192818341,0,0.04,miss
5705,6.487848183172694,1,0.04,hit
5706,6.464195530607798,1,0.04,hit
5707,6.570284049301134,1,0.04,hit
5708,5.7958485104342525,1,0.04,hit
5709,6.863293219359266,1,0.04,hit
5710,-6.922382221790046,0,0.04,miss
5711,6.140804153503873,1,0.04,hit
5712,-5.538499462763098,0,0.04,miss
5713,6.873815024756193,1,0.04,hit
5714,6.4350842469643315,1,0.04,hit
5715,6.336152853819177,1,0.04,hit
5716,6.34230246041861,1,0.04,hit
5717,-6.38774550692,0,0.04,miss
5718,6.226572946538634,1,0.04,hit
5719,-7.910945391676417,0,0.04,miss
5720,6.9096189971072075,1,0.04,hit
5721,6.9231751213497335,1,0.04,hit
5722,6.9828746951240905,1,0.04,hit
5723,6.889898308052857,1,0.04,hit
5724,6.332040428307581,1,0.04,hit
5725,6.052099343882238,1,0.04,hit
5726,6.056796299143672,1,0.04,hit
5727,6.270583291550234,1,0.04,hit
5728,6.634990687904331,1,0.04,hit
5729,6.534286532804477,1,0.04,hit
5730,6.437899679248211,1,0.04,hit
5731,-6.113356643539368,0,0.04,miss
5732,6.28347125056046,1,0.04,hit
5733,7.182803370429304,1,0.04,hit
5734,6.698254692139173,1,0.04,hit
5735,-6.098468457665364,0,0.04,miss
5736,-7.7718848104317795,0,0.04,miss
5737,-6.041351124246234,0,0.04,miss
5738,7.24732421390992,1,0.04,hit
5739,-16.05,0,0.04,miss
5740,6.3671618134106325,1,0.04,hit
5741,-6.7020851840472515,0,0.04,miss
5742,-6.669587495980935,0,0.04,miss
5743,-5.642388188236257,0,0.04,miss
5744,-7.873483562771156,0,0.04,miss
5745,6.625838779929555,1,0.04,hit
5746,-6.566622274691991,0,0.04,miss
5747,6.839773321375637,1,0.04,hit
5748,6.89719444413692,1,0.04,hit
5749,6.736850852156248,1,0.04,hit
5750,5.808319404139327,1,0.04,hit
5751,-7.7490305820601355,0,0.04,miss
5752,6.483765148113542,1,0.04,hit
5753,6.208768764487747,1,0.04,hit
5754,6.476645673725248,1,0.04,hit
5755,-6.166075343237939,0,0.04,miss
5756,-6.818868990265049,0,0.04,miss
5757,6.764001971856007,1,0.04,hit
5758,6.089716975200551,1,0.04,hit
5759,6.380656999963453,1,0.04,hit
5760,-6.332287423070585,0,0.04,miss
5761,6.2836225540858575,1,0.04,hit
5762,-6.314397698206541,0,0.04,miss
5763,7.053074088687091,1,0.04,hit
5764,-6.32412458361042,0,0.04,miss
5765,6.867004254875903,1,0.04,hit
5766,5.907610225806518,1,0.04,hit
5767,5.992146305328468,1,0.04,hit
5768,-6.330881561650455,0,0.04,miss
5769,-6.437343723117775,0,0.04,miss
5770,-6.3978639368129055,0,0.04,miss
5771,7.082436209094937,1,0.04,hit
5772,6.00397759761136,1,0.04,hit
5773,6.757138123411447,1,0.04,hit
5774,6.549270913985588,1,0.04,hit
5775,-12.452155963378244,0,0.04,miss
5776,7.373809237729033,1,0.04,hit
5777,6.6879536828314325,1,0.04,hit
5778,6.896875792219747,1,0.04,hit
5779,-6.235319361064942,0,0.04,miss
5780,-6.29577526928587,0,0.04,miss
5781,6.8780591765159524,1,0.04,hit
5782,6.304491601927539,1,0.04,hit
5783,6.852279507156437,1,0.04,hit
5784,6.6673594992515675,1,0.04,hit
5785,6.586967229039363,1,0.04,hit
5786,7.286015713167697,1,0.04,hit
5787,-6.431530610354519,0,0.04,miss
5788,6.920818790018708,1,0.04,hit
5789,-6.541324130505659,0,0.04,miss
5790,-7.076142840474539,0,0.04,miss
5791,-7.139658986669755,0,0.04,miss
5792,6.829600035499889,1,0.04,hit
5793,6.676192193760344,1,0.04,hit
5794,-6.123318552239896,0,0.04,miss
5795,6.30760743607396,1,0.04,hit
5796,-6.737019780276391,0,0.04,miss
5797,6.208037238820077,1,0.04,hit
5798,-6.157463551392866,0,0.04,miss
5799,5.901735972492347,1,0.04,hit
5800,7.2477529927272775,1,0.04,hit
5801,-8.144353584416983,0,0.04,miss
5802,-6.012273442264079,0,0.04,miss
5803,6.117499299756513,1,0.04,hit
5804,-16.05,0,0.04,miss
5805,6.906849052256428,1,0.04,hit
5806,6.631274527061423,1,0.04,hit
5807,6.676022949007297,1,0.04,hit
5808,6.474516705895596,1,0.04,hit
5809,6.757376909708236,1,0.04,hit
5810,-6.324801888559142,0,0.04,miss
5811,-6.3145364979959435,0,0.04,miss
5812,6.7832242972029695,1,0.04,hit
5813,6.555759702114031,1,0.04,hit
5814,6.792819406337451,1,0.04,hit
5815,6.910722046576223,1,0.04,hit
5816,6.060688654170724,1,0.04,hit
5817,6.174196333767632,1,0.04,hit
5818,6.3424198275970065,1,0.04,hit
5819,6.24721033713111,1,0.04,hit
5820,-7.021034839660148,0,0.04,miss
5821,-6.2886935228780425,0,0.04,miss
5822,-6.068809122551595,0,0.04,miss
5823,-7.157412200452754,0,0.04,miss
5824,5.920170702093619,1,0.04,hit
5825,-6.260726328745472,0,0.04,miss
5826,6.8198878883842315,1,0.04,hit
5827,-7.4529915663912565,0,0.04,miss
5828,6.713332951881783,1,0.04,hit
5829,6.183418759444373,1,0.04,hit
5830,6.6729501260616635,1,0.04,hit
5831,7.1632618766529585,1,0.04,hit
5832,-6.66200048128282,0,0.04,miss
5833,-6.065159435791127,0,0.04,miss
5834,-5.69164871173207,0,0.04,miss
5835,6.125699726003342,1,0.04,hit
5836,7.121266097416817,1,0.04,hit
5837,6.230757513736773,1,0.04,hit
5838,-7.119898879241294,0,0.04,miss
5839,-6.129009568740839,0,0.04,miss
5840,6.041560747591305,1,0.04,hit
5841,6.528020111544128,1,0.04,hit
5842,-11.536185565279697,0,0.04,miss
5843,-6.0391139919633225,0,0.04,miss
5844,6.8935228457947195,1,0.04,hit
5845,6.553927485004822,1,0.04,hit
5846,6.741428404655415,1,0.04,hit
5847,-6.4443149864297355,0,0.04,miss
5848,-7.201848476224526,0,0.04,miss
5849,6.313699353029503,1,0.04,hit
5850,7.0092511283898995,1,0.04,hit
5851,6.696958902603363,1,0.04,hit
5852,-7.564544731610628,0,0.04,miss
5853,-7.462817165121615,0,0.04,miss
5854,6.18071421619482,1,0.04,hit
5855,6.816312227609984,1,0.04,hit
5856,6.9973051343773465,1,0.04,hit
5857,6.854770481057549,1,0.04,hit
5858,6.844355898870427,1,0.04,hit
5859,-6.274237683113833,0,0.04,miss
5860,6.251219599323864,1,0.04,hit
5861,-10.056437721654527,0,0.04,miss
5862,6.228849589340393,1,0.04,hit
5863,6.6277397544284415,1,0.04,hit
5864,-5.823210509321925,0,0.04,miss
5865,6.792571585108831,1,0.04,hit
5866,6.674998984001539,1,0.04,hit
5867,-6.62906146150464,0,0.04,miss
5868,6.8620844942439625,1,0.04,hit
5869,6.67895670741673,1,0.04,hit
5870,6.968537817608953,1,0.04,hit
5871,-6.243083909805664,0,0.04,miss
5872,-9.419227416861387,0,0.04,miss
5873,-5.583891793916112,0,0.04,miss
5874,-6.163461824516995,0,0.04,miss
5875,7.230658775235678,1,0.04,hit
5876,6.917067599184481,1,0.04,hit
5877,6.888218856633052,1,0.04,hit
5878,6.567851711332674,1,0.04,hit
5879,-6.150298281866669,0,0.04,miss
5880,-7.670191157015023,0,0.04,miss
5881,6.291923139260391,1,0.04,hit
5882,6.706072726471382,1,0.04,hit
5883,6.1081369984035145,1,0.04,hit
5884,6.542608975423239,1,0.04,hit
5885,6.166146857488222,1,0.04,hit
5886,6.600531151812507,1,0.04,hit
5887,6.444476617347576,1,0.04,hit
5888,-8.525942891285617,0,0.04,miss
5889,6.1146139407799645,1,0.04,hit
5890,6.432050843887339,1,0.04,hit
5891,6.166177096106615,1,0.04,hit
5892,6.015360353729795,1,0.04,hit
5893,6.604032763391908,1,0.04,hit
5894,7.030570511960844,1,0.04,hit
5895,6.020214131693777,1,0.04,hit
5896,6.642272941829756,1,0.04,hit
5897,6.428504312242509,1,0.04,hit
5898,-6.773867068339798,0,0.04,miss
5899,6.773086916681038,1,0.04,hit
5900,6.542992254515063,1,0.04,hit
5901,-6.8020221338457185,0,0.04,miss
5902,7.100155096453786,1,0.04,hit
5903,6.682291541563002,1,0.04,hit
5904,-16.05,0,0.04,miss
5905,6.658513368045112,1,0.04,hit
5906,6.4201688136623165,1,0.04,hit
5907,6.2073896380606035,1,0.04,hit
5908,6.040377804283479,1,0.04,hit
5909,-6.218448678949752,0,0.04,miss
5910,7.023616546851031,1,0.04,hit
5911,6.543759624174115,1,0.04,hit
5912,6.647438342799971,1,0.04,hit
5913,-9.952708379435782,0,0.04,miss
5914,6.856853865335686,1,0.04,hit
5915,7.115272994484814,1,0.04,hit
5916,-16.05,0,0.04,miss
5917,7.211194438701881,1,0.04,hit
5918,6.821589679329719,1,0.04,hit
5919,6.4077717618116194,1,0.04,hit
5920,-6.612863023766962,0,0.04,miss
5921,-6.49181798730437,0,0.04,miss
5922,7.009829565398409,1,0.04,hit
5923,6.813373087056487,1,0.04,hit
5924,6.84013867822602,1,0.04,hit
5925,6.373313629128086,1,0.04,hit
5926,7.047685568674779,1,0.04,hit
5927,6.983390346306622,1,0.04,hit
5928,-6.621854083718249,0,0.04,miss
5929,7.143815850633209,1,0.04,hit
5930,-6.518795386695584,0,0.04,miss
5931,-6.921206391868381,0,0.04,miss
5932,-8.327514417618683,0,0.04,miss
5933,-6.646574776145515,0,0.04,miss
5934,6.370109883011818,1,0.04,hit
5935,6.867884986081105,1,0.04,hit
5936,6.764912619945335,1,0.04,hit
5937,-6.070633886781401,0,0.04,miss
5938,6.287298242388829,1,0.04,hit
5939,7.069690338119785,1,0.04,hit
5940,6.216498636469002,1,0.04,hit
5941,-6.941031243399128,0,0.04,miss
5942,-6.828742820776774,0,0.04,miss
5943,6.815191455859326,1,0.04,hit
5944,6.894591237737861,1,0.04,hit
5945,6.779058868672246,1,0.04,hit
5946,-6.1141054342404315,0,0.04,miss
5947,6.136872765016821,1,0.04,hit
5948,-6.049715974085998,0,0.04,miss
5949,5.95633113891812,1,0.04,hit
5950,-9.936550143331457,0,0.04,miss
5951,6.172961470062845,1,0.04,hit
5952,6.623457095281128,1,0.04,hit
5953,6.599628182892455,1,0.04,hit
5954,6.726624596769048,1,0.04,hit
5955,-6.278828508256985,0,0.04,miss
5956,-6.738241161739856,0,0.04,miss
5957,6.922354754887045,1,0.04,hit
5958,5.973337453259459,1,0.04,hit
5959,6.307371010336572,1,0.04,hit
5960,7.132605521380622,1,0.04,hit
5961,6.431277898423293,1,0.04,hit
5962,6.973254969609043,1,0.04,hit
5963,7.318260767534677,1,0.04,hit
5964,-6.22979739176281,0,0.04,miss
5965,6.056264416727677,1,0.04,hit
5966,-5.7608718821625615,0,0.04,miss
5967,6.735606126993874,1,0.04,hit
5968,-6.535854961877129,0,0.04,miss
5969,7.190613457902635,1,0.04,hit
5970,6.723802899523921,1,0.04,hit
5971,-8.929897315023936,0,0.04,miss
5972,-6.637618530549115,0,0.04,miss
5973,6.1886395278831365,1,0.04,hit
5974,6.625299063265076,1,0.04,hit
5975,-8.64800118661461,0,0.04,miss
5976,6.046311172641881,1,0.04,hit
5977,-7.33014418861902,0,0.04,miss
5978,-6.456468649138067,0,0.04,miss
5979,-8.53035692794929,0,0.04,miss
5980,7.077219767821635,1,0.04,hit
5981,6.5800653806163,1,0.04,hit
5982,-9.935831481411316,0,0.04,miss
5983,-6.370459234484424,0,0.04,miss
5984,-5.780299937922806,0,0.04,miss
5985,6.513622505935659,1,0.04,hit
5986,6.355991837470934,1,0.04,hit
5987,6.222831672372831,1,0.04,hit
5988,-10.053932167114397,0,0.04,miss
5989,-5.991924566454666,0,0.04,miss
5990,-6.152252879051561,0,0.04,miss
5991,7.154402672953415,1,0.04,hit
5992,-9.040384369029878,0,0.04,miss
5993,6.784589827831696,1,0.04,hit
5994,-6.140699289973672,0,0.04,miss
5995,6.831820869379323,1,0.04,hit
5996,-6.659837164175194,0,0.04,miss
5997,6.868057719437279,1,0.04,hit
5998,6.679981205322772,1,0.04,hit
5999,-6.1798783940310855,0,0.04,miss
