policy,outcome,hit,error_m,landing_xy,release_xy,decision_s,release_s,fall_s,seed,blocked_reason,return,episode_s
random,miss,False,0.1599169498257674,"[0.06511246173255401, -0.14606093991448807]","[0.03397911808726671, -0.08395476154278411]",7.1000000000000005,7.203663482590196,0.5358393828934732,81000000,,-8.932213684145307,7.203663482590196
random,miss,False,0.24783291822277653,"[-0.07416077455364796, -0.23647692249439572]","[-0.04078210358317998, -0.24926310436576188]",2.5,2.6438033967984422,0.49173703547866043,81000001,,-12.207858685779932,2.6438033967984422
random,hit,True,0.07515505149029389,"[0.07254638887040882, -0.019629142272961142]","[0.15150998684874434, -0.07238725380454364]",3.5,3.591276421997815,0.44545741547900225,81000002,,6.427681263640897,3.591276421997815
random,miss,False,0.17084471588129777,"[0.10341234871338803, -0.13599192284154962]","[0.10041142534117833, -0.08761833464517113]",3.7,3.8241800568217768,0.5134467064685412,81000003,,-8.5284465363656,3.8241800568217768
random,miss,False,0.1888365314874521,"[0.041184537507745346, 0.18429072004440322]","[0.047383614576784146, 0.21460670144472754]",2.8000000000000003,3.0105183012894234,0.4901686054478337,81000004,,-9.102374768421173,3.0105183012894234
random,miss,False,0.09843657621535366,"[-0.09300380973206995, 0.03224982034557808]","[-0.21318864232277163, -0.05944728121550294]",2.0,2.136438163037561,0.5209784865653379,81000005,,-5.696266609506313,2.136438163037561
random,hit,True,0.06292747912065431,"[0.052095402883234276, 0.03529782750983254]","[-0.008107750004805736, 0.1788608391157582]",1.2000000000000002,1.3000853063583524,0.4910366133580696,81000006,,7.211127453274027,1.3000853063583524
random,miss,False,0.09898334500228448,"[0.03386067879730012, -0.09301159615460508]","[0.06382596783298199, -0.02431741544822897]",4.0,4.225759016624555,0.5130993410693091,81000007,,-6.20959291207917,4.225759016624555
random,miss,False,0.7853148228706069,"[0.5786941026494573, -0.5308789942906312]","[0.7304741668519769, -0.571511760022753]",0.30000000000000004,0.3470374684095975,0.5141639556165388,81000008,,-16.075,0.3470374684095975
random,miss,False,0.23133111137728024,"[-0.08662091081206935, -0.21450151724669725]","[-0.10491172838502427, -0.25109718193446756]",1.8,1.878088983210257,0.4812686838172966,81000009,,-11.056676924820696,1.878088983210257
random,hit,True,0.03843540401077238,"[-0.03622474047652413, -0.012847118699528398]","[0.1382214117992946, -0.08775024668317591]",2.5,2.7200884429075094,0.5223798234965794,81000010,,7.192619718336877,2.7200884429075094
random,miss,False,0.23144772492232185,"[-0.17625304558567914, -0.15000971066398092]","[-0.13697485598495387, -0.028586219941286378]",3.4000000000000004,3.7195553992937023,0.5223369523254958,81000011,,-11.463339428607254,3.7195553992937023
random,hit,True,0.05081147587883974,"[-0.010509430650944424, 0.04971275438334616]","[0.01024039842200633, 0.16759539421705166]",1.6,1.7165022105666425,0.4777060345155441,81000012,,7.281258508520257,1.7165022105666425
random,miss,False,0.21179851311935988,"[0.20368593823738007, -0.0580572882929426]","[0.27189055219533215, 0.0016121066501058627]",2.8000000000000003,2.8570523193279174,0.5053902624635271,81000013,,-10.238100019700207,2.8570523193279174
random,miss,False,0.35258259381787627,"[0.24842019569120455, 0.2502037006842328]","[0.26665084138630724, 0.3156389306055194]",1.7000000000000002,1.80161006004256,0.44316401183713566,81000014,,-16.425,1.80161006004256
random,miss,False,0.21077821530234933,"[0.20175363481641323, -0.061015792090317905]","[0.20700558470395086, -0.12570075076445028]",1.5,1.551318350772432,0.48139262675637484,81000015,,-9.859871116795498,1.551318350772432
random,miss,False,0.8491340938613279,"[0.46207394274675895, 0.7124018394081836]","[0.5416827568116873, 0.7810040686567613]",0.8,1.0297294418499758,0.47778780174689467,81000016,,-16.2,1.0297294418499758
random,miss,False,0.15342801597893013,"[0.07198741793953314, 0.1354915781354318]","[0.013897104226154332, 0.20548784583984492]",1.9000000000000001,2.0047244635148465,0.4624392638686638,81000017,,-7.381192109534672,2.0047244635148465
random,miss,False,0.13755177989065198,"[-0.029119685309006722, 0.1344341328628663]","[0.016280177249178233, 0.06497203796011428]",4.4,4.590070525794209,0.4478821007925573,81000018,,-7.435863228529181,4.590070525794209
random,miss,False,0.4787995214410058,"[-0.2125866040043118, 0.42901738604635836]","[-0.31374287621457403, 0.47214380384162363]",0.8,1.0616896429849818,0.5343498482480691,81000019,,-16.2,1.0616896429849818
random,miss,False,0.27851629087329693,"[-0.24981187331170707, -0.12314768464861434]","[-0.3058109743691365, -0.1474021515327645]",2.3000000000000003,2.358135346965811,0.4435096857419302,81000020,,-14.15170670145913,2.358135346965811
random,miss,False,0.2970431789494457,"[0.18534910987785327, -0.23212142862708712]","[0.22217092226724824, -0.23675961655697847]",3.2,3.409854685730265,0.4940088378805661,81000021,,-15.693166686468203,3.409854685730265
random,miss,False,0.0976750709647656,"[-0.05012885902997864, -0.08383028677229087]","[-0.07416302068667578, -0.049427533024698045]",2.7,2.74728138705374,0.5068610848856087,81000022,,-5.852829566416297,2.74728138705374
random,miss,False,0.27190658044466187,"[0.23782776408380563, 0.13179963247295898]","[0.2959325835236842, 0.10801954938252786]",3.2,3.4936283908137455,0.5315283792632247,81000023,,-13.92755413445795,3.4936283908137455
random,miss,False,0.3698013463211099,"[-0.3551007635612714, 0.10323024488543792]","[-0.4161292312045438, 0.1653148960928451]",1.6,1.8397342330135833,0.47401079485001285,81000024,,-16.4,1.8397342330135833
random,miss,False,0.20410792606757142,"[-0.17278564516584596, -0.10865158217084356]","[-0.2258500565312516, -0.14573672203020838]",2.0,2.1535028287535716,0.4486512699940406,81000025,,-9.643215491803112,2.1535028287535716
random,miss,False,0.22750595287454162,"[0.12491806965407246, 0.19014319463828688]","[0.23542987972057086, 0.18258961001912277]",3.1,3.299410374226547,0.515105795544312,81000026,,-11.164994888068291,3.299410374226547
random,miss,False,0.2119255439674364,"[0.18088410908010702, 0.11042361734787431]","[0.12914996144776472, 0.0923320194123114]",4.4,4.567319301546693,0.5222591906424868,81000027,,-10.64474520813504,4.567319301546693
random,miss,False,0.8665978242258325,"[0.5129309323637316, -0.6984938421900511]","[0.5636770895010172, -0.8963810292807787]",0.30000000000000004,0.4460241180179011,0.4646690796887429,81000028,,-16.075,0.4460241180179011
random,miss,False,0.25582931775254125,"[-0.17040344984741726, 0.1908174627800859]","[-0.15147275153957937, 0.19417831506970482]",2.1,2.1463920930948124,0.4801473187867891,81000029,,-12.605078990337125,2.1463920930948124
random,miss,False,0.26408492092978303,"[-0.21016131474716643, -0.15991581299618934]","[-0.21165026092710165, -0.1649953600730087]",2.9000000000000004,3.0933775121133613,0.47391046606086484,81000030,,-13.334980921295031,3.0933775121133613
random,miss,False,0.8523752040908302,"[-0.28836536997746426, -0.8021152672444557]","[-0.427488396863771, -0.8281721851390146]",0.30000000000000004,0.4165272946054566,0.49402021185286427,81000031,,-16.075,0.4165272946054566
random,miss,False,0.1475908844827813,"[-0.036857738174254355, 0.14291457699999607]","[-0.004871460222152173, 0.1842927163103748]",3.3000000000000003,3.5368339573986196,0.47928040650829135,81000032,,-7.514267800297493,3.5368339573986196
random,miss,False,0.14324310719798342,"[-0.13540588346471122, 0.046731514878869604]","[-0.1371015946560727, 0.04331149638197328]",4.2,4.3227151153637955,0.4757066810551942,81000033,,-7.5831589826830825,4.3227151153637955
random,miss,False,0.18957728226373552,"[-0.15866243438967811, 0.10375826648535111]","[-0.17140536431065104, 0.1594033344839105]",3.1,3.1450802344661186,0.48857732141233695,81000034,,-9.21198098154371,3.1450802344661186
random,miss,False,0.14970225659197858,"[-0.09862659918697099, 0.11262131042366347]","[-0.15863964442999057, 0.27271996783067703]",0.30000000000000004,0.6172020246818695,0.483135972568772,81000035,,-6.841761188732173,0.6172020246818695
random,miss,False,0.10310493867728683,"[0.10056425470116936, 0.022747726392881834]","[0.17653190162332333, -0.06498442993276207]",3.4000000000000004,3.582112044277282,0.5124318890342244,81000036,,-6.162423256746553,3.582112044277282
random,miss,False,0.11467286702816641,"[0.11371656114385953, 0.014778706102849204]","[0.2276641980284767, 0.06385632373724698]",3.3000000000000003,3.3651672622520747,0.47913426785747226,81000037,,-6.448440300303647,3.3651672622520747
random,miss,False,0.2590647907484903,"[0.2545239148629981, 0.048292261992708335]","[0.29717678625554833, 0.10101206268687643]",3.1,3.3687982701887003,0.5345965476473831,81000038,,-13.060748864883836,3.3687982701887003
random,miss,False,0.11238357681529533,"[0.0009380133204792557, 0.11237966216718215]","[0.01645358534513007, 0.19621567861561323]",2.3000000000000003,2.4294930231042633,0.44229227362734397,81000039,,-6.134267696024616,2.4294930231042633
random,miss,False,0.26429725190746134,"[-0.2572534406992076, -0.06061109316169255]","[-0.26255820597975893, 0.028967962307424152]",2.7,2.88088241829327,0.4833626040830819,81000040,,-13.29883177356001,2.88088241829327
random,miss,False,0.37679759492581577,"[0.33677897802418344, 0.16898623465497334]","[0.39414436725053514, 0.11286870998168066]",3.1,3.37499136010394,0.521923904220705,81000041,,-16.775,3.37499136010394
random,miss,False,0.6928873756109301,"[-0.2274481116926717, 0.6544923771660294]","[-0.33696157701463975, 0.8126195435867383]",0.30000000000000004,0.40214474596830685,0.5330266456892835,81000042,,-16.075,0.40214474596830685
random,miss,False,0.12042740899392454,"[0.06320998084899823, -0.10250492260403524]","[-0.0774421192977853, -0.006829103868905142]",2.3000000000000003,2.585126575983921,0.4657004672450999,81000043,,-6.365464300862961,2.585126575983921
random,miss,False,0.11652086523267091,"[-0.03359496028829495, 0.11157280438260098]","[0.020236767611960638, 0.2500234276466571]",2.5,2.5718435310783176,0.5222932347206346,81000044,,-6.3011866709346,2.5718435310783176
random,miss,False,0.23636383627446594,"[0.21177101073446947, -0.10498048442869634]","[0.13911211637853116, -0.11388260808685446]",4.9,5.211257956927832,0.48380099003460514,81000045,,-12.122267049183028,5.211257956927832
random,miss,False,0.21665332970343137,"[0.017823806251118818, -0.21591891348908349]","[-0.07287495870722002, -0.22499858910110987]",1.5,1.6393807860955334,0.501462339370203,81000046,,-10.169896947109105,1.6393807860955334
random,miss,False,0.26852315947526656,"[0.18446714173983186, -0.195132162374418]","[0.31111596307180256, -0.16732769242053047]",0.9,1.1825334645469938,0.4586780233884608,81000047,,-13.126813231429562,1.1825334645469938
random,miss,False,0.136365520383306,"[0.13404885442865766, -0.025029178487804705]","[0.1963746471244209, 0.003253267322231211]",3.1,3.336205441036357,0.46185693040636944,81000048,,-7.070747549309857,3.336205441036357
random,miss,False,0.7511771881831729,"[-0.7435133133624321, 0.10702859851271425]","[-0.8335749150786964, 0.11793996100439934]",0.30000000000000004,0.35371543719381693,0.5173195630913666,81000049,,-16.075,0.35371543719381693
random,miss,False,0.20354863046302568,"[-0.03483264667951723, -0.20054608370315613]","[-0.11657546503325598, -0.1972026690590099]",3.2,3.4389474151547073,0.48213675365880615,81000050,,-9.915067279428815,3.4389474151547073
random,miss,False,0.57331012148669,"[0.5090659379815863, -0.2636974899122308]","[0.5881969051452998, -0.4309057952133836]",0.5,0.6554885682214562,0.4852242081595065,81000051,,-16.125,0.6554885682214562
random,miss,False,0.16056480107803067,"[0.08011851969577263, 0.13914768466268368]","[0.15624134462555606, 0.10688095821803846]",3.8000000000000003,3.995254014451018,0.4822478746609897,81000052,,-8.132846338916984,3.995254014451018
random,miss,False,0.11652852968954613,"[0.09479417122621203, -0.06777140498132696]","[0.13595978695636368, -0.08261033224508788]",3.9000000000000004,4.07331129031319,0.5184853727789328,81000053,,-6.651407189087338,4.07331129031319
random,miss,False,0.83471093232494,"[0.18163748344474612, -0.814708638195662]","[0.3254329549797506, -0.9158719192624233]",0.30000000000000004,0.4811580534380616,0.508598076352171,81000054,,-16.075,0.4811580534380616
random,miss,False,0.17337353198327907,"[0.1696081381868502, 0.035936903777974726]","[0.2209394076753509, -0.02566892900582555]",2.7,2.7409758825913686,0.44069374500199027,81000055,,-8.385911307698407,2.7409758825913686
random,miss,False,0.1971202406897187,"[0.06853288745793612, -0.1848232469854658]","[0.16719626508177382, -0.17866490700948398]",2.0,2.149867599465126,0.4899581179232578,81000056,,-9.297085097478103,2.149867599465126
random,miss,False,0.138798001841783,"[0.13039189453074984, 0.04756930897073666]","[0.19264641528975013, 0.1531739007353167]",3.0,3.118406792376804,0.5058689235250345,81000057,,-7.12838090311995,3.118406792376804
random,hit,True,0.08187033246547339,"[-0.058923935147741274, 0.0568394335361633]","[-0.007696711222959313, 0.15535931186916666]",3.0,3.1803446517968346,0.5034438063689199,81000058,,6.422499834813933,3.1803446517968346
random,miss,False,0.3281614729057024,"[0.23867998984233885, -0.22521504112403568]","[0.2805670384384313, -0.3111148363352706]",2.4000000000000004,2.5560002667171347,0.44861004488870726,81000059,,-16.6,2.5560002667171347
random,miss,False,0.43075781493497844,"[-0.13272663881643648, -0.40979987124942874]","[-0.24506874334715506, -0.44719703413277834]",2.1,2.203577035663473,0.5105025913294304,81000060,,-16.525,2.203577035663473
random,hit,True,0.01298851672341118,"[0.00022832123100158253, 0.012986509773214888]","[-0.03259896660828243, 0.10898403434887813]",2.1,2.32608734522765,0.49199758573234914,81000061,,7.454172646089589,2.32608734522765
random,hit,True,0.07294370994774867,"[0.05888776100218368, 0.04304667728281688]","[0.15470968321046752, -0.012550655414187296]",3.7,3.8427027495053236,0.4727417885103519,81000062,,6.418112985068976,3.8427027495053236
random,miss,False,0.13451255429416423,"[0.10982489088031183, -0.07766672779168744]","[0.21031545787389583, -0.019457232879784472]",3.1,3.1503584211962012,0.534827944109343,81000063,,-7.008781143548207,3.1503584211962012
random,miss,False,0.4527967204427604,"[-0.19519694890733852, 0.408562138702285]","[-0.19685414437685933, 0.44835473359180605]",2.0,2.2573960576304204,0.46461323562444945,81000064,,-16.5,2.2573960576304204
random,miss,False,0.4659409129703869,"[-0.3383853505082618, 0.32030655463333635]","[-0.3646874965834487, 0.321042553385233]",3.0,3.1356607962343777,0.5277332693494234,81000065,,-16.75,3.1356607962343777
random,miss,False,0.5069239197816647,"[0.14941631694790608, 0.48440336980302945]","[0.20086476390025174, 0.5057700567939523]",0.6000000000000001,0.7857264418410764,0.4509526259483767,81000066,,-16.15,0.7857264418410764
random,miss,False,0.23048545949772511,"[0.1769807466780358, -0.14765284401311884]","[0.1693617425987363, -0.1915260334213179]",2.1,2.4165611213233733,0.4690080317254887,81000067,,-11.083462597515739,2.4165611213233733
random,miss,False,0.2465879222546509,"[-0.05444973621932149, 0.24050120504378364]","[0.04092290255481666, 0.23607859917878488]",2.7,2.823418131450178,0.5428791646030137,81000068,,-12.181864617514293,2.823418131450178
random,miss,False,0.1026013019749729,"[-0.09834354961838196, -0.0292501865877198]","[-0.10302332664999783, -0.03684638461054923]",5.0,5.149270277230886,0.5264959844359627,81000069,,-6.549632983575256,5.149270277230886
random,miss,False,0.0984673456481434,"[-0.05994034436761826, 0.0781215288898155]","[-0.10782065464378, 0.13943207226636423]",2.6,2.699056343066884,0.5209519171991212,81000070,,-5.847014587529746,2.699056343066884
random,miss,False,0.9253441226082297,"[-0.8368484927439774, -0.39490042471201214]","[-0.895622645802143, -0.419590925043316]",0.30000000000000004,0.39529734617189793,0.4630774453131981,81000071,,-16.075,0.39529734617189793
random,miss,False,0.39069990535754445,"[0.18214107218129028, 0.3456458387873984]","[0.27948271539037745, 0.410790182056358]",2.1,2.1565221219717,0.4947406251860345,81000072,,-16.525,2.1565221219717
random,miss,False,0.2776089545024627,"[0.26837120983544804, 0.07101848598363902]","[0.2663057690964552, 0.17639434174181778]",2.6,2.650648621632118,0.463838776847099,81000073,,-14.16441131110499,2.650648621632118
random,hit,True,0.05657138932842956,"[-0.046726508519658885, -0.03188973960556906]","[-0.08644399275081575, 0.00023089976205293433]",3.7,3.997659080356648,0.48219952036204505,81000074,,6.67989850733966,3.997659080356648
random,miss,False,0.38251118709804194,"[-0.22983455630831112, 0.30576279201648293]","[-0.18946110569779512, 0.26248073625361146]",3.2,3.276701743882874,0.5354291942639143,81000075,,-16.8,3.276701743882874
random,miss,False,0.18021500877377733,"[-0.15905949932272384, -0.08472027539224039]","[-0.1553472444564054, -0.12756856562317964]",2.7,3.0020318708660674,0.46609145577481187,81000076,,-8.684561652757118,3.0020318708660674
random,miss,False,0.2256992536582401,"[0.21045986466627242, 0.08152789992720835]","[0.2882018076600565, 0.03867410298477106]",2.0,2.1273707838477205,0.44827576690955007,81000077,,-10.788907790356372,2.1273707838477205
random,miss,False,0.33494634592325345,"[-0.2365264131900037, -0.23715882971294028]","[-0.1719897490241397, -0.3001591620213088]",0.6000000000000001,0.9072614343013194,0.44124436349211543,81000078,,-16.15,0.9072614343013194
random,miss,False,0.23208662966340524,"[-0.0324476222307096, 0.2298072137250956]","[0.046976011588871464, 0.374601682998859]",0.6000000000000001,0.7978358290001681,0.4514991676915076,81000079,,-10.799901687471435,0.7978358290001681
random,miss,False,0.2160543429677511,"[0.07047089465938056, 0.20423841979689597]","[0.09903741691557943, 0.20842452413071602]",2.4000000000000004,2.7107902368516186,0.4859864783795979,81000080,,-10.362898656200818,2.7107902368516186
random,miss,False,0.2485830197735531,"[-0.23567681670746643, 0.07905666187219113]","[-0.25817033514251897, 0.015587816499368856]",2.1,2.158190497122352,0.4818976200860079,81000081,,-12.153829348115888,2.158190497122352
random,miss,False,0.29046025644297047,"[0.056876187644037804, 0.2848372515174172]","[0.1053490049788825, 0.3933341462032031]",2.6,2.683406218178657,0.45503387728443584,81000082,,-15.065698836162492,2.683406218178657
random,miss,False,0.2223023276074023,"[0.20517647723195068, 0.0855624803892199]","[0.2424353587658015, 0.060593249984138085]",3.4000000000000004,3.606481751792579,0.44021337542224886,81000083,,-10.951027760452941,3.606481751792579
random,miss,False,0.2021523731724696,"[0.03523193091807513, 0.1990585165800383]","[0.015122662028875737, 0.2756057137774383]",3.2,3.456438234605915,0.4877772685165028,81000084,,-9.845133577686594,3.456438234605915
random,miss,False,0.9346273669939839,"[-0.1129631647352817, 0.927775640199233]","[-0.2025151185834402, 1.0107694108342127]",0.8,0.9494042358315964,0.5020756396248821,81000085,,-16.2,0.9494042358315964
random,miss,False,0.3228270620996234,"[0.056959926700943145, -0.3177622991704606]","[0.029821418693346605, -0.3951905978600115]",1.7000000000000002,2.0190317209283077,0.45419791231002904,81000086,,-16.425,2.0190317209283077
random,miss,False,1.1543551007116406,"[-1.1096551042772314, -0.3181214360750759]","[-1.1370622342583996, -0.47109646175105313]",0.30000000000000004,0.43940312178523916,0.5071807569521848,81000087,,-16.075,0.43940312178523916
random,miss,False,0.2001567074848256,"[0.19162010666431234, 0.05783115313672735]","[0.18210806349965108, 0.09409658292148282]",4.4,4.548228678622266,0.4465565942154056,81000088,,-10.046013277921736,4.548228678622266
random,hit,True,0.07219212424507862,"[0.033556124414941824, 0.06391939703459204]","[0.08663681897203529, 0.19139373828868633]",1.7000000000000002,1.8525038825643065,0.4803415441230025,81000089,,6.931579900862116,1.8525038825643065
random,miss,False,0.5148966180593165,"[0.3043960367991354, 0.41528493840964315]","[0.3519308504226619, 0.48852791410907676]",0.5,0.6286865395731992,0.44528763947047567,81000090,,-16.125,0.6286865395731992
random,miss,False,0.7097299021466125,"[0.4549476448994165, -0.5447377115654051]","[0.5169826701191803, -0.6174017638764069]",0.5,0.566414562540547,0.45078144066514897,81000091,,-16.125,0.566414562540547
random,miss,False,0.20050928416834637,"[0.18724191581008964, 0.07172473772325684]","[0.20123955617835032, 0.09056984144179799]",2.7,2.895541474884408,0.4930909125921918,81000092,,-9.638453461444776,2.895541474884408
random,hit,True,0.02790925339923237,"[0.02516486445239397, 0.012068803685336915]","[0.033423944110723344, -0.08651509197084994]",3.0,3.0871101152778846,0.4458869921277988,81000093,,7.153836243789807,3.0871101152778846
random,miss,False,0.1250975176254123,"[0.12237204565780549, -0.025970586392384573]","[0.08825453148967535, -0.10009128222840345]",2.9000000000000004,3.0223985346321567,0.4567442922757328,81000094,,-6.657023322967944,3.0223985346321567
random,hit,True,0.08770494155140858,"[0.005336897782691141, -0.08754241426070623]","[0.1741272082774153, -0.027619021313228617]",2.4000000000000004,2.5277948901564096,0.51273150875061,81000095,,6.450351015736296,2.5277948901564096
random,miss,False,0.1879656160926769,"[0.14118596303726955, -0.1240870528070449]","[0.11447297577612166, -0.24097352269263084]",3.1,3.314229738061638,0.48017479212703557,81000096,,-9.136860843592542,3.314229738061638
random,hit,True,0.05547153386714954,"[-0.053632046696541195, 0.014166673452661475]","[0.05969082871297338, -0.04501254553706475]",3.9000000000000004,4.112688992394571,0.5271087222334695,81000097,,6.6451122136328,4.112688992394571
random,miss,False,0.1306804372215504,"[0.10598756111836852, -0.07644614810829695]","[0.10678650377759086, -0.01117983220115368]",3.6,3.8324260987397234,0.5063626074503655,81000098,,-7.008318107705627,3.8324260987397234
random,hit,True,0.03607329598566875,"[0.028801395143266947, 0.021720090263879305]","[-0.09205556228897994, 0.143169169389152]",3.2,3.251663311177089,0.5301327203036912,81000099,,7.039347816880287,3.251663311177089
random,miss,False,1.0645949275035649,"[-0.32467567525643826, 1.0138777369895724]","[-0.2819994054516707, 1.1498572682914971]",0.30000000000000004,0.4182276323316705,0.5151114792694298,81000100,,-16.075,0.4182276323316705
random,miss,False,0.09037708530286925,"[-0.00330664104332265, 0.09031657474048005]","[-0.039907153029346304, 0.2114959596904683]",1.5,1.7013389606856795,0.5131086384499777,81000101,,-5.383397228128655,1.7013389606856795
random,miss,False,0.0977744779197233,"[-0.06536684488138497, -0.0727119255880864]","[-0.10287369183455697, -0.05924269165800113]",3.1,3.331359081456641,0.4814826573757367,81000102,,-5.955228213885736,3.331359081456641
random,miss,False,0.328521200525949,"[0.2946897826597736, -0.14520368862720473]","[0.31877531814950316, -0.18795131248611147]",2.1,2.1922885188075294,0.4744970286085749,81000103,,-16.525,2.1922885188075294
random,miss,False,0.09037489590579159,"[0.05973520167872327, -0.0678183418433754]","[0.03396195974433792, -0.018747204789566353]",4.1000000000000005,4.4199355312995054,0.48089248971351406,81000104,,-6.0333483716027985,4.4199355312995054
random,miss,False,0.9836397078461828,"[-0.9690514030923529, -0.16877930268983238]","[-1.0321545184986645, -0.12038749839573898]",0.4,0.5384245829108831,0.4876446154498789,81000105,,-16.1,0.5384245829108831
random,miss,False,0.37447380753992526,"[0.3717506873073948, 0.04507836532005749]","[0.3521047743339947, -0.0693681610953728]",2.6,2.810291407041451,0.5118695806717476,81000106,,-16.65,2.810291407041451
random,miss,False,0.3595626192541017,"[-0.11067954272984383, -0.34210424724926]","[-0.03460425950168723, -0.3611543449269297]",2.6,2.6963735633327324,0.4612445497694321,81000107,,-16.65,2.6963735633327324
random,miss,False,0.23287538178435516,"[-0.22888427536885392, 0.042929383061998685]","[-0.22654146861782953, 0.08005293186920866]",3.1,3.3810265847636516,0.48106116167141855,81000108,,-11.470178202618417,3.3810265847636516
random,miss,False,0.3989015951430295,"[-0.12958474321670702, -0.37726685109231833]","[-0.18843608962564898, -0.3934662669365799]",0.30000000000000004,0.39277115954730596,0.4736896263972309,81000109,,-16.075,0.39277115954730596
random,miss,False,0.1351333844236813,"[0.13479222412220337, 0.009596244160510137]","[0.2501334940987787, 0.02348626380312155]",1.2000000000000002,1.378427822243259,0.47448530081818724,81000110,,-6.554448343925732,1.378427822243259
random,hit,True,0.07486277439898177,"[-0.06748391757011582, -0.0324091940674657]","[-0.08500066353638888, 0.03302331550508383]",3.8000000000000003,3.858564779762903,0.4473243507548049,81000111,,6.358094445591007,3.858564779762903
random,miss,False,0.20036316513386374,"[0.08341671175508969, 0.18217313232864013]","[0.03108465462876487, 0.1795412579584123]",2.1,2.2941128655867975,0.5381864872382731,81000112,,-9.481221968204933,2.2941128655867975
random,miss,False,0.1315191045720147,"[0.1302314905542732, -0.01835847857086196]","[0.15228726868958758, 0.028379997435284153]",3.3000000000000003,3.3830610281206352,0.47059331703402857,81000113,,-6.9604660330153765,3.3830610281206352
random,miss,False,0.13193604822730984,"[-0.11414679434769139, -0.06616366194509549]","[-0.1735520871411905, -0.14162350186905248]",2.9000000000000004,3.0465193076450525,0.47117373491539183,81000114,,-6.874027261955436,3.0465193076450525
random,miss,False,0.43734447318940056,"[-0.06825105673558148, -0.4319860894563513]","[-0.04056977697614002, -0.5455625487534336]",0.5,0.6096443066008206,0.5008108639508836,81000115,,-16.125,0.6096443066008206
random,miss,False,0.22645072644389505,"[-0.20960661240845702, 0.08570297277001929]","[-0.16351702261963075, 0.1061266305078076]",4.2,4.245638623993118,0.539933568549851,81000116,,-11.380855741600964,4.245638623993118
random,miss,False,0.3238492324911445,"[-0.12881352113664316, 0.29712859532108815]","[-0.11055415730163323, 0.3226377208376775]",2.7,2.912758000084394,0.5052690778813136,81000117,,-16.675,2.912758000084394
random,miss,False,0.2146106681064438,"[0.20409551262314457, 0.06635330129081757]","[0.18009643436918982, 0.09086294797734898]",2.7,2.893291905822606,0.5309132411941936,81000118,,-10.36114060062891,2.893291905822606
random,miss,False,0.6915186861538629,"[-0.33000783716968896, -0.6076947594858366]","[-0.40006903293766, -0.6460048235140332]",0.30000000000000004,0.6062159942564014,0.47078258576245424,81000119,,-16.075,0.6062159942564014
random,miss,False,0.26094306578767207,"[-0.062346012915997395, -0.25338559204530087]","[-0.14760058030372236, -0.2800614482200182]",2.7,2.7485189769871226,0.46693743806190846,81000120,,-13.081331306502392,2.7485189769871226
random,miss,False,0.18776274625660275,"[0.17357548109568333, -0.07159889136169266]","[0.14098594809518028, -0.03289816263363958]",4.800000000000001,5.09005649735844,0.5361100249446523,81000121,,-9.552450479237208,5.09005649735844
random,miss,False,0.2405356102436279,"[0.2393446987653004, 0.023905960934923295]","[0.2741237181138262, -0.06088912810259424]",3.2,3.3648213355968983,0.49481871196507865,81000122,,-11.942886394478332,3.3648213355968983
random,miss,False,0.38514206574460497,"[-0.22724968750252073, -0.31095335717118133]","[-0.27141760169078455, -0.31551730077576057]",0.9,1.022117469394471,0.5143411745372076,81000123,,-16.225,1.022117469394471
random,miss,False,0.19210766971586296,"[-0.057889373444311054, 0.18317799323577105]","[0.04617033976867263, 0.18173310270653825]",3.9000000000000004,3.955189043687936,0.5085005383578098,81000124,,-9.531216884402358,3.955189043687936
random,miss,False,0.8043452217939665,"[0.7372664603247256, -0.32157332336970207]","[0.8947209797493435, -0.47659910754081586]",0.30000000000000004,0.42899868860058155,0.47416424278953573,81000125,,-16.075,0.42899868860058155
random,miss,False,0.09899755744806338,"[-0.03319404193912, -0.09326667121982296]","[0.048353041315668435, -0.12207774771169534]",2.2,2.383339113382986,0.5002990318911315,81000126,,-5.759940293911433,2.383339113382986
random,miss,False,0.197649168921127,"[0.14458278286701623, 0.1347628022624991]","[0.16384189559854437, 0.11165496990637284]",2.9000000000000004,3.098085675978724,0.4585815978320565,81000127,,-9.547863453729901,3.098085675978724
random,miss,False,1.1722107928007084,"[-0.4776414190831706, -1.070484384535655]","[-0.47999436489970915, -1.1807142005893485]",0.5,0.7413252204045299,0.4418544997271969,81000128,,-16.125,0.7413252204045299
random,miss,False,0.732292156884911,"[0.2089356912694097, -0.7018530330125595]","[0.2851081706198233, -0.7603435439384719]",0.6000000000000001,0.7020608643413372,0.46404871797365654,81000129,,-16.15,0.7020608643413372
random,hit,True,0.02701435293118851,"[-0.013845403534617794, -0.023196552874390763]","[0.02181167707504287, -0.05508678207591067]",4.0,4.171726607683532,0.5037235048152265,81000130,,6.909904288359158,4.171726607683532
random,miss,False,0.32140690656590404,"[0.07718702619147304, -0.31200090156276894]","[0.09527386814227723, -0.3584962608610016]",0.4,0.5692578259253136,0.5030643714329877,81000131,,-16.1,0.5692578259253136
random,miss,False,1.0924155867136451,"[0.5193234545050791, 0.9610801026427654]","[0.6532510010336733, 1.1263305497023974]",0.30000000000000004,0.5999956015491268,0.5245257412518207,81000132,,-16.075,0.5999956015491268
random,miss,False,0.22837259562686485,"[0.1699617350334925, 0.1525354091932638]","[0.24589953151135496, 0.18671067304344757]",3.0,3.091412940555381,0.4891185321673722,81000133,,-11.188770670784141,3.091412940555381
random,miss,False,0.36444983338062453,"[-0.17171128230288968, 0.32146370958642023]","[-0.11487504378131486, 0.3343878565640376]",2.0,2.1176041512973645,0.5396367753986498,81000134,,-16.5,2.1176041512973645
random,miss,False,0.25956551694432767,"[0.13291257487248465, 0.22295404241085698]","[0.13305323871041919, 0.2887373929937488]",1.5,1.7661119494129296,0.5089115424385151,81000135,,-12.692809578589637,1.7661119494129296
random,miss,False,0.2688507967432546,"[0.007749310808861973, 0.2687390911115658]","[-0.09060899365612653, 0.3085021180504878]",1.9000000000000001,2.121825523467082,0.44341355288544504,81000136,,-13.398549494997878,2.121825523467082
random,miss,False,0.2156963061538674,"[-0.005132464574424775, 0.2156352343561116]","[0.09952929520640492, 0.2964508326228161]",1.8,1.9587705829743025,0.46675865054028437,81000137,,-10.193814381286778,1.9587705829743025
random,miss,False,0.36318455947967954,"[0.3019966444358956, -0.20174501479319912]","[0.3693463242825701, -0.2698824942621901]",0.30000000000000004,0.504607778099404,0.522527508728416,81000138,,-16.075,0.504607778099404
random,miss,False,0.292048650756949,"[0.28269898738207216, 0.07330550417332504]","[0.30028796537417607, -0.021996100731032305]",2.6,2.824477156447955,0.44761670995770486,81000139,,-15.179927704809185,2.824477156447955
random,miss,False,1.1442392483619115,"[0.29570781457114037, 1.1053688732244056]","[0.26725885980308683, 1.195680016900914]",0.30000000000000004,0.5973170553247461,0.4849313327713636,81000140,,-16.075,0.5973170553247461
random,miss,False,0.4126150487028692,"[-0.3523336975015245, -0.21473738384588592]","[-0.44964990610066086, -0.3121309605815737]",0.7000000000000001,0.9328669776731877,0.5370409002875329,81000141,,-16.175,0.9328669776731877
random,miss,False,0.2791443077431624,"[-0.2750560676307022, -0.047599413913870306]","[-0.2567183223027157, -0.07462861047561042]",2.0,2.2100588672624015,0.4732810996980001,81000142,,-14.119943771038194,2.2100588672624015
random,miss,False,0.3950338405762206,"[-0.21761556084669004, 0.3296895553058656]","[-0.14406973894515634, 0.3865692957124513]",2.6,2.6560190546177287,0.5404354032227562,81000143,,-16.65,2.6560190546177287
random,miss,False,0.48475476521607597,"[0.422432284477069, 0.23777751666458624]","[0.5200170413942589, 0.19712836179775417]",0.30000000000000004,0.4325422922267409,0.45981488019106553,81000144,,-16.075,0.4325422922267409
random,miss,False,0.18120330788730207,"[0.16129083154249402, 0.08258272488620852]","[0.17453523077666577, 0.1460258919326061]",2.8000000000000003,3.0816180819642907,0.5302366654633681,81000145,,-8.753659109790172,3.0816180819642907
random,miss,False,0.17210607550966983,"[-0.08498635866959892, -0.1496590126501657]","[-0.14384379640609846, -0.1709000664586723]",1.1,1.3917055281610744,0.5391572448358668,81000146,,-7.931852003375331,1.3917055281610744
random,hit,True,0.08776556064335682,"[0.08259951084057923, -0.029666722837883137]","[0.11375746448493129, 0.018672075613524734]",4.1000000000000005,4.3655322393051055,0.5074180299162903,81000147,,6.024037822834229,4.3655322393051055
random,miss,False,0.10323243863719629,"[-0.09077712234420837, -0.04915740479202624]","[-0.05118115896539848, -0.08145776665210827]",3.2,3.4554031318999177,0.4526616987705026,81000148,,-6.1156711588867285,3.4554031318999177
random,miss,False,0.20452279471762722,"[0.007828138524469175, 0.20437292826191633]","[0.09032550195403477, 0.27454783618665884]",0.9,0.945932624214672,0.5000808596786397,81000149,,-9.389144883840578,0.945932624214672
random,miss,False,0.32835833495966854,"[-0.12682052016563045, -0.3028791042683612]","[-0.17202368654096972, -0.3435828567696513]",0.4,0.4542461591152184,0.5319040992110418,81000150,,-16.1,0.4542461591152184
random,miss,False,0.11973233353452986,"[0.1167887723395758, 0.026385874043484685]","[0.19397821413348065, -0.04529537343029733]",3.1,3.2509561842230963,0.45274180331975894,81000151,,-6.544855764644927,3.2509561842230963
random,miss,False,0.953452544762203,"[0.8664964126727218, -0.3978136774154767]","[1.0283005704587764, -0.474239698757703]",0.30000000000000004,0.4313811677280362,0.5399957247927195,81000152,,-16.075,0.4313811677280362
random,miss,False,0.15222562621690827,"[-0.13595575498842802, -0.06847389256246794]","[-0.2149171552009571, -0.060010098357423866]",1.4000000000000001,1.7012174268156368,0.45209249373917393,81000153,,-7.210819910756774,1.7012174268156368
random,miss,False,0.42141647186044306,"[0.4184282933954121, 0.05009596831588897]","[0.5258988919270027, 0.07322141050062356]",0.30000000000000004,0.43770617614946716,0.46471315531580926,81000154,,-16.075,0.43770617614946716
random,miss,False,0.3727655052734238,"[0.06838522324580051, 0.3664390579119166]","[0.0581509943714322, 0.39252231485400474]",0.4,0.5079802098753609,0.4638327669736983,81000155,,-16.1,0.5079802098753609
random,miss,False,0.2099286679054407,"[0.18755728282743467, -0.09429905231200628]","[0.37898943593701806, -0.11130496838821916]",1.5,1.7847414106440307,0.508087719591781,81000156,,-9.815746371426272,1.7847414106440307
random,hit,True,0.03593629387093803,"[0.03231233189904008, -0.01572674233351254]","[0.04202268873536158, 0.036607516631530446]",4.4,4.540512666443918,0.5141710771585378,81000157,,6.740565775656986,4.540512666443918
random,miss,False,0.1492957404147569,"[0.011676033424755011, 0.14883846394482336]","[-0.012587451993767235, 0.11482456769033035]",2.5,2.7548092438093814,0.44649697034688846,81000158,,-7.37675532172722,2.7548092438093814
random,hit,True,0.03183527407704155,"[0.03163747115995397, 0.0035433168308005997]","[0.003168185123873235, -0.03686086933314943]",4.4,4.596742386703342,0.5111159206707555,81000159,,6.7748784351160065,4.596742386703342
random,miss,False,0.09313401252732693,"[0.07648772423986432, 0.053137296977234]","[-0.009356875698147873, 0.021904496869096162]",4.7,4.746644960094478,0.49622055254644715,81000160,,-6.245857319683987,4.746644960094478
random,miss,False,1.2013164815051587,"[1.1258984794902323, 0.41894379410312]","[1.119129114720024, 0.440609768826293]",0.30000000000000004,0.37433628903865557,0.5237944338856519,81000161,,-16.075,0.37433628903865557
random,miss,False,0.5605703045823817,"[0.256064198469335, 0.49866841953530716]","[0.31719779394029296, 0.6686316906843756]",0.30000000000000004,0.3439083267795664,0.4992530584158106,81000162,,-16.075,0.3439083267795664
random,miss,False,1.0288143827526213,"[0.026052343897339784, -1.028484472190082]","[0.04437387055327952, -1.1078011468979267]",0.4,0.5116155733053491,0.4500561928319564,81000163,,-16.1,0.5116155733053491
random,miss,False,0.5822376330733212,"[0.5228119820283081, -0.25625825413916997]","[0.5448947774544219, -0.18998185737933965]",0.4,0.6199231444457218,0.5221929692358936,81000164,,-16.1,0.6199231444457218
random,hit,True,0.08946328035141327,"[-0.08639726290138783, -0.023220497289766225]","[-0.09787192004219758, 0.04113873584656818]",3.9000000000000004,4.137278454179675,0.44751790894298515,81000165,,6.036891539353633,4.137278454179675
random,miss,False,0.34433258218177804,"[0.3325534556483122, 0.0892923641099113]","[0.32550529239018233, 0.03147229177309534]",2.6,2.6841008054414335,0.5318174557945895,81000166,,-16.65,2.6841008054414335
random,miss,False,0.1454363645469934,"[0.12084192652596626, 0.08092567532087042]","[0.24914964979156262, 0.09067162448100957]",2.0,2.111715912248614,0.5400777801198353,81000167,,-7.11132544847481,2.111715912248614
random,miss,False,0.21742600355684785,"[-0.1894456225603779, 0.10669781213976817]","[-0.16798395038059077, 0.20221061963340728]",1.3,1.5678459815034989,0.4588630526394961,81000168,,-10.161304570704003,1.5678459815034989
random,miss,False,0.20541397022151792,"[-0.0050336525455732944, 0.20535228633793462]","[0.0014403410777840825, 0.1352653211525327]",4.6000000000000005,4.723825209848484,0.5433492841779698,81000169,,-10.35924681014403,4.723825209848484
random,miss,False,0.1488123579850931,"[0.09505911875802708, -0.11449402530276767]","[0.048579972700071195, -0.08930085583201722]",4.2,4.513691500946242,0.5086170947829651,81000170,,-7.783965171491792,4.513691500946242
random,miss,False,0.29855165666128974,"[-0.18367509874102322, -0.23536471655215443]","[-0.23003447447582887, -0.2481523243856816]",2.6,2.809316689920129,0.4761639095577523,81000171,,-15.654085394469213,2.809316689920129
random,miss,False,0.1324631461478387,"[-0.13243061578651802, 0.0029354879981552673]","[-0.16046538927947582, -0.08132443554182331]",2.3000000000000003,2.5857064301672077,0.4941377397399988,81000172,,-6.741232726837491,2.5857064301672077
random,miss,False,0.18333022024071383,"[0.16902606884747792, 0.07099406808654007]","[0.15776813358268735, 0.051805783228870535]",4.2,4.405406858336104,0.48653548593680523,81000173,,-9.199378969568969,4.405406858336104
random,miss,False,0.09107814253541362,"[-0.061337477512259986, -0.06732712603500998]","[-0.077774993864625, -0.14896119519404205]",3.1,3.3353527457544057,0.48026034254733163,81000174,,-5.799102228111249,3.3353527457544057
random,miss,False,0.7889165368263061,"[-0.1900644863108838, 0.7656793017454451]","[-0.29399210746106685, 0.8769573137591135]",0.30000000000000004,0.5165426240953296,0.46900428302240965,81000175,,-16.075,0.5165426240953296
random,miss,False,0.20266104586631317,"[-0.05647611271987121, -0.19463285489269352]","[-0.02215069943711792, -0.22701432755863257]",3.6,3.7632597352429458,0.5295077542087899,81000176,,-9.970555495262703,3.7632597352429458
random,miss,False,0.2200687802199439,"[-0.20731242279336864, 0.0738364908635123]","[-0.18383426403295572, -0.00645522071122339]",3.8000000000000003,3.923439424980969,0.49269616671136307,81000177,,-10.929045435493085,3.923439424980969
random,miss,False,0.13924010609117254,"[0.11165735802438179, -0.08318919126482724]","[0.19724849988314982, -0.07702439271087366]",3.5,3.5649280656455296,0.5282153265652193,81000178,,-7.268556437565554,3.5649280656455296
random,miss,False,0.1630903694968447,"[-0.162171239837763, 0.017290390166219013]","[-0.16672880572243248, -0.03589524583214167]",2.6,2.8549753880089854,0.46415156368581467,81000179,,-7.933761558347818,2.8549753880089854
random,miss,False,0.19620249539783027,"[0.1626941158484066, -0.10966332052532815]","[0.13192544387485278, -0.18980000674113062]",1.8,1.9684007848305134,0.46930671064248564,81000180,,-9.202520888930321,1.9684007848305134
random,miss,False,0.09461792680248278,"[0.053416319851010696, -0.07809768784013077]","[0.0669976059613378, -0.0978865306989527]",4.5,4.5839103983122635,0.4635849150938031,81000181,,-6.230253342271604,4.5839103983122635
random,miss,False,0.5833301830010656,"[-0.4862513625793604, 0.3222323925209446]","[-0.4907625294462902, 0.510875531700283]",0.4,0.5503608492593107,0.5400275572303469,81000182,,-16.1,0.5503608492593107
random,miss,False,0.15313227200402754,"[0.008265469433728634, -0.15290904075350017]","[0.09347096539515809, -0.14152419068075814]",3.2,3.4800688733117027,0.48076563624650387,81000183,,-7.694999102359937,3.4800688733117027
random,miss,False,1.1619656058070862,"[-1.1244247877809361, 0.29297263643969496]","[-1.2240096170009855, 0.30124802179828425]",0.4,0.5277424203726153,0.4924378462848943,81000184,,-16.1,0.5277424203726153
random,miss,False,0.16512156681825554,"[0.009916139991625147, 0.16482354806332172]","[-0.0019800908057840544, 0.13159456493286198]",4.6000000000000005,4.892629537981651,0.49419163027897794,81000185,,-8.516065657841436,4.892629537981651
random,miss,False,0.233635172205048,"[0.08146588960679774, -0.21897192176590927]","[0.12309761670719682, -0.2978779454950365]",2.3000000000000003,2.41733837035939,0.534834275090486,81000186,,-11.31393749275092,2.41733837035939
random,miss,False,0.13391557042051386,"[-0.06661777470684027, 0.11616992766701836]","[-0.2170227579092977, 0.07513425573798557]",2.3000000000000003,2.3903728840748526,0.5243857446011154,81000187,,-6.788997530994026,2.3903728840748526
random,miss,False,0.1554958513794486,"[0.1007267661723079, 0.11846129482952977]","[0.10431909758899881, 0.23330082811147052]",3.2,3.3533179313829553,0.4736889106341856,81000188,,-7.78505676496538,3.3533179313829553
random,miss,False,0.23341443708538548,"[0.012024879861194965, -0.23310448666684047]","[-0.07875474440175942, -0.28822260943503847]",0.8,0.9435843948247056,0.48418911177497415,81000189,,-10.926209807393503,0.9435843948247056
random,miss,False,0.3221975303119009,"[0.2876850853955697, -0.14508115032640206]","[0.421512952959313, -0.22416035568665527]",0.9,0.9623942760551725,0.4918300287144904,81000190,,-16.225,0.9623942760551725
random,miss,False,0.22609301818201366,"[-0.183351156375751, -0.13228910131347657]","[-0.21168595848370447, -0.18405197535152637]",2.1,2.2068144455450183,0.466316845917676,81000191,,-10.835870724771896,2.2068144455450183
random,hit,True,0.05849025914970902,"[0.045397926619111434, 0.03688005794580444]","[0.08277176788560586, 0.09990937834319057]",2.5,2.6688972666412094,0.48602196950112264,81000192,,6.952640689456775,2.6688972666412094
random,miss,False,0.3820814889163436,"[-0.03917328001285231, -0.3800680443099165]","[-0.14313653112774632, -0.43791928380206646]",0.30000000000000004,0.4989026647470778,0.5185947010654829,81000193,,-16.075,0.4989026647470778
random,miss,False,0.22715291630231538,"[-0.21831352680890298, -0.0627507083378753]","[-0.15844312628234164, -0.09430774583012672]",4.800000000000001,4.947946080588874,0.4791167072072884,81000194,,-11.570178689462555,4.947946080588874
random,miss,False,0.09074387581625319,"[-0.07719790008248502, -0.04769628099768619]","[-0.0029627796211738194, -0.16628339677869386]",3.1,3.292600499888942,0.537209535979404,81000195,,-5.791598888661183,3.292600499888942
random,hit,True,0.06785032217193364,"[-0.04965745949187385, -0.046236381082953464]","[0.0343182614717029, 0.0010888725203395165]",3.9000000000000004,3.982357052588161,0.5402678492787912,81000196,,6.456646145822815,3.982357052588161
random,miss,False,0.3367552641319359,"[0.278294807722751, -0.18962095853340416]","[0.3832144839246928, -0.18746745554033856]",0.6000000000000001,0.803555135331737,0.4839073946778252,81000197,,-16.15,0.803555135331737
random,miss,False,0.40563002079400207,"[-0.38165812337439786, 0.1373782756904288]","[-0.5854870840409707, 0.15286582605037766]",0.5,0.6931088524916353,0.5384900959719906,81000198,,-16.125,0.6931088524916353
random,miss,False,0.3065161733089661,"[-0.08603153799762098, -0.29419506958774144]","[-0.16965163613861228, -0.2993807614358147]",3.7,3.8161009125515353,0.4976753904246698,81000199,,-16.524032654317548,3.8161009125515353
random,miss,False,0.9623735075897786,"[-0.45441869917153804, 0.8483315471877141]","[-0.5151064233159455, 1.0173403262923033]",0.4,0.6871969992467363,0.5021931619266563,81000200,,-16.1,0.6871969992467363
random,miss,False,0.3402991349334462,"[-0.30497147537745795, -0.15098311310391108]","[-0.3316589547743689, -0.23485082651894912]",2.3000000000000003,2.3671871696230067,0.4603615204836583,81000201,,-16.575,2.3671871696230067
random,miss,False,0.24876231421341674,"[0.10324089406816889, -0.22632721171971304]","[0.12257689114208786, -0.28760761550944963]",0.9,0.9744048503043725,0.5284006351123182,81000202,,-11.864838144791937,0.9744048503043725
random,hit,True,0.08315958069805264,"[0.07674236447639325, 0.03203319148084288]","[0.12256040098887112, 0.04615863133271621]",4.5,4.5517497293235145,0.45561436266280503,81000203,,6.021232609644947,4.5517497293235145
random,miss,False,0.22266790957465918,"[-0.22266509053643402, -0.0011204511369232312]","[-0.2755925466694011, -0.09696870659975294]",2.3000000000000003,2.3628515072313654,0.5055589608605688,81000204,,-10.696110858561553,2.3628515072313654
random,miss,False,0.34930382112790476,"[-0.32507981913070244, -0.12781342123777567]","[-0.3305733341409102, -0.057258826266348865]",0.8,1.0666434236028135,0.5117434409881071,81000205,,-16.2,1.0666434236028135
random,miss,False,0.34003818982264317,"[-0.28557560351374656, 0.1845875001608162]","[-0.42883172897868593, 0.1537281972569709]",0.9,1.1138238654364911,0.47867510112549433,81000206,,-16.225,1.1138238654364911
random,miss,False,0.17192964779752362,"[-0.1680023238952763, 0.03653796597468434]","[-0.23423080557429315, 0.17864860001446764]",1.6,1.8538419884222996,0.5251917003553566,81000207,,-8.04935849281241,1.8538419884222996
random,miss,False,0.18741628062788285,"[-0.1806956524956566, 0.04973875162846611]","[-0.1856330719308042, 0.1306338860583975]",3.6,3.7256757401370253,0.5396934951588258,81000208,,-9.236402746220907,3.7256757401370253
random,miss,False,0.2588744879733445,"[-0.2588722120667518, -0.0010855151440556862]","[-0.24633649087260034, -0.0053843359456504855]",1.6,1.8001717397909511,0.517794963938364,81000209,,-12.673580311538432,1.8001717397909511
random,miss,False,0.1427771896339628,"[0.05587466181800671, 0.1313900606838126]","[-0.06478099278541849, 0.13003816154711761]",3.0,3.2029797441516834,0.5387042145554273,81000210,,-7.266706898737355,3.2029797441516834
random,miss,False,0.17852611794393122,"[-0.15500107382786815, 0.08857901501110862]","[-0.1090082913971488, 0.10178540671704034]",3.9000000000000004,4.1412406093503265,0.48436524272711845,81000211,,-8.90976231952228,4.1412406093503265
random,miss,False,0.236527641897865,"[0.19533502096640631, -0.1333774904765353]","[0.2536320361782093, -0.16764719950158385]",2.0,2.2177352866675055,0.5063007271460924,81000212,,-11.406830294045019,2.2177352866675055
random,miss,False,0.16060444076356462,"[0.024020029340768537, -0.15879806227862464]","[-0.05340325821354029, -0.2587044046784908]",1.5,1.7043130079994766,0.47420030312305744,81000213,,-7.559418073207079,1.7043130079994766
random,miss,False,0.20868920464072632,"[0.19195209781223144, -0.08188758318000652]","[0.13332694783031906, 0.003689041836361342]",4.800000000000001,4.862144486687167,0.5247459012736968,81000214,,-10.576689399207279,4.862144486687167
random,hit,True,0.07996420468267772,"[-0.0034467157528310366, 0.07988988785229557]","[0.09126768642488539, 0.027481993958020215]",3.4000000000000004,3.4540222841487553,0.5425994031908976,81000215,,6.3605834530205945,3.4540222841487553
random,miss,False,0.2380282372078069,"[-0.047049138020857806, 0.23333199591944148]","[0.0030144573357385185, 0.30567122022400195]",2.9000000000000004,2.971793055577506,0.5104655992861254,81000216,,-11.719745889908145,2.971793055577506
random,miss,False,0.2688478589965798,"[-0.12107144979144521, -0.24004348633621037]","[-0.1333763245614392, -0.19277121141785009]",3.1,3.277936731911498,0.5275066254562031,81000217,,-13.698354479882083,3.277936731911498
random,miss,False,0.35842236331171873,"[-0.3060970034457991, -0.1864704132120164]","[-0.41738614517591555, -0.36002828679253174]",0.5,0.7864232216340312,0.4537322357347202,81000218,,-16.125,0.7864232216340312
random,miss,False,0.17650434961351139,"[-0.15294906030700228, -0.08809296443924244]","[-0.0984015238393504, 0.12453205684081356]",3.2,3.503260087255635,0.5385873460615604,81000219,,-8.646146349689959,3.503260087255635
random,miss,False,0.17326561710744692,"[0.04801908278389605, -0.1664786525660805]","[0.07117553327581676, -0.13615985859832422]",4.6000000000000005,4.706359280518902,0.4478381884437953,81000220,,-8.856293095262272,4.706359280518902
random,miss,False,0.6423850840161601,"[0.5808063037278293, -0.2744496925056861]","[0.7375487983329787, -0.2958528343796509]",0.5,0.6893196668374477,0.5284752510803172,81000221,,-16.125,0.6893196668374477
random,miss,False,0.1121013998627155,"[0.10400075265395163, -0.04183978129235387]","[0.07587408112465492, 0.020140222843177083]",3.0,3.056868403302318,0.46662299456951895,81000222,,-6.301447389034621,3.056868403302318
random,hit,True,0.08445056084142347,"[-0.018582132469585344, 0.08238083259662862]","[0.09905636752821151, 0.17309872507425159]",1.9000000000000001,2.0366250970747948,0.5233100520919362,81000223,,6.644518860934448,2.0366250970747948
random,miss,False,0.1196617340450478,"[0.10092371669465708, -0.0642910102829653]","[0.04412452301589979, -0.21206606757754437]",1.1,1.143065168841288,0.4998089092944759,81000224,,-6.042769209218242,1.143065168841288
random,miss,False,0.0929407344336279,"[0.08807092122452974, -0.02968994698083552]","[0.08525674704024466, -0.1325409087575621]",3.1,3.221841788291752,0.5300446920488114,81000225,,-5.841417298402734,3.221841788291752
random,miss,False,0.2512276592776066,"[0.22036325374090615, -0.12064565133823182]","[0.302592746493004, -0.023432093397475564]",2.5,2.700753125787785,0.46515046324993564,81000226,,-12.417016887173482,2.700753125787785
random,miss,False,0.19671545045617098,"[0.16339361406522218, -0.1095422079879691]","[0.08611506736585045, -0.2358050526485993]",2.1,2.184762075016506,0.5230672519524855,81000227,,-9.30240351212028,2.184762075016506
random,miss,False,0.18847709791815037,"[0.020923666949364386, 0.18731208343574665]","[-0.016064408139972383, 0.2891442832333875]",2.4000000000000004,2.4734432660553205,0.5174879774699959,81000228,,-8.985631659215807,2.4734432660553205
random,hit,True,0.07947188769928842,"[0.022089271708377795, 0.07634032361656434]","[-0.08287448987575277, -0.026758937207250255]",3.0,3.069769639342975,0.48129536386272936,81000229,,6.470273958705147,3.069769639342975
random,miss,False,0.27408424203547754,"[-0.14977881188269135, -0.22953971169096554]","[-0.22947530374051323, -0.277714706353258]",2.1,2.366251427043686,0.5012612566796925,81000230,,-13.799342189155833,2.366251427043686
random,miss,False,0.1739072164993675,"[0.1385570887218574, 0.10509830215318046]","[0.12219588752912196, 0.12060319361263801]",3.2,3.3934694438002704,0.44696822521998497,81000231,,-8.533792586488628,3.3934694438002704
random,miss,False,0.5379342536118655,"[-0.48128489043002287, -0.24028756824420983]","[-0.573579638871497, -0.326359861453023]",0.4,0.559253583798859,0.4597956973855127,81000232,,-16.1,0.559253583798859
random,miss,False,0.10924007821603181,"[-0.07725195175707086, -0.07723684767238978]","[-0.07017953837174132, 0.07985725669870805]",2.0,2.1363507553122525,0.5395105342156444,81000233,,-5.973258603536388,2.1363507553122525
random,miss,False,0.09029345460479311,"[0.045476071955469224, 0.0780053512521341]","[0.007422767011628931, 0.014346737505789483]",4.4,4.715558474009821,0.5344886820142486,81000234,,-6.106531844996029,4.715558474009821
random,miss,False,0.1838517911832951,"[-0.17218858438727244, 0.06444045723001274]","[-0.23527178065519316, 0.10450819482873669]",3.3000000000000003,3.462550634376441,0.5246773850739044,81000235,,-8.998022360655055,3.462550634376441
random,miss,False,0.6473896407246732,"[0.04005616978901114, 0.6461492476041858]","[0.14721488161680416, 0.746122755418638]",0.30000000000000004,0.4874363793495047,0.4875699610092735,81000236,,-16.075,0.4874363793495047
random,hit,True,0.07120541183801027,"[-0.06814963268487359, 0.020635848418164487]","[-0.09953365722213023, 0.13757736052541172]",3.4000000000000004,3.600330022426701,0.4999095359999577,81000237,,6.5240480648122645,3.600330022426701
random,miss,False,0.27508378739514744,"[-0.2729029601269109, -0.03456970410096605]","[-0.2948160256243186, 0.06916085668647187]",0.9,1.1494912323737903,0.4545521708473204,81000238,,-13.56710988736527,1.1494912323737903
random,miss,False,0.25079192226689995,"[0.23090883748085128, -0.09786570925287667]","[0.20801190355825777, -0.09660275234232972]",5.1000000000000005,5.349313193316355,0.48093733129129573,81000239,,-13.040010898065034,5.349313193316355
random,miss,False,0.32970391919609054,"[-0.3283005332915164, 0.03038805972364979]","[-0.5523583688458717, -0.003201023155008458]",0.30000000000000004,0.5739481459291782,0.5370001882676186,81000240,,-16.075,0.5739481459291782
random,miss,False,0.4387401210104882,"[0.21579585534342283, 0.38200136465842416]","[0.4049681741421777, 0.4606638394295282]",0.4,0.5565635783533074,0.5166622321725474,81000241,,-16.1,0.5565635783533074
random,hit,True,0.0546825359988666,"[0.03663718552104678, 0.040594289997039505]","[0.13944262310804667, -0.008473898924190489]",3.6,3.6651101569043387,0.49898532542185264,81000242,,6.730842007004031,3.6651101569043387
random,miss,False,0.17615613508678857,"[0.17061086114227125, 0.04385108880070751]","[0.18621600142950284, 0.1052411780229143]",2.7,2.8920310884641407,0.46758530640033547,81000243,,-8.505985670211716,2.8920310884641407
random,miss,False,0.11060326488155853,"[-0.08727891706212815, -0.06793727135322962]","[-0.18717829383897305, -0.07635097938905135]",3.2,3.3661352309717425,0.5257017672577741,81000244,,-6.310257062032123,3.3661352309717425
random,miss,False,0.2894848004788817,"[0.19603635254677865, -0.21300516000428968]","[0.14457891495963293, -0.20928656545050314]",2.6,2.806025547499241,0.5421062230208928,81000245,,-14.995857988678761,2.806025547499241
random,miss,False,0.12824302503507504,"[-0.12357099717226144, -0.03429988524761912]","[-0.31295504258129486, -0.12595147209244223]",0.6000000000000001,0.7263092447895275,0.522935545365882,81000246,,-6.1804041321169,0.7263092447895275
random,miss,False,0.5411081347816846,"[-0.1556217249305893, -0.5182469413865766]","[-0.24147707190980522, -0.7290036914175002]",0.5,0.6588330382265069,0.44702325048065417,81000247,,-16.125,0.6588330382265069
random,miss,False,0.2838876524325679,"[-0.27827783264344363, 0.056157342021698836]","[-0.30244274864811493, 0.1457416929698326]",1.8,1.9410525216912085,0.44286928649453244,81000248,,-14.399654222675863,1.9410525216912085
random,miss,False,0.16565703757992664,"[0.16539759579774854, -0.009267653644899593]","[0.13486123288075552, 0.07114408586632179]",4.3,4.388736137102435,0.5148029722863946,81000249,,-8.4629326049083,4.388736137102435
random,miss,False,0.2503553498559261,"[-0.23331808509805652, 0.09077704758174952]","[-0.41588437827872676, 0.03547460982530269]",0.5,0.8182246359327885,0.5157782425368737,81000250,,-11.863000148331254,0.8182246359327885
random,miss,False,0.3431254075103087,"[-0.29126532768626545, -0.18138234248936086]","[-0.4421708158085954, -0.13778768964131421]",0.30000000000000004,0.5500406053476738,0.5246582735821541,81000251,,-16.075,0.5500406053476738
random,miss,False,0.12827887571324215,"[-0.12720748261884465, 0.016544676486101445]","[-0.059602653261897315, 0.0527489380266177]",3.5,3.690611033166951,0.4439765727464978,81000252,,-6.906539500525115,3.690611033166951
random,hit,True,0.028324646923827503,"[0.018264407296086457, 0.02164941222024641]","[-0.07300240155828132, 0.11245012346151662]",3.2,3.407195259160148,0.49206864676318085,81000253,,7.10095239217784,3.407195259160148
random,miss,False,0.12343664140855436,"[0.030585779206599273, -0.11958726751853307]","[0.034144377963296835, -0.22359066947361292]",2.1,2.394995654101818,0.45658226289140486,81000254,,-6.406062276817783,2.394995654101818
random,miss,False,0.7519984097173978,"[-0.14123813889918244, -0.7386158652085606]","[-0.11128872605601922, -0.9591520345336413]",0.30000000000000004,0.4776176339364313,0.5073469878275593,81000255,,-16.075,0.4776176339364313
random,miss,False,0.24561876005222325,"[-0.14571815837899144, -0.1977240339671098]","[-0.07241836911175364, -0.16181193558903195]",3.1,3.3388022809694924,0.49953477351684433,81000256,,-12.222972257974275,3.3388022809694924
random,miss,False,0.163348958921938,"[-0.03973392948006113, -0.1584427253898219]","[-0.05711794213639057, -0.31095170364354624]",0.7000000000000001,0.9916018585900186,0.5118916736680585,81000257,,-7.469183009985307,0.9916018585900186
random,hit,True,0.08143729439066855,"[0.07989649738190555, 0.015766503219660832]","[0.047060456294342114, -0.09051400973499318]",2.0,2.0595975939763567,0.49902382986588195,81000258,,6.68123050399106,2.0595975939763567
random,miss,False,0.3370729605149657,"[-0.15357843486985373, 0.30005307039463824]","[-0.08899415188876053, 0.3709811548821028]",3.6,3.6459247312692318,0.4859916784579804,81000259,,-16.900000000000002,3.6459247312692318
random,miss,False,0.1382502480301508,"[0.13339649713037133, 0.03631123288660201]","[0.1912983506527381, 0.05962274103306889]",3.0,3.069252119907406,0.4837131799973691,81000260,,-7.109645812394841,3.069252119907406
random,miss,False,0.15600979639369786,"[-0.08444086264320991, -0.13118230554031904]","[-0.14825538357003568, -0.20524039273118153]",1.1,1.317901340353883,0.48289690398928,81000261,,-7.279821798864576,1.317901340353883
random,miss,False,0.302394289756348,"[0.2245360716990341, -0.20254841145566255]","[0.3176170714984844, -0.162041758627325]",2.5,2.5578386287826347,0.5116921236545084,81000262,,-15.914173639166194,2.5578386287826347
random,miss,False,0.20669758041633368,"[-0.18465279551705926, 0.0928829093951187]","[-0.1767512548881155, 0.1335026979681694]",3.7,3.759035892266849,0.48387608045986796,81000263,,-10.19955429011935,3.759035892266849
random,miss,False,0.1630029202904004,"[-0.16291712298046696, 0.005288011248666995]","[-0.13733845776637726, 0.025146052881997016]",4.6000000000000005,4.737088500995992,0.5278302274357001,81000264,,-8.43024099051835,4.737088500995992
random,miss,False,0.24801237279139177,"[0.23502750369946135, 0.07919728254439012]","[0.27632883323337354, 0.13741463539236295]",2.1,2.419733711638132,0.44498949101329527,81000265,,-12.118844081187197,2.419733711638132
random,miss,False,0.3144268736348764,"[-0.05445073670414702, 0.30967624406172684]","[0.04286990137696256, 0.26461579039461486]",2.6,2.7780828306834264,0.5190324816352482,81000266,,-16.65,2.7780828306834264
random,miss,False,0.42172202666200614,"[-0.31317541900001206, -0.2824369393441246]","[-0.29652477055254295, -0.3415651339769712]",1.0,1.0602630649619065,0.49687795480911096,81000267,,-16.25,1.0602630649619065
random,miss,False,0.16584473813149636,"[-0.1541819712353912, -0.06109334588867761]","[-0.14995034650072822, 0.02437114560817348]",3.1,3.3258279000234956,0.4412017887004031,81000268,,-8.170614464926494,3.3258279000234956
random,miss,False,0.18454522622577071,"[-0.18396887213825763, -0.014573764335212347]","[-0.17785104381935823, -0.11874114395407415]",2.5,2.778256390325016,0.48947377200756503,81000269,,-8.829560558360605,2.778256390325016
random,miss,False,0.35484241711443715,"[0.3508071019636877, -0.05336214196839373]","[0.41356412238380413, -0.14262133377536024]",0.5,0.7636165835046593,0.5069492496944903,81000270,,-16.125,0.7636165835046593
random,miss,False,0.28092752193786796,"[0.04007121331282587, -0.2780549773799946]","[0.1055394112201638, -0.33741192382699253]",3.0,3.099807112028059,0.5121674652823058,81000271,,-14.493243528660653,3.099807112028059
random,miss,False,0.2878924506506575,"[0.13082226898794796, 0.2564519391201522]","[0.16953990917687506, 0.25958002027713256]",2.1,2.3154886232899705,0.49780660134407817,81000272,,-14.7573534742767,2.3154886232899705
random,hit,True,0.06073164835483392,"[0.05308938993721954, -0.029493215965524244]","[0.12911600589250474, -0.0024223247653176842]",3.5,3.6549634155379467,0.46125146961417135,81000273,,6.6696502330993575,3.6549634155379467
random,miss,False,0.11634699302348821,"[-0.09949967629109716, -0.0603028788995558]","[-0.19568229773667556, 0.03638464154241657]",2.7,3.006054088357252,0.4845212647823952,81000274,,-6.346187998223163,3.006054088357252
random,miss,False,0.22221732778160522,"[0.10120612533994316, -0.19783291172116202]","[0.1764666301251, -0.33336445732951137]",0.30000000000000004,0.6185296024648358,0.4743282439069539,81000275,,-10.17136305757992,0.6185296024648358
random,miss,False,0.2022323252308889,"[-0.16106467758353055, 0.12229506532646922]","[-0.19423729744118606, 0.14067733305816055]",1.2000000000000002,1.367166397805608,0.4967816714317132,81000276,,-9.349125107196546,1.367166397805608
random,miss,False,0.7502731979613522,"[-0.7494509391798394, -0.035116397047690984]","[-0.9578617224680219, -0.08304826595353831]",0.30000000000000004,0.34047683731362166,0.5427351744608051,81000277,,-16.075,0.34047683731362166
random,miss,False,0.2926713137982143,"[-0.014641643510087482, 0.29230484121152756]","[-0.010550977116313559, 0.3509126956217875]",0.8,0.982594974246966,0.4946048675532309,81000278,,-14.774876286465782,0.982594974246966
random,miss,False,1.2586702048501572,"[1.0949222593099388, 0.6208026503206602]","[1.2308181665936369, 0.7401197417981155]",0.30000000000000004,0.4692574645946753,0.4457839064687169,81000279,,-16.075,0.4692574645946753
random,miss,False,0.1868444975621001,"[-0.03473955325399268, 0.18358657279045937]","[0.0003837174642543767, 0.2730862834210437]",2.1,2.2817166607600914,0.48552658948494853,81000280,,-8.834983490028845,2.2817166607600914
random,miss,False,0.24826574247709618,"[-0.24587367802584942, 0.034380420907033214]","[-0.3018174414047044, 0.04154219602850051]",1.9000000000000001,2.2120008520818213,0.5317601917626624,81000281,,-12.084367763914054,2.2120008520818213
random,miss,False,0.09502281564806615,"[0.0685058972258365, -0.06585041791036328]","[0.14136761985275875, -0.057628462967796994]",4.0,4.10962712648769,0.4502108235651046,81000282,,-6.114732776998316,4.10962712648769
random,miss,False,0.15612620770640837,"[0.12812111152044836, -0.08922092532331977]","[0.051869962745961326, -0.15126381412221712]",2.6,2.89650077463718,0.45611174009490446,81000283,,-7.659307744788219,2.89650077463718
random,miss,False,0.3076311742599874,"[0.2199022733439927, -0.21512770522348507]","[0.21686119201119192, -0.15983794363288967]",3.1,3.2686851096529232,0.539570781399054,81000284,,-16.45857276254059,3.2686851096529232
random,miss,False,0.16711875283646058,"[0.16488934036835579, -0.02720630409486955]","[0.23367942047233692, -0.02243332398612402]",3.9000000000000004,4.189606244406147,0.48186836271084915,81000285,,-8.422984882668395,4.189606244406147
random,miss,False,0.18016143817077357,"[-0.11629802124158672, -0.13759692605233922]","[-0.12116776575627497, -0.18774000053022913]",3.0,3.170144711192822,0.5140840006918608,81000286,,-8.757178247377958,3.170144711192822
random,miss,False,0.16527470723125512,"[-0.14309970489143467, -0.08269342966863452]","[-0.0701399786022863, -0.14005842420596637]",2.8000000000000003,3.0735372738009556,0.5103848515707371,81000287,,-8.07231220375026,3.0735372738009556
random,hit,True,0.02865739922559676,"[-0.014504928783689613, -0.024715452076693366]","[0.14771690364514398, -0.021736912896840453]",3.7,3.7584115002077327,0.5052714168471756,81000288,,6.973611539459847,3.7584115002077327
random,miss,False,0.2041325906540824,"[0.10196349482572051, 0.17684332130468608]","[0.11332629030441374, 0.21156684291714192]",3.9000000000000004,3.9436874606655934,0.4408304283557386,81000289,,-10.119458588536691,3.9436874606655934
random,miss,False,0.8457575740124942,"[-0.7277014648763437, 0.4309947238845542]","[-0.7510760748832072, 0.4062113685417521]",0.4,0.5052356291088953,0.4900160636687207,81000290,,-16.1,0.5052356291088953
random,miss,False,0.2853934475753128,"[-0.27349983714948334, 0.08153072425858188]","[-0.3222504335221896, 0.05752973636313641]",0.9,1.077265961236688,0.5062989398678043,81000291,,-14.280483940607755,1.077265961236688
random,miss,False,0.11307795880274203,"[0.09197002173906746, 0.06578859983545844]","[0.05846925825941477, 0.08514966000025383]",5.4,5.63041921461103,0.5257332825681286,81000292,,-6.928595650246249,5.63041921461103
random,miss,False,0.09580022798965564,"[-0.09574764028287823, 0.00317380893100902]","[-0.05111321808499762, 0.15262405031626178]",1.8,1.9971067788443608,0.4797098161613611,81000293,,-5.5830473682555555,1.9971067788443608
random,miss,False,0.16430872310589406,"[0.006436895486304536, 0.16418259001851493]","[-0.05560206083217924, 0.1166342861275817]",3.8000000000000003,3.8948084833528505,0.49834854207915313,81000294,,-8.283006973912268,3.8948084833528505
random,miss,False,0.14829245972314045,"[0.11995571883860556, -0.08718531486811665]","[0.16662332383237893, -0.15920254042209692]",1.9000000000000001,2.1861192110385246,0.5090700993422849,81000295,,-7.1898955074986715,2.1861192110385246
random,miss,False,0.15359224137180008,"[0.10109641866805492, -0.11562910854152018]","[0.08864299808535599, -0.091201000474029]",6.2,6.272293466793265,0.4647410456911788,81000296,,-8.462416865384357,6.272293466793265
random,miss,False,0.1408859764576452,"[-0.07608205762116567, 0.11857646845202374]","[-0.04396384429285401, 0.10493552129144368]",5.5,5.596414905329838,0.5295662246967381,81000297,,-7.8254763410400185,5.596414905329838
random,miss,False,0.5960550100127683,"[-0.2310783476446216, -0.5494400533371704]","[-0.36155720713118605, -0.7296557460989226]",0.30000000000000004,0.3460121958388391,0.5180617340792841,81000298,,-16.075,0.3460121958388391
random,miss,False,0.17221614176371566,"[-0.021914883010488523, 0.1708160922940717]","[-0.17620588959312936, 0.19321450040875143]",2.4000000000000004,2.6000352294802465,0.48209612587307654,81000299,,-8.261530800491384,2.6000352294802465
hover,miss,False,0.1583256611739718,"[0.07012147026853954, -0.1419506759179175]","[0.035910163390458716, -0.08535834762646814]",7.300000000000001,7.403663482590196,0.5358393828934732,81000000,,-8.91969320816979,7.403663482590196
hover,miss,False,0.18306301239386952,"[-0.0926141553297548, -0.15790720293664276]","[-0.0435904648147971, -0.11654520134958149]",5.2,5.343803396798442,0.49173703547866043,81000001,,-9.437292161323212,5.343803396798442
hover,hit,True,0.022441149732833978,"[0.008182762523887721, 0.020896114442860738]","[0.06364681282466655, -0.014532039616568935]",4.4,4.491276421997815,0.44545741547900225,81000002,,6.837826518354138,4.491276421997815
hover,miss,False,0.1366330679914659,"[0.012285436448006795, -0.1360796212518338]","[-0.005433830839111628, -0.06755211577828499]",11.100000000000001,11.224180056821778,0.5134467064685412,81000003,,-9.079764847995122,11.224180056821778
hover,miss,False,0.13858191697960257,"[-0.01591055026036927, 0.13766554436079392]","[-0.0063583162343787344, 0.08221453968832526]",4.800000000000001,5.010518301289424,0.4901686054478337,81000004,,-7.57098119922734,5.010518301289424
hover,miss,False,0.09469294617683631,"[0.020177968681651004, 0.09251812598367701]","[-0.049917070757155235, 0.02268334284716697]",3.7,3.836438163037561,0.5209784865653379,81000005,,-6.032006673536941,3.836438163037561
hover,miss,False,0.10394060270605954,"[0.07788856504379571, -0.06882601489493137]","[0.01449620035122768, 0.029808754096425784]",2.3000000000000003,2.4000853063583527,0.4910366133580696,81000006,,-5.908783813691223,2.4000853063583527
hover,miss,False,0.12410727483554965,"[0.029865309477616078, -0.1204602795817479]","[0.0326978215368081, -0.03280697485136677]",5.300000000000001,5.525759016624556,0.5130993410693091,81000007,,-7.226557489766253,5.525759016624556
hover,hit,True,0.07592061380085526,"[-0.07187223817482002, -0.024460600557642813]","[-0.02168599762398915, -0.019964861586054754]",5.4,5.447037468409598,0.5141639556165388,81000008,,5.938402518531037,5.447037468409598
hover,miss,False,0.10929092763479928,"[-0.06479311323364617, -0.08801340432438026]","[-0.04506332203205887, -0.05618391938269479]",5.300000000000001,5.378088983210257,0.4812686838172966,81000009,,-6.799630476947522,5.378088983210257
hover,hit,True,0.07131053232590545,"[-0.07049774698580927, 0.010735906600228329]","[0.04107509136616968, -0.033502798249847865]",3.2,3.4200884429075096,0.5223798234965794,81000010,,6.572198515974813,3.4200884429075096
hover,miss,False,0.22118504747630552,"[-0.17910780878408666, -0.12978142417025085]","[-0.12639245176671116, -0.049614997544638925]",4.4,4.719555399293702,0.5223369523254958,81000011,,-11.13985496630809,4.719555399293702
hover,hit,True,0.0276417467653185,"[-0.013100988593362617, -0.02433989034721764]","[-0.001292794164521438, 0.04777643866325563]",2.4000000000000004,2.516502210566643,0.4777060345155441,81000012,,7.305670843921234,2.516502210566643
hover,miss,False,0.11587479112520971,"[0.06901844729461218, -0.09307750077946775]","[0.0731613049474645, -0.04314558227704724]",5.5,5.557052319327917,0.5053902624635271,81000013,,-7.032650273865552,5.557052319327917
hover,miss,False,0.1837125926501124,"[0.16775955432088238, 0.07488022858061424]","[0.12619568551224955, 0.05794038592891956]",4.5,4.60161006004256,0.44316401183713566,81000014,,-9.291705765213102,4.60161006004256
hover,miss,False,0.1488759009660468,"[0.14506043861145124, 0.033488849462254756]","[0.10302156425305754, -0.005759872104264006]",3.5,3.551318350772432,0.48139262675637484,81000015,,-7.611300480055824,3.551318350772432
hover,miss,False,0.23917830647499655,"[0.07557080229836391, 0.22692579432102683]","[0.04827754245749152, 0.1750999243635168]",5.2,5.429729441849976,0.47778780174689467,81000016,,-12.362501517067576,5.429729441849976
hover,timeout,False,,,,,,,81000017,,-10.999999999999993,12.0
hover,miss,False,0.12435775903192323,"[-0.019861604788929253, 0.12276143077795348]","[0.04185844306586443, 0.04706754884614833]",3.9000000000000004,4.090070525794209,0.4478821007925573,81000018,,-6.884241016227394,4.090070525794209
hover,miss,False,0.2076223970626343,"[-0.025037425495428783, 0.2061072223057577]","[-0.02621167759862847, 0.12238365472589638]",6.300000000000001,6.561689642984983,0.5343498482480691,81000019,,-10.89685922988076,6.561689642984983
hover,miss,False,0.12149892990229393,"[-0.10715076295074931, -0.05727742981729245]","[-0.09199288137407317, -0.05108609084518956]",6.0,6.058135346965811,0.4435096857419302,81000020,,-7.322467897210188,6.058135346965811
hover,miss,False,0.1873265866796538,"[0.06701325012924965, -0.17492991277698755]","[0.05631554644232763, -0.12442069556355241]",6.9,7.109854685730266,0.4940088378805661,81000021,,-10.05725309593208,7.109854685730266
hover,miss,False,0.0976750709647656,"[-0.05012885902997864, -0.08383028677229087]","[-0.07416302068667578, -0.049427533024698045]",2.7,2.74728138705374,0.5068610848856087,81000022,,-5.852829566416297,2.74728138705374
hover,miss,False,0.17251480772080804,"[0.11594830498024508, 0.12773938098783572]","[0.06949092522563757, 0.07372846683333129]",10.100000000000001,10.393628390813747,0.5315283792632247,81000023,,-10.199241837400905,10.393628390813747
hover,miss,False,0.1298723599148289,"[-0.1296253006319868, -0.0080069535975863]","[-0.09122054681358709, 0.008081812354804093]",6.1000000000000005,6.3397342330135835,0.47401079485001285,81000024,,-7.607324675289734,6.3397342330135835
hover,hit,True,0.07960701535589657,"[-0.06645687544432019, -0.04382648286198728]","[-0.06511773547153413, -0.03820022755615878]",4.4,4.553502828753572,0.4486512699940406,81000025,,6.117620136558772,4.553502828753572
hover,miss,False,0.184918268458151,"[-0.006065359527712651, 0.1848187691317102]","[0.04688969842642026, 0.11899170221621419]",4.9,5.099410374226547,0.515105795544312,81000026,,-9.446576050563063,5.099410374226547
hover,miss,False,0.19637212602011042,"[0.1685489071691925, 0.10076347438297797]","[0.08861384025024202, 0.0684113022682237]",5.9,6.067319301546693,0.5222591906424868,81000027,,-10.235742207118285,6.067319301546693
hover,miss,False,0.10905338455101238,"[0.06776087734401427, 0.08544649895461158]","[0.06739597540519766, 0.03585912158303599]",5.1000000000000005,5.2460241180179015,0.4646690796887429,81000028,,-6.743227244695182,5.2460241180179015
hover,timeout,False,,,,,,,81000029,,-10.999999999999993,12.0
hover,miss,False,0.17824195231643333,"[-0.14811529264569434, -0.09915671258192263]","[-0.09071319801157497, -0.06309771383646925]",9.3,9.493377512113362,0.47391046606086484,81000030,,-10.247246119206626,9.493377512113362
hover,miss,False,0.2145246270579487,"[0.12516302940050322, -0.17422695453241654]","[0.08144344148686218, -0.10277332752580946]",7.6000000000000005,7.7165272946054575,0.49402021185286427,81000031,,-11.581582174611354,7.7165272946054575
hover,hit,True,0.08608563305025624,"[-0.07355313960910591, 0.04472887066880568]","[-0.0345907416557467, 0.0742571409987916]",4.6000000000000005,4.836833957398619,0.47928040650829135,81000032,,5.935094294115633,4.836833957398619
hover,miss,False,0.11864415343385333,"[-0.11822112440579839, 0.010010039373772314]","[-0.0922799701217261, 0.009538834140248472]",6.4,6.522715115363796,0.4757066810551942,81000033,,-7.337831499263668,6.522715115363796
hover,miss,False,0.09211393293008681,"[-0.08164580709376168, 0.04264901902572657]","[-0.06335503607917459, 0.046024493930832244]",5.1000000000000005,5.1450802344661195,0.48857732141233695,81000034,,-6.322527980228213,5.1450802344661195
hover,hit,True,0.060976235647086104,"[-0.01923757719925437, -0.057862050924519626]","[-0.017779336902792375, -0.015633211642394895]",3.2,3.5172020246818696,0.483135972568772,81000035,,6.74097514645815,3.5172020246818696
hover,miss,False,0.11449429900137016,"[0.017324779680985065, 0.1131759537747329]","[0.025695225133224663, 0.0354900378116423]",5.7,5.882112044277282,0.5124318890342244,81000036,,-7.0433882103475485,5.882112044277282
hover,hit,True,0.026186056290905594,"[0.02597690722790086, 0.0033030039272620507]","[0.09552814103398893, 0.028480213026772207]",4.3,4.365167262252075,0.47913426785747226,81000037,,6.84034450073204,4.365167262252075
hover,miss,False,0.1578670130747872,"[0.1522887818967799, -0.041594719923928235]","[0.10232372970591648, 0.004987682213369574]",5.9,6.1687982701887005,0.5345965476473831,81000038,,-8.551789360142596,6.1687982701887005
hover,hit,True,0.03072482090968048,"[-0.025397684412231003, -0.017290813931930944]","[-0.01523472422289246, 0.018787102441739804]",4.9,5.029493023104263,0.44229227362734397,81000039,,6.658454985193588,5.029493023104263
hover,miss,False,0.2279839457836198,"[-0.16087341134239244, -0.16154387966781625]","[-0.10733667607261291, -0.09770630010438043]",7.4,7.58088241829327,0.4833626040830819,81000040,,-12.266874016675121,7.58088241829327
hover,miss,False,0.2194045135542563,"[0.19418499677461187, 0.10212995444835864]","[0.12001877169932286, 0.05955694698051099]",8.0,8.27499136010394,0.521923904220705,81000041,,-11.94300500839257,8.27499136010394
hover,hit,True,0.08402036319836005,"[0.04846197484165834, -0.06863569353063179]","[0.004274300220867354, 0.030887768141319796]",3.5,3.6021447459683067,0.5330266456892835,81000042,,6.253466489878477,3.6021447459683067
hover,miss,False,0.1564593312605814,"[0.07191767982595512, -0.13895096137472296]","[-0.0065064619498224965, -0.06026699058878658]",3.2,3.4851265759839207,0.4657004672450999,81000043,,-7.822163251667698,3.4851265759839207
hover,hit,True,0.07358778104662053,"[-0.071158363977253, 0.018752300004163364]","[-0.02763409713925307, 0.10194741136146421]",3.7,3.771843531078318,0.5222932347206346,81000044,,6.40646154081909,3.771843531078318
hover,miss,False,0.20602324279747117,"[0.18426620003723398, -0.09214957458731876]","[0.09180490098754775, -0.06323516912561411]",7.0,7.3112579569278315,0.48380099003460514,81000045,,-10.990194638615526,7.3112579569278315
hover,miss,False,0.14226881196451124,"[0.09183796968517663, -0.10865634901789234]","[0.029597947764000567, -0.055212613387095606]",7.1000000000000005,7.239380786095534,0.501462339370203,81000046,,-8.273816649110302,7.239380786095534
hover,miss,False,0.1531951935290674,"[-0.07502618119824336, -0.13356586186304034]","[-0.04589708367331238, -0.07685668134541704]",4.800000000000001,5.082533464546994,0.4586780233884608,81000047,,-8.097378681531902,5.082533464546994
hover,hit,True,0.08663962656145713,"[0.06825457196094434, -0.05336420426781439]","[0.07746042875170908, -0.016739135105066506]",4.5,4.736205441036357,0.46185693040636944,81000048,,5.948280877690278,4.736205441036357
hover,hit,True,0.05826596185856741,"[-0.05394441022801845, -0.022020965384271653]","[-0.08176874107694616, -0.013375626631625899]",3.6,3.653715437193817,0.5173195630913666,81000049,,6.680873788727897,3.653715437193817
hover,miss,False,0.16135571114872616,"[0.08919309876672829, -0.1344628448780547]","[0.041320605666066955, -0.08197467392791814]",6.300000000000001,6.538947415154708,0.48213675365880615,81000050,,-8.789279693865574,6.538947415154708
hover,miss,False,0.15477754754988698,"[0.07881528760662, 0.13320750603867373]","[0.05840804394091188, 0.07187301923409264]",4.5,4.655488568221456,0.4852242081595065,81000051,,-8.08254187969846,4.655488568221456
hover,miss,False,0.11946283364672078,"[0.009617362875346237, 0.11907508116406218]","[0.037858298184348084, 0.09308252756727253]",5.2,5.395254014451018,0.4822478746609897,81000052,,-7.061897360852354,5.395254014451018
hover,hit,True,0.07927072931058511,"[0.07262447340171953, -0.03177317089235809]","[0.0710141746618746, -0.043244088777574276]",5.300000000000001,5.47331129031319,0.5184853727789328,81000053,,5.8992162314281416,5.47331129031319
hover,miss,False,0.24228515253781024,"[-0.1362106889314329, -0.20037151334731793]","[-0.06341470658269684, -0.13545668003515873]",5.0,5.181158053438062,0.508598076352171,81000054,,-12.497172239539506,5.181158053438062
hover,hit,True,0.08971698273650122,"[0.02183669973986596, 0.08701893779984099]","[0.020550545563070843, 0.059678612436891154]",6.300000000000001,6.340975882591369,0.44069374500199027,81000055,,5.4312793837849815,6.340975882591369
hover,miss,False,0.18737580385624167,"[-0.1294401271594991, -0.13548042423798892]","[-0.07292039917018607, -0.09040468045871078]",6.0,6.149867599465126,0.4899581179232578,81000056,,-9.834529860589226,6.149867599465126
hover,hit,True,0.0511229145292674,"[0.03615333744931489, -0.03614538118823407]","[0.043505382171458114, 0.004715962435556718]",5.1000000000000005,5.218406792376805,0.5058689235250345,81000057,,6.402339211115213,5.218406792376805
hover,miss,False,0.09740377107938128,"[-0.08644217544868008, 0.04489147941630041]","[-0.03468141864747157, 0.10156482614275537]",3.5,3.6803446517968346,0.5034438063689199,81000058,,-6.046295632158582,3.6803446517968346
hover,hit,True,0.07459678802720075,"[0.0691097060112957, 0.028080764216940425]","[0.06157474473315079, 0.013934194313092617]",6.2,6.3560002667171345,0.44861004488870726,81000059,,5.763002372348751,6.3560002667171345
hover,miss,False,0.1608131945619121,"[0.08190539054806181, -0.13839216214936761]","[0.050685511972194196, -0.07938843969126502]",7.4,7.503577035663474,0.5105025913294304,81000060,,-9.042701672247825,7.503577035663474
hover,hit,True,0.03390441647403667,"[0.022956811259928017, -0.024949835134144102]","[-0.0073112512801546126, 0.04127078923668155]",2.8000000000000003,3.02608734522765,0.49199758573234914,81000061,,7.158085252290749,3.02608734522765
hover,miss,False,0.1034580238611959,"[-0.04523636278222546, 0.09304425927212634]","[-0.01138087395898827, 0.04531525990177476]",5.7,5.842702749505324,0.4727417885103519,81000062,,-6.746427493983182,5.842702749505324
hover,miss,False,0.11209674213421712,"[0.060753358869476165, -0.09420567383752323]","[0.13587461304429424, -0.03288191384584163]",3.6,3.6503584211962012,0.534827944109343,81000063,,-6.451318468778417,3.6503584211962012
hover,timeout,False,,,,,,,81000064,,-10.999999999999993,12.0
hover,miss,False,0.1999533100490848,"[-0.13345051734700744, 0.14890361184135695]","[-0.07289908717155438, 0.08070973283198327]",11.0,11.135660796234378,0.5277332693494234,81000065,,-11.685966197479678,11.135660796234378
hover,miss,False,0.19401609243501913,"[0.011851576971405514, 0.19365377416163296]","[0.032275910824561355, 0.13600431251052222]",3.5,3.6857264418410765,0.4509526259483767,81000066,,-9.522190632562207,3.6857264418410765
hover,miss,False,0.14212609925955108,"[0.13536411671270787, -0.04331724826583715]","[0.09466107100113784, -0.047268047904151886]",4.9,5.216561121323374,0.4690080317254887,81000067,,-7.718805937127872,5.216561121323374
hover,miss,False,0.16926158485341752,"[-0.10897677894957014, 0.12951272430486196]","[-0.04684823605238153, 0.05053588289338176]",7.300000000000001,7.423418131450179,0.5428791646030137,81000068,,-9.3619733465544,7.423418131450179
hover,miss,False,0.09730369985660967,"[-0.09473823822073871, -0.022196311058726506]","[-0.08346498569480545, -0.020853352120104418]",5.800000000000001,5.9492702772308865,0.5264959844359627,81000069,,-6.618890124171008,5.9492702772308865
hover,hit,True,0.016694235193859267,"[-0.0160026181176295, 0.004755386639297109]","[-0.03912878658656822, 0.03478446896557536]",3.9000000000000004,3.9990563430668837,0.5209519171991212,81000070,,6.990592902628655,3.9990563430668837
hover,miss,False,0.1073193252931163,"[-0.06136346651495683, -0.08804523018674824]","[-0.03819514872844354, -0.06456528062159704]",6.4,6.495297346171898,0.4630774453131981,81000071,,-7.021905874243172,6.495297346171898
hover,miss,False,0.13181651452702478,"[0.003139520208249258, 0.1317791216957957]","[0.04278328020495703, 0.12663904155627564]",4.6000000000000005,4.656522121971701,0.4947406251860345,81000072,,-7.295135000253499,4.656522121971701
hover,timeout,False,,,,,,,81000073,,-10.999999999999993,12.0
hover,hit,True,0.05329344779421278,"[-0.04895671296139886, -0.021057821202814016]","[-0.07401375019387596, 0.004879358196579645]",4.0,4.297659080356648,0.48219952036204505,81000074,,6.649359064469817,4.297659080356648
hover,miss,False,0.18991526460426875,"[-0.15038946505623513, 0.11597765530398021]","[-0.0710721764285151, 0.035828018272301886]",7.800000000000001,7.876701743882875,0.5354291942639143,81000075,,-10.402815769099925,7.876701743882875
hover,hit,True,0.08762444777215306,"[-0.08605250484220742, -0.01652302205277982]","[-0.051771572167751884, -0.019504999596102038]",5.7,6.002031870866067,0.46609145577481187,81000076,,5.6270933521759545,6.002031870866067
hover,miss,False,0.10608653990762969,"[0.045270622552025463, 0.09594229871816262]","[0.035759355823493544, 0.0786416687813557]",4.800000000000001,4.927370783847721,0.44827576690955007,81000077,,-6.589426413527544,4.927370783847721
hover,miss,False,0.22286018479550615,"[-0.19787173511473646, -0.10253505941759977]","[-0.1337510433703534, -0.08798110816802257]",7.300000000000001,7.6072614343013205,0.44124436349211543,81000078,,-11.95668666260335,7.6072614343013205
hover,miss,False,0.1417531390214958,"[-0.13747808392489402, -0.034550381514352524]","[-0.06539444195738318, 0.020466726575979147]",3.1,3.297835829000168,0.4514991676915076,81000079,,-7.2557348669688295,3.297835829000168
hover,miss,False,0.14327093793653564,"[0.014748515743234873, 0.14250979945458558]","[0.019769808723820573, 0.08079683034409595]",6.800000000000001,7.110790236851619,0.4859864783795979,81000080,,-8.234143414470942,7.110790236851619
hover,miss,False,0.1880690915729918,"[-0.11053727346317326, 0.15215615130653778]","[-0.07462722820369609, 0.1017823502548417]",10.3,10.358190497122353,0.4818976200860079,81000081,,-10.94166459322103,10.358190497122353
hover,hit,True,0.0264747030166749,"[-0.008170487313810142, 0.02518239537605592]","[0.003078665990660541, 0.04924685882270424]",5.300000000000001,5.383406218178658,0.45503387728443584,81000082,,6.588467913602329,5.383406218178658
hover,miss,False,0.1228921595216661,"[0.08864869250538426, 0.08511105797124399]","[0.05784906700086295, 0.0528123055423886]",7.0,7.2064817517925785,0.44021337542224886,81000083,,-7.614504058259088,7.2064817517925785
hover,miss,False,0.1392325130330728,"[0.07839242894753329, 0.11506658841388637]","[0.039196413911616775, 0.08357948850047284]",5.5,5.756438234605914,0.4877772685165028,81000084,,-7.768295393272195,5.756438234605914
hover,miss,False,0.18917218780536046,"[0.08441288997508681, 0.16929436093715722]","[0.0200302448437061, 0.0950273066374473]",7.300000000000001,7.449404235831597,0.5020756396248821,81000085,,-10.243039091242784,7.449404235831597
hover,miss,False,0.16976273308176557,"[0.09973088442547576, -0.13737953353794435]","[0.05371927396870338, -0.1082530604848016]",4.800000000000001,5.119031720928308,0.45419791231002904,81000086,,-8.75794883251738,5.119031720928308
hover,miss,False,0.23047845045498866,"[-0.1801240437491664, 0.14379028126956653]","[-0.1267898969799412, 0.05429567642810609]",5.1000000000000005,5.23940312178524,0.5071807569521848,81000087,,-11.833063719028722,5.23940312178524
hover,miss,False,0.11069801271428786,"[0.10986867524459712, -0.013524948018010673]","[0.08114467410389228, 0.0038186491135277344]",7.7,7.848228678622266,0.4465565942154056,81000088,,-7.4378456813447675,7.848228678622266
hover,hit,True,0.04865142149721711,"[-0.0018225820554762379, -0.04861727067977937]","[0.018024740807498343, 0.02415955015693285]",3.4000000000000004,3.5525038825643067,0.4803415441230025,81000089,,6.857782615592607,3.5525038825643067
hover,hit,True,0.04835774548487018,"[0.04710542362332923, -0.010933920323752983]","[0.030573817282294108, 0.001930335239514032]",5.0,5.1286865395731995,0.44528763947047567,81000090,,6.461299808842039,5.1286865395731995
hover,miss,False,0.20091724904808111,"[0.13891068693697972, -0.14516046989364928]","[0.10653897632034594, -0.11005511425316615]",6.7,6.766414562540547,0.45078144066514897,81000091,,-10.65867172408008,6.766414562540547
hover,miss,False,0.11756171090353038,"[0.10164651349469953, 0.059065575125762715]","[0.06915915910887446, 0.025896559246442744]",6.2,6.395541474884408,0.4930909125921918,81000092,,-7.2562661568599065,6.395541474884408
hover,hit,True,0.041912769358843124,"[0.029340782296271822, 0.02992989691880614]","[0.0314881478259145, -0.05312090259558262]",3.3000000000000003,3.387110115277885,0.4458869921277988,81000093,,6.958125896873138,3.387110115277885
hover,miss,False,0.1267059855859881,"[0.12467354509447708, -0.02260340542688244]","[0.09148558605655725, -0.08311526053779583]",3.1,3.2223985346321564,0.4567442922757328,81000094,,-6.7570255288045225,3.2223985346321564
hover,miss,False,0.16062080722064073,"[-0.09094977032868311, -0.13239026772905185]","[0.034562447944959454, -0.05610688994429062]",3.3000000000000003,3.4277948901564095,0.51273150875061,81000095,,-8.010067124964229,3.4277948901564095
hover,miss,False,0.09123451516882977,"[0.08726994953990055, 0.026602493593545724]","[0.04944964233730278, 0.00485737379565266]",6.2,6.414229738061638,0.48017479212703557,81000096,,-6.577621821986595,6.414229738061638
hover,miss,False,0.11694960666180818,"[-0.09635447065638429, 0.06627991010011726]","[-0.0022319709086299627, 0.014458215386296009]",4.9,5.112688992394571,0.5271087222334695,81000097,,-6.913544505969339,5.112688992394571
hover,miss,False,0.11677457348333269,"[0.062049705425551785, -0.09892489610212646]","[0.06877322739684348, -0.04181188166508281]",4.3,4.532426098739723,0.5063626074503655,81000098,,-6.758493952125218,4.532426098739723
hover,miss,False,0.09220891784635378,"[0.07436906449768284, -0.05451354672129774]","[-0.01953194740013424, 0.03958058097375913]",4.2,4.251663311177089,0.5301327203036912,81000099,,-6.09968944819699,4.251663311177089
hover,miss,False,0.1401505820517966,"[-0.11875651225380554, 0.07442497192991812]","[-0.06636479498616907, 0.08447432087479609]",4.6000000000000005,4.718227632331671,0.5151114792694298,81000100,,-7.574961191291033,4.718227632331671
hover,hit,True,0.03954974618122392,"[0.03282368630618533, -0.022063273562016532]","[0.006054916126836632, 0.058648241197695634]",2.9000000000000004,3.1013389606856796,0.5131086384499777,81000101,,7.081891058888982,3.1013389606856796
hover,miss,False,0.09716138954833928,"[-0.04275939684569777, -0.08724660222814562]","[-0.06398515582896491, -0.05710546240735404]",3.8000000000000003,4.031359081456642,0.4814826573757367,81000102,,-6.115473533205448,4.031359081456642
hover,miss,False,0.10252874604933933,"[0.09950123641245313, -0.024731512667910644]","[0.064450660205308, -0.01933439250664905]",7.800000000000001,7.89228851880753,0.4744970286085749,81000103,,-7.247795526722209,7.89228851880753
hover,miss,False,0.09118080235985979,"[0.07188688344196142, -0.05609112860327972]","[0.027974043932117616, 0.027504634374457573]",3.3000000000000003,3.6199355312995047,0.48089248971351406,81000104,,-5.85141218752936,3.6199355312995047
hover,miss,False,0.23758953238530509,"[-0.16092717018473948, -0.1747891066268142]","[-0.10217605489348006, -0.10157878800819295]",8.200000000000001,8.338424582910884,0.4876446154498789,81000105,,-13.018985913465176,8.338424582910884
hover,miss,False,0.2564797125901763,"[0.2136035611842923, 0.14196957990966852]","[0.13274318604431662, 0.07624804233282213]",9.5,9.710291407041451,0.5118695806717476,81000106,,-14.496215181523386,9.710291407041451
hover,timeout,False,,,,,,,81000107,,-10.999999999999993,12.0
hover,miss,False,0.11959882295503572,"[-0.11886247074116721, 0.013251094352360125]","[-0.06499964335830735, -0.0030568575837612924]",6.6000000000000005,6.881026584763652,0.48106116167141855,81000108,,-7.4159109200283915,6.881026584763652
hover,miss,False,0.1469581401560531,"[0.04350210029558708, -0.1403718712135691]","[0.02837119051945567, -0.08876129123210719]",4.800000000000001,4.892771159547307,0.4736896263972309,81000109,,-7.866258636805696,4.892771159547307
hover,hit,True,0.030866430957521073,"[0.03056555284412099, 0.004299248700489722]","[0.08819787559991721, 0.010903779859995072]",2.5,2.678427822243259,0.47448530081818724,81000110,,7.257378202462294,2.678427822243259
hover,hit,True,0.08317168780637907,"[-0.025233773633574416, -0.07925141210585027]","[-0.015273600271548712, -0.04460699357319183]",5.800000000000001,5.8585647797629035,0.4473243507548049,81000111,,5.695983993510891,5.8585647797629035
hover,miss,False,0.14518339880542938,"[0.09414853402664179, 0.11051820134860424]","[0.02312669259213128, 0.07083091674412367]",5.4,5.594112865586798,0.5381864872382731,81000112,,-7.952249294900785,5.594112865586798
hover,hit,True,0.07195935857492575,"[0.044563369197235046, -0.05650004789648998]","[0.03059813199588187, -0.031071611118757766]",5.2,5.283061028120636,0.47059331703402857,81000113,,6.060722310306822,5.283061028120636
hover,hit,True,0.07875482709385989,"[-0.07816525567875791, 0.009618502755531742]","[-0.0821790654283564, -0.041252116785995975]",4.1000000000000005,4.246519307645053,0.47117373491539183,81000114,,6.209281136964966,4.246519307645053
hover,miss,False,0.09035101427854107,"[-0.07384434825848248, -0.05206071466510126]","[-0.04821352965737964, -0.09121377107267079]",3.4000000000000004,3.509644306600821,0.5008108639508836,81000115,,-5.857815528538412,3.509644306600821
hover,miss,False,0.19674217737858668,"[-0.19159945169333795, 0.044689310472187056]","[-0.13747202917038218, 0.03044717881067705]",6.4,6.445638623993118,0.539933568549851,81000116,,-10.378701772798426,6.445638623993118
hover,miss,False,0.24990730979200898,"[-0.1432887928399235, 0.20474859055426153]","[-0.08729813258668387, 0.14895766278500988]",7.9,8.112758000084394,0.5052690778813136,81000117,,-13.685328825614707,8.112758000084394
hover,miss,False,0.15036043785526904,"[0.14613762162002927, 0.03538441492054618]","[0.08729651366902144, 0.038075117945702265]",4.7,4.893291905822606,0.5309132411941936,81000118,,-7.966143366917065,4.893291905822606
hover,timeout,False,,,,,,,81000119,,-10.999999999999993,12.0
hover,miss,False,0.13680979548510774,"[0.03798117704967584, -0.1314319227988322]","[-0.012268705530561266, -0.09871689892616553]",4.5,4.548518976987122,0.46693743806190846,81000120,,-7.435730881565062,4.548518976987122
hover,miss,False,0.1518191651279025,"[0.11584408268081547, -0.09812852494546992]","[0.06353939897575678, -0.05943337337225713]",6.5,6.79005649735844,0.5361100249446523,81000121,,-8.470562827176952,6.79005649735844
hover,miss,False,0.13606599003571873,"[0.10671206026956097, 0.08441853965466294]","[0.04497945597407431, 0.018047000629454177]",7.9,8.064821335596898,0.49481871196507865,81000122,,-8.260673289432134,8.064821335596898
hover,miss,False,0.1894752525414216,"[-0.05991472601079667, -0.17975287739751666]","[-0.040132778578696515, -0.11815339292232076]",6.7,6.822117469394471,0.5143411745372076,81000123,,-10.107206336498209,6.822117469394471
hover,miss,False,0.14649109022853152,"[-0.12163406957337553, 0.08163818123502631]","[-0.05698539019289739, 0.051216137396740136]",6.4,6.455189043687936,0.5085005383578098,81000124,,-8.24933821189429,6.455189043687936
hover,miss,False,0.12598578343179564,"[-0.02888974977373085, 0.1226287078335841]","[0.03993233120263548, 0.023297569844884243]",3.7,3.828998688600582,0.47416424278953573,81000125,,-6.884557731718928,3.828998688600582
hover,miss,False,0.10475376808752837,"[-0.10038921860410588, -0.029922511869706375]","[-0.04881718289572834, -0.038706831357210314]",3.9000000000000004,4.083339113382986,0.5002990318911315,81000126,,-6.329734805992059,4.083339113382986
hover,miss,False,0.14678623665514992,"[0.06487194379796654, 0.1316731946117172]","[0.02979945888437305, 0.09041637505710329]",8.3,8.498085675978725,0.4585815978320565,81000127,,-8.735024601405144,8.498085675978725
hover,miss,False,0.19706036197599108,"[-0.1671557922261576, -0.1043634389398618]","[-0.11012569123874513, -0.05633012823290631]",11.4,11.64132522040453,0.4418544997271969,81000128,,-11.644171143470196,11.64132522040453
hover,miss,False,0.18000931264524794,"[-0.05240681908146397, -0.1722117242024402]","[-0.023996653072800217, -0.10761358739579802]",6.4,6.502060864341337,0.46404871797365654,81000129,,-9.600413906051186,6.502060864341337
hover,hit,True,0.06550355884608637,"[-0.06426681789893954, -0.012668557086236959]","[-0.027899206468038534, -0.019610103706113907]",5.300000000000001,5.471726607683533,0.5037235048152265,81000130,,6.14528194796263,5.471726607683533
hover,miss,False,0.10465351617374652,"[-0.0029947036114478486, -0.10461066005818052]","[-0.0017792415079061347, -0.05075669454920294]",5.0,5.169257825925314,0.5030643714329877,81000131,,-6.602143018213409,5.169257825925314
hover,miss,False,0.10590930557672422,"[-0.05743988990387898, 0.0889799980645887]","[-0.005444979994518359, 0.0858623815338603]",4.9,5.199995601549127,0.5245257412518207,81000132,,-6.60978777873382,5.199995601549127
hover,miss,False,0.12739724489480772,"[0.06290545989052086, 0.11078339732446232]","[0.06694547845522306, 0.08349406307720666]",5.800000000000001,5.891412940555382,0.4891185321673722,81000133,,-7.453710865035507,5.891412940555382
hover,miss,False,0.2494658274512756,"[-0.1617779557072898, 0.18989758322085035]","[-0.08250895908416411, 0.124984508093367]",4.800000000000001,4.917604151297366,0.5396367753986498,81000134,,-12.883110995796248,4.917604151297366
hover,miss,False,0.14366137125938322,"[0.11098953103546293, 0.0912135603551048]","[0.08813264209466674, 0.08171055912054842]",5.300000000000001,5.566111949412931,0.5089115424385151,81000135,,-7.8729740237193,5.566111949412931
hover,miss,False,0.23550993301781442,"[0.16224197661527412, 0.170711656233616]","[0.1072940420837774, 0.11752112209578706]",7.4,7.621825523467082,0.44341355288544504,81000136,,-12.697522043216718,7.621825523467082
hover,timeout,False,,,,,,,81000137,,-10.999999999999993,12.0
hover,hit,True,0.06326231130707703,"[0.06097244987245589, -0.01686654642967495]","[0.029249234928745337, -0.0045590122779613565]",5.4,5.604607778099404,0.522527508728416,81000138,,6.155911107171171,5.604607778099404
hover,miss,False,0.22567271889321552,"[0.17709168770833927, 0.13988105732109804]","[0.1029263283408719, 0.06821638984557613]",6.9,7.124477156447955,0.44761670995770486,81000139,,-12.01242914230324,7.124477156447955
hover,timeout,False,,,,,,,81000140,,-10.999999999999993,12.0
hover,miss,False,0.14521039297935323,"[-0.14109360652583847, -0.03433150778439635]","[-0.1134215421144501, -0.04995734964179767]",3.3000000000000003,3.532866977673188,0.5370409002875329,81000141,,-7.428217065335581,3.532866977673188
hover,miss,False,0.15217014050818486,"[-0.15213581139181048, -0.0032321129986733806]","[-0.07091603632267059, -0.002886408080475014]",7.5,7.7100588672624015,0.4732810996980001,81000142,,-8.733734773121075,7.7100588672624015
hover,miss,False,0.2591817581643997,"[-0.2053689430803135, 0.1581100280920357]","[-0.1311999942321801, 0.10107939967225657]",8.3,8.356019054617729,0.5404354032227562,81000143,,-14.368232563603623,8.356019054617729
hover,miss,False,0.09972760368157592,"[-0.03093261239535776, 0.09480911573508127]","[0.0014470601569794433, 0.057264869024160336]",4.7,4.832542292226741,0.45981488019106553,81000144,,-6.402851226675244,4.832542292226741
hover,miss,False,0.11032720970148915,"[0.11030242930201446, -0.0023382238110291054]","[0.05047414007412816, -0.005335144925593185]",5.800000000000001,6.081618081964291,0.5302366654633681,81000145,,-6.952727555619303,6.081618081964291
hover,miss,False,0.10458625953466631,"[0.015563232506081548, -0.10342181335392561]","[0.0016535164047886686, -0.05589596558809582]",4.6000000000000005,4.891705528161075,0.5391572448358668,81000146,,-6.500405639932417,4.891705528161075
hover,hit,True,0.04802186782637703,"[0.03801761773652732, -0.029338720680583685]","[0.0297382326912368, 0.0062156343670565235]",6.4,6.665532239305105,0.5074180299162903,81000147,,6.115296322279752,6.665532239305105
hover,miss,False,0.12428080096835464,"[-0.11623177854302194, -0.043998763006040116]","[-0.06442716452286126, -0.046222357141738925]",4.0,4.255403131899917,0.4526616987705026,81000148,,-6.906878702387134,4.255403131899917
hover,miss,False,0.12295080441912305,"[-0.12191960214464456, 0.015890592191640573]","[-0.08548147669684822, 0.008329058787118926]",7.2,7.245932624214672,0.5000808596786397,81000149,,-7.666283988556719,7.245932624214672
hover,hit,True,0.07809062925862782,"[-0.009616570246401349, -0.07749624477808256]","[-0.021583008428569653, -0.04968375440617664]",4.4,4.454246159115219,0.5319040992110418,81000150,,6.147142422468091,4.454246159115219
hover,hit,True,0.08353311909387583,"[0.03232468237611582, 0.0770253003553694]","[0.05713572899112348, 0.028950025474144533]",5.300000000000001,5.450956184223097,0.45274180331975894,81000151,,5.813545433882514,5.450956184223097
hover,hit,True,0.04996738261380763,"[0.034266521154853624, -0.03636680977510419]","[0.07016750439432418, -0.04116300426849777]",5.300000000000001,5.431381167728037,0.5399957247927195,81000152,,6.366760577126588,5.431381167728037
hover,hit,True,0.058592096363885904,"[-0.0573932852598852, -0.011791715879902145]","[-0.08127789760333644, -0.014889007856497896]",3.2,3.5012174268156366,0.45209249373917393,81000153,,6.776168672059889,3.5012174268156366
hover,hit,True,0.04050152607788802,"[0.03853603161757836, -0.012463863037070167]","[0.04566894581563723, -0.006575741616153036]",3.6,3.737706176149467,0.46471315531580926,81000154,,6.897484738933599,3.737706176149467
hover,miss,False,0.17778133904639512,"[0.07378009284355437, 0.1617488868991864]","[0.03511580277222483, 0.12697078973610373]",3.1,3.2079802098753607,0.4638327669736983,81000155,,-8.677000557176457,3.2079802098753607
hover,hit,True,0.05708895168850994,"[-0.01817997445471122, -0.05411688215075837]","[0.04882754045108937, -0.040679410107032674]",4.800000000000001,5.084741410644032,0.508087719591781,81000156,,6.3976359993959235,5.084741410644032
hover,hit,True,0.010652261977686763,"[0.008339351498104212, -0.006627661867682912]","[0.026809076170157424, 0.01664702337419035]",4.800000000000001,4.940512666443919,0.5141710771585378,81000157,,6.785991273427005,4.940512666443919
hover,miss,False,0.13757431197084927,"[0.05759985070790094, 0.12493577755262936]","[0.036208209403880115, 0.08258596040680616]",4.2,4.454809243809382,0.44649697034688846,81000158,,-7.386628557315131,4.454809243809382
hover,hit,True,0.0605733572068977,"[0.04309341916658159, 0.04256863666888716]","[0.023698737424225055, 0.005497224717913588]",5.2,5.396742386703342,0.5111159206707555,81000159,,6.247020789714268,5.396742386703342
hover,miss,False,0.11236868961200401,"[0.09760409163337916, 0.055679113692136156]","[0.03160312945973934, 0.03180595892547469]",5.300000000000001,5.346644960094478,0.49622055254644715,81000160,,-6.883854617915913,5.346644960094478
hover,miss,False,0.17472070921512256,"[0.131034070174196, 0.11557421287735122]","[0.08511639241206705, 0.08495788176407755]",5.5,5.574336289038656,0.5237944338856519,81000161,,-9.14380570723894,5.574336289038656
hover,hit,True,0.039152995529481205,"[-0.0002660276607151929, -0.039152091747636036]","[0.013304966780340502, 0.029521914932348212]",4.800000000000001,4.843908326779567,0.4992530584158106,81000162,,6.610746042107213,4.843908326779567
hover,hit,True,0.06182264164395089,"[-0.024518174507203602, -0.05675295709186159]","[-0.019107047212096023, -0.033638837627926986]",7.0,7.111615573305349,0.4500561928319564,81000163,,5.778143330884401,7.111615573305349
hover,miss,False,0.2924710368788837,"[0.1727101655969951, -0.23603073128825386]","[0.08030717226642742, -0.12845663852384032]",5.300000000000001,5.519923144445722,0.5221929692358936,81000164,,-15.885408322593747,5.519923144445722
hover,hit,True,0.06667770797589888,"[-0.04520293257357885, -0.04901644242157659]","[-0.036206049328025264, -0.0056612472433646335]",5.2,5.437278454179675,0.44751790894298515,81000165,,6.151121390009969,5.437278454179675
hover,miss,False,0.22110566780928445,"[0.20812033592308798, 0.07465682897532318]","[0.14887731785835057, 0.033468947998692114]",6.300000000000001,6.384100805441434,0.5318174557945895,81000166,,-11.610520535480202,6.384100805441434
hover,hit,True,0.06515935862231492,"[-0.042874550368332834, 0.049066434013332744]","[-0.013114752933654009, 0.02982441607697381]",5.7,5.811715912248615,0.5400777801198353,81000167,,6.050834319003526,5.811715912248615
hover,miss,False,0.1285449841896331,"[-0.12854497827941933, 3.8980208235443736e-05]","[-0.08813428259572861, 0.030383897909858508]",3.2,3.467845981503499,0.4588630526394961,81000168,,-6.839976908680621,3.467845981503499
hover,timeout,False,,,,,,,81000169,,-10.999999999999993,12.0
hover,timeout,False,,,,,,,81000170,,-10.999999999999993,12.0
hover,miss,False,0.21420962212272127,"[-0.11300576497171429, -0.1819765350068978]","[-0.08828587445203874, -0.12508979775601015]",5.0,5.209316689920129,0.4761639095577523,81000171,,-10.914908914809757,5.209316689920129
hover,miss,False,0.13636273096622611,"[-0.12765690680178265, 0.047942763190791785]","[-0.09253758433282733, 0.006307183046318013]",3.5,3.785706430167207,0.4941377397399988,81000172,,-7.170653629205848,3.785706430167207
hover,miss,False,0.14177935946924852,"[0.107684248479299, 0.09222521022453124]","[0.06258012815502209, 0.05448638257069484]",6.800000000000001,7.005406858336104,0.48653548593680523,81000173,,-8.181652687840787,7.005406858336104
hover,hit,True,0.06106271455949752,"[-0.06002798185352373, -0.011193592094037398]","[-0.02994346099489828, -0.02763505606734907]",4.6000000000000005,4.835352745754406,0.48026034254733163,81000174,,6.389672208719176,4.835352745754406
hover,miss,False,0.14618130011823074,"[0.11768051511791017, 0.0867194837729075]","[0.05964092713733731, 0.07267651791751262]",6.300000000000001,6.51654262409533,0.46900428302240965,81000175,,-8.213144753611882,6.51654262409533
hover,miss,False,0.151649549039996,"[-0.08322951413869323, -0.12676921432379085]","[-0.04141494432272558, -0.09733805399518447]",5.6000000000000005,5.763259735242946,0.5295077542087899,81000176,,-8.23920811407829,5.763259735242946
hover,miss,False,0.1643396364666508,"[-0.1427942182943916, 0.0813469565237974]","[-0.09069219033330693, 0.028532802623490325]",6.300000000000001,6.42343942498097,0.49269616671136307,81000177,,-8.909261248640856,6.42343942498097
hover,hit,True,0.04299612601289111,"[0.0006015728647980265, -0.04299191740553973]","[0.029634432703147327, -0.02643239085332902]",5.9,5.9649280656455295,0.5282153265652193,81000178,,6.296769524430074,5.9649280656455295
hover,miss,False,0.15232908668288,"[-0.12050338935920885, 0.09318306607202448]","[-0.07950791351695624, 0.05276513218614981]",5.0,5.254975388008985,0.46415156368581467,81000179,,-8.114709956745724,5.254975388008985
hover,miss,False,0.12837547160986795,"[0.12804081089740751, 0.009263501270596285]","[0.06366701056466165, -0.011731324906543151]",4.9,5.068400784830514,0.46930671064248564,81000180,,-7.259600211241483,5.068400784830514
hover,hit,True,0.06827346500779177,"[0.033111414626683044, -0.05970678559083588]","[0.040603335030600235, -0.06689658499963326]",5.4,5.483910398312264,0.4635849150938031,81000181,,6.074535058744425,5.483910398312264
hover,miss,False,0.1952766536802692,"[-0.1403610651252379, -0.13576355501191223]","[-0.07533178318992481, -0.0800764342766546]",7.0,7.150360849259311,0.5400275572303469,81000182,,-10.45777425587207,7.150360849259311
hover,miss,False,0.1512669262550172,"[-0.0376369230688266, -0.14650988021478975]","[-0.010120026465750498, -0.08671812689683092]",6.300000000000001,6.580068873311703,0.48076563624650387,81000183,,-8.39989913316553,6.580068873311703
hover,timeout,False,,,,,,,81000184,,-10.999999999999993,12.0
hover,miss,False,0.1375274414414448,"[0.017277275947074816, 0.1364378718878254]","[0.005781644513255718, 0.08066591940966682]",6.9,7.1926295379816505,0.49419163027897794,81000185,,-8.060036685114817,7.1926295379816505
hover,hit,True,0.06748163552961098,"[0.012630350346521005, -0.06628910456383758]","[0.020313086965591427, -0.06512820589011045]",5.2,5.31733837035939,0.534834275090486,81000186,,6.137806032870216,5.31733837035939
hover,miss,False,0.12470416606521538,"[0.07796706012160065, 0.09732556997015493]","[-0.018985896482846487, 0.0686326234557336]",3.8000000000000003,3.8903728840748526,0.5243857446011154,81000187,,-6.869892473335904,3.8903728840748526
hover,hit,True,0.0809617355165131,"[0.07348079116071073, 0.03399082152937519]","[0.05607733389557025, 0.08359182116229683]",4.7,4.853317931382955,0.4736889106341856,81000188,,6.015765108907924,4.853317931382955
hover,miss,False,0.13780863240070532,"[0.10988580201579132, -0.08316447366212956]","[0.06677876540822322, -0.07725338269744]",4.0,4.143584394824706,0.48418911177497415,81000189,,-7.344594958537375,4.143584394824706
hover,hit,True,0.033095415630248017,"[-0.024363385352069604, 0.022399374766395263]","[0.025793077491348522, -0.007555527182494627]",3.5,3.5623942760551723,0.4918300287144904,81000190,,6.989776970896436,3.5623942760551723
hover,hit,True,0.041435221260898006,"[-0.04103082782272538, -0.005774835852337179]","[-0.030324459183325547, -0.040470279923043584]",5.5,5.606814445545019,0.466316845917676,81000191,,6.413039807291412,5.606814445545019
hover,hit,True,0.05463874577495171,"[0.05416010817229548, 0.007216316416639126]","[0.06329871896497075, 0.05697411039280899]",3.0,3.1688972666412094,0.48602196950112264,81000192,,6.881433019770395,3.1688972666412094
hover,miss,False,0.20262329151069153,"[0.13104803714907476, -0.1545399955416118]","[0.06303709159962011, -0.13622993285630192]",3.5,3.6989026647470777,0.5185947010654829,81000193,,-9.943666452176135,3.6989026647470777
hover,miss,False,0.1636389514752938,"[-0.16357102847196542, -0.004714348794589207]","[-0.08058839493174859, -0.016157564584855913]",7.9,8.047946080588874,0.4791167072072884,81000194,,-9.280889683942412,8.047946080588874
hover,miss,False,0.09350582944637664,"[-0.0935058292897996, -5.4112597357991454e-06]","[-0.030268860001117656, -0.0728642118110518]",3.9000000000000004,4.092600499888942,0.537209535979404,81000195,,-6.054424708698133,4.092600499888942
hover,hit,True,0.06785032217193364,"[-0.04965745949187385, -0.046236381082953464]","[0.0343182614717029, 0.0010888725203395165]",3.9000000000000004,3.982357052588161,0.5402678492787912,81000196,,6.456646145822815,3.982357052588161
hover,miss,False,0.14820232177249612,"[0.027867701524796028, -0.14555864588022024]","[0.04785790749387726, -0.09284049798155378]",4.4,4.603555135331737,0.4839073946778252,81000197,,-7.811596071451664,4.603555135331737
hover,hit,True,0.08949433810179859,"[0.06434786836929471, 0.06219797736749131]","[0.04243826430499629, 0.03286873090025653]",6.5,6.693108852491635,0.5384900959719906,81000198,,5.3862053639161696,6.693108852491635
hover,miss,False,0.18182012259440242,"[0.04373259760556885, -0.176482341572501]","[0.019325840433559664, -0.11735050001895345]",10.0,10.116100912551536,0.4976753904246698,81000199,,-10.581303330894258,10.116100912551536
hover,hit,True,0.0608217118394059,"[-0.05187289083496856, 0.031756634385576236]","[-0.031396310722535084, 0.017664251299479218]",7.300000000000001,7.587196999246737,0.5021931619266563,81000200,,5.718298687521518,7.587196999246737
hover,miss,False,0.1414089236593981,"[-0.14099376310694356, -0.01082785553341772]","[-0.10914949677451082, -0.021428212975919413]",5.2,5.267187169623006,0.4603615204836583,81000201,,-7.768701690186356,5.267187169623006
hover,hit,True,0.06018836072744413,"[0.0344520773716295, -0.049352741887722845]","[0.014145027127227566, -0.05129856911271477]",4.4,4.4744048503043725,0.5284006351123182,81000202,,6.452760646042353,4.4744048503043725
hover,hit,True,0.054498203462057575,"[0.04416665075448534, 0.03192743556446625]","[0.08270368918913673, 0.03780789736161521]",5.0,5.0517497293235145,0.45561436266280503,81000203,,6.38332664437138,5.0517497293235145
hover,timeout,False,,,,,,,81000204,,-10.999999999999993,12.0
hover,miss,False,0.2684880775412786,"[-0.20568446131505702, -0.1725681029487966]","[-0.12054874565555229, -0.10511040396302035]",5.800000000000001,6.066643423602814,0.5117434409881071,81000205,,-14.349487380470574,6.066643423602814
hover,miss,False,0.1471449349774431,"[0.03683850914711727, 0.14245896297998845]","[-0.004448511836472671, 0.08320918882286925]",5.0,5.213823865436491,0.47867510112549433,81000206,,-7.923040974014317,5.213823865436491
hover,miss,False,0.09811318577106541,"[-0.03258493198692551, -0.0925441485430334]","[-0.060016431694190506, 0.008946999817360121]",4.0,4.2538419884223,0.5251917003553566,81000207,,-6.1884194101416785,4.2538419884223
hover,miss,False,0.12893225889037976,"[-0.1284287007614851, -0.011384032822019868]","[-0.11387451077153361, 0.026902439373390392]",4.800000000000001,4.925675740137026,0.5396934951588258,81000208,,-7.252287331182211,4.925675740137026
hover,miss,False,0.1519177977615614,"[-0.15064347954161672, -0.01963566521198543]","[-0.07627478236537177, -0.005465671019230376]",5.7,5.900171739790951,0.517794963938364,81000209,,-8.274261392187983,5.900171739790951
hover,miss,False,0.17432638349739324,"[0.1442664655414019, 0.09786150879417152]","[0.05934065078932484, 0.07069470924414353]",4.9,5.102979744151684,0.5387042145554273,81000210,,-8.976813331269163,5.102979744151684
hover,miss,False,0.15035194124598558,"[-0.1503517714031987, 0.00022599193919987937]","[-0.09617278375554009, 0.00888734685423638]",5.6000000000000005,5.841240609350327,0.48436524272711845,81000211,,-8.190827930424234,5.841240609350327
hover,miss,False,0.12007177577133282,"[0.04034952566336892, -0.11308911139284082]","[0.01868103870735733, -0.07806935897390808]",7.9,8.117735286667505,0.5063007271460924,81000212,,-7.754905103318667,8.117735286667505
hover,miss,False,0.17399877356035726,"[0.1615155327562804, 0.06471712199227803]","[0.10102521483819082, 0.024172306646816074]",4.4,4.604313007999477,0.47420030312305744,81000213,,-8.837725086482529,4.604313007999477
hover,miss,False,0.21320717784145934,"[0.18779837161531696, -0.10094093471805671]","[0.12922041559805972, -0.02642307431194773]",5.6000000000000005,5.662144486687167,0.5247459012736968,81000214,,-11.012012430014774,5.662144486687167
hover,miss,False,0.09367838759711271,"[-0.035584907762309145, 0.08665653260050757]","[0.020867118841081955, 0.03298946779052895]",4.3,4.354022284148755,0.5425994031908976,81000215,,-6.158412383061097,4.354022284148755
hover,miss,False,0.09741355079079257,"[-0.0512388376100435, 0.08284914844488094]","[-0.010236255769710711, 0.07540476263267558]",5.2,5.271793055577506,0.5104655992861254,81000216,,-6.471530849095101,5.271793055577506
hover,miss,False,0.23727812502574605,"[-0.07915188987333546, -0.2236870290052889]","[-0.03472751727591697, -0.15268345806095648]",7.6000000000000005,7.777936731911498,0.5275066254562031,81000217,,-12.850729458732538,7.777936731911498
hover,miss,False,0.17549583137660504,"[0.03973590780511873, 0.17093813050770415]","[0.03264351936687276, 0.112415398689406]",7.4,7.686423221634032,0.4537322357347202,81000218,,-9.652319361798243,7.686423221634032
hover,miss,False,0.2392345111473371,"[-0.16361580276075094, -0.1745365875994498]","[-0.09810279257594777, -0.048677429221486886]",4.7,5.003260087255635,0.5385873460615604,81000219,,-12.240821151099428,5.003260087255635
hover,miss,False,0.1712279630890902,"[0.017847494481479993, -0.17029527968905178]","[0.02460129285750111, -0.12094574378610079]",6.5,6.606359280518902,0.4478381884437953,81000220,,-9.244631523906028,6.606359280518902
hover,miss,False,0.1321120420010554,"[0.06912935275299005, -0.11258207774615502]","[0.0596468342794511, -0.07150686091195389]",5.9,6.089319666837448,0.5284752510803172,81000221,,-7.6297644002084715,6.089319666837448
hover,miss,False,0.14787461449103648,"[0.11724035409170575, -0.09011992556213141]","[0.07342611567188362, -0.028336398865309673]",4.0,4.0568684033023175,0.46662299456951895,81000222,,-7.699617482823784,4.0568684033023175
hover,miss,False,0.1276379320509284,"[-0.11944207176070452, -0.04500036879569018]","[-0.0417984800457316, 0.014250629368936802]",3.7,3.8366250970747946,0.5233100520919362,81000223,,-6.93628909854783,3.8366250970747946
hover,timeout,False,,,,,,,81000224,,-10.999999999999993,12.0
hover,hit,True,0.05303571671503835,"[0.03447120335230542, 0.04030537665029079]","[0.05345009413816374, -0.03440296766488291]",4.5,4.621841788291752,0.5300446920488114,81000225,,6.527742315126198,4.621841788291752
hover,miss,False,0.18068856671928776,"[0.0961660209158671, -0.1529720711903958]","[0.11263013408508626, -0.07768177752326687]",4.3,4.500753125787785,0.46515046324993564,81000226,,-9.105661499144507,4.500753125787785
hover,miss,False,0.1546855244671645,"[0.13769596340170964, 0.07048001945627416]","[0.0721939387594519, 0.0018658962537248212]",3.9000000000000004,3.9847620750165063,0.5230672519524855,81000227,,-7.929026108602685,3.9847620750165063
hover,hit,True,0.06085791734894546,"[0.06071210935244624, 0.004210211636923589]","[0.04565894806630154, 0.023844148098416867]",4.9,4.9734432660553205,0.5174879774699959,81000228,,6.317754801969003,4.9734432660553205
hover,miss,False,0.13915046000799755,"[0.07824368296302799, 0.11506857345434718]","[-0.022303243406009962, 0.03551313703655835]",3.8000000000000003,3.8697696393429752,0.48129536386272936,81000229,,-7.340475372893498,3.8697696393429752
hover,miss,False,0.09033798163988449,"[-0.022123779064575813, -0.08758703857689187]","[-0.03259547168417912, -0.05950329454867654]",5.9,6.166251427043686,0.5012612566796925,81000230,,-6.482524805773839,6.166251427043686
hover,miss,False,0.11844446595667794,"[0.11207211944993621, 0.038326642923192066]","[0.060333299986974884, 0.026437671438072984]",6.6000000000000005,6.79346944380027,0.44696822521998497,81000231,,-7.381986606884276,6.79346944380027
hover,hit,True,0.02008778938050264,"[-0.02008210114612631, 0.0004780122929246601]","[-0.024235978543708056, -0.018682350483436524]",4.9,5.059253583798859,0.4597956973855127,81000232,,6.725182804667231,5.059253583798859
hover,miss,False,0.18507204480219241,"[-0.0323868075347855, -0.18221623545932858]","[-0.02619449728915567, -0.07527042396631063]",3.9000000000000004,4.036350755312252,0.5395105342156444,81000233,,-9.203600218180831,4.036350755312252
hover,miss,False,0.09029345460479311,"[0.045476071955469224, 0.0780053512521341]","[0.007422767011628931, 0.014346737505789483]",4.4,4.715558474009821,0.5344886820142486,81000234,,-6.106531844996029,4.715558474009821
hover,hit,True,0.037187679753596305,"[-0.028515315326846008, 0.02387049051164591]","[-0.03751317084889935, 0.0281144716110345]",6.2,6.362550634376441,0.5246773850739044,81000235,,6.279268700560985,6.362550634376441
hover,miss,False,0.15494076496668846,"[-0.11928829546619515, 0.09887842642979466]","[-0.0709109230796752, 0.0652419620101003]",7.7,7.887436379349505,0.4875699610092735,81000236,,-8.88878279610649,7.887436379349505
hover,hit,True,0.05607698595592311,"[-0.056052967012509475, 0.0016411102934666688]","[-0.052920541616122446, 0.06664610952459613]",4.4,4.600330022426701,0.4999095359999577,81000237,,6.5117742772961975,4.600330022426701
hover,miss,False,0.20002369725674904,"[-0.14712908494409496, -0.13550834597091382]","[-0.10450812162487924, -0.08284690898591601]",4.4,4.649491232373791,0.4545521708473204,81000238,,-10.03944190916785,4.649491232373791
hover,miss,False,0.15681496281386353,"[0.15174337803770221, -0.03955856145034085]","[0.08915896907342934, -0.029380918910517508]",11.9,12.149313193316354,0.48093733129129573,81000239,,-10.010917600285598,12.149313193316354
hover,hit,True,0.08760336262276358,"[0.07499200444497647, 0.045282981484659784]","[0.01933114291254126, 0.029633578814108413]",3.6,3.8739481459291785,0.5370001882676186,81000240,,6.152549488541307,3.8739481459291785
hover,miss,False,0.12591974932713407,"[-0.1167450295128153, 0.04718454571848886]","[-0.02826284450998763, 0.0469331871947969]",4.3,4.4565635783533075,0.5166622321725474,81000241,,-7.032504107482504,4.4565635783533075
hover,hit,True,0.07494731318427747,"[-0.033987338935838995, 0.066797908242718]","[0.01358023045239104, 0.027008930715250148]",4.800000000000001,4.865110156904339,0.49898532542185264,81000242,,6.106530894624424,4.865110156904339
hover,miss,False,0.12181680302268862,"[0.1166129121752537, -0.035224454753410794]","[0.08241283881775828, -0.02293218857592028]",4.9,5.09203108846414,0.46758530640033547,81000243,,-7.057016481317101,5.09203108846414
hover,hit,True,0.08088326834627842,"[0.08085476400700642, 0.002147145953908018]","[0.04652911307239471, 0.015851362325562966]",8.0,8.166135230971742,0.5257017672577741,81000244,,5.19233295081777,8.166135230971742
hover,timeout,False,,,,,,,81000245,,-10.999999999999993,12.0
hover,miss,False,0.24401255136396216,"[0.21628807772539776, 0.11296721939130203]","[0.12805220630008624, 0.06137608849967776]",7.7,7.8263092447895275,0.522935545365882,81000246,,-13.275879657179043,7.8263092447895275
hover,miss,False,0.10180026433268136,"[0.06315166233013032, 0.07984460760217307]","[0.007911462184620646, 0.016484513987646963]",4.4,4.558833038226507,0.44702325048065417,81000247,,-6.379418989901703,4.558833038226507
hover,miss,False,0.18862469662002743,"[-0.16379173004726258, -0.09354969451111023]","[-0.10951546808634385, -0.05204845217129855]",9.700000000000001,9.841052521691209,0.44286928649453244,81000248,,-10.817503231481156,9.841052521691209
hover,miss,False,0.13119672603252036,"[0.10735360104755193, -0.07541740690169124]","[0.050331310337725366, -0.024933157069712497]",10.0,10.088736137102435,0.5148029722863946,81000249,,-8.625009990327428,10.088736137102435
hover,miss,False,0.1357532714119959,"[-0.03357440189045112, 0.13153596556363395]","[-0.06851522013076371, 0.07052242602431984]",3.6,3.9182246359327886,0.5157782425368737,81000250,,-7.175179098649263,3.9182246359327886
hover,miss,False,0.1563186542560561,"[0.05705863001196867, -0.14553293238845177]","[0.01988113715662678, -0.07110587628032584]",8.0,8.250040605347674,0.5246582735821541,81000251,,-9.01673107017585,8.250040605347674
hover,miss,False,0.17620214445574023,"[-0.14724276957264582, -0.09678203613986575]","[-0.09337523663563096, -0.056732604200082914]",11.0,11.19061103316695,0.4439765727464978,81000252,,-10.582987124790309,11.19061103316695
hover,miss,False,0.12048847545074973,"[0.11308056412407753, -0.04159637885473097]","[0.04524547016721038, 0.009732399270611121]",4.6000000000000005,4.807195259160149,0.49206864676318085,81000253,,-6.942280582277274,4.807195259160149
hover,hit,True,0.07328971881050214,"[0.0713023176944804, -0.016951766123854475]","[0.04561821043424167, -0.07471347320328998]",3.8000000000000003,4.094995654101818,0.45658226289140486,81000254,,6.386866310700929,4.094995654101818
hover,hit,True,0.08439312684628941,"[-0.07968842728590109, 0.02778406765744624]","[-0.03843990762243443, -0.034517150441836224]",4.800000000000001,4.977617633936432,0.5073469878275593,81000255,,5.920716066803223,4.977617633936432
hover,miss,False,0.23001555695489753,"[-0.17001416989429857, -0.15492688106466318]","[-0.09042650953013626, -0.07628006197037346]",9.1,9.338802280969492,0.49953477351684433,81000256,,-12.806747708798973,9.338802280969492
hover,hit,True,0.037338933475895564,"[0.03655965559693396, 0.007588645185468201]","[0.009926508837746581, -0.03590951694157618]",2.6,2.8916018585900187,0.5118916736680585,81000257,,7.177877042825018,2.8916018585900187
hover,miss,False,0.1488479148815558,"[0.09714154366122177, 0.11277952943553995]","[0.05600416986665571, 0.027737202615689606]",4.0,4.059597593976356,0.49902382986588195,81000258,,-7.735271822788505,4.059597593976356
hover,miss,False,0.1920033047425157,"[-0.1808260664256925, 0.06455387465565794]","[-0.1172534834743087, 0.047156804934306476]",7.2,7.245924731269232,0.4859916784579804,81000259,,-10.35126778173424,7.245924731269232
hover,hit,True,0.035195202424169715,"[0.0227243012060478, 0.02687579595798227]","[0.01505931895115998, 0.015439215327422193]",5.800000000000001,5.869252119907407,0.4837131799973691,81000260,,6.397073793373053,5.869252119907407
hover,hit,True,0.056203166111044464,"[-0.046717577993047724, -0.031245220232367706]","[-0.05581127843903268, -0.05601320726473911]",3.4000000000000004,3.617901340353883,0.48289690398928,81000261,,6.76002519988819,3.617901340353883
hover,miss,False,0.1658624637871894,"[0.019672573562226597, -0.16469167174752797]","[0.029336759516313697, -0.11128972653625889]",5.2,5.257838628782635,0.5116921236545084,81000262,,-8.696340357229223,5.257838628782635
hover,miss,False,0.12255564018484486,"[-0.12035020820153826, 0.02314546018042314]","[-0.08678061831545054, 0.02835030164130067]",6.300000000000001,6.35903589226685,0.48387608045986796,81000263,,-7.429306782853969,6.35903589226685
hover,miss,False,0.1753478579841828,"[-0.1753227035096122, -0.0029700056770568008]","[-0.12467767580186027, 0.016413441324102742]",4.9,5.037088500995992,0.5278302274357001,81000264,,-9.020910036992733,5.037088500995992
hover,miss,False,0.10977765209821293,"[0.10625683809485226, -0.027579290387546716]","[0.07490581342376151, -0.02211617715450683]",6.7,7.019733711638132,0.44498949101329527,81000265,,-7.162794185209415,7.019733711638132
hover,timeout,False,,,,,,,81000266,,-10.999999999999993,12.0
hover,miss,False,0.18016988550198293,"[-0.16906302973512377, -0.06228065204040732]","[-0.09702448336540871, -0.04153967274930935]",7.0,7.060263064961906,0.49687795480911096,81000267,,-9.757554029851558,7.060263064961906
hover,miss,False,0.1746128297395231,"[-0.1163000014124291, -0.13024572922408117]","[-0.08636507760036824, -0.0786385417095571]",5.300000000000001,5.525827900023496,0.4412017887004031,81000268,,-9.089153124647368,5.525827900023496
hover,miss,False,0.21321887562469505,"[-0.15308670642804617, 0.14841411401100768]","[-0.10195012560512057, 0.09016711018594326]",6.2,6.478256390325017,0.48947377200756503,81000269,,-11.162628262056687,6.478256390325017
hover,miss,False,0.18945675979779844,"[0.133799899998017, 0.13413221310930995]","[0.0831910084678835, 0.07146924165503227]",5.300000000000001,5.56361658350466,0.5069492496944903,81000270,,-9.756341213960578,5.56361658350466
hover,miss,False,0.1541063813390683,"[-0.07032532268751404, -0.13712449000203922]","[-0.034618403508104106, -0.11909186519973872]",6.2,6.299807112028059,0.5121674652823058,81000271,,-8.481947749311399,6.299807112028059
hover,miss,False,0.14680181231120462,"[0.04649403130878539, 0.1392446665065195]","[0.031098912747022825, 0.09008226047602867]",5.6000000000000005,5.815488623289971,0.49780660134407817,81000272,,-8.060589147883228,5.815488623289971
hover,hit,True,0.03867903336754314,"[-0.020878364344097275, -0.03256012169145937]","[0.025703603162348668, -0.016099188456740507]",4.800000000000001,4.954963415537947,0.46125146961417135,81000273,,6.615300293549689,4.954963415537947
hover,miss,False,0.1363567049695969,"[-0.013779285625670823, -0.13565869775953135]","[-0.023993935757498808, -0.0678541057792437]",5.0,5.306054088357252,0.4845212647823952,81000274,,-7.545450739526629,5.306054088357252
hover,hit,True,0.0849587937670499,"[-0.000122450955040182, -0.0849587055228346]","[0.02573790019613295, -0.08890328000779324]",3.2,3.518529602464836,0.4743282439069539,81000275,,6.308889303907145,3.518529602464836
hover,hit,True,0.07198630313644618,"[-0.0682850160324228, 0.02278561881327961]","[-0.06403283199003106, 0.023345535409484468]",3.9000000000000004,4.067166397805608,0.4967816714317132,81000276,,6.385243476635515,4.067166397805608
hover,miss,False,0.11178387571583945,"[0.08698085991028637, 0.07021370862816875]","[0.02214108225565358, 0.015656672865471205]",5.800000000000001,5.840476837313623,0.5427351744608051,81000277,,-6.992670971611634,5.840476837313623
hover,miss,False,0.09898338532346089,"[-0.0031922410557624625, 0.09893189661142981]","[0.0026068548242460243, 0.06875858125328943]",5.4,5.582594974246966,0.4946048675532309,81000278,,-6.559593897542312,5.582594974246966
hover,miss,False,0.09048365922491246,"[0.0018665068968791027, -0.09046440592152247]","[0.02323495675597613, -0.04151502193212451]",5.9,6.069257464594676,0.4457839064687169,81000279,,-6.485776862559269,6.069257464594676
hover,hit,True,0.08365145779089019,"[-0.08007992259505249, 0.024182067482154717]","[-0.04448437021831199, 0.03015066003194202]",5.5,5.681716660760092,0.48552658948494853,81000280,,5.761102914748015,5.681716660760092
hover,miss,False,0.1100480119443771,"[-0.10872632739660192, 0.017004430709573845]","[-0.0690243546985667, 0.021240726012528126]",4.1000000000000005,4.412000852081822,0.5317601917626624,81000281,,-6.520131473198737,4.412000852081822
hover,hit,True,0.047574618480727054,"[0.0064916200514501254, -0.04712964239938965]","[0.06577387589661224, -0.040236253526264025]",4.800000000000001,4.909627126487691,0.4502108235651046,81000282,,6.520574774865835,4.909627126487691
hover,miss,False,0.1585780277153138,"[0.14574453134241966, -0.06249417939182245]","[0.07151293249595732, -0.07335325198115229]",3.8000000000000003,4.09650077463718,0.45611174009490446,81000283,,-8.054566774577633,4.09650077463718
hover,miss,False,0.197088149442312,"[0.13377518386573464, -0.14473402790043538]","[0.07229583409054088, -0.07751124924527314]",7.4,7.5686851096529235,0.539570781399054,81000284,,-10.645523290196925,7.5686851096529235
hover,miss,False,0.11542421092784907,"[0.11532996561843016, -0.004663421358649715]","[0.09774440851116731, -0.010867315748489897]",6.1000000000000005,6.389606244406147,0.48186836271084915,81000285,,-7.1697837615205655,6.389606244406147
hover,miss,False,0.09166130976181969,"[-0.07982464486803495, -0.04505354346712768]","[-0.07300864787900854, -0.027370894385093138]",5.6000000000000005,5.770144711192822,0.5140840006918608,81000286,,-6.437258729290402,5.770144711192822
hover,miss,False,0.13840422271235478,"[-0.13840336756561675, 0.00048652965776947027]","[-0.06880504819028851, -0.02065217021702275]",4.7,4.973537273800956,0.5103848515707371,81000287,,-7.539904798100136,4.973537273800956
hover,miss,False,0.11752563369418045,"[-0.11749239093578401, 0.002795111341535858]","[-0.02961656899215625, 0.0017392778192018427]",4.9,4.958411500207733,0.5052714168471756,81000288,,-6.930219083360331,4.958411500207733
hover,miss,False,0.0992179737071455,"[0.0651594923008511, 0.0748227697271836]","[0.05053191928655003, 0.0819969704253577]",5.7,5.743687460665593,0.4408304283557386,81000289,,-6.640334111919977,5.743687460665593
hover,miss,False,0.20151519425782763,"[-0.15110591608470889, 0.13332432501599595]","[-0.08607781468350381, 0.09125988466541252]",7.7,7.805235629108895,0.4900160636687207,81000290,,-10.938379446514814,7.805235629108895
hover,miss,False,0.11094538777637894,"[-0.07259531503353617, 0.08389755243171718]","[-0.03702828513492046, 0.04971651222809295]",7.300000000000001,7.4772659612366885,0.5062989398678043,81000291,,-7.344614699858157,7.4772659612366885
hover,miss,False,0.1165910480448458,"[0.1084548111694042, 0.04279049448656115]","[0.05965052624606409, 0.025717078304821964]",7.800000000000001,8.03041921461103,0.5257332825681286,81000292,,-7.628206479530311,8.03041921461103
hover,miss,False,0.15734384869056345,"[-0.11875017038282047, -0.10322540266237781]","[-0.0789545213091181, -0.017610246152980152]",3.1,3.297106778844361,0.4797098161613611,81000293,,-7.831430459352955,3.297106778844361
hover,miss,False,0.17245522528598128,"[0.011549774979303762, 0.17206803138981397]","[-0.02334721244822935, 0.1112900965994561]",4.7,4.79480848335285,0.49834854207915313,81000294,,-8.846704287461549,4.79480848335285
hover,hit,True,0.049516148046733925,"[0.04810207743413766, -0.011749002677091197]","[0.03681552865674019, -0.03494794358297529]",4.0,4.286119211038525,0.5090700993422849,81000295,,6.697302602791842,4.286119211038525
hover,miss,False,0.152876275826849,"[0.09385226337676073, -0.12067687587001065]","[0.07490027286034057, -0.08535443354791296]",7.0,7.072293466793265,0.4647410456911788,81000296,,-8.63532786551689,7.072293466793265
hover,miss,False,0.10406731461128438,"[-0.06909085582451992, 0.07782325881020047]","[-0.0460897414196917, 0.045983327947349724]",8.0,8.096414905329839,0.5295662246967381,81000297,,-7.337037774123953,8.096414905329839
hover,hit,True,0.08618849711005837,"[0.08349829266782909, 0.021365677046330647]","[0.03223698294858328, -0.06749183387870893]",3.6,3.646012195838839,0.5180617340792841,81000298,,6.182906539001167,3.646012195838839
hover,miss,False,0.14682248551015692,"[0.08927966639181772, 0.11655892681534938]","[0.003965848815546624, 0.08713947339761527]",4.2,4.400035229480246,0.48209612587307654,81000299,,-7.711338549553117,4.400035229480246
ballistic,miss,False,0.1739817551731508,"[0.06856547438110397, -0.15990130348444428]","[0.0379982350416416, -0.11642788796302492]",5.7,5.803663482590196,0.5358393828934732,81000000,,-9.161993967053107,5.803663482590196
ballistic,miss,False,0.1884640677976714,"[-0.08021398943424733, -0.17054155138818144]","[-0.02989288308218567, -0.14806770136388342]",3.8000000000000003,3.9438033967984425,0.49173703547866043,81000001,,-9.335025290227813,3.9438033967984425
ballistic,hit,True,0.06804791612912998,"[0.06649796378110231, -0.01444090379734983]","[0.1399347500429087, -0.06490819472046636]",3.6,3.691276421997815,0.44545741547900225,81000002,,6.528331001294184,3.691276421997815
ballistic,miss,False,0.1480868491525473,"[0.04773081546503846, -0.14018375136574046]","[0.024755260885682886, -0.07265128886588612]",5.7,5.824180056821777,0.5134467064685412,81000003,,-8.13237220888016,5.824180056821777
ballistic,miss,False,0.13891005824884164,"[-0.01197722013813067, 0.13839273998465143]","[0.0031040632768211673, 0.11059452139140327]",4.0,4.210518301289423,0.4901686054478337,81000004,,-7.382222750950195,4.210518301289423
ballistic,hit,True,0.08328693093107305,"[-0.061625862000148135, 0.05602647585433186]","[-0.15808959058238164, -0.030106127073241215]",2.4000000000000004,2.536438163037561,0.5209784865653379,81000005,,6.543615695812674,2.536438163037561
ballistic,miss,False,0.09829630498761148,"[0.07162833375185843, -0.06731675406724474]","[0.011122331666736845, 0.039788247650981934]",2.2,2.3000853063583526,0.4910366133580696,81000006,,-5.742859700520683,2.3000853063583526
ballistic,miss,False,0.14413954973641402,"[0.10971589602368294, -0.09348065017925668]","[0.15558626802840783, -0.01320595437261042]",2.8000000000000003,3.0257590166245554,0.5130993410693091,81000007,,-7.264964172619281,3.0257590166245554
ballistic,hit,True,0.0782797456422576,"[-0.029071890548288605, -0.0726811100476931]","[0.05320460550996011, -0.09394381720192772]",3.4000000000000004,3.4470374684095977,0.5141639556165388,81000008,,6.393491533602894,3.4470374684095977
ballistic,miss,False,0.10132041224294441,"[-0.06119086280870671, -0.0807558310328501]","[-0.045636763858519155, -0.05682727727946667]",5.1000000000000005,5.178088983210257,0.4812686838172966,81000009,,-6.5423859181580495,5.178088983210257
ballistic,miss,False,0.11944500767818898,"[-0.11299964548305849, 0.03870645915019512]","[0.006936762366408639, -0.014048598418015746]",3.5,3.7200884429075094,0.5223798234965794,81000010,,-6.636371587560818,3.7200884429075094
ballistic,miss,False,0.22118504747630552,"[-0.17910780878408666, -0.12978142417025085]","[-0.12639245176671116, -0.049614997544638925]",4.4,4.719555399293702,0.5223369523254958,81000011,,-11.13985496630809,4.719555399293702
ballistic,hit,True,0.006711403169974115,"[-0.006481780651927796, 0.0017405321284690717]","[0.0017307318484347661, 0.09801713590793475]",2.0,2.1165022105666425,0.4777060345155441,81000012,,7.494439144134575,2.1165022105666425
ballistic,miss,False,0.15636485101980707,"[0.1439569700838858, -0.06104389730934342]","[0.1864347381306228, -0.012971772600268017]",3.4000000000000004,3.4570523193279175,0.5053902624635271,81000013,,-7.868514399314379,3.4570523193279175
ballistic,miss,False,0.20213803877496092,"[0.16968702943649222, 0.10984579537154177]","[0.1397748563417111, 0.1070513763438084]",3.5,3.60161006004256,0.44316401183713566,81000014,,-9.919418113554023,3.60161006004256
ballistic,miss,False,0.1472532868551867,"[0.14424298121946996, 0.029622505946923783]","[0.11279669448406535, -0.01876858557365102]",3.2,3.2513183507724324,0.48139262675637484,81000015,,-7.476979072797026,3.2513183507724324
ballistic,miss,False,0.23917830647499655,"[0.07557080229836391, 0.22692579432102683]","[0.04827754245749152, 0.1750999243635168]",5.2,5.429729441849976,0.47778780174689467,81000016,,-12.362501517067576,5.429729441849976
ballistic,miss,False,0.12470264546052393,"[0.1000697920569847, 0.07440958609295559]","[0.051798718976201655, 0.12558435216809816]",2.6,2.704724463514846,0.4624392638686638,81000017,,-6.569845652451004,2.704724463514846
ballistic,miss,False,0.10314317178125819,"[0.024250761756118025, 0.10025175529309269]","[0.11137809372414738, 0.006303054058654688]",3.2,3.3900705257942083,0.4478821007925573,81000018,,-6.1133967759380425,3.3900705257942083
ballistic,miss,False,0.22663303782988048,"[-0.020316160917718484, 0.22572059596227678]","[-0.033040634705018446, 0.15905163226876007]",4.4,4.661689642984983,0.5343498482480691,81000019,,-11.441053560000006,4.661689642984983
ballistic,miss,False,0.13549477773573002,"[-0.1067563723254824, -0.08343807141561851]","[-0.10398969319544092, -0.0765314429121762]",4.9,4.958135346965811,0.4435096857419302,81000020,,-7.491522814031466,4.958135346965811
ballistic,miss,False,0.1873265866796538,"[0.06701325012924965, -0.17492991277698755]","[0.05631554644232763, -0.12442069556355241]",6.9,7.109854685730266,0.4940088378805661,81000021,,-10.05725309593208,7.109854685730266
ballistic,miss,False,0.09334334084405581,"[-0.04722862818155395, -0.08051357624660642]","[-0.10997455396119453, -0.05117127774302847]",2.1,2.1472813870537397,0.5068610848856087,81000022,,-5.600676454312294,2.1472813870537397
ballistic,miss,False,0.2071241384462891,"[0.15299912986007128, 0.1396125889351622]","[0.11124457903377885, 0.08317878074265422]",5.800000000000001,6.093628390813746,0.5315283792632247,81000023,,-10.746346756434264,6.093628390813746
ballistic,miss,False,0.19635690275856937,"[-0.19313769047485652, 0.03540996722642918]","[-0.1736312041726087, 0.05647464299465137]",3.4000000000000004,3.6397342330135833,0.47401079485001285,81000024,,-9.610004106288676,3.6397342330135833
ballistic,miss,False,0.12203124053585311,"[-0.09920617490077377, -0.0710616530083302]","[-0.11297912786996453, -0.08163256879824024]",3.1,3.2535028287535717,0.4486512699940406,81000025,,-6.61347205761966,3.2535028287535717
ballistic,miss,False,0.17512531947197427,"[0.011442250621962594, 0.17475111564984427]","[0.07630521555812421, 0.12765088382953363]",4.4,4.599410374226547,0.515105795544312,81000026,,-8.886281175328525,4.599410374226547
ballistic,miss,False,0.21981108343750755,"[0.18677631362377656, 0.11589443934496413]","[0.11434786740789503, 0.08088452213097297]",4.9,5.067319301546693,0.5222591906424868,81000027,,-11.190050913823569,5.067319301546693
ballistic,miss,False,0.11277765458022408,"[0.0738926924811976, 0.08519782491645841]","[0.07201389799817047, 0.030339538271657]",4.9,5.046024118017901,0.4646690796887429,81000028,,-6.795222144767449,5.046024118017901
ballistic,miss,False,0.13119200206008896,"[-0.10341456941727636, 0.08072650269133251]","[-0.05473426946756724, 0.041532821514589466]",8.700000000000001,8.746392093094814,0.4801473187867891,81000029,,-8.29985696352276,8.746392093094814
ballistic,miss,False,0.2050329278111128,"[-0.17044268162429177, -0.1139640020687116]","[-0.1256684266958218, -0.09083467424382108]",4.6000000000000005,4.793377512113362,0.47391046606086484,81000030,,-10.339938455160121,4.793377512113362
ballistic,miss,False,0.21815272868990243,"[0.12537305379238733, -0.1785278981493406]","[0.07464360998448467, -0.12454804921475865]",6.4,6.516527294605457,0.49402021185286427,81000031,,-11.475384325290143,6.516527294605457
ballistic,miss,False,0.1475908844827813,"[-0.036857738174254355, 0.14291457699999607]","[-0.004871460222152173, 0.1842927163103748]",3.3000000000000003,3.5368339573986196,0.47928040650829135,81000032,,-7.514267800297493,3.5368339573986196
ballistic,miss,False,0.15208691663434573,"[-0.14369150477435932, 0.049831532858449185]","[-0.1327246711022394, 0.04218671887298933]",4.3,4.422715115363795,0.4757066810551942,81000033,,-7.9306086680669665,4.422715115363795
ballistic,miss,False,0.09211393293008681,"[-0.08164580709376168, 0.04264901902572657]","[-0.06335503607917459, 0.046024493930832244]",5.1000000000000005,5.1450802344661195,0.48857732141233695,81000034,,-6.322527980228213,5.1450802344661195
ballistic,hit,True,0.043864060497900606,"[-0.04371797761997936, 0.003576903155310285]","[-0.061544672749007795, 0.06864566006285194]",1.7000000000000002,2.0172020246818696,0.483135972568772,81000035,,7.337462246498336,2.0172020246818696
ballistic,miss,False,0.10048024696351888,"[0.09655147999503233, 0.0278225042118537]","[0.1485921600981452, -0.054318159449788156]",3.6,3.7821120442772815,0.5124318890342244,81000036,,-6.146454324672808,3.7821120442772815
ballistic,miss,False,0.09185634108338551,"[0.09175708876018696, -0.004268964685076482]","[0.19404128435246726, 0.04984223166668561]",3.5,3.5651672622520745,0.47913426785747226,81000037,,-5.916677456447809,3.5651672622520745
ballistic,miss,False,0.21108570316826694,"[0.2110823788724633, 0.001184656736591981]","[0.17784793949325098, 0.04214562626208015]",4.6000000000000005,4.868798270188701,0.5345965476473831,81000038,,-10.650885689140951,4.868798270188701
ballistic,miss,False,0.1071618234400313,"[-0.0056150657474552945, 0.10701461320606731]","[0.01592056751419435, 0.18348633271930848]",2.4000000000000004,2.5294930231042634,0.44229227362734397,81000039,,-6.0177353583941295,2.5294930231042634
ballistic,miss,False,0.22692508054401953,"[-0.18339466650763322, -0.13364650566499575]","[-0.14364678137326833, -0.060835247461330004]",4.9,5.08088241829327,0.4833626040830819,81000040,,-11.582406441964165,5.08088241829327
ballistic,miss,False,0.2355530901940712,"[0.20596235955945552, 0.11430120185141447]","[0.14666513293235073, 0.06246238448182263]",5.5,5.77499136010394,0.521923904220705,81000041,,-12.225031888885955,5.77499136010394
ballistic,miss,False,0.09821175590771429,"[0.05496357739210471, -0.08139136415332138]","[0.015838447774423378, -0.010066562274486109]",4.2,4.302144745968307,0.5330266456892835,81000042,,-6.240808518330427,4.302144745968307
ballistic,hit,True,0.07056577334360666,"[-0.03271308475211554, -0.06252505460679082]","[-0.16423361896500532, 0.04192845733528848]",1.8,2.085126575983921,0.4657004672450999,81000043,,6.9352434114097194,2.085126575983921
ballistic,miss,False,0.09232951881095562,"[-0.03865562065347713, 0.08384797574036645]","[0.00781991928065421, 0.20229177526490577]",2.8000000000000003,2.871843531078318,0.5222932347206346,81000044,,-5.752437042452174,2.871843531078318
ballistic,miss,False,0.20602324279747117,"[0.18426620003723398, -0.09214957458731876]","[0.09180490098754775, -0.06323516912561411]",7.0,7.3112579569278315,0.48380099003460514,81000045,,-10.990194638615526,7.3112579569278315
ballistic,miss,False,0.17124424804464283,"[0.07607426590598965, -0.15341870340750485]","[-0.003936025256262132, -0.12494889081342121]",2.8000000000000003,2.939380786095534,0.501462339370203,81000046,,-8.32032006029323,2.939380786095534
ballistic,miss,False,0.14920079730972888,"[-0.03070410920425605, -0.1460073135011802]","[0.03270294749451895, -0.09586464561636396]",2.7,2.982533464546994,0.4586780233884608,81000047,,-7.423256533068988,2.982533464546994
ballistic,hit,True,0.08663962656145713,"[0.06825457196094434, -0.05336420426781439]","[0.07746042875170908, -0.016739135105066506]",4.5,4.736205441036357,0.46185693040636944,81000048,,5.948280877690278,4.736205441036357
ballistic,hit,True,0.05826596185856741,"[-0.05394441022801845, -0.022020965384271653]","[-0.08176874107694616, -0.013375626631625899]",3.6,3.653715437193817,0.5173195630913666,81000049,,6.680873788727897,3.653715437193817
ballistic,miss,False,0.17252301066639233,"[0.08574842245852288, -0.1497043661863969]","[0.04234417787088308, -0.0853279218262458]",6.4,6.638947415154708,0.48213675365880615,81000050,,-9.274591260419273,6.638947415154708
ballistic,miss,False,0.16449364098690877,"[0.08006709303269063, 0.1436920962976896]","[0.058385962218838273, 0.07609483900354126]",4.6000000000000005,4.755488568221456,0.4852242081595065,81000051,,-8.490513324090129,4.755488568221456
ballistic,miss,False,0.1336005942749959,"[0.022126900519107026, 0.13175552764134646]","[0.06470170304000684, 0.10545079357135011]",4.7,4.895254014451018,0.4822478746609897,81000052,,-7.378594912423712,4.895254014451018
ballistic,miss,False,0.14780645661540864,"[0.1298277066109588, -0.0706506561423281]","[0.1719021954530605, -0.09658389698621755]",3.5,3.6733112903131895,0.5184853727789328,81000053,,-7.572129458913912,3.6733112903131895
ballistic,miss,False,0.24228515253781024,"[-0.1362106889314329, -0.20037151334731793]","[-0.06341470658269684, -0.13545668003515873]",5.0,5.181158053438062,0.508598076352171,81000054,,-12.497172239539506,5.181158053438062
ballistic,miss,False,0.10423418843412734,"[0.040239709607197714, 0.09615368848489154]","[0.03991197777343771, 0.06798893301073024]",5.300000000000001,5.340975882591369,0.44069374500199027,81000055,,-6.666329140558168,5.340975882591369
ballistic,miss,False,0.20077246868349344,"[0.02366738941569302, -0.19937261311301083]","[0.12475917606227183, -0.16584043521432348]",2.3000000000000003,2.4498675994651262,0.4899581179232578,81000056,,-9.551491874230166,2.4498675994651262
ballistic,hit,True,0.045298257435679765,"[0.04245679171423243, -0.015790913971122807]","[0.06562119939384384, 0.027395560329487482]",4.4,4.518406792376805,0.5058689235250345,81000057,,6.646675046085294,4.518406792376805
ballistic,hit,True,0.08572874065748351,"[-0.06938133783781915, 0.050355207620984666]","[-0.014405700779519151, 0.14173703425001904]",3.1,3.2803446517968347,0.5034438063689199,81000058,,6.31766457102246,3.2803446517968347
ballistic,miss,False,0.1348682367320818,"[0.13075284886473496, -0.03306257390126542]","[0.12614558701570014, -0.06276893341372158]",4.4,4.556000266717135,0.44861004488870726,81000059,,-7.34561003447171,4.556000266717135
ballistic,miss,False,0.17314764307153427,"[0.021338449786253072, -0.17182775346825374]","[-0.020111282775178846, -0.14451785034217135]",4.3,4.403577035663473,0.5105025913294304,81000060,,-8.77624769150956,4.403577035663473
ballistic,hit,True,0.03816179834870529,"[0.0018366069616519293, 0.038117577678489195]","[-0.03423525891474018, 0.12262762535155233]",2.0,2.2260873452276497,0.49199758573234914,81000061,,7.3202070551595995,2.2260873452276497
ballistic,miss,False,0.10639425066352988,"[-0.0529951306400725, 0.09225645073758082]","[-0.0031318181739090137, 0.03979319606893106]",5.4,5.542702749505324,0.4727417885103519,81000062,,-6.747498342500496,5.542702749505324
ballistic,miss,False,0.10420580647343637,"[0.05607762172305039, -0.08783023650580556]","[0.14785232481058616, -0.02958380662439396]",3.5,3.550358421196201,0.534827944109343,81000063,,-6.2155987781208974,3.550358421196201
ballistic,miss,False,0.2140026585249081,"[-0.11850440988625165, 0.17819607934306433]","[-0.05029344712243021, 0.10292995335512353]",8.8,9.057396057630422,0.46461323562444945,81000064,,-11.853967636509676,9.057396057630422
ballistic,miss,False,0.20406242174906292,"[-0.1305549793262965, 0.15683389092668307]","[-0.09029614146901438, 0.09574646996401001]",7.0,7.135660796234378,0.5277332693494234,81000065,,-10.890922465443508,7.135660796234378
ballistic,miss,False,0.1897649060640553,"[0.02523513095673495, 0.1880795250395326]","[0.044207444899886775, 0.14405829788657673]",3.1,3.2857264418410765,0.4509526259483767,81000066,,-9.220767848580214,3.2857264418410765
ballistic,miss,False,0.18696089250867604,"[0.16190462191186955, -0.09349475242608693]","[0.13734901603374644, -0.12296723538425439]",3.0,3.316561121323373,0.4690080317254887,81000067,,-9.065354978721075,3.316561121323373
ballistic,miss,False,0.16711035393687285,"[-0.11115461070844745, 0.12478190137660355]","[-0.030809680193709, 0.062192290925338456]",5.6000000000000005,5.723418131450178,0.5428791646030137,81000068,,-8.847638320111963,5.723418131450178
ballistic,miss,False,0.16651585032723518,"[-0.1566452688034423, -0.05647820970692591]","[-0.17373060243588997, -0.07700228728976286]",3.6,3.749270277230886,0.5264959844359627,81000069,,-8.323151655580519,3.749270277230886
ballistic,hit,True,0.05762935617524888,"[-0.03625782219398056, 0.044794118173298]","[-0.07477188571839562, 0.08908571513521898]",3.1,3.199056343066884,0.5209519171991212,81000070,,6.814982383558803,3.199056343066884
ballistic,miss,False,0.13518635028274517,"[-0.09583393279869404, -0.09534781920476458]","[-0.09229513414923143, -0.08540550655482447]",4.7,4.795297346171898,0.4630774453131981,81000071,,-7.431215963304823,4.795297346171898
ballistic,miss,False,0.12948632951023004,"[0.003744734887904763, 0.1294321694581806]","[0.04861202560809545, 0.13030568404235343]",4.5,4.5565221219717005,0.4947406251860345,81000072,,-7.194964139510107,4.5565221219717005
ballistic,timeout,False,,,,,,,81000073,,-10.999999999999993,12.0
ballistic,miss,False,0.09525464365176001,"[-0.0916498402135817, -0.025956770331624954]","[-0.1234423256143901, 0.005769530180122787]",3.1,3.397659080356648,0.48219952036204505,81000074,,-5.895178658916517,3.397659080356648
ballistic,miss,False,0.18991526460426875,"[-0.15038946505623513, 0.11597765530398021]","[-0.0710721764285151, 0.035828018272301886]",7.800000000000001,7.876701743882875,0.5354291942639143,81000075,,-10.402815769099925,7.876701743882875
ballistic,miss,False,0.19160363160283841,"[-0.17529200498621067, -0.07736061421234007]","[-0.14892319940682597, -0.10892317621498526]",2.9000000000000004,3.2020318708660676,0.46609145577481187,81000076,,-9.257339709061261,3.2020318708660676
ballistic,miss,False,0.13906339897326872,"[0.09147238373201352, 0.10474460343321648]","[0.11077539493406471, 0.07028185283553093]",3.5,3.6273707838477205,0.44827576690955007,81000077,,-7.262485053580065,3.6273707838477205
ballistic,miss,False,0.2720394283791385,"[-0.22595643233807483, -0.15148973984365233]","[-0.16022935341305689, -0.16497485223579766]",1.6,1.9072614343013194,0.44124436349211543,81000078,,-13.53647538183314,1.9072614343013194
ballistic,miss,False,0.13193779019528773,"[-0.10259186794385401, 0.08296076851986475]","[-0.00787012228157137, 0.17959560627789437]",1.5,1.697835829000168,0.4514991676915076,81000079,,-6.52408401007602,1.697835829000168
ballistic,miss,False,0.1275883900470658,"[0.007530313119619547, 0.12736597528038124]","[0.020418325555208575, 0.07706034943344159]",6.6000000000000005,6.910790236851619,0.4859864783795979,81000080,,-7.659728058617553,6.910790236851619
ballistic,miss,False,0.22079233032223192,"[-0.19438688542372684, 0.1047043070001634]","[-0.20089395429019452, 0.0377852732024235]",2.6,2.658190497122352,0.4818976200860079,81000081,,-10.668426312237232,2.658190497122352
ballistic,hit,True,0.04197754016638523,"[0.0011271659334439812, 0.041962404308844944]","[0.00934322170192823, 0.08210037625744267]",4.800000000000001,4.883406218178658,0.45503387728443584,81000082,,6.582455076738212,4.883406218178658
ballistic,miss,False,0.1228921595216661,"[0.08864869250538426, 0.08511105797124399]","[0.05784906700086295, 0.0528123055423886]",7.0,7.2064817517925785,0.44021337542224886,81000083,,-7.614504058259088,7.2064817517925785
ballistic,miss,False,0.11474123739826507,"[0.06999828954253157, 0.09091639577548671]","[0.027238742748470546, 0.09338316871624164]",5.1000000000000005,5.356438234605916,0.4877772685165028,81000084,,-6.900376735763583,5.356438234605916
ballistic,miss,False,0.1788643367745594,"[0.06346350187344833, 0.1672268964603536]","[0.02035612858649942, 0.10053916425683274]",6.6000000000000005,6.749404235831597,0.5020756396248821,81000085,,-9.59968530491395,6.749404235831597
ballistic,miss,False,0.15199314480070492,"[0.06624684371433104, -0.13679646108104204]","[0.042769720788229985, -0.12494966737331614]",4.2,4.519031720928307,0.45419791231002904,81000086,,-7.9020884032602545,4.519031720928307
ballistic,miss,False,0.23047845045498866,"[-0.1801240437491664, 0.14379028126956653]","[-0.1267898969799412, 0.05429567642810609]",5.1000000000000005,5.23940312178524,0.5071807569521848,81000087,,-11.833063719028722,5.23940312178524
ballistic,miss,False,0.18528079685445772,"[0.17637125081181118, 0.0567640341246112]","[0.16420798143610518, 0.07888994079602424]",4.7,4.848228678622266,0.4465565942154056,81000088,,-9.413144899138622,4.848228678622266
ballistic,hit,True,0.017926011245650228,"[0.008120918127461282, -0.015981006474757753]","[0.03807056789597889, 0.07637632032439623]",2.6,2.7525038825643064,0.4803415441230025,81000089,,7.310328163064298,2.7525038825643064
ballistic,hit,True,0.04490063429346277,"[0.04333596169545992, -0.011749952505645103]","[0.03229905850845258, 0.005860031134501627]",4.9,5.0286865395732,0.44528763947047567,81000090,,6.526102844449965,5.0286865395732
ballistic,miss,False,0.24290064234281303,"[0.16900488209551684, -0.17446510217929437]","[0.14825670907594052, -0.1535295924500212]",4.2,4.266414562540547,0.45078144066514897,81000091,,-12.334039759327306,4.266414562540547
ballistic,miss,False,0.13091156174107454,"[0.12726670986630853, 0.03067607467216141]","[0.09767844584857735, 0.01685417364909084]",5.300000000000001,5.4955414748844085,0.4930909125921918,81000092,,-7.4407823453687865,5.4955414748844085
ballistic,hit,True,0.04478887053033789,"[0.013996677925932314, 0.04254569226632808]","[0.026921086777774987, -0.03534598260270151]",3.5,3.5871101152778846,0.4458869921277988,81000093,,6.877340379829214,3.5871101152778846
ballistic,miss,False,0.12842335040059247,"[0.12414783242791133, -0.032861415544139363]","[0.0863002964577147, -0.11055108561724793]",2.8000000000000003,2.9223985346321566,0.4567442922757328,81000094,,-6.7361181392732545,2.9223985346321566
ballistic,hit,True,0.08770494155140858,"[0.005336897782691141, -0.08754241426070623]","[0.1741272082774153, -0.027619021313228617]",2.4000000000000004,2.5277948901564096,0.51273150875061,81000095,,6.450351015736296,2.5277948901564096
ballistic,miss,False,0.11361874070728788,"[0.10548630574825693, -0.0422120544334811]","[0.07086706781210853, -0.1029039193299482]",4.2,4.414229738061638,0.48017479212703557,81000096,,-6.643730646902458,4.414229738061638
ballistic,hit,True,0.033306923783501675,"[-0.028534633711376406, 0.017179227307349144]","[0.09323900799519516, -0.061711221523349256]",3.6,3.812688992394571,0.5271087222334695,81000097,,6.9630430651950626,3.812688992394571
ballistic,miss,False,0.11994464658489562,"[0.10215379569127897, -0.06285952807840628]","[0.12172393159173037, 0.009061774212714986]",3.3000000000000003,3.5324260987397236,0.5063626074503655,81000098,,-6.601138054861175,3.5324260987397236
ballistic,hit,True,0.037364513361342874,"[0.022808931367359273, 0.02959492369662514]","[-0.1047226378995041, 0.15680604051470398]",3.1,3.151663311177089,0.5301327203036912,81000099,,7.052641128551855,3.151663311177089
ballistic,miss,False,0.14694765909264051,"[-0.12040488867090424, 0.08423940465693032]","[-0.0727574215897274, 0.09862153217608716]",4.3,4.4182276323316705,0.5151114792694298,81000100,,-7.740878334914432,4.4182276323316705
ballistic,miss,False,0.09037708530286925,"[-0.00330664104332265, 0.09031657474048005]","[-0.039907153029346304, 0.2114959596904683]",1.5,1.7013389606856795,0.5131086384499777,81000101,,-5.383397228128655,1.7013389606856795
ballistic,miss,False,0.12085521392057476,"[-0.07314793083430396, -0.09620479689936344]","[-0.11045466786971289, -0.062400787914508746]",3.0,3.231359081456641,0.4814826573757367,81000102,,-6.553207744665171,3.231359081456641
ballistic,miss,False,0.13313453520944862,"[0.11984760916058461, -0.057977194170877815]","[0.0972529092005842, -0.05575007835901934]",4.800000000000001,4.89228851880753,0.4744970286085749,81000103,,-7.3882474648686305,4.89228851880753
ballistic,hit,True,0.031500248142851066,"[0.02647196608209186, 0.017073389962446534]","[-0.00384073144643253, 0.1307957394989577]",2.5,2.819935531299505,0.48089248971351406,81000104,,7.252498069992446,2.819935531299505
ballistic,miss,False,0.23006760677117793,"[-0.15717775742858558, -0.16800671491085728]","[-0.10642848955646517, -0.1117862761321733]",6.2,6.338424582910883,0.4876446154498789,81000105,,-12.0847041586935,6.338424582910883
ballistic,miss,False,0.2881441978628639,"[0.2438339960686872, 0.15353195472998019]","[0.15331259841884873, 0.08613523254869485]",6.5,6.710291407041451,0.5118695806717476,81000106,,-15.875256637288055,6.710291407041451
ballistic,timeout,False,,,,,,,81000107,,-10.999999999999993,12.0
ballistic,miss,False,0.14058701413701288,"[-0.13881500477524103, 0.022250909941179356]","[-0.09944256019321587, 0.017381926386162108]",5.1000000000000005,5.381026584763652,0.48106116167141855,81000108,,-7.7150874745630444,5.381026584763652
ballistic,miss,False,0.15560189135881167,"[0.04392972801367116, -0.14927199198471328]","[0.009552140140679774, -0.119786977910281]",3.1,3.192771159547306,0.4736896263972309,81000109,,-7.764129456103634,3.192771159547306
ballistic,hit,True,0.030866430957521073,"[0.03056555284412099, 0.004299248700489722]","[0.08819787559991721, 0.010903779859995072]",2.5,2.678427822243259,0.47448530081818724,81000110,,7.257378202462294,2.678427822243259
ballistic,hit,True,0.05774874094776867,"[-0.037963712497054436, -0.04351636030843442]","[-0.04523676155407991, 0.0018027991051852172]",4.4,4.458564779762903,0.4473243507548049,81000111,,6.488281841845371,4.458564779762903
ballistic,miss,False,0.15567413278579692,"[0.09724385772477588, 0.12156507620782163]","[0.03607129426779769, 0.09831159744091277]",3.7,3.8941128655867976,0.5381864872382731,81000112,,-7.916905631927153,3.8941128655867976
ballistic,miss,False,0.1315191045720147,"[0.1302314905542732, -0.01835847857086196]","[0.15228726868958758, 0.028379997435284153]",3.3000000000000003,3.3830610281206352,0.47059331703402857,81000113,,-6.9604660330153765,3.3830610281206352
ballistic,miss,False,0.094315227266579,"[-0.09192171090713544, -0.021113056582396206]","[-0.12805681260928134, -0.09653598857420015]",3.3000000000000003,3.446519307645052,0.47117373491539183,81000114,,-5.923192851153883,3.446519307645052
ballistic,hit,True,0.08627195108962968,"[-0.0701235729356874, -0.05025469195552576]","[-0.04702020025645755, -0.10394690450122462]",3.2,3.3096443066008208,0.5008108639508836,81000115,,6.2811296858257455,3.3096443066008208
ballistic,miss,False,0.19674217737858668,"[-0.19159945169333795, 0.044689310472187056]","[-0.13747202917038218, 0.03044717881067705]",6.4,6.445638623993118,0.539933568549851,81000116,,-10.378701772798426,6.445638623993118
ballistic,miss,False,0.23242775443534092,"[-0.13246456922682703, 0.19098638415187164]","[-0.08487226679459103, 0.13850360007358276]",7.300000000000001,7.5127580000843945,0.5052690778813136,81000117,,-12.494464324920386,7.5127580000843945
ballistic,miss,False,0.20617820888634275,"[0.19789338738335138, 0.057858975531227735]","[0.15456583655342648, 0.06885821328235242]",3.1,3.293291905822606,0.5309132411941936,81000118,,-10.023080718466716,3.293291905822606
ballistic,miss,False,0.1833590542661529,"[-0.035370908366071444, -0.1799150955943858]","[-0.030290149199825686, -0.11517932069770011]",6.7,7.006215994256402,0.47078258576245424,81000119,,-9.825684293997284,7.006215994256402
ballistic,miss,False,0.20042299754334855,"[-0.012094444516442468, -0.20005774755329972]","[-0.08611521189344994, -0.19492571208699314]",3.3000000000000003,3.3485189769871226,0.46693743806190846,81000120,,-9.784182462254458,3.3485189769871226
ballistic,miss,False,0.20481072463886354,"[0.18885591997568085, -0.07925196790765271]","[0.16011063421072735, -0.03613807067366486]",4.5,4.79005649735844,0.5361100249446523,81000121,,-10.303695423098318,4.79005649735844
ballistic,miss,False,0.19241890708251533,"[0.17266361518374276, 0.08492533070003354]","[0.13460891708384873, 0.0191404181873666]",5.0,5.164821335596898,0.49481871196507865,81000122,,-9.820992074423415,5.164821335596898
ballistic,miss,False,0.20603709005417792,"[-0.07586497421290048, -0.1915614474931461]","[-0.05687937718976985, -0.13764504206329967]",4.9,5.0221174693944715,0.5143411745372076,81000123,,-10.465899071357214,5.0221174693944715
ballistic,miss,False,0.1693190333605481,"[-0.1100862022341375, 0.12864666002588243]","[-0.028645425051318105, 0.09696944249503714]",5.1000000000000005,5.155189043687936,0.5085005383578098,81000124,,-8.814374698537087,5.155189043687936
ballistic,miss,False,0.09134207692203015,"[0.004800126605824961, 0.09121586375734281]","[0.09195621360200024, -0.011893074039154069]",3.2,3.328998688600582,0.47416424278953573,81000125,,-5.830046298324701,3.328998688600582
ballistic,miss,False,0.10475376808752837,"[-0.10038921860410588, -0.029922511869706375]","[-0.04881718289572834, -0.038706831357210314]",3.9000000000000004,4.083339113382986,0.5002990318911315,81000126,,-6.329734805992059,4.083339113382986
ballistic,miss,False,0.15611639997720053,"[0.07305512867990636, 0.13796839679942496]","[0.06129608876871982, 0.10044684855632902]",4.6000000000000005,4.798085675978724,0.4585815978320565,81000127,,-8.158929671832254,4.798085675978724
ballistic,miss,False,0.21580292658140962,"[-0.1654049557570165, -0.1386077333056157]","[-0.11752547358317242, -0.10088812316071716]",6.300000000000001,6.541325220404531,0.4418544997271969,81000128,,-11.324494212481635,6.541325220404531
ballistic,miss,False,0.1726891657795263,"[-0.046901152532143775, -0.16619816445672708]","[-0.01888675520846156, -0.11552894705106687]",5.9,6.002060864341337,0.46404871797365654,81000129,,-9.156672589830706,6.002060864341337
ballistic,miss,False,0.10296057965022287,"[0.041026908943436385, -0.09443343531004719]","[0.10380326227236222, -0.15329480159593944]",2.7,2.871726607683533,0.5037235048152265,81000130,,-5.9837507360382585,2.871726607683533
ballistic,miss,False,0.1043829288865646,"[0.0019813920211363273, -0.10436412184556616]","[-0.0001335262087293343, -0.053763943533426686]",4.7,4.869257825925314,0.5030643714329877,81000131,,-6.520159980609581,4.869257825925314
ballistic,miss,False,0.09631648175170443,"[-0.04436512640792989, 0.08549035159498886]","[0.007050805666586557, 0.10423764344423447]",4.5,4.799995601549127,0.5245257412518207,81000132,,-6.270291932966224,4.799995601549127
ballistic,miss,False,0.1223926900187423,"[0.05607090905853811, 0.10879349119948808]","[0.06763312388695947, 0.08718260768008765]",5.5,5.591412940555381,0.4891185321673722,81000133,,-7.224379082719004,5.591412940555381
ballistic,miss,False,0.2409801931914007,"[-0.14100548085648087, 0.19541982468264937]","[-0.0802774982329337, 0.1479206268443539]",4.1000000000000005,4.217604151297365,0.5396367753986498,81000134,,-12.194315248217878,4.217604151297365
ballistic,miss,False,0.16348994239864897,"[0.12422007791260109, 0.10629361932355524]","[0.09567809374426955, 0.12133279292900245]",3.5,3.7661119494129296,0.5089115424385151,81000135,,-8.174871761174515,3.7661119494129296
ballistic,miss,False,0.2368958894710141,"[0.12400426086517394, 0.2018479767932907]","[0.05167076483364034, 0.16228200187591824]",3.9000000000000004,4.121825523467082,0.44341355288544504,81000136,,-11.903353388674436,4.121825523467082
ballistic,miss,False,0.1718187117385912,"[-0.11520030270290282, 0.12747768416734223]","[-0.04431362066068256, 0.12299897049145007]",4.0,4.158770582974302,0.46675865054028437,81000137,,-8.644650580680135,4.158770582974302
ballistic,hit,True,0.08634003696202994,"[0.0778985365886121, -0.03723466100231555]","[0.062817133024589, -0.02779163351069426]",3.4000000000000004,3.604607778099404,0.522527508728416,81000138,,6.229678767579666,3.604607778099404
ballistic,miss,False,0.22567271889321552,"[0.17709168770833927, 0.13988105732109804]","[0.1029263283408719, 0.06821638984557613]",6.9,7.124477156447955,0.44761670995770486,81000139,,-12.01242914230324,7.124477156447955
ballistic,miss,False,0.25631584470466195,"[0.11238242543345982, 0.23036493374721168]","[0.04867046803592849, 0.14775971346031758]",6.5,6.797317055324746,0.4849313327713636,81000140,,-13.735841018106713,6.797317055324746
ballistic,miss,False,0.14260473982340802,"[-0.13909327417869038, -0.03145111919079434]","[-0.12788872948590274, -0.06591474956365816]",2.9000000000000004,3.132866977673188,0.5370409002875329,81000141,,-7.23563108890147,3.132866977673188
ballistic,miss,False,0.16629102142559807,"[-0.1633605382680377, -0.03108115737139961]","[-0.09038962392051471, -0.026143529439795143]",5.1000000000000005,5.310058867262402,0.4732810996980001,81000142,,-8.68891405021836,5.310058867262402
ballistic,miss,False,0.2591817581643997,"[-0.2053689430803135, 0.1581100280920357]","[-0.1311999942321801, 0.10107939967225657]",8.3,8.356019054617729,0.5404354032227562,81000143,,-14.368232563603623,8.356019054617729
ballistic,miss,False,0.0970456390825074,"[-0.028674816478457293, 0.09271251784338015]","[0.004092688604044242, 0.057773847414537574]",4.6000000000000005,4.732542292226741,0.45981488019106553,81000144,,-6.312698279621269,4.732542292226741
ballistic,miss,False,0.13574625472347118,"[0.1341900294828739, -0.020495893706666206]","[0.060520532036970325, -0.011155328413615113]",6.2,6.481618081964291,0.5302366654633681,81000145,,-7.824943910055495,6.481618081964291
ballistic,miss,False,0.113687654252262,"[0.021172123388667655, -0.1116988089488733]","[-0.008865250646719822, -0.06813663854477137]",3.7,3.9917055281610745,0.5391572448358668,81000146,,-6.52066453449159,3.9917055281610745
ballistic,hit,True,0.06490068888939743,"[0.05895190926032813, -0.02714354090534972]","[0.06881954046427212, 0.0040644168003389075]",4.7,4.965532239305105,0.5074180299162903,81000147,,6.304987726133537,4.965532239305105
ballistic,miss,False,0.1256228277182745,"[-0.10800314608898129, -0.0641592961215866]","[-0.05736983195968056, -0.07178606162724141]",3.5,3.7554031318999175,0.4526616987705026,81000148,,-6.823283314066083,3.7554031318999175
ballistic,miss,False,0.13008167606182952,"[-0.07214686103074151, 0.10824080972750352]","[0.0022676884903246736, 0.13294962743737385]",2.0,2.045932624214672,0.5000808596786397,81000149,,-6.589042277414167,2.045932624214672
ballistic,miss,False,0.12429108625415339,"[-0.04583538622954193, -0.11553091141086924]","[-0.0544736885825297, -0.10113075699195673]",2.8000000000000003,2.8542461591152186,0.5319040992110418,81000150,,-6.607194336078691,2.8542461591152186
ballistic,hit,True,0.08161765533931474,"[0.05386648035738989, 0.0613175664634051]","[0.0964423311714952, 0.0001850256912857215]",4.2,4.350956184223096,0.45274180331975894,81000151,,6.127599794680595,4.350956184223096
ballistic,hit,True,0.07793953540793118,"[0.06434970835575857, -0.04397369911814304]","[0.12368140928598112, -0.06277673224618835]",4.2,4.331381167728036,0.5399957247927195,81000152,,6.200052940789609,4.331381167728036
ballistic,hit,True,0.06251175793812248,"[-0.061396626316021566, -0.01175475042377451]","[-0.09423687920717123, -0.023558851368253586]",2.9000000000000004,3.201217426815637,0.45209249373917393,81000153,,6.792565446850071,3.201217426815637
ballistic,hit,True,0.05394344056331027,"[0.050361625227771746, -0.01932877347957836]","[0.05998346041201575, -0.003849128907028393]",3.3000000000000003,3.4377061761494674,0.46471315531580926,81000154,,6.815753730887977,3.4377061761494674
ballistic,miss,False,0.17778133904639512,"[0.07378009284355437, 0.1617488868991864]","[0.03511580277222483, 0.12697078973610373]",3.1,3.2079802098753607,0.4638327669736983,81000155,,-8.677000557176457,3.2079802098753607
ballistic,hit,True,0.08522122580020265,"[0.04654595436884093, -0.07138719394109075]","[0.1359678594095808, -0.06827331101478082]",3.5,3.7847414106440307,0.508087719591781,81000156,,6.228375638655663,3.7847414106440307
ballistic,miss,False,0.09383647508280146,"[0.07136975942247652, 0.06092324265781529]","[0.10698685123635104, 0.11073894327056905]",3.3000000000000003,3.4405126664439183,0.5141710771585378,81000157,,-5.912072105674719,3.4405126664439183
ballistic,miss,False,0.13757431197084927,"[0.05759985070790094, 0.12493577755262936]","[0.036208209403880115, 0.08258596040680616]",4.2,4.454809243809382,0.44649697034688846,81000158,,-7.386628557315131,4.454809243809382
ballistic,hit,True,0.0311262856635139,"[0.024219475717110445, -0.019551538435503446]","[-0.008153829270447749, -0.07510970324588845]",3.8000000000000003,3.996742386703342,0.5111159206707555,81000159,,6.9303894247893,3.996742386703342
ballistic,hit,True,0.055676712925589664,"[-0.05496622394059433, 0.008866261213778773]","[-0.17394059779472335, -0.03651790371688067]",3.2,3.2466449600944776,0.49622055254644715,81000160,,6.817296745407589,3.2466449600944776
ballistic,miss,False,0.17472070921512256,"[0.131034070174196, 0.11557421287735122]","[0.08511639241206705, 0.08495788176407755]",5.5,5.574336289038656,0.5237944338856519,81000161,,-9.14380570723894,5.574336289038656
ballistic,hit,True,0.0603069840518486,"[0.0378418745654262, 0.04695662737893844]","[0.07920969880794679, 0.17168386550896128]",2.7,2.7439083267795663,0.4992530584158106,81000162,,6.875996009206181,2.7439083267795663
ballistic,miss,False,0.0948415003960571,"[-0.029112406780553733, -0.09026282717054052]","[-0.022716996280081198, -0.0729021924076329]",6.2,6.31161557330535,0.4500561928319564,81000163,,-6.660482740416702,6.31161557330535
ballistic,miss,False,0.2924710368788837,"[0.1727101655969951, -0.23603073128825386]","[0.08030717226642742, -0.12845663852384032]",5.300000000000001,5.519923144445722,0.5221929692358936,81000164,,-15.885408322593747,5.519923144445722
ballistic,hit,True,0.08946328035141327,"[-0.08639726290138783, -0.023220497289766225]","[-0.09787192004219758, 0.04113873584656818]",3.9000000000000004,4.137278454179675,0.44751790894298515,81000165,,6.036891539353633,4.137278454179675
ballistic,miss,False,0.22110566780928445,"[0.20812033592308798, 0.07465682897532318]","[0.14887731785835057, 0.033468947998692114]",6.300000000000001,6.384100805441434,0.5318174557945895,81000166,,-11.610520535480202,6.384100805441434
ballistic,hit,True,0.06995801514974678,"[0.02672615044835651, 0.06465165710099018]","[0.09111955585368851, 0.047867035971016256]",3.3000000000000003,3.4117159122486145,0.5400777801198353,81000167,,6.570787174852815,3.4117159122486145
ballistic,miss,False,0.13645035276170525,"[-0.13257433677138447, 0.03229154685705443]","[-0.10363221589680588, 0.06481617712927379]",2.6,2.867845981503499,0.4588630526394961,81000168,,-6.94860478627084,2.867845981503499
ballistic,miss,False,0.2108098537276013,"[0.0003410694134815956, 0.21080957781919646]","[0.019118867699188788, 0.12365882218020992]",6.5,6.6238252098484836,0.5433492841779698,81000169,,-11.111517830697858,6.6238252098484836
ballistic,miss,False,0.16395765488553674,"[0.12159214772427471, -0.10998846397401378]","[0.05556253544581421, -0.08763423401972874]",4.3,4.613691500946242,0.5086170947829651,81000170,,-8.393779332785773,4.613691500946242
ballistic,miss,False,0.21420962212272127,"[-0.11300576497171429, -0.1819765350068978]","[-0.08828587445203874, -0.12508979775601015]",5.0,5.209316689920129,0.4761639095577523,81000171,,-10.914908914809757,5.209316689920129
ballistic,miss,False,0.1410867561232712,"[-0.12951428896354442, 0.05596000096189172]","[-0.11236500247216905, -0.008488466966531681]",3.0,3.285706430167207,0.4941377397399988,81000172,,-7.207465772023137,3.285706430167207
ballistic,miss,False,0.15953734021695243,"[0.13453908543985318, 0.08574029048532267]","[0.09316352769878647, 0.051457270150986785]",5.9,6.105406858336104,0.48653548593680523,81000173,,-8.61724233623452,6.105406858336104
ballistic,hit,True,0.06106271455949752,"[-0.06002798185352373, -0.011193592094037398]","[-0.02994346099489828, -0.02763505606734907]",4.6000000000000005,4.835352745754406,0.48026034254733163,81000174,,6.389672208719176,4.835352745754406
ballistic,miss,False,0.15928264244669782,"[0.11237348204869371, 0.11288560899005015]","[0.04611407932466197, 0.09274135506241252]",5.300000000000001,5.51654262409533,0.46900428302240965,81000175,,-8.45721730676575,5.51654262409533
ballistic,miss,False,0.1461355624657431,"[-0.08026246691872137, -0.12212100155706332]","[-0.040726168505139396, -0.09904588139697448]",5.5,5.663259735242946,0.5295077542087899,81000176,,-8.011494150269025,5.663259735242946
ballistic,miss,False,0.18064138447802008,"[-0.14851594456012462, 0.10283153211709851]","[-0.09029202567128812, 0.04219741110258203]",6.9,7.023439424980969,0.49269616671136307,81000177,,-9.753556763720477,7.023439424980969
ballistic,miss,False,0.13647390172776924,"[0.11188126497445089, -0.07815182915656885]","[0.17336826934692295, -0.07024534140806063]",3.7,3.7649280656455297,0.5282153265652193,81000178,,-7.2243982534322,3.7649280656455297
ballistic,miss,False,0.1781540046823709,"[-0.1742763309514384, 0.036967686625902586]","[-0.13387562498876465, -0.004220127791053484]",3.3000000000000003,3.5549753880089856,0.46415156368581467,81000179,,-8.743376467205708,3.5549753880089856
ballistic,miss,False,0.20185818244367754,"[0.18369894067952378, -0.08367451829969394]","[0.11439786653879216, -0.12641114570985917]",2.5,2.6684007848305136,0.46930671064248564,81000180,,-9.655459977711729,2.6684007848305136
ballistic,miss,False,0.13100107660290558,"[0.06691701442674897, -0.11262058094029975]","[0.08581540518673149, -0.13490348856074497]",3.9000000000000004,3.9839103983122643,0.4635849150938031,81000181,,-7.093676798903746,3.9839103983122643
ballistic,miss,False,0.2028929714950578,"[-0.16427183105536777, -0.11908116309396313]","[-0.10630234995139695, -0.05216931475804989]",4.2,4.350360849259311,0.5400275572303469,81000182,,-10.132167639764734,4.350360849259311
ballistic,miss,False,0.18011918357248652,"[0.015372868839400006, -0.1794619602992949]","[0.07964970406885072, -0.13736999165302138]",3.4000000000000004,3.680068873311703,0.48076563624650387,81000183,,-8.85529880133569,3.680068873311703
ballistic,miss,False,0.193031777937235,"[-0.17460614152157572, 0.08230408639039423]","[-0.12902445008568997, 0.051835141403804866]",6.9,7.027742420372616,0.4924378462848943,81000184,,-10.325156456001231,7.027742420372616
ballistic,miss,False,0.1375274414414448,"[0.017277275947074816, 0.1364378718878254]","[0.005781644513255718, 0.08066591940966682]",6.9,7.1926295379816505,0.49419163027897794,81000185,,-8.060036685114817,7.1926295379816505
ballistic,miss,False,0.14434383571047657,"[0.058428402783198455, -0.13198963844111922]","[0.07658100100666723, -0.17237334199548482]",3.2,3.3173383703593897,0.534834275090486,81000186,,-7.372239865137415,3.3173383703593897
ballistic,miss,False,0.13391557042051386,"[-0.06661777470684027, 0.11616992766701836]","[-0.2170227579092977, 0.07513425573798557]",2.3000000000000003,2.3903728840748526,0.5243857446011154,81000187,,-6.788997530994026,2.3903728840748526
ballistic,miss,False,0.11485493303870539,"[0.09301817280449451, 0.06737414319632345]","[0.05952407988783918, 0.12907086586101185]",4.1000000000000005,4.253317931382956,0.4736889106341856,81000188,,-6.653599462138951,4.253317931382956
ballistic,miss,False,0.20781300384832058,"[0.033698836203382446, -0.2050625099987799]","[-0.04219660887563413, -0.23913459067925458]",1.2000000000000002,1.3435843948247057,0.48418911177497415,81000189,,-9.631635131908903,1.3435843948247057
ballistic,hit,True,0.06711932183185744,"[0.0593684879270969, -0.031311116307449094]","[0.14974101479569876, -0.0795088447195117]",2.3000000000000003,2.3623942760551726,0.4918300287144904,81000190,,6.868826745287845,2.3623942760551726
ballistic,miss,False,0.10898485481730553,"[-0.0925114510078123, -0.05761362696427216]","[-0.10598585480513287, -0.09004861267907907]",3.5,3.606814445545018,0.466316845917676,81000191,,-6.341382540685084,3.606814445545018
ballistic,hit,True,0.08873166544717732,"[0.06681011212892563, 0.05839278525939817]","[0.10723954495025392, 0.13267056115847714]",2.1,2.2688972666412095,0.48602196950112264,81000192,,6.502986610737061,2.2688972666412095
ballistic,miss,False,0.20986200968724847,"[0.1239254155056516, -0.16936515137926803]","[0.06451777365506671, -0.1355397431916772]",3.7,3.898902664747078,0.5185947010654829,81000193,,-10.3622917419717,3.898902664747078
ballistic,miss,False,0.1636389514752938,"[-0.16357102847196542, -0.004714348794589207]","[-0.08058839493174859, -0.016157564584855913]",7.9,8.047946080588874,0.4791167072072884,81000194,,-9.280889683942412,8.047946080588874
ballistic,miss,False,0.10608826120489431,"[-0.09420280783199188, -0.04879088195602427]","[-0.01347966782273248, -0.13934011293193654]",3.3000000000000003,3.492600499888942,0.537209535979404,81000195,,-6.21447150191085,3.492600499888942
ballistic,hit,True,0.07820623181179245,"[0.0738451885754996, 0.025750782870598746]","[0.2098038480669091, 0.11351814797972572]",2.5,2.5823570525881605,0.5402678492787912,81000196,,6.619911766148171,2.5823570525881605
ballistic,miss,False,0.19191127582488995,"[0.10343424136991426, -0.16165177234094066]","[0.1418765553807749, -0.12556452446369984]",2.2,2.403555135331737,0.4839073946778252,81000197,,-9.096905899844074,2.403555135331737
ballistic,miss,False,0.11724935870777006,"[-0.016948888760287883, 0.11601787486062104]","[-0.07353030277858652, 0.0814809953592765]",3.2,3.3931088524916353,0.5384900959719906,81000198,,-6.497211372516462,3.3931088524916353
ballistic,miss,False,0.1675628529718167,"[0.03402271972994995, -0.16407243594897936]","[0.010755215524540208, -0.12698644979543117]",7.800000000000001,7.916100912551536,0.4976753904246698,81000199,,-9.416334530377116,7.916100912551536
ballistic,miss,False,0.12005595826190796,"[-0.09589337484640091, 0.07223498996160123]","[-0.06810801417686561, 0.0816725585697134]",5.0,5.287196999246737,0.5021931619266563,81000200,,-7.029436186936417,5.287196999246737
ballistic,miss,False,0.14052398988646145,"[-0.13968754113363901, -0.015309558636623935]","[-0.11942516342875432, -0.0268220946564129]",4.9,4.967187169623006,0.4603615204836583,81000201,,-7.662900214025965,4.967187169623006
ballistic,miss,False,0.09070536522805905,"[0.04785635288643325, -0.07705344099756192]","[0.03333038523307458, -0.06836152737253223]",3.8000000000000003,3.874404850304373,0.5284006351123182,81000202,,-5.965736207550072,3.874404850304373
ballistic,miss,False,0.13138452736143677,"[0.1128904231802062, 0.06721343901469475]","[0.16094864620457405, 0.06715250368154983]",3.9000000000000004,3.951749729323515,0.45561436266280503,81000203,,-7.106098028393597,3.951749729323515
ballistic,miss,False,0.16296705386773594,"[-0.15191600013365542, 0.0589897410548712]","[-0.16790696252319337, -0.018544325630208466]",3.2,3.2628515072313653,0.5055589608605688,81000204,,-8.078797610657968,3.2628515072313653
ballistic,miss,False,0.2684880775412786,"[-0.20568446131505702, -0.1725681029487966]","[-0.12054874565555229, -0.10511040396302035]",5.800000000000001,6.066643423602814,0.5117434409881071,81000205,,-14.349487380470574,6.066643423602814
ballistic,miss,False,0.15858050023124218,"[-0.0611924849917756, 0.14629851275430766]","[-0.1212580052670929, 0.09506189318547005]",3.1,3.313823865436491,0.47867510112549433,81000206,,-7.879663586863087,3.313823865436491
ballistic,hit,True,0.08007550103180541,"[-0.05313087228909545, -0.059909901312675345]","[-0.10025937095529135, 0.04103076717507473]",3.2,3.4538419884222997,0.5251917003553566,81000207,,6.40838446105004,3.4538419884222997
ballistic,miss,False,0.13982105449751375,"[-0.1395671532735796, -0.008422411050634585]","[-0.1268231069034419, 0.043869300666106045]",4.5,4.625675740137026,0.5396934951588258,81000208,,-7.538571269234161,4.625675740137026
ballistic,miss,False,0.18261234754108527,"[-0.18203113448302674, -0.014558006501177972]","[-0.10735130730835027, -0.000714571331363198]",4.4,4.600171739790952,0.517794963938364,81000209,,-9.21694684869952,4.600171739790952
ballistic,miss,False,0.15918909309014767,"[0.05193984182736697, 0.1504773078899666]","[-0.07593028978267138, 0.13665226900908167]",2.9000000000000004,3.1029797441516838,0.5387042145554273,81000210,,-7.8535391801066305,3.1029797441516838
ballistic,miss,False,0.20571841766704352,"[-0.1744295836546769, 0.10906139423961275]","[-0.11167658514379433, 0.1565674288843624]",3.0,3.241240609350326,0.48436524272711845,81000211,,-9.974699674991626,3.241240609350326
ballistic,miss,False,0.09024227397454597,"[0.03146804902261652, -0.08457795163520586]","[0.01498121899386401, -0.062377292909402623]",6.2,6.417735286667505,0.5063007271460924,81000212,,-6.555391112604569,6.417735286667505
ballistic,miss,False,0.1657870728448851,"[0.1549083620936518, 0.059065665796106184]","[0.09456912917193264, 0.011427618033976976]",4.1000000000000005,4.304313007999477,0.47420030312305744,81000213,,-8.418253521293241,4.304313007999477
ballistic,miss,False,0.2062042756833911,"[0.1829052001120895, -0.09521497299305634]","[0.1287240872728464, -0.019718953858360054]",5.4,5.4621444866871665,0.5247459012736968,81000214,,-10.599407816063204,5.4621444866871665
ballistic,miss,False,0.09357199121425189,"[0.03830754490203225, 0.0853712454130711]","[0.1585769902972861, 0.02819708927981339]",2.9000000000000004,2.9540222841487553,0.5425994031908976,81000215,,-5.805952782691363,2.9540222841487553
ballistic,miss,False,0.1314142877637474,"[-0.02717902534319612, 0.12857299720332768]","[0.005448453387146765, 0.15189066251584762]",3.9000000000000004,3.971793055577506,0.5104655992861254,81000216,,-7.107063583759632,3.971793055577506
ballistic,miss,False,0.23727812502574605,"[-0.07915188987333546, -0.2236870290052889]","[-0.03472751727591697, -0.15268345806095648]",7.6000000000000005,7.777936731911498,0.5275066254562031,81000217,,-12.850729458732538,7.777936731911498
ballistic,miss,False,0.09212867688510497,"[-0.05536989552228899, 0.07363333331074233]","[-0.08915464686201607, -0.0015112255959511467]",2.9000000000000004,3.1864232216340316,0.4537322357347202,81000218,,-5.772863346246924,3.1864232216340316
ballistic,miss,False,0.2392345111473371,"[-0.16361580276075094, -0.1745365875994498]","[-0.09810279257594777, -0.048677429221486886]",4.7,5.003260087255635,0.5385873460615604,81000219,,-12.240821151099428,5.003260087255635
ballistic,miss,False,0.1699391972599689,"[0.03549566615092821, -0.16619081939103758]","[0.041563871715892535, -0.12086841065415671]",5.5,5.606359280518902,0.4478381884437953,81000220,,-8.94034947720526,5.606359280518902
ballistic,miss,False,0.1526040882944418,"[0.09667201412512162, -0.11807848851154082]","[0.09377425598201237, -0.09167191295762803]",4.3,4.4893196668374475,0.5284752510803172,81000221,,-7.950062686935531,4.4893196668374475
ballistic,miss,False,0.11409995695043795,"[0.1038886343168329, -0.04717999402156768]","[0.07267173578558314, 0.014785101479039123]",3.1,3.156868403302318,0.46662299456951895,81000222,,-6.382259280998987,3.156868403302318
ballistic,hit,True,0.079699566804316,"[-0.079033179655452, -0.010284817078814651]","[0.010341218518352, 0.0693801689930347]",2.8000000000000003,2.9366250970747947,0.5233100520919362,81000223,,6.515799882864737,2.9366250970747947
ballistic,miss,False,0.11137088410786739,"[0.09994264857805069, -0.04914204739499861]","[0.0462554302379815, -0.19290056853962345]",1.2000000000000002,1.2430651688412881,0.4998089092944759,81000224,,-5.831293065057781,1.2430651688412881
ballistic,hit,True,0.08938850752915507,"[0.08247945140276962, -0.03445932928232903]","[0.08566012135016857, -0.1431552492063098]",3.0,3.1218417882917517,0.5300446920488114,81000225,,6.263542558235826,3.1218417882917517
ballistic,miss,False,0.17915181807262195,"[0.10077241776697382, -0.1481225632242581]","[0.1358772724940645, -0.07171558806561583]",3.9000000000000004,4.100753125787786,0.46515046324993564,81000226,,-8.937391841818005,4.100753125787786
ballistic,miss,False,0.15719714281610722,"[0.15357062275016164, -0.033570903140593994]","[0.08585529569477468, -0.14687736904129037]",2.6,2.684762075016506,0.5230672519524855,81000227,,-7.700733544388594,2.684762075016506
ballistic,hit,True,0.06085791734894546,"[0.06071210935244624, 0.004210211636923589]","[0.04565894806630154, 0.023844148098416867]",4.9,4.9734432660553205,0.5174879774699959,81000228,,6.317754801969003,4.9734432660553205
ballistic,hit,True,0.04702722464405363,"[0.01235091414635478, 0.04537636805068976]","[-0.12320154659428076, -0.07033314593653664]",2.6,2.669769639342975,0.48129536386272936,81000229,,7.076967918799718,2.669769639342975
ballistic,miss,False,0.13223540521616764,"[-0.056647016914460335, -0.11948773103284244]","[-0.06658922541391475, -0.09665704175383455]",4.5,4.766251427043685,0.5012612566796925,81000230,,-7.283790418849884,4.766251427043685
ballistic,miss,False,0.15461272401898124,"[0.13698769408532827, 0.07169006972903691]","[0.07955886790206931, 0.06863407332035965]",4.3,4.49346944380027,0.44696822521998497,81000231,,-8.026246225749341,4.49346944380027
ballistic,hit,True,0.0812218022435309,"[-0.07705393030183613, -0.02568409984264622]","[-0.10650412310254614, -0.061548888110958294]",3.0,3.159253583798859,0.4597956973855127,81000232,,6.435557881520094,3.159253583798859
ballistic,hit,True,0.08817121663439624,"[-0.08524486012827084, -0.022527256035770826]","[-0.08466079729011525, 0.15807474362674817]",1.5,1.6363507553122525,0.5395105342156444,81000233,,6.66522673545807,1.6363507553122525
ballistic,hit,True,0.06654436853633017,"[-0.06593148458511591, 0.009010678348579035]","[-0.1525824787473216, -0.10696242139208835]",2.8000000000000003,3.115558474009821,0.5344886820142486,81000234,,6.753314446432231,3.115558474009821
ballistic,miss,False,0.17095503132755038,"[-0.1613161320083718, 0.05659265226212055]","[-0.2083543293963101, 0.09026714596893867]",3.5,3.6625506343764407,0.5246773850739044,81000235,,-8.483101572370831,3.6625506343764407
ballistic,miss,False,0.20189426311212338,"[-0.1395670444320874, 0.14588465850143068]","[-0.0713008961727189, 0.12231045508673705]",4.6000000000000005,4.787436379349505,0.4875699610092735,81000236,,-10.182258454023126,4.787436379349505
ballistic,hit,True,0.0789324858283038,"[-0.07546599497581624, 0.023134842150865392]","[-0.08604734690997728, 0.11783902250787373]",3.6,3.8003300224267007,0.4999095359999577,81000237,,6.3308225532055085,3.8003300224267007
ballistic,miss,False,0.20002369725674904,"[-0.14712908494409496, -0.13550834597091382]","[-0.10450812162487924, -0.08284690898591601]",4.4,4.649491232373791,0.4545521708473204,81000238,,-10.03944190916785,4.649491232373791
ballistic,miss,False,0.1847436435106119,"[0.17433205947898653, -0.061143657523827936]","[0.10558969412639116, -0.05430570782405041]",9.600000000000001,9.849313193316355,0.48093733129129573,81000239,,-10.613606644145186,9.849313193316355
ballistic,hit,True,0.05034893163252642,"[0.034494403895706904, 0.03667630047342098]","[-0.051864447277097936, 0.01386030827599151]",2.6,2.8739481459291785,0.5370001882676186,81000240,,7.037035195489281,2.8739481459291785
ballistic,miss,False,0.11982724448710351,"[-0.10882079513438382, 0.050165755926653254]","[-0.019440345727484556, 0.05163601966693073]",4.1000000000000005,4.256563578353308,0.5166622321725474,81000241,,-6.797662780416307,4.256563578353308
ballistic,hit,True,0.03593149674751467,"[0.0004973259886341258, 0.035928054851017]","[0.09332274159177485, 0.0005094267330086654]",3.9000000000000004,3.965110156904339,0.49898532542185264,81000242,,6.8656083384547335,3.965110156904339
ballistic,miss,False,0.12181680302268862,"[0.1166129121752537, -0.035224454753410794]","[0.08241283881775828, -0.02293218857592028]",4.9,5.09203108846414,0.46758530640033547,81000243,,-7.057016481317101,5.09203108846414
ballistic,hit,True,0.04738611686400144,"[0.04628026276374611, 0.01017749232214974]","[-0.002482619698878946, -0.0022853409114789933]",5.4,5.566135230971743,0.5257017672577741,81000244,,6.372784682537185,5.566135230971743
ballistic,miss,False,0.25169733925626053,"[0.19408419339115657, -0.1602587796795709]","[0.11009016427720163, -0.10380419394467352]",11.5,11.706025547499241,0.5421062230208928,81000245,,-14.696179085022354,11.706025547499241
ballistic,hit,True,0.06572477784540715,"[0.05384196186495324, 0.03769336235149423]","[-0.07985315637141469, -0.035039126094855266]",1.9000000000000001,2.0263092447895277,0.522935545365882,81000246,,6.991697972490354,2.0263092447895277
ballistic,hit,True,0.03370843025047334,"[0.03356481472650888, -0.0031082925097485337]","[-0.021419793640261114, -0.08045452486102944]",3.1,3.258833038226507,0.44702325048065417,81000247,,7.0847212012406136,3.258833038226507
ballistic,miss,False,0.1855798856234538,"[-0.1790663696449943, -0.048735297374453854]","[-0.13639642646640568, 0.007153536095432638]",4.1000000000000005,4.241052521691209,0.44286928649453244,81000248,,-9.2768387590141,4.241052521691209
ballistic,miss,False,0.13861438529872938,"[0.13360556637787843, -0.036925606895363616]","[0.08343072091225187, 0.0106829787514694]",5.6000000000000005,5.688736137102436,0.5148029722863946,81000249,,-7.772092322437604,5.688736137102436
ballistic,miss,False,0.1532849169821999,"[-0.07895470748820776, 0.1313865287603393]","[-0.13782894960841552, 0.06318312877473507]",2.5,2.8182246359327885,0.5157782425368737,81000250,,-7.525773552375298,2.8182246359327885
ballistic,miss,False,0.16283535492360357,"[-0.08036305101686386, -0.14162320729441513]","[-0.16238106249087253, -0.08261390021349813]",2.0,2.250040605347674,0.5246582735821541,81000251,,-7.773500347295796,2.250040605347674
ballistic,miss,False,0.11948439966637397,"[-0.11330002717493712, 0.037942398524504234]","[-0.032927319363986934, 0.11491638959266873]",2.8000000000000003,2.9906110331669513,0.4439765727464978,81000252,,-6.4625335510659,2.9906110331669513
ballistic,hit,True,0.018995916087913362,"[0.01307737894824361, 0.01377777151295087]","[-0.06413554091684699, 0.1006145010353173]",3.3000000000000003,3.5071952591601487,0.49206864676318085,81000253,,7.130451255800118,3.5071952591601487
ballistic,hit,True,0.08599136035120819,"[0.058923543430568937, -0.06263010525807214]","[0.04302961208093278, -0.12985558657618848]",3.0,3.2949956541018177,0.45658226289140486,81000254,,6.337097030240575,3.2949956541018177
ballistic,hit,True,0.0803522881758442,"[-0.07683736162022242, -0.023505532845206484]","[-0.05410905468753152, -0.11564831757399072]",3.6,3.777617633936431,0.5073469878275593,81000255,,6.302902442580998,3.777617633936431
ballistic,miss,False,0.23691839159615266,"[-0.17320139473595975, -0.16165271769452622]","[-0.09125726786729949, -0.08850189328065189]",5.300000000000001,5.538802280969493,0.49953477351684433,81000256,,-12.254669663766414,5.538802280969493
ballistic,hit,True,0.026572827485731827,"[0.01893933321182735, 0.018639120635851852]","[0.0018662079997897735, -0.054068076989506414]",2.3000000000000003,2.591601858590019,0.5118916736680585,81000257,,7.337825288816486,2.591601858590019
ballistic,hit,True,0.0817650068086697,"[0.08008504792673116, 0.01648943410172027]","[0.04570244240762906, -0.08324684273123034]",2.1,2.1595975939763568,0.49902382986588195,81000258,,6.649627612540518,2.1595975939763568
ballistic,miss,False,0.1785452759456347,"[-0.16307837144344217, 0.07269016666549573]","[-0.10690576297347254, 0.06795579796373859]",6.6000000000000005,6.645924731269233,0.4859916784579804,81000259,,-9.585606859568252,6.645924731269233
ballistic,hit,True,0.05666466867446173,"[0.0432955152066416, 0.03655657312957535]","[0.04108132139283621, 0.017848113462705005]",5.0,5.069252119907406,0.4837131799973691,81000260,,6.353594484446109,5.069252119907406
ballistic,hit,True,0.06066071425774966,"[-0.03333646864209164, -0.05067940521291853]","[-0.05981221874027112, -0.06664312008982129]",3.1,3.317901340353883,0.48289690398928,81000261,,6.770713301943166,3.317901340353883
ballistic,miss,False,0.16500692538203252,"[0.018632142499357733, -0.16395160471893916]","[0.038893445640515195, -0.11548713961473193]",4.9,4.9578386287826355,0.5116921236545084,81000262,,-8.586393262226128,4.9578386287826355
ballistic,miss,False,0.20669758041633368,"[-0.18465279551705926, 0.0928829093951187]","[-0.1767512548881155, 0.1335026979681694]",3.7,3.759035892266849,0.48387608045986796,81000263,,-10.19955429011935,3.759035892266849
ballistic,miss,False,0.1953221644320232,"[-0.19525647640250382, 0.005065208908700006]","[-0.1454046919653123, 0.031253462108168276]",4.4,4.537088500995992,0.5278302274357001,81000264,,-9.809968878816086,4.537088500995992
ballistic,miss,False,0.12915843533345858,"[0.12910059458356432, -0.0038649574328011513]","[0.1137596006905139, 0.014936976119652591]",4.9,5.219733711638132,0.44498949101329527,81000265,,-7.284494002195951,5.219733711638132
ballistic,miss,False,0.2841536778256784,"[-0.16553571799131211, 0.23095722264298257]","[-0.09585214271549918, 0.14129501960278934]",8.6,8.778082830683426,0.5190324816352482,81000266,,-16.11831020022956,8.778082830683426
ballistic,miss,False,0.24874759737805952,"[-0.22536739542166373, -0.10528487204823236]","[-0.15587609788129142, -0.10178404622606221]",3.4000000000000004,3.460263064961907,0.49687795480911096,81000267,,-12.488934222389778,3.460263064961907
ballistic,miss,False,0.1746128297395231,"[-0.1163000014124291, -0.13024572922408117]","[-0.08636507760036824, -0.0786385417095571]",5.300000000000001,5.525827900023496,0.4412017887004031,81000268,,-9.089153124647368,5.525827900023496
ballistic,miss,False,0.17347435593666075,"[-0.1653888512237753, 0.052343863618567334]","[-0.13323545908071008, -0.016080873943821426]",3.7,3.9782563903250163,0.48947377200756503,81000269,,-8.640228662671515,3.9782563903250163
ballistic,miss,False,0.20249282151583384,"[0.15826683894977434, 0.12631290691884792]","[0.11397530101743734, 0.06056367285658806]",3.7,3.9636165835046593,0.5069492496944903,81000270,,-9.9871410821535,3.9636165835046593
ballistic,miss,False,0.1931405689350604,"[-0.029095521644168648, -0.19093645536882822]","[0.01929552874593618, -0.1915146734198905]",4.3,4.399807112028059,0.5121674652823058,81000271,,-9.680343131920843,4.399807112028059
ballistic,miss,False,0.14680181231120462,"[0.04649403130878539, 0.1392446665065195]","[0.031098912747022825, 0.09008226047602867]",5.6000000000000005,5.815488623289971,0.49780660134407817,81000272,,-8.060589147883228,5.815488623289971
ballistic,hit,True,0.0784828694955048,"[0.07245199450461376, -0.030170669474704332]","[0.15705285241585282, 0.005161840274284051]",3.3000000000000003,3.454963415537947,0.46125146961417135,81000273,,6.414560394537229,3.454963415537947
ballistic,miss,False,0.10941677855487897,"[-0.025832793586324482, -0.10632355432759844]","[-0.054214830948744186, -0.04289985196114654]",4.3,4.606054088357252,0.4845212647823952,81000274,,-6.553028571521904,4.606054088357252
ballistic,miss,False,0.14269094349376185,"[0.04293593822443949, -0.13607795767106096]","[0.0801044900559056, -0.16630516245189028]",1.7000000000000002,2.018529602464836,0.4743282439069539,81000275,,-6.938667327795054,2.018529602464836
ballistic,miss,False,0.1148117556545386,"[-0.0967668563443408, 0.06178927698000024]","[-0.09614583538306905, 0.05929617693574278]",2.8000000000000003,2.9671663978056078,0.4967816714317132,81000276,,-6.327375214379936,2.9671663978056078
ballistic,hit,True,0.05275239700064279,"[0.018723087535274296, 0.04931796206718078]","[-0.07274139844194472, 0.001958533299193852]",3.8000000000000003,3.8404768373136218,0.5427351744608051,81000277,,6.706442544529207,3.8404768373136218
ballistic,miss,False,0.20290181344656577,"[-0.014339465838737422, 0.20239448020972475]","[-0.008012909533032977, 0.19913930179758413]",1.9000000000000001,2.082594974246966,0.4946048675532309,81000278,,-9.55761060492654,2.082594974246966
ballistic,hit,True,0.0881662882646468,"[0.06711103456325132, -0.05717869731127917]","[0.12052003212642712, 0.014926841378591408]",4.4,4.569257464594676,0.4457839064687169,81000279,,5.940334026374716,4.569257464594676
ballistic,miss,False,0.10897353232974082,"[-0.06541354245053481, 0.08715675081422636]","[-0.02653129834907035, 0.12105211576207472]",3.3000000000000003,3.4817166607600916,0.48552658948494853,81000280,,-6.291077870175441,3.4817166607600916
ballistic,miss,False,0.163185251775418,"[-0.1617221101424528, 0.02180333662719833]","[-0.1445093797463935, 0.03318129384090813]",3.2,3.512000852081821,0.5317601917626624,81000281,,-8.08758350580328,3.512000852081821
ballistic,hit,True,0.08010134145433463,"[0.04328596796160111, -0.06739844123131594]","[0.1040100269651908, -0.04996031446218923]",4.4,4.509627126487691,0.4502108235651046,81000282,,6.107873468792111,4.509627126487691
ballistic,miss,False,0.1548558183568377,"[0.14201712196318003, -0.0617370354670611]","[0.06642296634250774, -0.07563494202183027]",3.6,3.89650077463718,0.45611174009490446,81000283,,-7.860533886292089,3.89650077463718
ballistic,miss,False,0.18722127110818199,"[0.12619336906167658, -0.1383005349238638]","[0.07561102229259145, -0.08373762085897779]",6.6000000000000005,6.768685109652924,0.539570781399054,81000284,,-9.977383253748565,6.768685109652924
ballistic,miss,False,0.14770906280609175,"[0.14693819683751586, -0.01507095037459166]","[0.16515977549297467, -0.008505993389233756]",4.6000000000000005,4.889606244406147,0.48186836271084915,81000285,,-7.843576201858513,4.889606244406147
ballistic,miss,False,0.1373757729708705,"[-0.10989158119668072, -0.08243751197990803]","[-0.100929864148642, -0.09953075268693704]",3.9000000000000004,4.070144711192822,0.5140840006918608,81000286,,-7.3048892591782915,4.070144711192822
ballistic,miss,False,0.16527470723125512,"[-0.14309970489143467, -0.08269342966863452]","[-0.0701399786022863, -0.14005842420596637]",2.8000000000000003,3.0735372738009556,0.5103848515707371,81000287,,-8.07231220375026,3.0735372738009556
ballistic,hit,True,0.04173093822303929,"[-0.03878624398051628, -0.015398002560689052]","[0.10344779604292803, -0.017605710512776297]",3.9000000000000004,3.958411500207733,0.5052714168471756,81000288,,6.810003554941343,3.958411500207733
ballistic,miss,False,0.14198800352286348,"[0.061848096628465535, 0.12781003907301133]","[0.07618690753560804, 0.13376543443101138]",4.7,4.743687460665593,0.4408304283557386,81000289,,-7.663962116593665,4.743687460665593
ballistic,miss,False,0.1936488634965305,"[-0.1312080824051467, 0.14242303691840774]","[-0.08188415373556757, 0.10318497669929416]",7.1000000000000005,7.205235629108896,0.4900160636687207,81000290,,-10.404615102900973,7.205235629108896
ballistic,miss,False,0.21263888311556342,"[-0.18932723837899393, 0.0968012986504719]","[-0.20715142351050733, 0.05501143584621857]",1.6,1.777265961236688,0.5062989398678043,81000291,,-9.982135137362253,1.777265961236688
ballistic,miss,False,0.19124005552158851,"[0.10693198292664319, 0.1585506539351899]","[0.06722905652704791, 0.15911877827743637]",4.4,4.63041921461103,0.5257332825681286,81000292,,-9.61515541183954,4.63041921461103
ballistic,miss,False,0.10827765217188384,"[-0.10322035236181652, -0.03270487453206172]","[-0.055739820578082064, 0.09841827864879127]",2.1,2.297106778844361,0.4797098161613611,81000293,,-5.9724135752907985,2.297106778844361
ballistic,miss,False,0.18118469191896222,"[0.020073569854615822, 0.18006927661058983]","[-0.034717861019493604, 0.11539168443968209]",4.2,4.29480848335285,0.49834854207915313,81000294,,-9.102826245156699,4.29480848335285
ballistic,miss,False,0.11662040587947621,"[0.07300584387279598, -0.09094210151472588]","[0.09815454607903404, -0.11231422998980116]",2.6,2.8861192110385248,0.5090700993422849,81000295,,-6.329051736727626,2.8861192110385248
ballistic,miss,False,0.1713686705066023,"[0.12088429825056246, -0.12146689947335233]","[0.10025823231018771, -0.0982476318720228]",5.6000000000000005,5.672293466793265,0.4647410456911788,81000296,,-9.025582868049433,5.672293466793265
ballistic,miss,False,0.10406731461128438,"[-0.06909085582451992, 0.07782325881020047]","[-0.0460897414196917, 0.045983327947349724]",8.0,8.096414905329839,0.5295662246967381,81000297,,-7.337037774123953,8.096414905329839
ballistic,miss,False,0.10851462849896322,"[0.08767168570083564, -0.063946072003227]","[-0.014060421202264, -0.16038606604860162]",2.7,2.7460121958388393,0.5180617340792841,81000298,,-6.1287561232429635,2.7460121958388393
ballistic,miss,False,0.1352295392290703,"[0.017912843984971977, 0.13403789874687203]","[-0.08158028122233815, 0.13381977257238445]",3.1,3.300035229480246,0.48209612587307654,81000299,,-7.032657812358847,3.300035229480246
q_learning,miss,False,0.14132501430762046,"[0.06405183001081788, -0.12597667538601903]","[0.034612305132428696, -0.0836893930941623]",7.0,7.103663482590195,0.5358393828934732,81000000,,-8.215772798648038,7.103663482590195
q_learning,miss,False,0.17493388935088808,"[-0.09547102168216424, -0.14658495714906244]","[-0.04084059646139569, -0.10538418678450595]",5.7,5.843803396798442,0.49173703547866043,81000001,,-9.203008104127006,5.843803396798442
q_learning,hit,True,0.06804791612912998,"[0.06649796378110231, -0.01444090379734983]","[0.1399347500429087, -0.06490819472046636]",3.6,3.691276421997815,0.44545741547900225,81000002,,6.528331001294184,3.691276421997815
q_learning,miss,False,0.1480868491525473,"[0.04773081546503846, -0.14018375136574046]","[0.024755260885682886, -0.07265128886588612]",5.7,5.824180056821777,0.5134467064685412,81000003,,-8.13237220888016,5.824180056821777
q_learning,miss,False,0.13891005824884164,"[-0.01197722013813067, 0.13839273998465143]","[0.0031040632768211673, 0.11059452139140327]",4.0,4.210518301289423,0.4901686054478337,81000004,,-7.382222750950195,4.210518301289423
q_learning,miss,False,0.10127773731920355,"[0.007899792278927065, 0.10096917033653094]","[-0.06484651502524624, 0.01658810417447062]",3.5,3.636438163037561,0.5209784865653379,81000005,,-6.141318527962666,3.636438163037561
q_learning,miss,False,0.09829630498761148,"[0.07162833375185843, -0.06731675406724474]","[0.011122331666736845, 0.039788247650981934]",2.2,2.3000853063583526,0.4910366133580696,81000006,,-5.742859700520683,2.3000853063583526
q_learning,miss,False,0.14413954973641402,"[0.10971589602368294, -0.09348065017925668]","[0.15558626802840783, -0.01320595437261042]",2.8000000000000003,3.0257590166245554,0.5130993410693091,81000007,,-7.264964172619281,3.0257590166245554
q_learning,hit,True,0.08518437662608892,"[-0.03511215837879833, -0.07761130301159457]","[0.0469720166124481, -0.08732364390748769]",3.5,3.5470374684095973,0.5141639556165388,81000008,,6.229150861583287,3.5470374684095973
q_learning,timeout,False,,,,,,,81000009,,-10.999999999999993,12.0
q_learning,timeout,False,,,,,,,81000010,,-10.999999999999993,12.0
q_learning,timeout,False,,,,,,,81000011,,-10.999999999999993,12.0
q_learning,hit,True,0.006711403169974115,"[-0.006481780651927796, 0.0017405321284690717]","[0.0017307318484347661, 0.09801713590793475]",2.0,2.1165022105666425,0.4777060345155441,81000012,,7.494439144134575,2.1165022105666425
q_learning,miss,False,0.15636485101980707,"[0.1439569700838858, -0.06104389730934342]","[0.1864347381306228, -0.012971772600268017]",3.4000000000000004,3.4570523193279175,0.5053902624635271,81000013,,-7.868514399314379,3.4570523193279175
q_learning,miss,False,0.20213803877496092,"[0.16968702943649222, 0.10984579537154177]","[0.1397748563417111, 0.1070513763438084]",3.5,3.60161006004256,0.44316401183713566,81000014,,-9.919418113554023,3.60161006004256
q_learning,miss,False,0.13956721479569356,"[0.13643100159229704, 0.029420898190740365]","[0.10520065389845168, -0.009597536652872028]",3.4000000000000004,3.4513183507724325,0.48139262675637484,81000015,,-7.254815734052749,3.4513183507724325
q_learning,timeout,False,,,,,,,81000016,,-10.999999999999993,12.0
q_learning,miss,False,0.12130589666784818,"[0.12022915308721235, 0.016126726708241723]","[0.08413605603245264, 0.013912997800587136]",6.6000000000000005,6.704724463514847,0.4624392638686638,81000017,,-7.4666815514062534,6.704724463514847
q_learning,miss,False,0.11026966384130865,"[0.010924788626318918, 0.10972715141269943]","[0.08815192230503384, 0.020522226035823356]",3.4000000000000004,3.5900705257942085,0.4478821007925573,81000018,,-6.351160341194471,3.5900705257942085
q_learning,miss,False,0.22663303782988048,"[-0.020316160917718484, 0.22572059596227678]","[-0.033040634705018446, 0.15905163226876007]",4.4,4.661689642984983,0.5343498482480691,81000019,,-11.441053560000006,4.661689642984983
q_learning,miss,False,0.11984581238837885,"[-0.0999274440687082, -0.06616286472732039]","[-0.09258318227941655, -0.06477195938942912]",5.5,5.558135346965811,0.4435096857419302,81000020,,-7.14821219099142,5.558135346965811
q_learning,timeout,False,,,,,,,81000021,,-10.999999999999993,12.0
q_learning,miss,False,0.0976750709647656,"[-0.05012885902997864, -0.08383028677229087]","[-0.07416302068667578, -0.049427533024698045]",2.7,2.74728138705374,0.5068610848856087,81000022,,-5.852829566416297,2.74728138705374
q_learning,timeout,False,,,,,,,81000023,,-10.999999999999993,12.0
q_learning,miss,False,0.1298723599148289,"[-0.1296253006319868, -0.0080069535975863]","[-0.09122054681358709, 0.008081812354804093]",6.1000000000000005,6.3397342330135835,0.47401079485001285,81000024,,-7.607324675289734,6.3397342330135835
q_learning,miss,False,0.0913937380482335,"[-0.07585136013825708, -0.050984179110833486]","[-0.08666120217760792, -0.059466827777488726]",3.5,3.6535028287535716,0.4486512699940406,81000025,,-5.906211772151744,3.6535028287535716
q_learning,timeout,False,,,,,,,81000026,,-10.999999999999993,12.0
q_learning,timeout,False,,,,,,,81000027,,-10.999999999999993,12.0
q_learning,miss,False,0.11277765458022408,"[0.0738926924811976, 0.08519782491645841]","[0.07201389799817047, 0.030339538271657]",4.9,5.046024118017901,0.4646690796887429,81000028,,-6.795222144767449,5.046024118017901
q_learning,timeout,False,,,,,,,81000029,,-10.999999999999993,12.0
q_learning,miss,False,0.22917715842832792,"[-0.1926734020862279, -0.12409323137787032]","[-0.14781693210681163, -0.1114775659184376]",3.9000000000000004,4.093377512113362,0.47391046606086484,81000030,,-11.459218511763325,4.093377512113362
q_learning,miss,False,0.21815272868990243,"[0.12537305379238733, -0.1785278981493406]","[0.07464360998448467, -0.12454804921475865]",6.4,6.516527294605457,0.49402021185286427,81000031,,-11.475384325290143,6.516527294605457
q_learning,miss,False,0.09733406599017357,"[-0.0952737197625908, 0.01992081134840587]","[-0.05220402884765096, 0.043777206524139745]",5.2,5.436833957398619,0.47928040650829135,81000032,,-6.469619802738205,5.436833957398619
q_learning,miss,False,0.15208691663434573,"[-0.14369150477435932, 0.049831532858449185]","[-0.1327246711022394, 0.04218671887298933]",4.3,4.422715115363795,0.4757066810551942,81000033,,-7.9306086680669665,4.422715115363795
q_learning,hit,True,0.08808673131456775,"[-0.08212691111176598, 0.031850317187195165]","[-0.05751379040579477, 0.03597259719817439]",5.6000000000000005,5.6450802344661195,0.48857732141233695,81000034,,5.642065156335205,5.6450802344661195
q_learning,hit,True,0.06939698389389962,"[-0.01246515834181218, -0.06826830304822079]","[-0.022796054001568825, -0.013431958324420068]",2.9000000000000004,3.2172020246818698,0.483135972568772,81000035,,6.680439336596276,3.2172020246818698
q_learning,hit,True,0.0761686032377681,"[0.044558750334666095, 0.06177518828628069]","[0.06903189112632954, -0.007815382845541074]",4.6000000000000005,4.782112044277282,0.5124318890342244,81000036,,6.133746158124378,4.782112044277282
q_learning,hit,True,0.041093271772880635,"[0.041016611403175876, 0.002508898961833886]","[0.12463305184494873, 0.03340368818866653]",4.0,4.065167262252075,0.47913426785747226,81000037,,6.791523829012366,4.065167262252075
q_learning,miss,False,0.21108570316826694,"[0.2110823788724633, 0.001184656736591981]","[0.17784793949325098, 0.04214562626208015]",4.6000000000000005,4.868798270188701,0.5345965476473831,81000038,,-10.650885689140951,4.868798270188701
q_learning,hit,True,0.05327203233326174,"[-0.036155537397462384, -0.039123989372465376]","[-0.02076434884532638, -0.00812116767574396]",6.1000000000000005,6.229493023104263,0.44229227362734397,81000039,,6.124640811244929,6.229493023104263
q_learning,timeout,False,,,,,,,81000040,,-10.999999999999993,12.0
q_learning,miss,False,0.2355530901940712,"[0.20596235955945552, 0.11430120185141447]","[0.14666513293235073, 0.06246238448182263]",5.5,5.77499136010394,0.521923904220705,81000041,,-12.225031888885955,5.77499136010394
q_learning,timeout,False,,,,,,,81000042,,-10.999999999999993,12.0
q_learning,hit,True,0.07056577334360666,"[-0.03271308475211554, -0.06252505460679082]","[-0.16423361896500532, 0.04192845733528848]",1.8,2.085126575983921,0.4657004672450999,81000043,,6.9352434114097194,2.085126575983921
q_learning,hit,True,0.037808081420992685,"[-0.03551621058280378, -0.01296340258475178]","[-0.024436555056323618, 0.05094649295531165]",4.6000000000000005,4.671843531078318,0.5222932347206346,81000044,,6.673524565341184,4.671843531078318
q_learning,timeout,False,,,,,,,81000045,,-10.999999999999993,12.0
q_learning,miss,False,0.1384540726233271,"[0.10383403814798123, -0.0915861493232962]","[0.033341467210199295, -0.059304565409108306]",4.9,5.039380786095534,0.501462339370203,81000046,,-7.591608669874757,5.039380786095534
q_learning,miss,False,0.1588801896808062,"[-0.02645067130860964, -0.15666293965176592]","[0.027133478228104448, -0.09849210129445285]",2.8000000000000003,3.082533464546994,0.4586780233884608,81000047,,-7.816409218889995,3.082533464546994
q_learning,hit,True,0.07424944696355738,"[0.02973463843322164, -0.06803551757457056]","[0.032379529322947305, -0.030932872924423996]",6.6000000000000005,6.836205441036357,0.46185693040636944,81000048,,5.6693851389636905,6.836205441036357
q_learning,hit,True,0.03350409088440501,"[-0.0027479181761372318, -0.03339121219254739]","[-0.0139315525022001, -0.02923562524254291]",5.5,5.553715437193817,0.5173195630913666,81000049,,6.486416777038214,5.553715437193817
q_learning,timeout,False,,,,,,,81000050,,-10.999999999999993,12.0
q_learning,timeout,False,,,,,,,81000051,,-10.999999999999993,12.0
q_learning,miss,False,0.1584775941301347,"[0.08853635221973555, 0.13143995654632054]","[0.17031863046538864, 0.1074363676932609]",3.7,3.8952540144510177,0.4822478746609897,81000052,,-8.025635535959964,3.8952540144510177
q_learning,miss,False,0.14780645661540864,"[0.1298277066109588, -0.0706506561423281]","[0.1719021954530605, -0.09658389698621755]",3.5,3.6733112903131895,0.5184853727789328,81000053,,-7.572129458913912,3.6733112903131895
q_learning,miss,False,0.2260989566299873,"[-0.15442949735314254, -0.16514317586998445]","[-0.07872534539739366, -0.10007562497549954]",6.9,7.081158053438062,0.508598076352171,81000054,,-12.036202245576403,7.081158053438062
q_learning,miss,False,0.10423418843412734,"[0.040239709607197714, 0.09615368848489154]","[0.03991197777343771, 0.06798893301073024]",5.300000000000001,5.340975882591369,0.44069374500199027,81000055,,-6.666329140558168,5.340975882591369
q_learning,miss,False,0.20077246868349344,"[0.02366738941569302, -0.19937261311301083]","[0.12475917606227183, -0.16584043521432348]",2.3000000000000003,2.4498675994651262,0.4899581179232578,81000056,,-9.551491874230166,2.4498675994651262
q_learning,hit,True,0.045298257435679765,"[0.04245679171423243, -0.015790913971122807]","[0.06562119939384384, 0.027395560329487482]",4.4,4.518406792376805,0.5058689235250345,81000057,,6.646675046085294,4.518406792376805
q_learning,miss,False,0.09476710735610316,"[-0.09225689241255734, -0.02166726653320631]","[-0.05588203344068436, 0.025875795948753853]",5.0,5.180344651796835,0.5034438063689199,81000058,,-6.358741313165824,5.180344651796835
q_learning,miss,False,0.1348682367320818,"[0.13075284886473496, -0.03306257390126542]","[0.12614558701570014, -0.06276893341372158]",4.4,4.556000266717135,0.44861004488870726,81000059,,-7.34561003447171,4.556000266717135
q_learning,miss,False,0.17314764307153427,"[0.021338449786253072, -0.17182775346825374]","[-0.020111282775178846, -0.14451785034217135]",4.3,4.403577035663473,0.5105025913294304,81000060,,-8.77624769150956,4.403577035663473
q_learning,hit,True,0.06253809128446575,"[0.038374968292306584, -0.049379901478928]","[0.002787059423825962, 0.013270646355239463]",3.4000000000000004,3.62608734522765,0.49199758573234914,81000061,,6.667158905987139,3.62608734522765
q_learning,hit,True,0.07294370994774867,"[0.05888776100218368, 0.04304667728281688]","[0.15470968321046752, -0.012550655414187296]",3.7,3.8427027495053236,0.4727417885103519,81000062,,6.418112985068976,3.8427027495053236
q_learning,miss,False,0.11509900911435243,"[0.06178222223186575, -0.09711199161379679]","[0.1268370479454391, -0.036487754578484285]",3.7,3.7503584211962013,0.534827944109343,81000063,,-6.560528629519233,3.7503584211962013
q_learning,timeout,False,,,,,,,81000064,,-10.999999999999993,12.0
q_learning,timeout,False,,,,,,,81000065,,-10.999999999999993,12.0
q_learning,miss,False,0.19440952494941047,"[0.021742778871052068, 0.19318984175680662]","[0.04111752792698202, 0.14190882414390735]",3.2,3.3857264418410766,0.4509526259483767,81000066,,-9.46605720877228,3.3857264418410766
q_learning,miss,False,0.12245473325272464,"[0.12237496872504174, 0.004419131763254355]","[0.08451866201170068, -0.02038651564132478]",5.9,6.216561121323374,0.4690080317254887,81000067,,-7.3262545303698685,6.216561121323374
q_learning,timeout,False,,,,,,,81000068,,-10.999999999999993,12.0
q_learning,miss,False,0.16651585032723518,"[-0.1566452688034423, -0.05647820970692591]","[-0.17373060243588997, -0.07700228728976286]",3.6,3.749270277230886,0.5264959844359627,81000069,,-8.323151655580519,3.749270277230886
q_learning,hit,True,0.011301640021015925,"[-0.007974256577260447, -0.008008639035731811]","[-0.02695776746724951, 0.006075660631562431]",4.5,4.599056343066883,0.5209519171991212,81000070,,6.859231226275972,4.599056343066883
q_learning,miss,False,0.12432423472223975,"[-0.08695179372865089, -0.08885888197946624]","[-0.06525954569049028, -0.08148298311571218]",5.5,5.595297346171898,0.4630774453131981,81000071,,-7.283211770280316,5.595297346171898
q_learning,miss,False,0.10994882458154515,"[-0.033089251454395174, 0.10485154011768827]","[-0.004743359202363406, 0.08638701524440306]",5.9,5.956522121971701,0.4947406251860345,81000072,,-6.967437534180664,5.956522121971701
q_learning,timeout,False,,,,,,,81000073,,-10.999999999999993,12.0
q_learning,hit,True,0.08227997390644078,"[-0.08030219345662536, -0.017931866386388502]","[-0.11107366985428253, 0.006055272257618864]",3.3000000000000003,3.597659080356648,0.48219952036204505,81000074,,6.339198258513015,3.597659080356648
q_learning,timeout,False,,,,,,,81000075,,-10.999999999999993,12.0
q_learning,miss,False,0.13442305291555004,"[-0.1290157309600976, -0.03774252667705852]","[-0.09270880587784008, -0.04868141067170537]",4.2,4.502031870866067,0.46609145577481187,81000076,,-7.280809525325527,4.502031870866067
q_learning,miss,False,0.13906339897326872,"[0.09147238373201352, 0.10474460343321648]","[0.11077539493406471, 0.07028185283553093]",3.5,3.6273707838477205,0.44827576690955007,81000077,,-7.262485053580065,3.6273707838477205
q_learning,timeout,False,,,,,,,81000078,,-10.999999999999993,12.0
q_learning,miss,False,0.13193779019528773,"[-0.10259186794385401, 0.08296076851986475]","[-0.00787012228157137, 0.17959560627789437]",1.5,1.697835829000168,0.4514991676915076,81000079,,-6.52408401007602,1.697835829000168
q_learning,miss,False,0.1275883900470658,"[0.007530313119619547, 0.12736597528038124]","[0.020418325555208575, 0.07706034943344159]",6.6000000000000005,6.910790236851619,0.4859864783795979,81000080,,-7.659728058617553,6.910790236851619
q_learning,timeout,False,,,,,,,81000081,,-10.999999999999993,12.0
q_learning,hit,True,0.04197754016638523,"[0.0011271659334439812, 0.041962404308844944]","[0.00934322170192823, 0.08210037625744267]",4.800000000000001,4.883406218178658,0.45503387728443584,81000082,,6.582455076738212,4.883406218178658
q_learning,timeout,False,,,,,,,81000083,,-10.999999999999993,12.0
q_learning,miss,False,0.16019793081908196,"[0.04692099313487032, 0.1531724434810414]","[0.015469813017991788, 0.16928471686472454]",4.0,4.256438234605914,0.4877772685165028,81000084,,-8.168318152927823,4.256438234605914
q_learning,miss,False,0.1788643367745594,"[0.06346350187344833, 0.1672268964603536]","[0.02035612858649942, 0.10053916425683274]",6.6000000000000005,6.749404235831597,0.5020756396248821,81000085,,-9.59968530491395,6.749404235831597
q_learning,miss,False,0.1444365071720112,"[0.1069965159562758, -0.09702396702500297]","[0.06138620886296397, -0.06599116512233259]",6.2,6.519031720928307,0.45419791231002904,81000086,,-8.125543778277832,6.519031720928307
q_learning,miss,False,0.20142082839915915,"[-0.14396322207192447, 0.14087207247596406]","[-0.0834896335174833, 0.0728715904874336]",7.1000000000000005,7.23940312178524,0.5071807569521848,81000087,,-10.783685199136233,7.23940312178524
q_learning,miss,False,0.18528079685445772,"[0.17637125081181118, 0.0567640341246112]","[0.16420798143610518, 0.07888994079602424]",4.7,4.848228678622266,0.4465565942154056,81000088,,-9.413144899138622,4.848228678622266
q_learning,hit,True,0.028750286897979187,"[0.0041076361967049835, -0.028455339070052085]","[0.03484303065593872, 0.06687799483553321]",2.7,2.8525038825643065,0.4803415441230025,81000089,,7.222953210281961,2.8525038825643065
q_learning,hit,True,0.04490063429346277,"[0.04333596169545992, -0.011749952505645103]","[0.03229905850845258, 0.005860031134501627]",4.9,5.0286865395732,0.44528763947047567,81000090,,6.526102844449965,5.0286865395732
q_learning,timeout,False,,,,,,,81000091,,-10.999999999999993,12.0
q_learning,miss,False,0.13091156174107454,"[0.12726670986630853, 0.03067607467216141]","[0.09767844584857735, 0.01685417364909084]",5.300000000000001,5.4955414748844085,0.4930909125921918,81000092,,-7.4407823453687865,5.4955414748844085
q_learning,hit,True,0.04478887053033789,"[0.013996677925932314, 0.04254569226632808]","[0.026921086777774987, -0.03534598260270151]",3.5,3.5871101152778846,0.4458869921277988,81000093,,6.877340379829214,3.5871101152778846
q_learning,miss,False,0.12360448144260347,"[0.12280282844036078, -0.014054649043722958]","[0.09267799205141142, -0.07100456783336569]",3.3000000000000003,3.4223985346321566,0.4567442922757328,81000094,,-6.711181213912951,3.4223985346321566
q_learning,miss,False,0.19337999771550154,"[-0.15113938729261686, -0.12063460998096585]","[-0.050264665523874395, -0.0741499636762729]",4.800000000000001,4.9277948901564095,0.51273150875061,81000095,,-9.816768335363873,4.9277948901564095
q_learning,miss,False,0.11361874070728788,"[0.10548630574825693, -0.0422120544334811]","[0.07086706781210853, -0.1029039193299482]",4.2,4.414229738061638,0.48017479212703557,81000096,,-6.643730646902458,4.414229738061638
q_learning,hit,True,0.08036115581872538,"[-0.06943259655923187, 0.040460226143268205]","[0.04959023280521566, -0.03700398255609767]",4.0,4.212688992394571,0.5271087222334695,81000097,,6.202726498207227,4.212688992394571
q_learning,miss,False,0.11994464658489562,"[0.10215379569127897, -0.06285952807840628]","[0.12172393159173037, 0.009061774212714986]",3.3000000000000003,3.5324260987397236,0.5063626074503655,81000098,,-6.601138054861175,3.5324260987397236
q_learning,hit,True,0.04565869832994761,"[0.04565746951454046, 0.00033497867688737915]","[-0.06899321877468008, 0.11788675189389199]",3.4000000000000004,3.4516633111770894,0.5301327203036912,81000099,,6.8926275638043,3.4516633111770894
q_learning,miss,False,0.14694765909264051,"[-0.12040488867090424, 0.08423940465693032]","[-0.0727574215897274, 0.09862153217608716]",4.3,4.4182276323316705,0.5151114792694298,81000100,,-7.740878334914432,4.4182276323316705
q_learning,hit,True,0.01779618399459327,"[0.010397829202531378, 0.014442621391021898]","[-0.01676324366142265, 0.1174323160802023]",2.2,2.4013389606856794,0.5131086384499777,81000101,,7.410900720398837,2.4013389606856794
q_learning,hit,True,0.08898198435409105,"[-0.050082592749431554, -0.07354948975408523]","[-0.07785216187317287, -0.055470322113027465]",3.5,3.731359081456641,0.4814826573757367,81000102,,6.147494624741764,3.731359081456641
q_learning,timeout,False,,,,,,,81000103,,-10.999999999999993,12.0
q_learning,hit,True,0.07928775828487254,"[0.04810542043104122, -0.06302711431592864]","[0.024191667309257432, 0.01653159404473861]",3.5,3.819935531299505,0.48089248971351406,81000104,,6.348882887180201,3.819935531299505
q_learning,timeout,False,,,,,,,81000105,,-10.999999999999993,12.0
q_learning,timeout,False,,,,,,,81000106,,-10.999999999999993,12.0
q_learning,timeout,False,,,,,,,81000107,,-10.999999999999993,12.0
q_learning,miss,False,0.11409739959936274,"[-0.11385658217544908, 0.007409135621776038]","[-0.06901061157171479, -0.002655288939687632]",6.4,6.681026584763652,0.48106116167141855,81000108,,-7.20718723399218,6.681026584763652
q_learning,miss,False,0.1501554561150158,"[0.043310068458267334, -0.14377377706399952]","[0.017719253179482405, -0.11196076493302831]",3.4000000000000004,3.4927711595473063,0.4736896263972309,81000109,,-7.633538395198573,3.4927711595473063
q_learning,hit,True,0.021329682049957055,"[-0.017973629764600665, -0.01148494533889131]","[0.04095290490835539, 0.00535920431778224]",3.3000000000000003,3.478427822243259,0.47448530081818724,81000110,,7.118832674524412,3.478427822243259
q_learning,hit,True,0.07850824727269468,"[-0.020824600921117445, -0.07569597668507069]","[-0.010774576597682786, -0.04467742333870586]",6.300000000000001,6.3585647797629035,0.4473243507548049,81000111,,5.664068532119684,6.3585647797629035
q_learning,miss,False,0.13304252164498812,"[0.09413551606991827, 0.09401498380528123]","[0.030141551678085902, 0.07057274625725835]",4.9,5.094112865586798,0.5381864872382731,81000112,,-7.4102237735379175,5.094112865586798
q_learning,miss,False,0.1315191045720147,"[0.1302314905542732, -0.01835847857086196]","[0.15228726868958758, 0.028379997435284153]",3.3000000000000003,3.3830610281206352,0.47059331703402857,81000113,,-6.9604660330153765,3.3830610281206352
q_learning,hit,True,0.07640369376747216,"[-0.07606062688553714, 0.007232251315653339]","[-0.0900524041768491, -0.052460457414854576]",3.9000000000000004,4.0465193076450525,0.47117373491539183,81000114,,6.304317972677325,4.0465193076450525
q_learning,hit,True,0.0887283723796689,"[-0.07357200850497513, -0.04959721393071448]","[-0.04752384157714466, -0.09681445022110116]",3.3000000000000003,3.409644306600821,0.5008108639508836,81000115,,6.203058757389482,3.409644306600821
q_learning,miss,False,0.19674217737858668,"[-0.19159945169333795, 0.044689310472187056]","[-0.13747202917038218, 0.03044717881067705]",6.4,6.445638623993118,0.539933568549851,81000116,,-10.378701772798426,6.445638623993118
q_learning,timeout,False,,,,,,,81000117,,-10.999999999999993,12.0
q_learning,miss,False,0.14851148931654698,"[0.14436373221288945, 0.03485362650548714]","[0.07954849763573657, 0.03355927958704659]",6.9,7.093291905822606,0.5309132411941936,81000118,,-8.447921291236893,7.093291905822606
q_learning,miss,False,0.1833590542661529,"[-0.035370908366071444, -0.1799150955943858]","[-0.030290149199825686, -0.11517932069770011]",6.7,7.006215994256402,0.47078258576245424,81000119,,-9.825684293997284,7.006215994256402
q_learning,miss,False,0.14750402847413024,"[0.005728694790562747, -0.14739274226397175]","[-0.05151131095506485, -0.14323616735753536]",3.8000000000000003,3.8485189769871226,0.46693743806190846,81000120,,-7.636103508160127,3.8485189769871226
q_learning,miss,False,0.1590110241942157,"[0.10746179335484146, -0.11720268249598556]","[0.06230452871508014, -0.0652671114832383]",6.6000000000000005,6.89005649735844,0.5361100249446523,81000121,,-8.771543927814005,6.89005649735844
q_learning,miss,False,0.19808067395831905,"[0.189482526485111, 0.057726298622041476]","[0.1882042379308858, -0.02127185321000414]",3.8000000000000003,3.9648213355968984,0.49481871196507865,81000122,,-9.79394486367678,3.9648213355968984
q_learning,miss,False,0.20603709005417792,"[-0.07586497421290048, -0.1915614474931461]","[-0.05687937718976985, -0.13764504206329967]",4.9,5.0221174693944715,0.5143411745372076,81000123,,-10.465899071357214,5.0221174693944715
q_learning,miss,False,0.2127621119829168,"[-0.04924872915152256, 0.20698376499713983]","[0.0805291941656413, 0.209724321810491]",3.6,3.6551890436879355,0.5085005383578098,81000124,,-10.48860695005324,3.6551890436879355
q_learning,miss,False,0.10325712903100283,"[-0.01828331972168315, 0.10162556231421245]","[0.06828208955456741, 0.0019932361008104423]",3.4000000000000004,3.528998688600582,0.47416424278953573,81000125,,-6.166300579719157,3.528998688600582
q_learning,miss,False,0.10475376808752837,"[-0.10038921860410588, -0.029922511869706375]","[-0.04881718289572834, -0.038706831357210314]",3.9000000000000004,4.083339113382986,0.5002990318911315,81000126,,-6.329734805992059,4.083339113382986
q_learning,miss,False,0.16026235347056228,"[0.04426935174923975, 0.1540267718145957]","[0.02764035273325073, 0.11563433691144223]",6.9,7.098085675978724,0.4585815978320565,81000127,,-8.895866906163386,7.098085675978724
q_learning,miss,False,0.21692924258650043,"[-0.1628129757843525, -0.14335351828747211]","[-0.11691832612315534, -0.10248640627115567]",6.4,6.64132522040453,0.4418544997271969,81000128,,-11.409666208537375,6.64132522040453
q_learning,miss,False,0.18000931264524794,"[-0.05240681908146397, -0.1722117242024402]","[-0.023996653072800217, -0.10761358739579802]",6.4,6.502060864341337,0.46404871797365654,81000129,,-9.600413906051186,6.502060864341337
q_learning,miss,False,0.10296057965022287,"[0.041026908943436385, -0.09443343531004719]","[0.10380326227236222, -0.15329480159593944]",2.7,2.871726607683533,0.5037235048152265,81000130,,-5.9837507360382585,2.871726607683533
q_learning,timeout,False,,,,,,,81000131,,-10.999999999999993,12.0
q_learning,miss,False,0.1079174044956009,"[-0.04232601036350213, 0.09927071592255116]","[0.021152179442105803, 0.13373722689332507]",4.1000000000000005,4.3999956015491275,0.5245257412518207,81000132,,-6.462798295440388,4.3999956015491275
q_learning,timeout,False,,,,,,,81000133,,-10.999999999999993,12.0
q_learning,miss,False,0.2319068620797143,"[-0.14171224058685886, 0.18357133095206307]","[-0.07966401299147821, 0.12742365313677034]",4.6000000000000005,4.717604151297365,0.5396367753986498,81000134,,-11.789604034525881,4.717604151297365
q_learning,miss,False,0.13883819218200694,"[0.10649578328315215, 0.08907688673991576]","[0.08688603833406053, 0.09384730856547169]",4.4,4.66611194941293,0.5089115424385151,81000135,,-7.479758470168875,4.66611194941293
q_learning,timeout,False,,,,,,,81000136,,-10.999999999999993,12.0
q_learning,miss,False,0.15506825327641574,"[-0.1437755747275189, 0.05809257513633087]","[-0.08518299805831653, 0.06279127196850054]",6.300000000000001,6.458770582974303,0.46675865054028437,81000137,,-8.543662120271435,6.458770582974303
q_learning,hit,True,0.08634003696202994,"[0.0778985365886121, -0.03723466100231555]","[0.062817133024589, -0.02779163351069426]",3.4000000000000004,3.604607778099404,0.522527508728416,81000138,,6.229678767579666,3.604607778099404
q_learning,timeout,False,,,,,,,81000139,,-10.999999999999993,12.0
q_learning,timeout,False,,,,,,,81000140,,-10.999999999999993,12.0
q_learning,miss,False,0.099824292838095,"[-0.09894536392483427, 0.013217579143241419]","[-0.06577235380328544, -0.011734784340156713]",5.9,6.132866977673188,0.5370409002875329,81000141,,-6.705233264274782,6.132866977673188
q_learning,timeout,False,,,,,,,81000142,,-10.999999999999993,12.0
q_learning,timeout,False,,,,,,,81000143,,-10.999999999999993,12.0
q_learning,miss,False,0.09972760368157592,"[-0.03093261239535776, 0.09480911573508127]","[0.0014470601569794433, 0.057264869024160336]",4.7,4.832542292226741,0.45981488019106553,81000144,,-6.402851226675244,4.832542292226741
q_learning,miss,False,0.13574625472347118,"[0.1341900294828739, -0.020495893706666206]","[0.060520532036970325, -0.011155328413615113]",6.2,6.481618081964291,0.5302366654633681,81000145,,-7.824943910055495,6.481618081964291
q_learning,miss,False,0.113687654252262,"[0.021172123388667655, -0.1116988089488733]","[-0.008865250646719822, -0.06813663854477137]",3.7,3.9917055281610745,0.5391572448358668,81000146,,-6.52066453449159,3.9917055281610745
q_learning,miss,False,0.10503109719759977,"[0.10470051711362593, -0.00832664966664106]","[0.14398595855841417, 0.03026525608648726]",3.7,3.9655322393051047,0.5074180299162903,81000147,,-6.286917454139711,3.9655322393051047
q_learning,miss,False,0.1256228277182745,"[-0.10800314608898129, -0.0641592961215866]","[-0.05736983195968056, -0.07178606162724141]",3.5,3.7554031318999175,0.4526616987705026,81000148,,-6.823283314066083,3.7554031318999175
q_learning,timeout,False,,,,,,,81000149,,-10.999999999999993,12.0
q_learning,miss,False,0.12429108625415339,"[-0.04583538622954193, -0.11553091141086924]","[-0.0544736885825297, -0.10113075699195673]",2.8000000000000003,2.8542461591152186,0.5319040992110418,81000150,,-6.607194336078691,2.8542461591152186
q_learning,hit,True,0.08161765533931474,"[0.05386648035738989, 0.0613175664634051]","[0.0964423311714952, 0.0001850256912857215]",4.2,4.350956184223096,0.45274180331975894,81000151,,6.127599794680595,4.350956184223096
q_learning,hit,True,0.07793953540793118,"[0.06434970835575857, -0.04397369911814304]","[0.12368140928598112, -0.06277673224618835]",4.2,4.331381167728036,0.5399957247927195,81000152,,6.200052940789609,4.331381167728036
q_learning,hit,True,0.06251175793812248,"[-0.061396626316021566, -0.01175475042377451]","[-0.09423687920717123, -0.023558851368253586]",2.9000000000000004,3.201217426815637,0.45209249373917393,81000153,,6.792565446850071,3.201217426815637
q_learning,hit,True,0.05394344056331027,"[0.050361625227771746, -0.01932877347957836]","[0.05998346041201575, -0.003849128907028393]",3.3000000000000003,3.4377061761494674,0.46471315531580926,81000154,,6.815753730887977,3.4377061761494674
q_learning,miss,False,0.17778133904639512,"[0.07378009284355437, 0.1617488868991864]","[0.03511580277222483, 0.12697078973610373]",3.1,3.2079802098753607,0.4638327669736983,81000155,,-8.677000557176457,3.2079802098753607
q_learning,hit,True,0.0818738039269172,"[0.04508742495446853, -0.06834064588836172]","[0.11158850177727779, -0.05848996598738717]",3.9000000000000004,4.1847414106440315,0.508087719591781,81000156,,6.197429658090952,4.1847414106440315
q_learning,miss,False,0.09383647508280146,"[0.07136975942247652, 0.06092324265781529]","[0.10698685123635104, 0.11073894327056905]",3.3000000000000003,3.4405126664439183,0.5141710771585378,81000157,,-5.912072105674719,3.4405126664439183
q_learning,timeout,False,,,,,,,81000158,,-10.999999999999993,12.0
q_learning,hit,True,0.0311262856635139,"[0.024219475717110445, -0.019551538435503446]","[-0.008153829270447749, -0.07510970324588845]",3.8000000000000003,3.996742386703342,0.5111159206707555,81000159,,6.9303894247893,3.996742386703342
q_learning,hit,True,0.055676712925589664,"[-0.05496622394059433, 0.008866261213778773]","[-0.17394059779472335, -0.03651790371688067]",3.2,3.2466449600944776,0.49622055254644715,81000160,,6.817296745407589,3.2466449600944776
q_learning,miss,False,0.17838687753517848,"[0.12526455218170868, 0.1270065748040894]","[0.0796091301201996, 0.08973873190050453]",6.5,6.574336289038656,0.5237944338856519,81000161,,-9.55362692305565,6.574336289038656
q_learning,hit,True,0.05660338010880053,"[0.03573898411979033, 0.04389382250188209]","[0.07385312133709003, 0.15913800984577617]",2.8000000000000003,2.8439083267795664,0.4992530584158106,81000162,,6.904451525957857,2.8439083267795664
q_learning,timeout,False,,,,,,,81000163,,-10.999999999999993,12.0
q_learning,timeout,False,,,,,,,81000164,,-10.999999999999993,12.0
q_learning,hit,True,0.08567389376384567,"[-0.0842895535356687, -0.01533907550722513]","[-0.09283960129108018, 0.03663792255226328]",4.0,4.237278454179675,0.44751790894298515,81000165,,6.093825176214974,4.237278454179675
q_learning,miss,False,0.22110566780928445,"[0.20812033592308798, 0.07465682897532318]","[0.14887731785835057, 0.033468947998692114]",6.300000000000001,6.384100805441434,0.5318174557945895,81000166,,-11.610520535480202,6.384100805441434
q_learning,hit,True,0.06921591195773219,"[-0.03712851449167065, 0.0584150312829013]","[0.0025321717817449185, 0.03095045138333711]",5.1000000000000005,5.211715912248615,0.5400777801198353,81000167,,6.133537966896231,5.211715912248615
q_learning,miss,False,0.1285449841896331,"[-0.12854497827941933, 3.8980208235443736e-05]","[-0.08813428259572861, 0.030383897909858508]",3.2,3.467845981503499,0.4588630526394961,81000168,,-6.839976908680621,3.467845981503499
q_learning,miss,False,0.2108098537276013,"[0.0003410694134815956, 0.21080957781919646]","[0.019118867699188788, 0.12365882218020992]",6.5,6.6238252098484836,0.5433492841779698,81000169,,-11.111517830697858,6.6238252098484836
q_learning,miss,False,0.16395765488553674,"[0.12159214772427471, -0.10998846397401378]","[0.05556253544581421, -0.08763423401972874]",4.3,4.613691500946242,0.5086170947829651,81000170,,-8.393779332785773,4.613691500946242
q_learning,miss,False,0.1810429551168538,"[-0.08737579627367388, -0.15856235941415786]","[-0.07171734792206753, -0.10359856076490749]",5.7,5.9093166899201295,0.4761639095577523,81000171,,-9.471487851536189,5.9093166899201295
q_learning,miss,False,0.1410867561232712,"[-0.12951428896354442, 0.05596000096189172]","[-0.11236500247216905, -0.008488466966531681]",3.0,3.285706430167207,0.4941377397399988,81000172,,-7.207465772023137,3.285706430167207
q_learning,timeout,False,,,,,,,81000173,,-10.999999999999993,12.0
q_learning,hit,True,0.05717798060990764,"[-0.05699063771853352, 0.004624789623522203]","[-0.02227719678740847, -0.010660646637946879]",5.2,5.435352745754406,0.48026034254733163,81000174,,6.296380065848522,5.435352745754406
q_learning,miss,False,0.13958598665422225,"[0.10950406568171864, 0.08656273603235148]","[0.05609449178665979, 0.07677872861694945]",6.1000000000000005,6.31654262409533,0.46900428302240965,81000175,,-7.93046267533737,6.31654262409533
q_learning,miss,False,0.1461355624657431,"[-0.08026246691872137, -0.12212100155706332]","[-0.040726168505139396, -0.09904588139697448]",5.5,5.663259735242946,0.5295077542087899,81000176,,-8.011494150269025,5.663259735242946
q_learning,miss,False,0.18064138447802008,"[-0.14851594456012462, 0.10283153211709851]","[-0.09029202567128812, 0.04219741110258203]",6.9,7.023439424980969,0.49269616671136307,81000177,,-9.753556763720477,7.023439424980969
q_learning,miss,False,0.13647390172776924,"[0.11188126497445089, -0.07815182915656885]","[0.17336826934692295, -0.07024534140806063]",3.7,3.7649280656455297,0.5282153265652193,81000178,,-7.2243982534322,3.7649280656455297
q_learning,miss,False,0.1781540046823709,"[-0.1742763309514384, 0.036967686625902586]","[-0.13387562498876465, -0.004220127791053484]",3.3000000000000003,3.5549753880089856,0.46415156368581467,81000179,,-8.743376467205708,3.5549753880089856
q_learning,miss,False,0.12451954720460562,"[0.12380773763321165, 0.013295177252892677]","[0.06023236312292027, -0.008992009033654567]",5.2,5.368400784830514,0.46930671064248564,81000180,,-7.2142120538320995,5.368400784830514
q_learning,miss,False,0.13100107660290558,"[0.06691701442674897, -0.11262058094029975]","[0.08581540518673149, -0.13490348856074497]",3.9000000000000004,3.9839103983122643,0.4635849150938031,81000181,,-7.093676798903746,3.9839103983122643
q_learning,miss,False,0.2028929714950578,"[-0.16427183105536777, -0.11908116309396313]","[-0.10630234995139695, -0.05216931475804989]",4.2,4.350360849259311,0.5400275572303469,81000182,,-10.132167639764734,4.350360849259311
q_learning,timeout,False,,,,,,,81000183,,-10.999999999999993,12.0
q_learning,miss,False,0.193031777937235,"[-0.17460614152157572, 0.08230408639039423]","[-0.12902445008568997, 0.051835141403804866]",6.9,7.027742420372616,0.4924378462848943,81000184,,-10.325156456001231,7.027742420372616
q_learning,timeout,False,,,,,,,81000185,,-10.999999999999993,12.0
q_learning,hit,True,0.06475484193377863,"[0.013513929038654851, -0.0633290081700863]","[0.02211257444260891, -0.06653885699894702]",5.1000000000000005,5.21733837035939,0.534834275090486,81000186,,6.207322277300166,5.21733837035939
q_learning,miss,False,0.10090328145354309,"[-0.005230537198303575, 0.10076762222415539]","[-0.13254811568295188, 0.07154551364201947]",2.8000000000000003,2.8903728840748526,0.5243857446011154,81000187,,-5.956971877542338,2.8903728840748526
q_learning,miss,False,0.10724871259256596,"[0.08459567833094744, 0.06592311855858828]","[0.05982236684241065, 0.1220718112191103]",4.2,4.353317931382955,0.4736889106341856,81000188,,-6.470035352192941,4.353317931382955
q_learning,miss,False,0.20781300384832058,"[0.033698836203382446, -0.2050625099987799]","[-0.04219660887563413, -0.23913459067925458]",1.2000000000000002,1.3435843948247057,0.48418911177497415,81000189,,-9.631635131908903,1.3435843948247057
q_learning,hit,True,0.06711932183185744,"[0.0593684879270969, -0.031311116307449094]","[0.14974101479569876, -0.0795088447195117]",2.3000000000000003,2.3623942760551726,0.4918300287144904,81000190,,6.868826745287845,2.3623942760551726
q_learning,miss,False,0.10898485481730553,"[-0.0925114510078123, -0.05761362696427216]","[-0.10598585480513287, -0.09004861267907907]",3.5,3.606814445545018,0.466316845917676,81000191,,-6.341382540685084,3.606814445545018
q_learning,hit,True,0.04087645246923008,"[0.03388288125485988, -0.022865579466488286]","[0.05119609151694478, 0.02943630788016591]",3.4000000000000004,3.5688972666412098,0.48602196950112264,81000192,,6.943717979448243,3.5688972666412098
q_learning,miss,False,0.20986200968724847,"[0.1239254155056516, -0.16936515137926803]","[0.06451777365506671, -0.1355397431916772]",3.7,3.898902664747078,0.5185947010654829,81000193,,-10.3622917419717,3.898902664747078
q_learning,timeout,False,,,,,,,81000194,,-10.999999999999993,12.0
q_learning,miss,False,0.10629688401102669,"[-0.09469781064217071, -0.04828407822495154]","[-0.018565304951227282, -0.1294076125655699]",3.4000000000000004,3.5926004998889423,0.537209535979404,81000195,,-6.244941672895514,3.5926004998889423
q_learning,hit,True,0.05207461732495376,"[-0.023758240333139002, -0.04633909565165446]","[0.07506962052783794, 0.02439472238872691]",3.5,3.5823570525881605,0.5402678492787912,81000196,,6.79021410252588,3.5823570525881605
q_learning,miss,False,0.14968166200609348,"[0.044728650073468226, -0.14284238797888965]","[0.06797058132146284, -0.0925431542762513]",3.7,3.903555135331737,0.4839073946778252,81000197,,-7.690999992704496,3.903555135331737
q_learning,miss,False,0.11342197872880008,"[0.0698408663764702, 0.08936889079842275]","[0.03689486608891575, 0.05059660126959036]",5.2,5.393108852491635,0.5384900959719906,81000198,,-6.888215464043997,5.393108852491635
q_learning,timeout,False,,,,,,,81000199,,-10.999999999999993,12.0
q_learning,timeout,False,,,,,,,81000200,,-10.999999999999993,12.0
q_learning,miss,False,0.14052398988646145,"[-0.13968754113363901, -0.015309558636623935]","[-0.11942516342875432, -0.0268220946564129]",4.9,4.967187169623006,0.4603615204836583,81000201,,-7.662900214025965,4.967187169623006
q_learning,miss,False,0.09070536522805905,"[0.04785635288643325, -0.07705344099756192]","[0.03333038523307458, -0.06836152737253223]",3.8000000000000003,3.874404850304373,0.5284006351123182,81000202,,-5.965736207550072,3.874404850304373
q_learning,hit,True,0.07575547154983721,"[0.06828292690336757, 0.0328075199191825]","[0.1148401718698556, 0.044348978607112455]",4.6000000000000005,4.651749729323515,0.45561436266280503,81000203,,6.141494880279236,4.651749729323515
q_learning,miss,False,0.15875784836816736,"[-0.13920545830843672, 0.076327549388331]","[-0.14851064792578694, -0.0002062824263569761]",3.5,3.562851507231365,0.5055589608605688,81000204,,-7.986611656603706,3.562851507231365
q_learning,timeout,False,,,,,,,81000205,,-10.999999999999993,12.0
q_learning,miss,False,0.15858050023124218,"[-0.0611924849917756, 0.14629851275430766]","[-0.1212580052670929, 0.09506189318547005]",3.1,3.313823865436491,0.47867510112549433,81000206,,-7.879663586863087,3.313823865436491
q_learning,miss,False,0.09811318577106541,"[-0.03258493198692551, -0.0925441485430334]","[-0.060016431694190506, 0.008946999817360121]",4.0,4.2538419884223,0.5251917003553566,81000207,,-6.1884194101416785,4.2538419884223
q_learning,miss,False,0.12893225889037976,"[-0.1284287007614851, -0.011384032822019868]","[-0.11387451077153361, 0.026902439373390392]",4.800000000000001,4.925675740137026,0.5396934951588258,81000208,,-7.252287331182211,4.925675740137026
q_learning,miss,False,0.1630325012751357,"[-0.16169362975143842, -0.02085105680371781]","[-0.09541923317635259, -0.007795008966860143]",4.9,5.100171739790952,0.517794963938364,81000209,,-8.506431663213224,5.100171739790952
q_learning,miss,False,0.15918909309014767,"[0.05193984182736697, 0.1504773078899666]","[-0.07593028978267138, 0.13665226900908167]",2.9000000000000004,3.1029797441516838,0.5387042145554273,81000210,,-7.8535391801066305,3.1029797441516838
q_learning,miss,False,0.19355970813230747,"[-0.1688537506860035, 0.09462437049477805]","[-0.10829406708129952, 0.11524000857210591]",3.6,3.841240609350326,0.48436524272711845,81000211,,-9.525353162007908,3.841240609350326
q_learning,miss,False,0.09024227397454597,"[0.03146804902261652, -0.08457795163520586]","[0.01498121899386401, -0.062377292909402623]",6.2,6.417735286667505,0.5063007271460924,81000212,,-6.555391112604569,6.417735286667505
q_learning,timeout,False,,,,,,,81000213,,-10.999999999999993,12.0
q_learning,miss,False,0.2062042756833911,"[0.1829052001120895, -0.09521497299305634]","[0.1287240872728464, -0.019718953858360054]",5.4,5.4621444866871665,0.5247459012736968,81000214,,-10.599407816063204,5.4621444866871665
q_learning,hit,True,0.07721722880662013,"[0.0006902042341193071, 0.07721414405851515]","[0.10332376854457276, 0.027937981859787263]",3.3000000000000003,3.3540222841487553,0.5425994031908976,81000215,,6.438888836472355,3.3540222841487553
q_learning,miss,False,0.13483427851617052,"[-0.044189707938596376, 0.12738741058392622]","[0.004605301958826649, 0.1371254748534665]",4.1000000000000005,4.171793055577506,0.5104655992861254,81000216,,-7.269479341108179,4.171793055577506
q_learning,timeout,False,,,,,,,81000217,,-10.999999999999993,12.0
q_learning,hit,True,0.08720248195585723,"[-0.03328316030183981, 0.08060089391305558]","[-0.06886376948906647, 0.01244776105353318]",3.2,3.4864232216340314,0.4537322357347202,81000218,,6.26120088157264,3.4864232216340314
q_learning,timeout,False,,,,,,,81000219,,-10.999999999999993,12.0
q_learning,miss,False,0.16875564326955492,"[0.016629678996991117, -0.1679342755716602]","[0.02640769275494558, -0.11959552207392801]",6.4,6.506359280518902,0.4478381884437953,81000220,,-9.115860140163118,6.506359280518902
q_learning,miss,False,0.1526040882944418,"[0.09667201412512162, -0.11807848851154082]","[0.09377425598201237, -0.09167191295762803]",4.3,4.4893196668374475,0.5284752510803172,81000221,,-7.950062686935531,4.4893196668374475
q_learning,miss,False,0.11409995695043795,"[0.1038886343168329, -0.04717999402156768]","[0.07267173578558314, 0.014785101479039123]",3.1,3.156868403302318,0.46662299456951895,81000222,,-6.382259280998987,3.156868403302318
q_learning,miss,False,0.12769588172162263,"[-0.12283987113772497, -0.03487985475213111]","[-0.030519443295931023, 0.026096950068887414]",3.5,3.6366250970747944,0.5233100520919362,81000223,,-6.888115828229955,3.6366250970747944
q_learning,miss,False,0.11120557384564589,"[0.09889882087556573, 0.05084980711627296]","[0.04940490261727542, -0.06584247326193593]",2.0,2.043065168841288,0.4998089092944759,81000224,,-6.026750574609803,2.043065168841288
q_learning,hit,True,0.06601171841235091,"[0.056567984618400055, 0.034023669466475295]","[0.06942110538629581, -0.05317773736835106]",4.1000000000000005,4.221841788291752,0.5300446920488114,81000225,,6.437031238549196,4.221841788291752
q_learning,miss,False,0.1761405787609088,"[0.05262919746400185, -0.16809423268072887]","[0.07236202677607194, -0.08806321960304332]",5.4,5.600753125787786,0.46515046324993564,81000226,,-9.180309072373817,5.600753125787786
q_learning,miss,False,0.17001531767178774,"[0.1314828774103821, 0.1077843272044936]","[0.05691238662072314, 0.06513275284793607]",5.6000000000000005,5.684762075016506,0.5230672519524855,81000227,,-8.968544227535666,5.684762075016506
q_learning,timeout,False,,,,,,,81000228,,-10.999999999999993,12.0
q_learning,hit,True,0.04702722464405363,"[0.01235091414635478, 0.04537636805068976]","[-0.12320154659428076, -0.07033314593653664]",2.6,2.669769639342975,0.48129536386272936,81000229,,7.076967918799718,2.669769639342975
q_learning,miss,False,0.13223540521616764,"[-0.056647016914460335, -0.11948773103284244]","[-0.06658922541391475, -0.09665704175383455]",4.5,4.766251427043685,0.5012612566796925,81000230,,-7.283790418849884,4.766251427043685
q_learning,miss,False,0.12822833585985122,"[0.11556769896497782, 0.05555729541047758]","[0.06880464809172565, 0.04822652117926344]",5.300000000000001,5.4934694438002705,0.44696822521998497,81000231,,-7.354939026837878,5.4934694438002705
q_learning,hit,True,0.0678664145470555,"[-0.0649734718604405, -0.019603524628834773]","[-0.07016500275223533, -0.04481709149491783]",3.7,3.8592535837988593,0.4597956973855127,81000232,,6.506376515620643,3.8592535837988593
q_learning,miss,False,0.10924007821603181,"[-0.07725195175707086, -0.07723684767238978]","[-0.07017953837174132, 0.07985725669870805]",2.0,2.1363507553122525,0.5395105342156444,81000233,,-5.973258603536388,2.1363507553122525
q_learning,miss,False,0.11411892356548516,"[0.058462282696437995, 0.09800658252212863]","[-0.004141784074272181, 0.005171587080125058]",4.1000000000000005,4.4155584740098215,0.5344886820142486,81000234,,-6.6327936686105,4.4155584740098215
q_learning,miss,False,0.17095503132755038,"[-0.1613161320083718, 0.05659265226212055]","[-0.2083543293963101, 0.09026714596893867]",3.5,3.6625506343764407,0.5246773850739044,81000235,,-8.483101572370831,3.6625506343764407
q_learning,miss,False,0.20189426311212338,"[-0.1395670444320874, 0.14588465850143068]","[-0.0713008961727189, 0.12231045508673705]",4.6000000000000005,4.787436379349505,0.4875699610092735,81000236,,-10.182258454023126,4.787436379349505
q_learning,hit,True,0.06267668587448366,"[-0.06255375551364489, -0.003923598265347966]","[-0.06415741576956507, 0.07958142566109125]",4.1000000000000005,4.300330022426701,0.4999095359999577,81000237,,6.490016425653247,4.300330022426701
q_learning,timeout,False,,,,,,,81000238,,-10.999999999999993,12.0
q_learning,timeout,False,,,,,,,81000239,,-10.999999999999993,12.0
q_learning,hit,True,0.05034893163252642,"[0.034494403895706904, 0.03667630047342098]","[-0.051864447277097936, 0.01386030827599151]",2.6,2.8739481459291785,0.5370001882676186,81000240,,7.037035195489281,2.8739481459291785
q_learning,miss,False,0.13448242466001017,"[-0.1277052130046126, 0.04215330489868899]","[-0.04615510977802931, 0.028942107491264996]",5.2,5.356563578353308,0.5166622321725474,81000241,,-7.532780560794482,5.356563578353308
q_learning,hit,True,0.03593149674751467,"[0.0004973259886341258, 0.035928054851017]","[0.09332274159177485, 0.0005094267330086654]",3.9000000000000004,3.965110156904339,0.49898532542185264,81000242,,6.8656083384547335,3.965110156904339
q_learning,miss,False,0.12181680302268862,"[0.1166129121752537, -0.035224454753410794]","[0.08241283881775828, -0.02293218857592028]",4.9,5.09203108846414,0.46758530640033547,81000243,,-7.057016481317101,5.09203108846414
q_learning,hit,True,0.04738611686400144,"[0.04628026276374611, 0.01017749232214974]","[-0.002482619698878946, -0.0022853409114789933]",5.4,5.566135230971743,0.5257017672577741,81000244,,6.372784682537185,5.566135230971743
q_learning,timeout,False,,,,,,,81000245,,-10.999999999999993,12.0
q_learning,miss,False,0.16070243084314417,"[0.15010364742566662, 0.05739482823745276]","[0.03687639125890908, -0.00019232425911266948]",3.0,3.1263092447895273,0.522935545365882,81000246,,-7.938305096159943,3.1263092447895273
q_learning,hit,True,0.03370843025047334,"[0.03356481472650888, -0.0031082925097485337]","[-0.021419793640261114, -0.08045452486102944]",3.1,3.258833038226507,0.44702325048065417,81000247,,7.0847212012406136,3.258833038226507
q_learning,miss,False,0.1855798856234538,"[-0.1790663696449943, -0.048735297374453854]","[-0.13639642646640568, 0.007153536095432638]",4.1000000000000005,4.241052521691209,0.44286928649453244,81000248,,-9.2768387590141,4.241052521691209
q_learning,miss,False,0.17482144017242554,"[0.17356781061029847, 0.020898589998096156]","[0.1451991563304813, 0.09509453943251714]",4.0,4.088736137102435,0.5148029722863946,81000249,,-8.773152585674193,4.088736137102435
q_learning,miss,False,0.1532849169821999,"[-0.07895470748820776, 0.1313865287603393]","[-0.13782894960841552, 0.06318312877473507]",2.5,2.8182246359327885,0.5157782425368737,81000250,,-7.525773552375298,2.8182246359327885
q_learning,miss,False,0.16283535492360357,"[-0.08036305101686386, -0.14162320729441513]","[-0.16238106249087253, -0.08261390021349813]",2.0,2.250040605347674,0.5246582735821541,81000251,,-7.773500347295796,2.250040605347674
q_learning,timeout,False,,,,,,,81000252,,-10.999999999999993,12.0
q_learning,hit,True,0.07027101408907044,"[0.06369767464394162, -0.029675270277806955]","[-0.0006722137482106788, 0.040700873790558166]",4.0,4.207195259160148,0.49206864676318085,81000253,,6.390368466530081,4.207195259160148
q_learning,hit,True,0.059001668007784974,"[0.05721497259508755, -0.014409848668332975]","[0.04279609941048325, -0.06851363296896609]",4.0,4.294995654101818,0.45658226289140486,81000254,,6.57022261386409,4.294995654101818
q_learning,hit,True,0.0803522881758442,"[-0.07683736162022242, -0.023505532845206484]","[-0.05410905468753152, -0.11564831757399072]",3.6,3.777617633936431,0.5073469878275593,81000255,,6.302902442580998,3.777617633936431
q_learning,miss,False,0.20989326519362497,"[-0.1509945589997954, -0.14579377876335703]","[-0.08387494246751667, -0.06305305670843626]",6.7,6.938802280969492,0.49953477351684433,81000256,,-11.11391145353597,6.938802280969492
q_learning,hit,True,0.026572827485731827,"[0.01893933321182735, 0.018639120635851852]","[0.0018662079997897735, -0.054068076989506414]",2.3000000000000003,2.591601858590019,0.5118916736680585,81000257,,7.337825288816486,2.591601858590019
q_learning,hit,True,0.08786805086737422,"[0.08450752115258123, 0.024068095726033245]","[0.045151890060106246, -0.07672890825972184]",2.2,2.259597593976357,0.49902382986588195,81000258,,6.496815510712165,2.259597593976357
q_learning,miss,False,0.1785452759456347,"[-0.16307837144344217, 0.07269016666549573]","[-0.10690576297347254, 0.06795579796373859]",6.6000000000000005,6.645924731269233,0.4859916784579804,81000259,,-9.585606859568252,6.645924731269233
q_learning,hit,True,0.05666466867446173,"[0.0432955152066416, 0.03655657312957535]","[0.04108132139283621, 0.017848113462705005]",5.0,5.069252119907406,0.4837131799973691,81000260,,6.353594484446109,5.069252119907406
q_learning,hit,True,0.018843727774913686,"[-0.01880639876590831, -0.001185513354077388]","[-0.033744195504576135, -0.016114768751411917]",4.7,4.917901340353883,0.48289690398928,81000261,,6.781162212783327,4.917901340353883
q_learning,miss,False,0.16500692538203252,"[0.018632142499357733, -0.16395160471893916]","[0.038893445640515195, -0.11548713961473193]",4.9,4.9578386287826355,0.5116921236545084,81000262,,-8.586393262226128,4.9578386287826355
q_learning,miss,False,0.13550873787453607,"[-0.13459245142413817, 0.015731816805147954]","[-0.08596746199157375, 0.025157756264712963]",6.5,6.5590358922668495,0.48387608045986796,81000263,,-7.8919898815246565,6.5590358922668495
q_learning,timeout,False,,,,,,,81000264,,-10.999999999999993,12.0
q_learning,miss,False,0.10774431052026465,"[0.10758474764529703, -0.005861614417970919]","[0.0975347711116943, 0.01106581481893196]",5.2,5.519733711638132,0.44498949101329527,81000265,,-6.733189685121877,5.519733711638132
q_learning,timeout,False,,,,,,,81000266,,-10.999999999999993,12.0
q_learning,timeout,False,,,,,,,81000267,,-10.999999999999993,12.0
q_learning,miss,False,0.1746128297395231,"[-0.1163000014124291, -0.13024572922408117]","[-0.08636507760036824, -0.0786385417095571]",5.300000000000001,5.525827900023496,0.4412017887004031,81000268,,-9.089153124647368,5.525827900023496
q_learning,miss,False,0.1962886338715096,"[-0.14222106497359802, 0.1352863498839375]","[-0.09884087910706343, 0.07536198876619038]",5.6000000000000005,5.878256390325017,0.48947377200756503,81000269,,-10.156694788536239,5.878256390325017
q_learning,timeout,False,,,,,,,81000270,,-10.999999999999993,12.0
q_learning,miss,False,0.18021998656959456,"[-0.0347532188877896, -0.1768373753935582]","[0.008795776782083424, -0.17782606344041557]",4.5,4.599807112028059,0.5121674652823058,81000271,,-9.13478315544998,4.599807112028059
q_learning,miss,False,0.14774111758082648,"[0.039313742382812454, 0.14241442161484016]","[0.023865965152344758, 0.08361882560956643]",6.6000000000000005,6.815488623289971,0.49780660134407817,81000272,,-8.34474541037427,6.815488623289971
q_learning,hit,True,0.0784828694955048,"[0.07245199450461376, -0.030170669474704332]","[0.15705285241585282, 0.005161840274284051]",3.3000000000000003,3.454963415537947,0.46125146961417135,81000273,,6.414560394537229,3.454963415537947
q_learning,miss,False,0.10941677855487897,"[-0.025832793586324482, -0.10632355432759844]","[-0.054214830948744186, -0.04289985196114654]",4.3,4.606054088357252,0.4845212647823952,81000274,,-6.553028571521904,4.606054088357252
q_learning,miss,False,0.14269094349376185,"[0.04293593822443949, -0.13607795767106096]","[0.0801044900559056, -0.16630516245189028]",1.7000000000000002,2.018529602464836,0.4743282439069539,81000275,,-6.938667327795054,2.018529602464836
q_learning,miss,False,0.10156287846056324,"[-0.09118769653642865, 0.04471937255346209]","[-0.08505786312389395, 0.04689836215272564]",3.2,3.367166397805608,0.4967816714317132,81000276,,-6.073459047061129,3.367166397805608
q_learning,miss,False,0.10148014771066391,"[0.07869153621832964, 0.0640770045100228]","[0.003948217664661413, 0.01540945219506612]",5.2,5.240476837313622,0.5427351744608051,81000277,,-6.571385232021996,5.240476837313622
q_learning,miss,False,0.20290181344656577,"[-0.014339465838737422, 0.20239448020972475]","[-0.008012909533032977, 0.19913930179758413]",1.9000000000000001,2.082594974246966,0.4946048675532309,81000278,,-9.55761060492654,2.082594974246966
q_learning,hit,True,0.0881662882646468,"[0.06711103456325132, -0.05717869731127917]","[0.12052003212642712, 0.014926841378591408]",4.4,4.569257464594676,0.4457839064687169,81000279,,5.940334026374716,4.569257464594676
q_learning,miss,False,0.10686460961112351,"[-0.06727878466625582, 0.08302776596518427]","[-0.028625739607735748, 0.09952405969450331]",3.7,3.8817166607600915,0.48552658948494853,81000280,,-6.334882072510844,3.8817166607600915
q_learning,miss,False,0.09273305999846136,"[-0.0925212986805398, 0.006263362287508073]","[-0.05199647061501288, 0.016627542142222604]",4.5,4.812000852081821,0.5317601917626624,81000281,,-6.186656841565214,4.812000852081821
q_learning,miss,False,0.10032897272378907,"[0.07368878084273589, -0.06808719663579968]","[0.15271910048608206, -0.05943915024665728]",3.9000000000000004,4.009627126487691,0.4502108235651046,81000282,,-6.217704045408743,4.009627126487691
q_learning,miss,False,0.1548558183568377,"[0.14201712196318003, -0.0617370354670611]","[0.06642296634250774, -0.07563494202183027]",3.6,3.89650077463718,0.45611174009490446,81000283,,-7.860533886292089,3.89650077463718
q_learning,miss,False,0.18722127110818199,"[0.12619336906167658, -0.1383005349238638]","[0.07561102229259145, -0.08373762085897779]",6.6000000000000005,6.768685109652924,0.539570781399054,81000284,,-9.977383253748565,6.768685109652924
q_learning,miss,False,0.14355356870033995,"[0.14126007231285692, -0.025558150495872248]","[0.14096154590468712, -0.013587697582349798]",5.0,5.289606244406147,0.48186836271084915,81000285,,-7.794151492173237,5.289606244406147
q_learning,miss,False,0.10786311854467806,"[-0.09780471219903861, -0.045482860660324566]","[-0.07749916997769532, -0.04077822716545918]",5.1000000000000005,5.270144711192822,0.5140840006918608,81000286,,-6.7113521410102805,5.270144711192822
q_learning,miss,False,0.14825468134959088,"[-0.13839688789404947, -0.05315780246878757]","[-0.06991676315080031, -0.10323796343607602]",3.2,3.4735372738009556,0.5103848515707371,81000287,,-7.513512412601079,3.4735372738009556
q_learning,hit,True,0.08730553579130958,"[-0.0869819904480453, -0.0075093220402238856]","[0.015783964570066616, -0.0053096490724888964]",4.5,4.558411500207733,0.5052714168471756,81000288,,5.933980669159551,4.558411500207733
q_learning,miss,False,0.1138361397189882,"[0.03966872357633575, 0.10670079229295942]","[0.054159508639346245, 0.10668948065233758]",5.2,5.243687460665593,0.4408304283557386,81000289,,-6.899835395817407,5.243687460665593
q_learning,timeout,False,,,,,,,81000290,,-10.999999999999993,12.0
q_learning,miss,False,0.10185906225890246,"[-0.06279527732366563, 0.08019988597315392]","[-0.04083444880635967, 0.04714462703155358]",6.2,6.377265961236688,0.5062989398678043,81000291,,-6.830897353612711,6.377265961236688
q_learning,timeout,False,,,,,,,81000292,,-10.999999999999993,12.0
q_learning,miss,False,0.17435377722250733,"[-0.10289770418103796, -0.14075262735035293]","[-0.07097028488231429, -0.05952592267473062]",4.1000000000000005,4.297106778844362,0.4797098161613611,81000293,,-8.777992547130337,4.297106778844362
q_learning,timeout,False,,,,,,,81000294,,-10.999999999999993,12.0
q_learning,hit,True,0.017796036466304982,"[0.017149542703923763, 0.0047531146584478615]","[0.024641296310980353, -0.019794315748389683]",4.5,4.786119211038525,0.5090700993422849,81000295,,6.835901368653079,4.786119211038525
q_learning,miss,False,0.1474682442076173,"[0.09309903237422593, -0.11436543717688613]","[0.08015635818608305, -0.08560547525861778]",6.7,6.772293466793265,0.4647410456911788,81000296,,-8.359800376503387,6.772293466793265
q_learning,timeout,False,,,,,,,81000297,,-10.999999999999993,12.0
q_learning,miss,False,0.13153641173455222,"[0.12151274318109206, 0.050363487335644344]","[0.04865036959600055, -0.034303324512428554]",4.1000000000000005,4.146012195838839,0.5180617340792841,81000298,,-7.161028100247117,4.146012195838839
q_learning,miss,False,0.14682248551015692,"[0.08927966639181772, 0.11655892681534938]","[0.003965848815546624, 0.08713947339761527]",4.2,4.400035229480246,0.48209612587307654,81000299,,-7.711338549553117,4.400035229480246
