solid CATIA STL
  facet normal  0.000000e+000  0.000000e+000  1.000000e+000
    outer loop
      vertex  3.700000e+001  0.000000e+000  2.610000e+001
      vertex  3.628905e+001  3.218342e+000  2.610000e+001
      vertex  3.700000e+001 -4.000000e+000  2.610000e+001
    endloop
  endfacet
  facet normal  0.000000e+000  0.000000e+000  1.000000e+000
    outer loop
      vertex  3.700000e+001  0.000000e+000  2.610000e+001
      vertex  4.200000e+001  0.000000e+000  2.610000e+001
      vertex  3.628905e+001  3.218342e+000  2.610000e+001
    endloop
  endfacet
  facet normal  0.000000e+000  0.000000e+000  1.000000e+000
    outer loop
      vertex -3.700000e+001  0.000000e+000  2.610000e+001
      vertex -3.700000e+001 -4.000000e+000  2.610000e+001
      vertex -3.628905e+001  3.218342e+000  2.610000e+001
    endloop
  endfacet
  facet normal  0.000000e+000  0.000000e+000  1.000000e+000
    outer loop
      vertex -2.531066e+001  3.351672e+001  2.610000e+001
      vertex -3.103837e+001  2.829522e+001  2.610000e+001
      vertex -2.793100e+001  2.943100e+001  2.610000e+001
    endloop
  endfacet
  facet normal  0.000000e+000  0.000000e+000  9.999999e-001
    outer loop
      vertex  3.076438e+001  1.655610e+001  2.610000e+001
      vertex  2.793100e+001  2.643100e+001  2.610000e+001
      vertex  2.616295e+001  2.216295e+001  2.610000e+001
    endloop
  endfacet
  facet normal  -0.000000e+000  0.000000e+000  1.000000e+000
    outer loop
      vertex  2.531066e+001  3.351672e+001  2.610000e+001
      vertex -5.950129e-015  3.300000e+001  2.610000e+001
      vertex  7.218342e+000  3.228905e+001  2.610000e+001
    endloop
  endfacet
  facet normal  0.000000e+000  0.000000e+000  1.000000e+000
    outer loop
      vertex -2.899166e+001  2.899166e+001  2.610000e+001
      vertex -2.793100e+001  2.943100e+001  2.610000e+001
      vertex -3.103837e+001  2.829522e+001  2.610000e+001
    endloop
  endfacet
  facet normal  0.000000e+000  0.000000e+000  1.000000e+000
    outer loop
      vertex -2.943100e+001  2.793100e+001  2.610000e+001
      vertex -2.899166e+001  2.899166e+001  2.610000e+001
      vertex -3.103837e+001  2.829522e+001  2.610000e+001
    endloop
  endfacet
  facet normal  0.000000e+000  0.000000e+000  1.000000e+000
    outer loop
      vertex -1.500000e+000  3.950000e+001  2.610000e+001
      vertex -1.872101e+001  3.759686e+001  2.610000e+001
      vertex -1.060660e+000  3.843934e+001  2.610000e+001
    endloop
  endfacet
  facet normal  0.000000e+000  0.000000e+000  1.000000e+000
    outer loop
      vertex -1.872101e+001  3.759686e+001  2.610000e+001
      vertex -2.755364e-016  3.800000e+001  2.610000e+001
      vertex -1.060660e+000  3.843934e+001  2.610000e+001
    endloop
  endfacet
  facet normal  0.000000e+000  0.000000e+000  1.000000e+000
    outer loop
      vertex  1.872101e+001  3.759686e+001  2.610000e+001
      vertex  1.060660e+000  3.843934e+001  2.610000e+001
      vertex -2.755364e-016  3.800000e+001  2.610000e+001
    endloop
  endfacet
  facet normal  0.000000e+000  0.000000e+000  9.999999e-001
    outer loop
      vertex -3.570912e+001  2.211015e+001  2.610000e+001
      vertex -3.916383e+001  1.517215e+001  2.610000e+001
      vertex -3.076438e+001  1.655610e+001  2.610000e+001
    endloop
  endfacet
  facet normal  0.000000e+000  -0.000000e+000  1.000000e+000
    outer loop
      vertex -3.570912e+001  2.211015e+001  2.610000e+001
      vertex -3.076438e+001  1.655610e+001  2.610000e+001
      vertex -2.616295e+001  2.216295e+001  2.610000e+001
    endloop
  endfacet
  facet normal  0.000000e+000  0.000000e+000  1.000000e+000
    outer loop
      vertex -3.570912e+001  2.211015e+001  2.610000e+001
      vertex -2.616295e+001  2.216295e+001  2.610000e+001
      vertex -2.793100e+001  2.643100e+001  2.610000e+001
    endloop
  endfacet
  facet normal  0.000000e+000  0.000000e+000  1.000000e+000
    outer loop
      vertex -3.570912e+001  2.211015e+001  2.610000e+001
      vertex -2.793100e+001  2.643100e+001  2.610000e+001
      vertex -2.899166e+001  2.687034e+001  2.610000e+001
    endloop
  endfacet
  facet normal  0.000000e+000  0.000000e+000  1.000000e+000
    outer loop
      vertex -3.570912e+001  2.211015e+001  2.610000e+001
      vertex -2.899166e+001  2.687034e+001  2.610000e+001
      vertex -2.943100e+001  2.793100e+001  2.610000e+001
    endloop
  endfacet
  facet normal  0.000000e+000  0.000000e+000  1.000000e+000
    outer loop
      vertex -3.570912e+001  2.211015e+001  2.610000e+001
      vertex -2.943100e+001  2.793100e+001  2.610000e+001
      vertex -3.103837e+001  2.829522e+001  2.610000e+001
    endloop
  endfacet
  facet normal  0.000000e+000  0.000000e+000  1.000000e+000
    outer loop
      vertex -2.055610e+001  2.676438e+001  2.610000e+001
      vertex -1.415929e+001  3.018354e+001  2.610000e+001
      vertex -2.793100e+001  2.943100e+001  2.610000e+001
    endloop
  endfacet
  facet normal  0.000000e+000  0.000000e+000  9.999999e-001
    outer loop
      vertex -2.055610e+001  2.676438e+001  2.610000e+001
      vertex -2.793100e+001  2.943100e+001  2.610000e+001
      vertex -2.687034e+001  2.899166e+001  2.610000e+001
    endloop
  endfacet
  facet normal  0.000000e+000  0.000000e+000  1.000000e+000
    outer loop
      vertex -2.055610e+001  2.676438e+001  2.610000e+001
      vertex -2.687034e+001  2.899166e+001  2.610000e+001
      vertex -2.643100e+001  2.793100e+001  2.610000e+001
    endloop
  endfacet
  facet normal  0.000000e+000  0.000000e+000  1.000000e+000
    outer loop
      vertex -2.055610e+001  2.676438e+001  2.610000e+001
      vertex -2.643100e+001  2.793100e+001  2.610000e+001
      vertex -2.687034e+001  2.687034e+001  2.610000e+001
    endloop
  endfacet
  facet normal  0.000000e+000  0.000000e+000  1.000000e+000
    outer loop
      vertex -2.055610e+001  2.676438e+001  2.610000e+001
      vertex -2.687034e+001  2.687034e+001  2.610000e+001
      vertex -2.793100e+001  2.643100e+001  2.610000e+001
    endloop
  endfacet
  facet normal  -0.000000e+000  0.000000e+000  1.000000e+000
    outer loop
      vertex -2.055610e+001  2.676438e+001  2.610000e+001
      vertex -2.793100e+001  2.643100e+001  2.610000e+001
      vertex -2.616295e+001  2.216295e+001  2.610000e+001
    endloop
  endfacet
  facet normal  0.000000e+000  -0.000000e+000  1.000000e+000
    outer loop
      vertex  2.055610e+001  2.676438e+001  2.610000e+001
      vertex  2.616295e+001  2.216295e+001  2.610000e+001
      vertex  2.793100e+001  2.643100e+001  2.610000e+001
    endloop
  endfacet
  facet normal  0.000000e+000  0.000000e+000  1.000000e+000
    outer loop
      vertex  2.055610e+001  2.676438e+001  2.610000e+001
      vertex  2.793100e+001  2.643100e+001  2.610000e+001
      vertex  2.687034e+001  2.687034e+001  2.610000e+001
    endloop
  endfacet
  facet normal  0.000000e+000  0.000000e+000  1.000000e+000
    outer loop
      vertex  2.055610e+001  2.676438e+001  2.610000e+001
      vertex  2.687034e+001  2.687034e+001  2.610000e+001
      vertex  2.643100e+001  2.793100e+001  2.610000e+001
    endloop
  endfacet
  facet normal  0.000000e+000  -0.000000e+000  1.000000e+000
    outer loop
      vertex  2.055610e+001  2.676438e+001  2.610000e+001
      vertex  2.643100e+001  2.793100e+001  2.610000e+001
      vertex  2.687034e+001  2.899166e+001  2.610000e+001
    endloop
  endfacet
  facet normal  0.000000e+000  -0.000000e+000  9.999999e-001
    outer loop
      vertex  2.055610e+001  2.676438e+001  2.610000e+001
      vertex  2.687034e+001  2.899166e+001  2.610000e+001
      vertex  2.793100e+001  2.943100e+001  2.610000e+001
    endloop
  endfacet
  facet normal  0.000000e+000  0.000000e+000  1.000000e+000
    outer loop
      vertex  2.055610e+001  2.676438e+001  2.610000e+001
      vertex  2.793100e+001  2.943100e+001  2.610000e+001
      vertex  1.415929e+001  3.018354e+001  2.610000e+001
    endloop
  endfacet
  facet normal  0.000000e+000  0.000000e+000  1.000000e+000
    outer loop
      vertex -2.793100e+001  2.943100e+001  2.610000e+001
      vertex -1.415929e+001  3.018354e+001  2.610000e+001
      vertex -2.531066e+001  3.351672e+001  2.610000e+001
    endloop
  endfacet
  facet normal  0.000000e+000  0.000000e+000  1.000000e+000
    outer loop
      vertex -2.531066e+001  3.351672e+001  2.610000e+001
      vertex -1.415929e+001  3.018354e+001  2.610000e+001
      vertex -7.218342e+000  3.228905e+001  2.610000e+001
    endloop
  endfacet
  facet normal  0.000000e+000  -0.000000e+000  1.000000e+000
    outer loop
      vertex -2.531066e+001  3.351672e+001  2.610000e+001
      vertex -7.218342e+000  3.228905e+001  2.610000e+001
      vertex -5.950129e-015  3.300000e+001  2.610000e+001
    endloop
  endfacet
  facet normal  0.000000e+000  0.000000e+000  1.000000e+000
    outer loop
      vertex -3.875271e+000  4.182084e+001  2.610000e+001
      vertex -1.149385e+001  4.039668e+001  2.610000e+001
      vertex  3.875271e+000  4.182084e+001  2.610000e+001
    endloop
  endfacet
  facet normal  0.000000e+000  0.000000e+000  1.000000e+000
    outer loop
      vertex  3.875271e+000  4.182084e+001  2.610000e+001
      vertex -1.149385e+001  4.039668e+001  2.610000e+001
      vertex  9.184548e-017  4.100000e+001  2.610000e+001
    endloop
  endfacet
  facet normal  -0.000000e+000  0.000000e+000  1.000000e+000
    outer loop
      vertex  3.875271e+000  4.182084e+001  2.610000e+001
      vertex  9.184548e-017  4.100000e+001  2.610000e+001
      vertex  1.149385e+001  4.039668e+001  2.610000e+001
    endloop
  endfacet
  facet normal  0.000000e+000  0.000000e+000  1.000000e+000
    outer loop
      vertex  1.149385e+001  4.039668e+001  2.610000e+001
      vertex  9.184548e-017  4.100000e+001  2.610000e+001
      vertex  1.060660e+000  4.056066e+001  2.610000e+001
    endloop
  endfacet
  facet normal  0.000000e+000  0.000000e+000  1.000000e+000
    outer loop
      vertex  1.149385e+001  4.039668e+001  2.610000e+001
      vertex  1.060660e+000  4.056066e+001  2.610000e+001
      vertex  1.872101e+001  3.759686e+001  2.610000e+001
    endloop
  endfacet
  facet normal  0.000000e+000  0.000000e+000  1.000000e+000
    outer loop
      vertex  1.872101e+001  3.759686e+001  2.610000e+001
      vertex  1.060660e+000  4.056066e+001  2.610000e+001
      vertex  1.500000e+000  3.950000e+001  2.610000e+001
    endloop
  endfacet
  facet normal  0.000000e+000  0.000000e+000  1.000000e+000
    outer loop
      vertex  1.872101e+001  3.759686e+001  2.610000e+001
      vertex  1.500000e+000  3.950000e+001  2.610000e+001
      vertex  1.060660e+000  3.843934e+001  2.610000e+001
    endloop
  endfacet
  facet normal  0.000000e+000  0.000000e+000  1.000000e+000
    outer loop
      vertex  3.628905e+001  3.218342e+000  2.610000e+001
      vertex  4.200000e+001  0.000000e+000  2.610000e+001
      vertex  3.418354e+001  1.015929e+001  2.610000e+001
    endloop
  endfacet
  facet normal  0.000000e+000  0.000000e+000  1.000000e+000
    outer loop
      vertex  3.418354e+001  1.015929e+001  2.610000e+001
      vertex  4.200000e+001  0.000000e+000  2.610000e+001
      vertex  4.128487e+001  7.717480e+000  2.610000e+001
    endloop
  endfacet
  facet normal  0.000000e+000  0.000000e+000  1.000000e+000
    outer loop
      vertex  3.418354e+001  1.015929e+001  2.610000e+001
      vertex  4.128487e+001  7.717480e+000  2.610000e+001
      vertex  3.076438e+001  1.655610e+001  2.610000e+001
    endloop
  endfacet
  facet normal  0.000000e+000  0.000000e+000  1.000000e+000
    outer loop
      vertex  3.076438e+001  1.655610e+001  2.610000e+001
      vertex  4.128487e+001  7.717480e+000  2.610000e+001
      vertex  3.916383e+001  1.517215e+001  2.610000e+001
    endloop
  endfacet
  facet normal  0.000000e+000  0.000000e+000  1.000000e+000
    outer loop
      vertex  3.076438e+001  1.655610e+001  2.610000e+001
      vertex  3.916383e+001  1.517215e+001  2.610000e+001
      vertex  2.793100e+001  2.643100e+001  2.610000e+001
    endloop
  endfacet
  facet normal  0.000000e+000  0.000000e+000  1.000000e+000
    outer loop
      vertex  2.793100e+001  2.643100e+001  2.610000e+001
      vertex  3.916383e+001  1.517215e+001  2.610000e+001
      vertex  3.570912e+001  2.211015e+001  2.610000e+001
    endloop
  endfacet
  facet normal  0.000000e+000  0.000000e+000  1.000000e+000
    outer loop
      vertex  2.793100e+001  2.643100e+001  2.610000e+001
      vertex  3.570912e+001  2.211015e+001  2.610000e+001
      vertex  2.899166e+001  2.687034e+001  2.610000e+001
    endloop
  endfacet
  facet normal  0.000000e+000  -0.000000e+000  1.000000e+000
    outer loop
      vertex  7.218342e+000  3.228905e+001  2.610000e+001
      vertex  1.415929e+001  3.018354e+001  2.610000e+001
      vertex  2.531066e+001  3.351672e+001  2.610000e+001
    endloop
  endfacet
  facet normal  0.000000e+000  0.000000e+000  1.000000e+000
    outer loop
      vertex  2.531066e+001  3.351672e+001  2.610000e+001
      vertex  1.415929e+001  3.018354e+001  2.610000e+001
      vertex  2.793100e+001  2.943100e+001  2.610000e+001
    endloop
  endfacet
  facet normal  -0.000000e+000  -0.000000e+000  1.000000e+000
    outer loop
      vertex  2.531066e+001  3.351672e+001  2.610000e+001
      vertex  2.793100e+001  2.943100e+001  2.610000e+001
      vertex  3.103837e+001  2.829522e+001  2.610000e+001
    endloop
  endfacet
  facet normal  0.000000e+000  0.000000e+000  1.000000e+000
    outer loop
      vertex  3.103837e+001  2.829522e+001  2.610000e+001
      vertex  2.793100e+001  2.943100e+001  2.610000e+001
      vertex  2.899166e+001  2.899166e+001  2.610000e+001
    endloop
  endfacet
  facet normal  0.000000e+000  0.000000e+000  1.000000e+000
    outer loop
      vertex  3.103837e+001  2.829522e+001  2.610000e+001
      vertex  2.899166e+001  2.899166e+001  2.610000e+001
      vertex  2.943100e+001  2.793100e+001  2.610000e+001
    endloop
  endfacet
  facet normal  -0.000000e+000  0.000000e+000  1.000000e+000
    outer loop
      vertex -3.076438e+001  1.655610e+001  2.610000e+001
      vertex -3.916383e+001  1.517215e+001  2.610000e+001
      vertex -3.418354e+001  1.015929e+001  2.610000e+001
    endloop
  endfacet
  facet normal  0.000000e+000  0.000000e+000  1.000000e+000
    outer loop
      vertex -3.418354e+001  1.015929e+001  2.610000e+001
      vertex -3.916383e+001  1.517215e+001  2.610000e+001
      vertex -4.128487e+001  7.717480e+000  2.610000e+001
    endloop
  endfacet
  facet normal  -0.000000e+000  0.000000e+000  1.000000e+000
    outer loop
      vertex -3.418354e+001  1.015929e+001  2.610000e+001
      vertex -4.128487e+001  7.717480e+000  2.610000e+001
      vertex -3.628905e+001  3.218342e+000  2.610000e+001
    endloop
  endfacet
  facet normal  0.000000e+000  0.000000e+000  1.000000e+000
    outer loop
      vertex -3.628905e+001  3.218342e+000  2.610000e+001
      vertex -4.128487e+001  7.717480e+000  2.610000e+001
      vertex -4.200000e+001  5.143347e-015  2.610000e+001
    endloop
  endfacet
  facet normal  -0.000000e+000  0.000000e+000  1.000000e+000
    outer loop
      vertex -3.628905e+001  3.218342e+000  2.610000e+001
      vertex -4.200000e+001  5.143347e-015  2.610000e+001
      vertex -3.700000e+001  0.000000e+000  2.610000e+001
    endloop
  endfacet
  facet normal  0.000000e+000  0.000000e+000  1.000000e+000
    outer loop
      vertex -1.872101e+001  3.759686e+001  2.610000e+001
      vertex -1.500000e+000  3.950000e+001  2.610000e+001
      vertex -1.149385e+001  4.039668e+001  2.610000e+001
    endloop
  endfacet
  facet normal  -0.000000e+000  0.000000e+000  1.000000e+000
    outer loop
      vertex -1.149385e+001  4.039668e+001  2.610000e+001
      vertex -1.500000e+000  3.950000e+001  2.610000e+001
      vertex -1.060660e+000  4.056066e+001  2.610000e+001
    endloop
  endfacet
  facet normal  0.000000e+000  -0.000000e+000  1.000000e+000
    outer loop
      vertex -1.149385e+001  4.039668e+001  2.610000e+001
      vertex -1.060660e+000  4.056066e+001  2.610000e+001
      vertex  9.184548e-017  4.100000e+001  2.610000e+001
    endloop
  endfacet
  facet normal  0.000000e+000  0.000000e+000  1.000000e+000
    outer loop
      vertex  2.531066e+001  3.351672e+001  2.610000e+001
      vertex  1.872101e+001  3.759686e+001  2.610000e+001
      vertex -5.950129e-015  3.300000e+001  2.610000e+001
    endloop
  endfacet
  facet normal  0.000000e+000  0.000000e+000  1.000000e+000
    outer loop
      vertex -5.950129e-015  3.300000e+001  2.610000e+001
      vertex  1.872101e+001  3.759686e+001  2.610000e+001
      vertex -2.755364e-016  3.800000e+001  2.610000e+001
    endloop
  endfacet
  facet normal  0.000000e+000  0.000000e+000  9.999999e-001
    outer loop
      vertex -5.950129e-015  3.300000e+001  2.610000e+001
      vertex -2.755364e-016  3.800000e+001  2.610000e+001
      vertex -2.531066e+001  3.351672e+001  2.610000e+001
    endloop
  endfacet
  facet normal  0.000000e+000  0.000000e+000  1.000000e+000
    outer loop
      vertex -2.531066e+001  3.351672e+001  2.610000e+001
      vertex -2.755364e-016  3.800000e+001  2.610000e+001
      vertex -1.872101e+001  3.759686e+001  2.610000e+001
    endloop
  endfacet
  facet normal  0.000000e+000  0.000000e+000  1.000000e+000
    outer loop
      vertex  2.943100e+001  2.793100e+001  2.610000e+001
      vertex  2.899166e+001  2.687034e+001  2.610000e+001
      vertex  3.103837e+001  2.829522e+001  2.610000e+001
    endloop
  endfacet
  facet normal  0.000000e+000  0.000000e+000  1.000000e+000
    outer loop
      vertex  3.103837e+001  2.829522e+001  2.610000e+001
      vertex  2.899166e+001  2.687034e+001  2.610000e+001
      vertex  3.570912e+001  2.211015e+001  2.610000e+001
    endloop
  endfacet
  facet normal  0.000000e+000  0.000000e+000 -1.000000e+000
    outer loop
      vertex  3.700000e+001 -4.000000e+000  2.390000e+001
      vertex  3.628905e+001  3.218342e+000  2.390000e+001
      vertex  3.700000e+001  0.000000e+000  2.390000e+001
    endloop
  endfacet
  facet normal  0.000000e+000  0.000000e+000 -1.000000e+000
    outer loop
      vertex  3.628905e+001  3.218342e+000  2.390000e+001
      vertex  4.200000e+001  0.000000e+000  2.390000e+001
      vertex  3.700000e+001  0.000000e+000  2.390000e+001
    endloop
  endfacet
  facet normal  0.000000e+000  0.000000e+000 -1.000000e+000
    outer loop
      vertex -3.628905e+001  3.218342e+000  2.390000e+001
      vertex -3.700000e+001 -4.000000e+000  2.390000e+001
      vertex -3.700000e+001  0.000000e+000  2.390000e+001
    endloop
  endfacet
  facet normal  0.000000e+000  0.000000e+000 -1.000000e+000
    outer loop
      vertex -2.793100e+001  2.943100e+001  2.390000e+001
      vertex -3.103837e+001  2.829522e+001  2.390000e+001
      vertex -2.531066e+001  3.351672e+001  2.390000e+001
    endloop
  endfacet
  facet normal  0.000000e+000  -0.000000e+000 -9.999999e-001
    outer loop
      vertex  2.616295e+001  2.216295e+001  2.390000e+001
      vertex  2.793100e+001  2.643100e+001  2.390000e+001
      vertex  3.076438e+001  1.655610e+001  2.390000e+001
    endloop
  endfacet
  facet normal  0.000000e+000  0.000000e+000 -1.000000e+000
    outer loop
      vertex  7.218342e+000  3.228905e+001  2.390000e+001
      vertex  2.265522e-015  3.300000e+001  2.390000e+001
      vertex  2.531066e+001  3.351672e+001  2.390000e+001
    endloop
  endfacet
  facet normal  0.000000e+000  0.000000e+000 -1.000000e+000
    outer loop
      vertex -3.103837e+001  2.829522e+001  2.390000e+001
      vertex -2.793100e+001  2.943100e+001  2.390000e+001
      vertex -2.899166e+001  2.899166e+001  2.390000e+001
    endloop
  endfacet
  facet normal  0.000000e+000  0.000000e+000 -1.000000e+000
    outer loop
      vertex -3.103837e+001  2.829522e+001  2.390000e+001
      vertex -2.899166e+001  2.899166e+001  2.390000e+001
      vertex -2.943100e+001  2.793100e+001  2.390000e+001
    endloop
  endfacet
  facet normal  0.000000e+000  0.000000e+000 -1.000000e+000
    outer loop
      vertex -1.060660e+000  3.843934e+001  2.390000e+001
      vertex -1.872101e+001  3.759686e+001  2.390000e+001
      vertex -1.500000e+000  3.950000e+001  2.390000e+001
    endloop
  endfacet
  facet normal  -0.000000e+000  0.000000e+000 -1.000000e+000
    outer loop
      vertex -1.060660e+000  3.843934e+001  2.390000e+001
      vertex -2.755364e-016  3.800000e+001  2.390000e+001
      vertex -1.872101e+001  3.759686e+001  2.390000e+001
    endloop
  endfacet
  facet normal  0.000000e+000  -0.000000e+000 -1.000000e+000
    outer loop
      vertex -2.755364e-016  3.800000e+001  2.390000e+001
      vertex  1.060660e+000  3.843934e+001  2.390000e+001
      vertex  1.872101e+001  3.759686e+001  2.390000e+001
    endloop
  endfacet
  facet normal  0.000000e+000  -0.000000e+000 -1.000000e+000
    outer loop
      vertex -3.570912e+001  2.211015e+001  2.390000e+001
      vertex -3.103837e+001  2.829522e+001  2.390000e+001
      vertex -2.943100e+001  2.793100e+001  2.390000e+001
    endloop
  endfacet
  facet normal  0.000000e+000  -0.000000e+000 -1.000000e+000
    outer loop
      vertex -3.570912e+001  2.211015e+001  2.390000e+001
      vertex -2.943100e+001  2.793100e+001  2.390000e+001
      vertex -2.899166e+001  2.687034e+001  2.390000e+001
    endloop
  endfacet
  facet normal  0.000000e+000  -0.000000e+000 -1.000000e+000
    outer loop
      vertex -3.570912e+001  2.211015e+001  2.390000e+001
      vertex -2.899166e+001  2.687034e+001  2.390000e+001
      vertex -2.793100e+001  2.643100e+001  2.390000e+001
    endloop
  endfacet
  facet normal  0.000000e+000  -0.000000e+000 -1.000000e+000
    outer loop
      vertex -3.570912e+001  2.211015e+001  2.390000e+001
      vertex -2.793100e+001  2.643100e+001  2.390000e+001
      vertex -2.616295e+001  2.216295e+001  2.390000e+001
    endloop
  endfacet
  facet normal  0.000000e+000  0.000000e+000 -1.000000e+000
    outer loop
      vertex -3.570912e+001  2.211015e+001  2.390000e+001
      vertex -2.616295e+001  2.216295e+001  2.390000e+001
      vertex -3.076438e+001  1.655610e+001  2.390000e+001
    endloop
  endfacet
  facet normal  -0.000000e+000  0.000000e+000 -9.999999e-001
    outer loop
      vertex -3.570912e+001  2.211015e+001  2.390000e+001
      vertex -3.076438e+001  1.655610e+001  2.390000e+001
      vertex -3.916383e+001  1.517215e+001  2.390000e+001
    endloop
  endfacet
  facet normal  0.000000e+000  0.000000e+000 -1.000000e+000
    outer loop
      vertex -2.055610e+001  2.676438e+001  2.390000e+001
      vertex -2.616295e+001  2.216295e+001  2.390000e+001
      vertex -2.793100e+001  2.643100e+001  2.390000e+001
    endloop
  endfacet
  facet normal  0.000000e+000  0.000000e+000 -1.000000e+000
    outer loop
      vertex -2.055610e+001  2.676438e+001  2.390000e+001
      vertex -2.793100e+001  2.643100e+001  2.390000e+001
      vertex -2.687034e+001  2.687034e+001  2.390000e+001
    endloop
  endfacet
  facet normal  0.000000e+000  0.000000e+000 -1.000000e+000
    outer loop
      vertex -2.055610e+001  2.676438e+001  2.390000e+001
      vertex -2.687034e+001  2.687034e+001  2.390000e+001
      vertex -2.643100e+001  2.793100e+001  2.390000e+001
    endloop
  endfacet
  facet normal  0.000000e+000  0.000000e+000 -1.000000e+000
    outer loop
      vertex -2.055610e+001  2.676438e+001  2.390000e+001
      vertex -2.643100e+001  2.793100e+001  2.390000e+001
      vertex -2.687034e+001  2.899166e+001  2.390000e+001
    endloop
  endfacet
  facet normal  0.000000e+000  0.000000e+000 -9.999999e-001
    outer loop
      vertex -2.055610e+001  2.676438e+001  2.390000e+001
      vertex -2.687034e+001  2.899166e+001  2.390000e+001
      vertex -2.793100e+001  2.943100e+001  2.390000e+001
    endloop
  endfacet
  facet normal  0.000000e+000  0.000000e+000 -1.000000e+000
    outer loop
      vertex -2.055610e+001  2.676438e+001  2.390000e+001
      vertex -2.793100e+001  2.943100e+001  2.390000e+001
      vertex -1.415929e+001  3.018354e+001  2.390000e+001
    endloop
  endfacet
  facet normal  0.000000e+000  0.000000e+000 -1.000000e+000
    outer loop
      vertex  2.055610e+001  2.676438e+001  2.390000e+001
      vertex  1.415929e+001  3.018354e+001  2.390000e+001
      vertex  2.793100e+001  2.943100e+001  2.390000e+001
    endloop
  endfacet
  facet normal  0.000000e+000  0.000000e+000 -9.999999e-001
    outer loop
      vertex  2.055610e+001  2.676438e+001  2.390000e+001
      vertex  2.793100e+001  2.943100e+001  2.390000e+001
      vertex  2.687034e+001  2.899166e+001  2.390000e+001
    endloop
  endfacet
  facet normal  0.000000e+000  0.000000e+000 -1.000000e+000
    outer loop
      vertex  2.055610e+001  2.676438e+001  2.390000e+001
      vertex  2.687034e+001  2.899166e+001  2.390000e+001
      vertex  2.643100e+001  2.793100e+001  2.390000e+001
    endloop
  endfacet
  facet normal  0.000000e+000  -0.000000e+000 -1.000000e+000
    outer loop
      vertex  2.055610e+001  2.676438e+001  2.390000e+001
      vertex  2.643100e+001  2.793100e+001  2.390000e+001
      vertex  2.687034e+001  2.687034e+001  2.390000e+001
    endloop
  endfacet
  facet normal  0.000000e+000  -0.000000e+000 -1.000000e+000
    outer loop
      vertex  2.055610e+001  2.676438e+001  2.390000e+001
      vertex  2.687034e+001  2.687034e+001  2.390000e+001
      vertex  2.793100e+001  2.643100e+001  2.390000e+001
    endloop
  endfacet
  facet normal  -0.000000e+000  0.000000e+000 -1.000000e+000
    outer loop
      vertex  2.055610e+001  2.676438e+001  2.390000e+001
      vertex  2.793100e+001  2.643100e+001  2.390000e+001
      vertex  2.616295e+001  2.216295e+001  2.390000e+001
    endloop
  endfacet
  facet normal  0.000000e+000  0.000000e+000 -1.000000e+000
    outer loop
      vertex  2.265522e-015  3.300000e+001  2.390000e+001
      vertex -7.218342e+000  3.228905e+001  2.390000e+001
      vertex -2.531066e+001  3.351672e+001  2.390000e+001
    endloop
  endfacet
  facet normal  0.000000e+000  0.000000e+000 -1.000000e+000
    outer loop
      vertex -2.531066e+001  3.351672e+001  2.390000e+001
      vertex -7.218342e+000  3.228905e+001  2.390000e+001
      vertex -1.415929e+001  3.018354e+001  2.390000e+001
    endloop
  endfacet
  facet normal  -0.000000e+000  0.000000e+000 -1.000000e+000
    outer loop
      vertex -2.531066e+001  3.351672e+001  2.390000e+001
      vertex -1.415929e+001  3.018354e+001  2.390000e+001
      vertex -2.793100e+001  2.943100e+001  2.390000e+001
    endloop
  endfacet
  facet normal  0.000000e+000  -0.000000e+000 -1.000000e+000
    outer loop
      vertex  1.060660e+000  3.843934e+001  2.390000e+001
      vertex  1.500000e+000  3.950000e+001  2.390000e+001
      vertex  1.872101e+001  3.759686e+001  2.390000e+001
    endloop
  endfacet
  facet normal  0.000000e+000  0.000000e+000 -1.000000e+000
    outer loop
      vertex  1.872101e+001  3.759686e+001  2.390000e+001
      vertex  1.500000e+000  3.950000e+001  2.390000e+001
      vertex  1.060660e+000  4.056066e+001  2.390000e+001
    endloop
  endfacet
  facet normal  0.000000e+000  0.000000e+000 -1.000000e+000
    outer loop
      vertex  1.872101e+001  3.759686e+001  2.390000e+001
      vertex  1.060660e+000  4.056066e+001  2.390000e+001
      vertex  1.149385e+001  4.039668e+001  2.390000e+001
    endloop
  endfacet
  facet normal  0.000000e+000  0.000000e+000 -1.000000e+000
    outer loop
      vertex  1.149385e+001  4.039668e+001  2.390000e+001
      vertex  1.060660e+000  4.056066e+001  2.390000e+001
      vertex  9.184548e-017  4.100000e+001  2.390000e+001
    endloop
  endfacet
  facet normal  0.000000e+000  0.000000e+000 -1.000000e+000
    outer loop
      vertex  1.149385e+001  4.039668e+001  2.390000e+001
      vertex  9.184548e-017  4.100000e+001  2.390000e+001
      vertex  3.875271e+000  4.182084e+001  2.390000e+001
    endloop
  endfacet
  facet normal  0.000000e+000  0.000000e+000 -1.000000e+000
    outer loop
      vertex  3.875271e+000  4.182084e+001  2.390000e+001
      vertex  9.184548e-017  4.100000e+001  2.390000e+001
      vertex -1.149385e+001  4.039668e+001  2.390000e+001
    endloop
  endfacet
  facet normal  0.000000e+000  0.000000e+000 -1.000000e+000
    outer loop
      vertex  3.875271e+000  4.182084e+001  2.390000e+001
      vertex -1.149385e+001  4.039668e+001  2.390000e+001
      vertex -3.875271e+000  4.182084e+001  2.390000e+001
    endloop
  endfacet
  facet normal  0.000000e+000  0.000000e+000 -1.000000e+000
    outer loop
      vertex  2.899166e+001  2.687034e+001  2.390000e+001
      vertex  3.570912e+001  2.211015e+001  2.390000e+001
      vertex  2.793100e+001  2.643100e+001  2.390000e+001
    endloop
  endfacet
  facet normal  0.000000e+000  0.000000e+000 -1.000000e+000
    outer loop
      vertex  2.793100e+001  2.643100e+001  2.390000e+001
      vertex  3.570912e+001  2.211015e+001  2.390000e+001
      vertex  3.916383e+001  1.517215e+001  2.390000e+001
    endloop
  endfacet
  facet normal  0.000000e+000  0.000000e+000 -1.000000e+000
    outer loop
      vertex  2.793100e+001  2.643100e+001  2.390000e+001
      vertex  3.916383e+001  1.517215e+001  2.390000e+001
      vertex  3.076438e+001  1.655610e+001  2.390000e+001
    endloop
  endfacet
  facet normal  0.000000e+000  0.000000e+000 -1.000000e+000
    outer loop
      vertex  3.076438e+001  1.655610e+001  2.390000e+001
      vertex  3.916383e+001  1.517215e+001  2.390000e+001
      vertex  4.128487e+001  7.717480e+000  2.390000e+001
    endloop
  endfacet
  facet normal  0.000000e+000  0.000000e+000 -1.000000e+000
    outer loop
      vertex  3.076438e+001  1.655610e+001  2.390000e+001
      vertex  4.128487e+001  7.717480e+000  2.390000e+001
      vertex  3.418354e+001  1.015929e+001  2.390000e+001
    endloop
  endfacet
  facet normal  0.000000e+000  0.000000e+000 -1.000000e+000
    outer loop
      vertex  3.418354e+001  1.015929e+001  2.390000e+001
      vertex  4.128487e+001  7.717480e+000  2.390000e+001
      vertex  4.200000e+001  0.000000e+000  2.390000e+001
    endloop
  endfacet
  facet normal  0.000000e+000  0.000000e+000 -1.000000e+000
    outer loop
      vertex  3.418354e+001  1.015929e+001  2.390000e+001
      vertex  4.200000e+001  0.000000e+000  2.390000e+001
      vertex  3.628905e+001  3.218342e+000  2.390000e+001
    endloop
  endfacet
  facet normal  0.000000e+000  0.000000e+000 -1.000000e+000
    outer loop
      vertex  2.943100e+001  2.793100e+001  2.390000e+001
      vertex  2.899166e+001  2.899166e+001  2.390000e+001
      vertex  3.103837e+001  2.829522e+001  2.390000e+001
    endloop
  endfacet
  facet normal  0.000000e+000  0.000000e+000 -1.000000e+000
    outer loop
      vertex  3.103837e+001  2.829522e+001  2.390000e+001
      vertex  2.899166e+001  2.899166e+001  2.390000e+001
      vertex  2.793100e+001  2.943100e+001  2.390000e+001
    endloop
  endfacet
  facet normal  0.000000e+000  0.000000e+000 -1.000000e+000
    outer loop
      vertex  3.103837e+001  2.829522e+001  2.390000e+001
      vertex  2.793100e+001  2.943100e+001  2.390000e+001
      vertex  2.531066e+001  3.351672e+001  2.390000e+001
    endloop
  endfacet
  facet normal  0.000000e+000  -0.000000e+000 -1.000000e+000
    outer loop
      vertex  2.531066e+001  3.351672e+001  2.390000e+001
      vertex  2.793100e+001  2.943100e+001  2.390000e+001
      vertex  1.415929e+001  3.018354e+001  2.390000e+001
    endloop
  endfacet
  facet normal  0.000000e+000  0.000000e+000 -1.000000e+000
    outer loop
      vertex  2.531066e+001  3.351672e+001  2.390000e+001
      vertex  1.415929e+001  3.018354e+001  2.390000e+001
      vertex  7.218342e+000  3.228905e+001  2.390000e+001
    endloop
  endfacet
  facet normal  0.000000e+000  0.000000e+000 -1.000000e+000
    outer loop
      vertex -3.700000e+001  0.000000e+000  2.390000e+001
      vertex -4.200000e+001  5.143347e-015  2.390000e+001
      vertex -3.628905e+001  3.218342e+000  2.390000e+001
    endloop
  endfacet
  facet normal  -0.000000e+000  0.000000e+000 -1.000000e+000
    outer loop
      vertex -3.628905e+001  3.218342e+000  2.390000e+001
      vertex -4.200000e+001  5.143347e-015  2.390000e+001
      vertex -4.128487e+001  7.717480e+000  2.390000e+001
    endloop
  endfacet
  facet normal  0.000000e+000  0.000000e+000 -1.000000e+000
    outer loop
      vertex -3.628905e+001  3.218342e+000  2.390000e+001
      vertex -4.128487e+001  7.717480e+000  2.390000e+001
      vertex -3.418354e+001  1.015929e+001  2.390000e+001
    endloop
  endfacet
  facet normal  -0.000000e+000  0.000000e+000 -1.000000e+000
    outer loop
      vertex -3.418354e+001  1.015929e+001  2.390000e+001
      vertex -4.128487e+001  7.717480e+000  2.390000e+001
      vertex -3.916383e+001  1.517215e+001  2.390000e+001
    endloop
  endfacet
  facet normal  0.000000e+000  0.000000e+000 -1.000000e+000
    outer loop
      vertex -3.418354e+001  1.015929e+001  2.390000e+001
      vertex -3.916383e+001  1.517215e+001  2.390000e+001
      vertex -3.076438e+001  1.655610e+001  2.390000e+001
    endloop
  endfacet
  facet normal  -0.000000e+000  0.000000e+000 -1.000000e+000
    outer loop
      vertex  9.184548e-017  4.100000e+001  2.390000e+001
      vertex -1.060660e+000  4.056066e+001  2.390000e+001
      vertex -1.149385e+001  4.039668e+001  2.390000e+001
    endloop
  endfacet
  facet normal  0.000000e+000  0.000000e+000 -1.000000e+000
    outer loop
      vertex -1.149385e+001  4.039668e+001  2.390000e+001
      vertex -1.060660e+000  4.056066e+001  2.390000e+001
      vertex -1.500000e+000  3.950000e+001  2.390000e+001
    endloop
  endfacet
  facet normal  -0.000000e+000  0.000000e+000 -1.000000e+000
    outer loop
      vertex -1.149385e+001  4.039668e+001  2.390000e+001
      vertex -1.500000e+000  3.950000e+001  2.390000e+001
      vertex -1.872101e+001  3.759686e+001  2.390000e+001
    endloop
  endfacet
  facet normal  0.000000e+000  0.000000e+000 -1.000000e+000
    outer loop
      vertex  2.531066e+001  3.351672e+001  2.390000e+001
      vertex  2.265522e-015  3.300000e+001  2.390000e+001
      vertex  1.872101e+001  3.759686e+001  2.390000e+001
    endloop
  endfacet
  facet normal  -0.000000e+000  0.000000e+000 -1.000000e+000
    outer loop
      vertex  1.872101e+001  3.759686e+001  2.390000e+001
      vertex  2.265522e-015  3.300000e+001  2.390000e+001
      vertex -2.755364e-016  3.800000e+001  2.390000e+001
    endloop
  endfacet
  facet normal  0.000000e+000  0.000000e+000 -9.999999e-001
    outer loop
      vertex  2.265522e-015  3.300000e+001  2.390000e+001
      vertex -2.531066e+001  3.351672e+001  2.390000e+001
      vertex -2.755364e-016  3.800000e+001  2.390000e+001
    endloop
  endfacet
  facet normal  0.000000e+000  0.000000e+000 -1.000000e+000
    outer loop
      vertex -2.755364e-016  3.800000e+001  2.390000e+001
      vertex -2.531066e+001  3.351672e+001  2.390000e+001
      vertex -1.872101e+001  3.759686e+001  2.390000e+001
    endloop
  endfacet
  facet normal  0.000000e+000  0.000000e+000 -1.000000e+000
    outer loop
      vertex  2.943100e+001  2.793100e+001  2.390000e+001
      vertex  3.103837e+001  2.829522e+001  2.390000e+001
      vertex  2.899166e+001  2.687034e+001  2.390000e+001
    endloop
  endfacet
  facet normal  0.000000e+000  0.000000e+000 -1.000000e+000
    outer loop
      vertex  2.899166e+001  2.687034e+001  2.390000e+001
      vertex  3.103837e+001  2.829522e+001  2.390000e+001
      vertex  3.570912e+001  2.211015e+001  2.390000e+001
    endloop
  endfacet
  facet normal  3.826822e-001 -9.238800e-001  0.000000e+000
    outer loop
      vertex -2.793100e+001  2.943100e+001  2.390000e+001
      vertex -2.899166e+001  2.899166e+001  2.610000e+001
      vertex -2.899166e+001  2.899166e+001  2.390000e+001
    endloop
  endfacet
  facet normal  9.238800e-001 -3.826822e-001  0.000000e+000
    outer loop
      vertex -2.899166e+001  2.899166e+001  2.390000e+001
      vertex -2.899166e+001  2.899166e+001  2.610000e+001
      vertex -2.943100e+001  2.793100e+001  2.610000e+001
    endloop
  endfacet
  facet normal  9.238800e-001 -3.826822e-001  0.000000e+000
    outer loop
      vertex -2.899166e+001  2.899166e+001  2.390000e+001
      vertex -2.943100e+001  2.793100e+001  2.610000e+001
      vertex -2.943100e+001  2.793100e+001  2.390000e+001
    endloop
  endfacet
  facet normal  3.826822e-001 -9.238800e-001  0.000000e+000
    outer loop
      vertex -2.899166e+001  2.899166e+001  2.610000e+001
      vertex -2.793100e+001  2.943100e+001  2.390000e+001
      vertex -2.793100e+001  2.943100e+001  2.610000e+001
    endloop
  endfacet
  facet normal -3.826828e-001 -9.238797e-001  -0.000000e+000
    outer loop
      vertex -2.793100e+001  2.943100e+001  2.610000e+001
      vertex -2.793100e+001  2.943100e+001  2.390000e+001
      vertex -2.687034e+001  2.899166e+001  2.390000e+001
    endloop
  endfacet
  facet normal -3.826828e-001 -9.238797e-001  0.000000e+000
    outer loop
      vertex -2.793100e+001  2.943100e+001  2.610000e+001
      vertex -2.687034e+001  2.899166e+001  2.390000e+001
      vertex -2.687034e+001  2.899166e+001  2.610000e+001
    endloop
  endfacet
  facet normal -9.238794e-001 -3.826836e-001  -0.000000e+000
    outer loop
      vertex -2.687034e+001  2.899166e+001  2.610000e+001
      vertex -2.687034e+001  2.899166e+001  2.390000e+001
      vertex -2.643100e+001  2.793100e+001  2.390000e+001
    endloop
  endfacet
  facet normal -9.238794e-001 -3.826836e-001  0.000000e+000
    outer loop
      vertex -2.687034e+001  2.899166e+001  2.610000e+001
      vertex -2.643100e+001  2.793100e+001  2.390000e+001
      vertex -2.643100e+001  2.793100e+001  2.610000e+001
    endloop
  endfacet
  facet normal -3.826842e-001  9.238792e-001  0.000000e+000
    outer loop
      vertex -2.793100e+001  2.643100e+001  2.390000e+001
      vertex -2.687034e+001  2.687034e+001  2.610000e+001
      vertex -2.687034e+001  2.687034e+001  2.390000e+001
    endloop
  endfacet
  facet normal -9.238792e-001  3.826842e-001  0.000000e+000
    outer loop
      vertex -2.687034e+001  2.687034e+001  2.390000e+001
      vertex -2.687034e+001  2.687034e+001  2.610000e+001
      vertex -2.643100e+001  2.793100e+001  2.610000e+001
    endloop
  endfacet
  facet normal -9.238792e-001  3.826842e-001  0.000000e+000
    outer loop
      vertex -2.687034e+001  2.687034e+001  2.390000e+001
      vertex -2.643100e+001  2.793100e+001  2.610000e+001
      vertex -2.643100e+001  2.793100e+001  2.390000e+001
    endloop
  endfacet
  facet normal -3.826842e-001  9.238792e-001  0.000000e+000
    outer loop
      vertex -2.687034e+001  2.687034e+001  2.610000e+001
      vertex -2.793100e+001  2.643100e+001  2.390000e+001
      vertex -2.793100e+001  2.643100e+001  2.610000e+001
    endloop
  endfacet
  facet normal  3.826836e-001  9.238794e-001  0.000000e+000
    outer loop
      vertex -2.793100e+001  2.643100e+001  2.610000e+001
      vertex -2.793100e+001  2.643100e+001  2.390000e+001
      vertex -2.899166e+001  2.687034e+001  2.390000e+001
    endloop
  endfacet
  facet normal  3.826836e-001  9.238794e-001  -0.000000e+000
    outer loop
      vertex -2.793100e+001  2.643100e+001  2.610000e+001
      vertex -2.899166e+001  2.687034e+001  2.390000e+001
      vertex -2.899166e+001  2.687034e+001  2.610000e+001
    endloop
  endfacet
  facet normal  9.238797e-001  3.826828e-001  0.000000e+000
    outer loop
      vertex -2.899166e+001  2.687034e+001  2.610000e+001
      vertex -2.899166e+001  2.687034e+001  2.390000e+001
      vertex -2.943100e+001  2.793100e+001  2.390000e+001
    endloop
  endfacet
  facet normal  9.238797e-001  3.826828e-001  -0.000000e+000
    outer loop
      vertex -2.899166e+001  2.687034e+001  2.610000e+001
      vertex -2.943100e+001  2.793100e+001  2.390000e+001
      vertex -2.943100e+001  2.793100e+001  2.610000e+001
    endloop
  endfacet
  facet normal  3.826826e-001 -9.238799e-001  0.000000e+000
    outer loop
      vertex  9.184548e-017  4.100000e+001  2.390000e+001
      vertex -1.060660e+000  4.056066e+001  2.610000e+001
      vertex -1.060660e+000  4.056066e+001  2.390000e+001
    endloop
  endfacet
  facet normal  9.238797e-001 -3.826831e-001  0.000000e+000
    outer loop
      vertex -1.060660e+000  4.056066e+001  2.390000e+001
      vertex -1.060660e+000  4.056066e+001  2.610000e+001
      vertex -1.500000e+000  3.950000e+001  2.610000e+001
    endloop
  endfacet
  facet normal  9.238797e-001 -3.826831e-001  0.000000e+000
    outer loop
      vertex -1.060660e+000  4.056066e+001  2.390000e+001
      vertex -1.500000e+000  3.950000e+001  2.610000e+001
      vertex -1.500000e+000  3.950000e+001  2.390000e+001
    endloop
  endfacet
  facet normal  3.826826e-001 -9.238799e-001  0.000000e+000
    outer loop
      vertex -1.060660e+000  4.056066e+001  2.610000e+001
      vertex  9.184548e-017  4.100000e+001  2.390000e+001
      vertex  9.184548e-017  4.100000e+001  2.610000e+001
    endloop
  endfacet
  facet normal -3.826826e-001 -9.238799e-001  -0.000000e+000
    outer loop
      vertex  9.184548e-017  4.100000e+001  2.610000e+001
      vertex  9.184548e-017  4.100000e+001  2.390000e+001
      vertex  1.060660e+000  4.056066e+001  2.390000e+001
    endloop
  endfacet
  facet normal -3.826826e-001 -9.238799e-001  0.000000e+000
    outer loop
      vertex  9.184548e-017  4.100000e+001  2.610000e+001
      vertex  1.060660e+000  4.056066e+001  2.390000e+001
      vertex  1.060660e+000  4.056066e+001  2.610000e+001
    endloop
  endfacet
  facet normal -9.238797e-001 -3.826831e-001  -0.000000e+000
    outer loop
      vertex  1.060660e+000  4.056066e+001  2.610000e+001
      vertex  1.060660e+000  4.056066e+001  2.390000e+001
      vertex  1.500000e+000  3.950000e+001  2.390000e+001
    endloop
  endfacet
  facet normal -9.238797e-001 -3.826831e-001  0.000000e+000
    outer loop
      vertex  1.060660e+000  4.056066e+001  2.610000e+001
      vertex  1.500000e+000  3.950000e+001  2.390000e+001
      vertex  1.500000e+000  3.950000e+001  2.610000e+001
    endloop
  endfacet
  facet normal -3.826826e-001  9.238799e-001  0.000000e+000
    outer loop
      vertex -2.755364e-016  3.800000e+001  2.390000e+001
      vertex  1.060660e+000  3.843934e+001  2.610000e+001
      vertex  1.060660e+000  3.843934e+001  2.390000e+001
    endloop
  endfacet
  facet normal -9.238797e-001  3.826831e-001  0.000000e+000
    outer loop
      vertex  1.060660e+000  3.843934e+001  2.390000e+001
      vertex  1.060660e+000  3.843934e+001  2.610000e+001
      vertex  1.500000e+000  3.950000e+001  2.610000e+001
    endloop
  endfacet
  facet normal -9.238797e-001  3.826831e-001  0.000000e+000
    outer loop
      vertex  1.060660e+000  3.843934e+001  2.390000e+001
      vertex  1.500000e+000  3.950000e+001  2.610000e+001
      vertex  1.500000e+000  3.950000e+001  2.390000e+001
    endloop
  endfacet
  facet normal -3.826826e-001  9.238799e-001  0.000000e+000
    outer loop
      vertex  1.060660e+000  3.843934e+001  2.610000e+001
      vertex -2.755364e-016  3.800000e+001  2.390000e+001
      vertex -2.755364e-016  3.800000e+001  2.610000e+001
    endloop
  endfacet
  facet normal  3.826826e-001  9.238799e-001  0.000000e+000
    outer loop
      vertex -2.755364e-016  3.800000e+001  2.610000e+001
      vertex -2.755364e-016  3.800000e+001  2.390000e+001
      vertex -1.060660e+000  3.843934e+001  2.390000e+001
    endloop
  endfacet
  facet normal  3.826826e-001  9.238799e-001  -0.000000e+000
    outer loop
      vertex -2.755364e-016  3.800000e+001  2.610000e+001
      vertex -1.060660e+000  3.843934e+001  2.390000e+001
      vertex -1.060660e+000  3.843934e+001  2.610000e+001
    endloop
  endfacet
  facet normal  9.238797e-001  3.826831e-001  0.000000e+000
    outer loop
      vertex -1.060660e+000  3.843934e+001  2.610000e+001
      vertex -1.060660e+000  3.843934e+001  2.390000e+001
      vertex -1.500000e+000  3.950000e+001  2.390000e+001
    endloop
  endfacet
  facet normal  9.238797e-001  3.826831e-001  -0.000000e+000
    outer loop
      vertex -1.060660e+000  3.843934e+001  2.610000e+001
      vertex -1.500000e+000  3.950000e+001  2.390000e+001
      vertex -1.500000e+000  3.950000e+001  2.610000e+001
    endloop
  endfacet
  facet normal  3.826828e-001 -9.238797e-001  0.000000e+000
    outer loop
      vertex  2.793100e+001  2.943100e+001  2.390000e+001
      vertex  2.687034e+001  2.899166e+001  2.610000e+001
      vertex  2.687034e+001  2.899166e+001  2.390000e+001
    endloop
  endfacet
  facet normal  9.238794e-001 -3.826836e-001  0.000000e+000
    outer loop
      vertex  2.687034e+001  2.899166e+001  2.390000e+001
      vertex  2.687034e+001  2.899166e+001  2.610000e+001
      vertex  2.643100e+001  2.793100e+001  2.610000e+001
    endloop
  endfacet
  facet normal  9.238794e-001 -3.826836e-001  0.000000e+000
    outer loop
      vertex  2.687034e+001  2.899166e+001  2.390000e+001
      vertex  2.643100e+001  2.793100e+001  2.610000e+001
      vertex  2.643100e+001  2.793100e+001  2.390000e+001
    endloop
  endfacet
  facet normal  3.826828e-001 -9.238797e-001  0.000000e+000
    outer loop
      vertex  2.687034e+001  2.899166e+001  2.610000e+001
      vertex  2.793100e+001  2.943100e+001  2.390000e+001
      vertex  2.793100e+001  2.943100e+001  2.610000e+001
    endloop
  endfacet
  facet normal -3.826822e-001 -9.238800e-001  -0.000000e+000
    outer loop
      vertex  2.793100e+001  2.943100e+001  2.610000e+001
      vertex  2.793100e+001  2.943100e+001  2.390000e+001
      vertex  2.899166e+001  2.899166e+001  2.390000e+001
    endloop
  endfacet
  facet normal -3.826822e-001 -9.238800e-001  0.000000e+000
    outer loop
      vertex  2.793100e+001  2.943100e+001  2.610000e+001
      vertex  2.899166e+001  2.899166e+001  2.390000e+001
      vertex  2.899166e+001  2.899166e+001  2.610000e+001
    endloop
  endfacet
  facet normal -9.238800e-001 -3.826822e-001  -0.000000e+000
    outer loop
      vertex  2.899166e+001  2.899166e+001  2.610000e+001
      vertex  2.899166e+001  2.899166e+001  2.390000e+001
      vertex  2.943100e+001  2.793100e+001  2.390000e+001
    endloop
  endfacet
  facet normal -9.238800e-001 -3.826822e-001  0.000000e+000
    outer loop
      vertex  2.899166e+001  2.899166e+001  2.610000e+001
      vertex  2.943100e+001  2.793100e+001  2.390000e+001
      vertex  2.943100e+001  2.793100e+001  2.610000e+001
    endloop
  endfacet
  facet normal -3.826836e-001  9.238794e-001  0.000000e+000
    outer loop
      vertex  2.793100e+001  2.643100e+001  2.390000e+001
      vertex  2.899166e+001  2.687034e+001  2.610000e+001
      vertex  2.899166e+001  2.687034e+001  2.390000e+001
    endloop
  endfacet
  facet normal -9.238797e-001  3.826828e-001  0.000000e+000
    outer loop
      vertex  2.899166e+001  2.687034e+001  2.390000e+001
      vertex  2.899166e+001  2.687034e+001  2.610000e+001
      vertex  2.943100e+001  2.793100e+001  2.610000e+001
    endloop
  endfacet
  facet normal -9.238797e-001  3.826828e-001  0.000000e+000
    outer loop
      vertex  2.899166e+001  2.687034e+001  2.390000e+001
      vertex  2.943100e+001  2.793100e+001  2.610000e+001
      vertex  2.943100e+001  2.793100e+001  2.390000e+001
    endloop
  endfacet
  facet normal -3.826836e-001  9.238794e-001  0.000000e+000
    outer loop
      vertex  2.899166e+001  2.687034e+001  2.610000e+001
      vertex  2.793100e+001  2.643100e+001  2.390000e+001
      vertex  2.793100e+001  2.643100e+001  2.610000e+001
    endloop
  endfacet
  facet normal  3.826842e-001  9.238792e-001  0.000000e+000
    outer loop
      vertex  2.793100e+001  2.643100e+001  2.610000e+001
      vertex  2.793100e+001  2.643100e+001  2.390000e+001
      vertex  2.687034e+001  2.687034e+001  2.390000e+001
    endloop
  endfacet
  facet normal  3.826842e-001  9.238792e-001  -0.000000e+000
    outer loop
      vertex  2.793100e+001  2.643100e+001  2.610000e+001
      vertex  2.687034e+001  2.687034e+001  2.390000e+001
      vertex  2.687034e+001  2.687034e+001  2.610000e+001
    endloop
  endfacet
  facet normal  9.238792e-001  3.826842e-001  0.000000e+000
    outer loop
      vertex  2.687034e+001  2.687034e+001  2.610000e+001
      vertex  2.687034e+001  2.687034e+001  2.390000e+001
      vertex  2.643100e+001  2.793100e+001  2.390000e+001
    endloop
  endfacet
  facet normal  9.238792e-001  3.826842e-001  -0.000000e+000
    outer loop
      vertex  2.687034e+001  2.687034e+001  2.610000e+001
      vertex  2.643100e+001  2.793100e+001  2.390000e+001
      vertex  2.643100e+001  2.793100e+001  2.610000e+001
    endloop
  endfacet
  facet normal -1.028669e-015 -9.999999e-001  0.000000e+000
    outer loop
      vertex -4.200000e+001  5.143347e-015  2.610000e+001
      vertex -4.200000e+001  5.143347e-015  2.390000e+001
      vertex -3.700000e+001  0.000000e+000  2.610000e+001
    endloop
  endfacet
  facet normal -1.028669e-015 -9.999999e-001  -0.000000e+000
    outer loop
      vertex -3.700000e+001  0.000000e+000  2.610000e+001
      vertex -4.200000e+001  5.143347e-015  2.390000e+001
      vertex -3.700000e+001  0.000000e+000  2.390000e+001
    endloop
  endfacet
  facet normal -9.957342e-001  9.226837e-002  0.000000e+000
    outer loop
      vertex -4.200000e+001  5.143347e-015  2.390000e+001
      vertex -4.200000e+001  5.143347e-015  2.610000e+001
      vertex -4.128487e+001  7.717480e+000  2.390000e+001
    endloop
  endfacet
  facet normal -9.957342e-001  9.226837e-002  0.000000e+000
    outer loop
      vertex -4.128487e+001  7.717480e+000  2.390000e+001
      vertex -4.200000e+001  5.143347e-015  2.610000e+001
      vertex -4.128487e+001  7.717480e+000  2.610000e+001
    endloop
  endfacet
  facet normal -9.618256e-001  2.736630e-001  0.000000e+000
    outer loop
      vertex -4.128487e+001  7.717480e+000  2.390000e+001
      vertex -4.128487e+001  7.717480e+000  2.610000e+001
      vertex -3.916383e+001  1.517215e+001  2.390000e+001
    endloop
  endfacet
  facet normal -9.618256e-001  2.736630e-001  0.000000e+000
    outer loop
      vertex -3.916383e+001  1.517215e+001  2.390000e+001
      vertex -4.128487e+001  7.717480e+000  2.610000e+001
      vertex -3.916383e+001  1.517215e+001  2.610000e+001
    endloop
  endfacet
  facet normal -8.951632e-001  4.457385e-001  0.000000e+000
    outer loop
      vertex -3.916383e+001  1.517215e+001  2.390000e+001
      vertex -3.916383e+001  1.517215e+001  2.610000e+001
      vertex -3.570912e+001  2.211015e+001  2.390000e+001
    endloop
  endfacet
  facet normal -8.951632e-001  4.457385e-001  0.000000e+000
    outer loop
      vertex -3.570912e+001  2.211015e+001  2.390000e+001
      vertex -3.916383e+001  1.517215e+001  2.610000e+001
      vertex -3.570912e+001  2.211015e+001  2.610000e+001
    endloop
  endfacet
  facet normal -7.980173e-001  6.026345e-001  0.000000e+000
    outer loop
      vertex -3.570912e+001  2.211015e+001  2.390000e+001
      vertex -3.570912e+001  2.211015e+001  2.610000e+001
      vertex -3.103837e+001  2.829522e+001  2.390000e+001
    endloop
  endfacet
  facet normal -7.980173e-001  6.026345e-001  0.000000e+000
    outer loop
      vertex -3.103837e+001  2.829522e+001  2.390000e+001
      vertex -3.570912e+001  2.211015e+001  2.610000e+001
      vertex -3.103837e+001  2.829522e+001  2.610000e+001
    endloop
  endfacet
  facet normal -6.736957e-001  7.390088e-001  0.000000e+000
    outer loop
      vertex -3.103837e+001  2.829522e+001  2.390000e+001
      vertex -3.103837e+001  2.829522e+001  2.610000e+001
      vertex -2.531066e+001  3.351672e+001  2.390000e+001
    endloop
  endfacet
  facet normal -6.736957e-001  7.390088e-001  0.000000e+000
    outer loop
      vertex -2.531066e+001  3.351672e+001  2.390000e+001
      vertex -3.103837e+001  2.829522e+001  2.610000e+001
      vertex -2.531066e+001  3.351672e+001  2.610000e+001
    endloop
  endfacet
  facet normal -5.264321e-001  8.502171e-001  0.000000e+000
    outer loop
      vertex -2.531066e+001  3.351672e+001  2.390000e+001
      vertex -2.531066e+001  3.351672e+001  2.610000e+001
      vertex -1.872101e+001  3.759686e+001  2.390000e+001
    endloop
  endfacet
  facet normal -5.264321e-001  8.502171e-001  0.000000e+000
    outer loop
      vertex -1.872101e+001  3.759686e+001  2.390000e+001
      vertex -2.531066e+001  3.351672e+001  2.610000e+001
      vertex -1.872101e+001  3.759686e+001  2.610000e+001
    endloop
  endfacet
  facet normal -3.612414e-001  9.324722e-001  0.000000e+000
    outer loop
      vertex -1.872101e+001  3.759686e+001  2.390000e+001
      vertex -1.872101e+001  3.759686e+001  2.610000e+001
      vertex -1.149385e+001  4.039668e+001  2.390000e+001
    endloop
  endfacet
  facet normal -3.612414e-001  9.324722e-001  0.000000e+000
    outer loop
      vertex -1.149385e+001  4.039668e+001  2.390000e+001
      vertex -1.872101e+001  3.759686e+001  2.610000e+001
      vertex -1.149385e+001  4.039668e+001  2.610000e+001
    endloop
  endfacet
  facet normal -1.837497e-001  9.829731e-001  0.000000e+000
    outer loop
      vertex -1.149385e+001  4.039668e+001  2.390000e+001
      vertex -1.149385e+001  4.039668e+001  2.610000e+001
      vertex -3.875271e+000  4.182084e+001  2.390000e+001
    endloop
  endfacet
  facet normal -1.837497e-001  9.829731e-001  0.000000e+000
    outer loop
      vertex -3.875271e+000  4.182084e+001  2.390000e+001
      vertex -1.149385e+001  4.039668e+001  2.610000e+001
      vertex -3.875271e+000  4.182084e+001  2.610000e+001
    endloop
  endfacet
  facet normal  0.000000e+000  1.000000e+000  0.000000e+000
    outer loop
      vertex -3.875271e+000  4.182084e+001  2.390000e+001
      vertex -3.875271e+000  4.182084e+001  2.610000e+001
      vertex  3.875271e+000  4.182084e+001  2.390000e+001
    endloop
  endfacet
  facet normal  0.000000e+000  1.000000e+000  -0.000000e+000
    outer loop
      vertex  3.875271e+000  4.182084e+001  2.390000e+001
      vertex -3.875271e+000  4.182084e+001  2.610000e+001
      vertex  3.875271e+000  4.182084e+001  2.610000e+001
    endloop
  endfacet
  facet normal  1.837497e-001  9.829731e-001  0.000000e+000
    outer loop
      vertex  3.875271e+000  4.182084e+001  2.390000e+001
      vertex  3.875271e+000  4.182084e+001  2.610000e+001
      vertex  1.149385e+001  4.039668e+001  2.390000e+001
    endloop
  endfacet
  facet normal  1.837497e-001  9.829731e-001  -0.000000e+000
    outer loop
      vertex  1.149385e+001  4.039668e+001  2.390000e+001
      vertex  3.875271e+000  4.182084e+001  2.610000e+001
      vertex  1.149385e+001  4.039668e+001  2.610000e+001
    endloop
  endfacet
  facet normal  3.612414e-001  9.324722e-001  0.000000e+000
    outer loop
      vertex  1.149385e+001  4.039668e+001  2.390000e+001
      vertex  1.149385e+001  4.039668e+001  2.610000e+001
      vertex  1.872101e+001  3.759686e+001  2.390000e+001
    endloop
  endfacet
  facet normal  3.612414e-001  9.324722e-001  -0.000000e+000
    outer loop
      vertex  1.872101e+001  3.759686e+001  2.390000e+001
      vertex  1.149385e+001  4.039668e+001  2.610000e+001
      vertex  1.872101e+001  3.759686e+001  2.610000e+001
    endloop
  endfacet
  facet normal  5.264321e-001  8.502171e-001  0.000000e+000
    outer loop
      vertex  1.872101e+001  3.759686e+001  2.390000e+001
      vertex  1.872101e+001  3.759686e+001  2.610000e+001
      vertex  2.531066e+001  3.351672e+001  2.390000e+001
    endloop
  endfacet
  facet normal  5.264321e-001  8.502171e-001  -0.000000e+000
    outer loop
      vertex  2.531066e+001  3.351672e+001  2.390000e+001
      vertex  1.872101e+001  3.759686e+001  2.610000e+001
      vertex  2.531066e+001  3.351672e+001  2.610000e+001
    endloop
  endfacet
  facet normal  6.736957e-001  7.390088e-001  0.000000e+000
    outer loop
      vertex  2.531066e+001  3.351672e+001  2.390000e+001
      vertex  2.531066e+001  3.351672e+001  2.610000e+001
      vertex  3.103837e+001  2.829522e+001  2.390000e+001
    endloop
  endfacet
  facet normal  6.736957e-001  7.390088e-001  -0.000000e+000
    outer loop
      vertex  3.103837e+001  2.829522e+001  2.390000e+001
      vertex  2.531066e+001  3.351672e+001  2.610000e+001
      vertex  3.103837e+001  2.829522e+001  2.610000e+001
    endloop
  endfacet
  facet normal  7.980173e-001  6.026345e-001  0.000000e+000
    outer loop
      vertex  3.103837e+001  2.829522e+001  2.390000e+001
      vertex  3.103837e+001  2.829522e+001  2.610000e+001
      vertex  3.570912e+001  2.211015e+001  2.390000e+001
    endloop
  endfacet
  facet normal  7.980173e-001  6.026345e-001  -0.000000e+000
    outer loop
      vertex  3.570912e+001  2.211015e+001  2.390000e+001
      vertex  3.103837e+001  2.829522e+001  2.610000e+001
      vertex  3.570912e+001  2.211015e+001  2.610000e+001
    endloop
  endfacet
  facet normal  8.951632e-001  4.457385e-001  0.000000e+000
    outer loop
      vertex  3.570912e+001  2.211015e+001  2.390000e+001
      vertex  3.570912e+001  2.211015e+001  2.610000e+001
      vertex  3.916383e+001  1.517215e+001  2.390000e+001
    endloop
  endfacet
  facet normal  8.951632e-001  4.457385e-001  -0.000000e+000
    outer loop
      vertex  3.916383e+001  1.517215e+001  2.390000e+001
      vertex  3.570912e+001  2.211015e+001  2.610000e+001
      vertex  3.916383e+001  1.517215e+001  2.610000e+001
    endloop
  endfacet
  facet normal  9.618256e-001  2.736630e-001  0.000000e+000
    outer loop
      vertex  3.916383e+001  1.517215e+001  2.390000e+001
      vertex  3.916383e+001  1.517215e+001  2.610000e+001
      vertex  4.128487e+001  7.717480e+000  2.390000e+001
    endloop
  endfacet
  facet normal  9.618256e-001  2.736630e-001  -0.000000e+000
    outer loop
      vertex  4.128487e+001  7.717480e+000  2.390000e+001
      vertex  3.916383e+001  1.517215e+001  2.610000e+001
      vertex  4.128487e+001  7.717480e+000  2.610000e+001
    endloop
  endfacet
  facet normal  9.957342e-001  9.226837e-002  0.000000e+000
    outer loop
      vertex  4.128487e+001  7.717480e+000  2.390000e+001
      vertex  4.128487e+001  7.717480e+000  2.610000e+001
      vertex  4.200000e+001  0.000000e+000  2.390000e+001
    endloop
  endfacet
  facet normal  9.957342e-001  9.226837e-002  -0.000000e+000
    outer loop
      vertex  4.200000e+001  0.000000e+000  2.390000e+001
      vertex  4.128487e+001  7.717480e+000  2.610000e+001
      vertex  4.200000e+001  0.000000e+000  2.610000e+001
    endloop
  endfacet
  facet normal  0.000000e+000 -9.999999e-001  0.000000e+000
    outer loop
      vertex  3.700000e+001  0.000000e+000  2.610000e+001
      vertex  3.700000e+001  0.000000e+000  2.390000e+001
      vertex  4.200000e+001  0.000000e+000  2.610000e+001
    endloop
  endfacet
  facet normal  0.000000e+000 -9.999999e-001  -0.000000e+000
    outer loop
      vertex  4.200000e+001  0.000000e+000  2.610000e+001
      vertex  3.700000e+001  0.000000e+000  2.390000e+001
      vertex  4.200000e+001  0.000000e+000  2.390000e+001
    endloop
  endfacet
  facet normal  1.000000e+000  -0.000000e+000  0.000000e+000
    outer loop
      vertex  3.700000e+001  0.000000e+000  2.610000e+001
      vertex  3.700000e+001 -4.000000e+000  2.610000e+001
      vertex  3.700000e+001  0.000000e+000  2.390000e+001
    endloop
  endfacet
  facet normal  1.000000e+000  0.000000e+000  0.000000e+000
    outer loop
      vertex  3.700000e+001  0.000000e+000  2.390000e+001
      vertex  3.700000e+001 -4.000000e+000  2.610000e+001
      vertex  3.700000e+001 -4.000000e+000  2.390000e+001
    endloop
  endfacet
  facet normal -1.000000e+000  0.000000e+000  0.000000e+000
    outer loop
      vertex -3.700000e+001  0.000000e+000  2.610000e+001
      vertex -3.700000e+001  0.000000e+000  2.390000e+001
      vertex -3.700000e+001 -4.000000e+000  2.610000e+001
    endloop
  endfacet
  facet normal -1.000000e+000  0.000000e+000  0.000000e+000
    outer loop
      vertex -3.700000e+001 -4.000000e+000  2.610000e+001
      vertex -3.700000e+001  0.000000e+000  2.390000e+001
      vertex -3.700000e+001 -4.000000e+000  2.390000e+001
    endloop
  endfacet
  facet normal -9.951847e-001  9.801721e-002  0.000000e+000
    outer loop
      vertex -3.700000e+001 -4.000000e+000  2.610000e+001
      vertex -3.700000e+001 -4.000000e+000  5.750000e+001
      vertex -3.628905e+001  3.218342e+000  2.610000e+001
    endloop
  endfacet
  facet normal -9.951847e-001  9.801721e-002  0.000000e+000
    outer loop
      vertex -3.628905e+001  3.218342e+000  2.610000e+001
      vertex -3.700000e+001 -4.000000e+000  5.750000e+001
      vertex -3.628905e+001  3.218342e+000  5.750000e+001
    endloop
  endfacet
  facet normal -9.569404e-001  2.902844e-001  0.000000e+000
    outer loop
      vertex -3.628905e+001  3.218342e+000  2.610000e+001
      vertex -3.628905e+001  3.218342e+000  5.750000e+001
      vertex -3.418354e+001  1.015929e+001  2.610000e+001
    endloop
  endfacet
  facet normal -9.569404e-001  2.902844e-001  0.000000e+000
    outer loop
      vertex -3.418354e+001  1.015929e+001  2.610000e+001
      vertex -3.628905e+001  3.218342e+000  5.750000e+001
      vertex -3.418354e+001  1.015929e+001  5.750000e+001
    endloop
  endfacet
  facet normal -8.819212e-001  4.713969e-001  0.000000e+000
    outer loop
      vertex -3.418354e+001  1.015929e+001  2.610000e+001
      vertex -3.418354e+001  1.015929e+001  5.750000e+001
      vertex -3.076438e+001  1.655610e+001  2.610000e+001
    endloop
  endfacet
  facet normal -8.819212e-001  4.713969e-001  0.000000e+000
    outer loop
      vertex -3.076438e+001  1.655610e+001  2.610000e+001
      vertex -3.418354e+001  1.015929e+001  5.750000e+001
      vertex -3.076438e+001  1.655610e+001  5.750000e+001
    endloop
  endfacet
  facet normal -7.730104e-001  6.343933e-001  0.000000e+000
    outer loop
      vertex -3.076438e+001  1.655610e+001  2.610000e+001
      vertex -3.076438e+001  1.655610e+001  5.750000e+001
      vertex -2.616295e+001  2.216295e+001  2.610000e+001
    endloop
  endfacet
  facet normal -7.730104e-001  6.343933e-001  0.000000e+000
    outer loop
      vertex -2.616295e+001  2.216295e+001  2.610000e+001
      vertex -3.076438e+001  1.655610e+001  5.750000e+001
      vertex -2.616295e+001  2.216295e+001  5.750000e+001
    endloop
  endfacet
  facet normal -6.343933e-001  7.730104e-001  0.000000e+000
    outer loop
      vertex -2.616295e+001  2.216295e+001  2.610000e+001
      vertex -2.616295e+001  2.216295e+001  5.750000e+001
      vertex -2.055610e+001  2.676438e+001  2.610000e+001
    endloop
  endfacet
  facet normal -6.343933e-001  7.730104e-001  0.000000e+000
    outer loop
      vertex -2.055610e+001  2.676438e+001  2.610000e+001
      vertex -2.616295e+001  2.216295e+001  5.750000e+001
      vertex -2.055610e+001  2.676438e+001  5.750000e+001
    endloop
  endfacet
  facet normal -4.713967e-001  8.819213e-001  0.000000e+000
    outer loop
      vertex -2.055610e+001  2.676438e+001  2.610000e+001
      vertex -2.055610e+001  2.676438e+001  5.750000e+001
      vertex -1.415929e+001  3.018354e+001  2.610000e+001
    endloop
  endfacet
  facet normal -4.713967e-001  8.819213e-001  0.000000e+000
    outer loop
      vertex -1.415929e+001  3.018354e+001  2.610000e+001
      vertex -2.055610e+001  2.676438e+001  5.750000e+001
      vertex -1.415929e+001  3.018354e+001  5.750000e+001
    endloop
  endfacet
  facet normal -2.902847e-001  9.569404e-001  0.000000e+000
    outer loop
      vertex -1.415929e+001  3.018354e+001  2.610000e+001
      vertex -1.415929e+001  3.018354e+001  5.750000e+001
      vertex -7.218342e+000  3.228905e+001  2.610000e+001
    endloop
  endfacet
  facet normal -2.902847e-001  9.569404e-001  0.000000e+000
    outer loop
      vertex -7.218342e+000  3.228905e+001  2.610000e+001
      vertex -1.415929e+001  3.018354e+001  5.750000e+001
      vertex -7.218342e+000  3.228905e+001  5.750000e+001
    endloop
  endfacet
  facet normal -9.801721e-002  9.951847e-001  0.000000e+000
    outer loop
      vertex -7.218342e+000  3.228905e+001  2.610000e+001
      vertex -7.218342e+000  3.228905e+001  5.750000e+001
      vertex -5.950129e-015  3.300000e+001  2.610000e+001
    endloop
  endfacet
  facet normal -9.801721e-002  9.951847e-001  2.564570e-017
    outer loop
      vertex -5.950129e-015  3.300000e+001  2.610000e+001
      vertex -7.218342e+000  3.228905e+001  5.750000e+001
      vertex  2.265522e-015  3.300000e+001  5.750000e+001
    endloop
  endfacet
  facet normal  9.801721e-002  9.951847e-001 -2.564570e-017
    outer loop
      vertex -5.950129e-015  3.300000e+001  2.610000e+001
      vertex  2.265522e-015  3.300000e+001  5.750000e+001
      vertex  7.218342e+000  3.228905e+001  2.610000e+001
    endloop
  endfacet
  facet normal  9.801721e-002  9.951847e-001  -0.000000e+000
    outer loop
      vertex  7.218342e+000  3.228905e+001  2.610000e+001
      vertex  2.265522e-015  3.300000e+001  5.750000e+001
      vertex  7.218342e+000  3.228905e+001  5.750000e+001
    endloop
  endfacet
  facet normal  2.902847e-001  9.569404e-001  0.000000e+000
    outer loop
      vertex  7.218342e+000  3.228905e+001  2.610000e+001
      vertex  7.218342e+000  3.228905e+001  5.750000e+001
      vertex  1.415929e+001  3.018354e+001  2.610000e+001
    endloop
  endfacet
  facet normal  2.902847e-001  9.569404e-001  -0.000000e+000
    outer loop
      vertex  1.415929e+001  3.018354e+001  2.610000e+001
      vertex  7.218342e+000  3.228905e+001  5.750000e+001
      vertex  1.415929e+001  3.018354e+001  5.750000e+001
    endloop
  endfacet
  facet normal  4.713967e-001  8.819213e-001  0.000000e+000
    outer loop
      vertex  1.415929e+001  3.018354e+001  2.610000e+001
      vertex  1.415929e+001  3.018354e+001  5.750000e+001
      vertex  2.055610e+001  2.676438e+001  2.610000e+001
    endloop
  endfacet
  facet normal  4.713967e-001  8.819213e-001  -0.000000e+000
    outer loop
      vertex  2.055610e+001  2.676438e+001  2.610000e+001
      vertex  1.415929e+001  3.018354e+001  5.750000e+001
      vertex  2.055610e+001  2.676438e+001  5.750000e+001
    endloop
  endfacet
  facet normal  6.343933e-001  7.730104e-001  0.000000e+000
    outer loop
      vertex  2.055610e+001  2.676438e+001  2.610000e+001
      vertex  2.055610e+001  2.676438e+001  5.750000e+001
      vertex  2.616295e+001  2.216295e+001  2.610000e+001
    endloop
  endfacet
  facet normal  6.343933e-001  7.730104e-001  -0.000000e+000
    outer loop
      vertex  2.616295e+001  2.216295e+001  2.610000e+001
      vertex  2.055610e+001  2.676438e+001  5.750000e+001
      vertex  2.616295e+001  2.216295e+001  5.750000e+001
    endloop
  endfacet
  facet normal  7.730104e-001  6.343933e-001  0.000000e+000
    outer loop
      vertex  2.616295e+001  2.216295e+001  2.610000e+001
      vertex  2.616295e+001  2.216295e+001  5.750000e+001
      vertex  3.076438e+001  1.655610e+001  2.610000e+001
    endloop
  endfacet
  facet normal  7.730104e-001  6.343933e-001  -0.000000e+000
    outer loop
      vertex  3.076438e+001  1.655610e+001  2.610000e+001
      vertex  2.616295e+001  2.216295e+001  5.750000e+001
      vertex  3.076438e+001  1.655610e+001  5.750000e+001
    endloop
  endfacet
  facet normal  8.819212e-001  4.713969e-001  0.000000e+000
    outer loop
      vertex  3.076438e+001  1.655610e+001  2.610000e+001
      vertex  3.076438e+001  1.655610e+001  5.750000e+001
      vertex  3.418354e+001  1.015929e+001  2.610000e+001
    endloop
  endfacet
  facet normal  8.819212e-001  4.713969e-001  -0.000000e+000
    outer loop
      vertex  3.418354e+001  1.015929e+001  2.610000e+001
      vertex  3.076438e+001  1.655610e+001  5.750000e+001
      vertex  3.418354e+001  1.015929e+001  5.750000e+001
    endloop
  endfacet
  facet normal  9.569404e-001  2.902844e-001  0.000000e+000
    outer loop
      vertex  3.418354e+001  1.015929e+001  2.610000e+001
      vertex  3.418354e+001  1.015929e+001  5.750000e+001
      vertex  3.628905e+001  3.218342e+000  2.610000e+001
    endloop
  endfacet
  facet normal  9.569404e-001  2.902844e-001  -0.000000e+000
    outer loop
      vertex  3.628905e+001  3.218342e+000  2.610000e+001
      vertex  3.418354e+001  1.015929e+001  5.750000e+001
      vertex  3.628905e+001  3.218342e+000  5.750000e+001
    endloop
  endfacet
  facet normal  9.951847e-001  9.801721e-002  0.000000e+000
    outer loop
      vertex  3.628905e+001  3.218342e+000  2.610000e+001
      vertex  3.628905e+001  3.218342e+000  5.750000e+001
      vertex  3.700000e+001 -4.000000e+000  2.610000e+001
    endloop
  endfacet
  facet normal  9.951847e-001  9.801721e-002  -0.000000e+000
    outer loop
      vertex  3.700000e+001 -4.000000e+000  2.610000e+001
      vertex  3.628905e+001  3.218342e+000  5.750000e+001
      vertex  3.700000e+001 -4.000000e+000  5.750000e+001
    endloop
  endfacet
  facet normal  9.951847e-001 -9.801721e-002  0.000000e+000
    outer loop
      vertex  3.628905e+001 -1.121834e+001  5.750000e+001
      vertex  3.628905e+001 -1.121834e+001 -7.500000e+000
      vertex  3.700000e+001 -4.000000e+000 -7.500000e+000
    endloop
  endfacet
  facet normal  9.951847e-001 -9.801721e-002  0.000000e+000
    outer loop
      vertex  3.628905e+001 -1.121834e+001  5.750000e+001
      vertex  3.700000e+001 -4.000000e+000 -7.500000e+000
      vertex  3.700000e+001 -4.000000e+000  2.390000e+001
    endloop
  endfacet
  facet normal  9.951847e-001 -9.801722e-002  0.000000e+000
    outer loop
      vertex  3.628905e+001 -1.121834e+001  5.750000e+001
      vertex  3.700000e+001 -4.000000e+000  2.390000e+001
      vertex  3.700000e+001 -4.000000e+000  2.610000e+001
    endloop
  endfacet
  facet normal  9.951847e-001 -9.801721e-002  0.000000e+000
    outer loop
      vertex  3.628905e+001 -1.121834e+001  5.750000e+001
      vertex  3.700000e+001 -4.000000e+000  2.610000e+001
      vertex  3.700000e+001 -4.000000e+000  5.750000e+001
    endloop
  endfacet
  facet normal -9.951847e-001 -9.801721e-002  -0.000000e+000
    outer loop
      vertex -3.628905e+001 -1.121834e+001 -7.500000e+000
      vertex -3.628905e+001 -1.121834e+001  5.750000e+001
      vertex -3.700000e+001 -4.000000e+000  5.750000e+001
    endloop
  endfacet
  facet normal -9.951847e-001 -9.801721e-002  -0.000000e+000
    outer loop
      vertex -3.628905e+001 -1.121834e+001 -7.500000e+000
      vertex -3.700000e+001 -4.000000e+000  5.750000e+001
      vertex -3.700000e+001 -4.000000e+000  2.610000e+001
    endloop
  endfacet
  facet normal -9.951847e-001 -9.801722e-002  -0.000000e+000
    outer loop
      vertex -3.628905e+001 -1.121834e+001 -7.500000e+000
      vertex -3.700000e+001 -4.000000e+000  2.610000e+001
      vertex -3.700000e+001 -4.000000e+000  2.390000e+001
    endloop
  endfacet
  facet normal -9.951847e-001 -9.801721e-002  -0.000000e+000
    outer loop
      vertex -3.628905e+001 -1.121834e+001 -7.500000e+000
      vertex -3.700000e+001 -4.000000e+000  2.390000e+001
      vertex -3.700000e+001 -4.000000e+000 -7.500000e+000
    endloop
  endfacet
  facet normal  9.569405e-001 -2.902845e-001  0.000000e+000
    outer loop
      vertex  3.628905e+001 -1.121834e+001 -7.500000e+000
      vertex  3.628905e+001 -1.121834e+001  5.750000e+001
      vertex  3.418354e+001 -1.815929e+001 -7.500000e+000
    endloop
  endfacet
  facet normal  9.569405e-001 -2.902845e-001  0.000000e+000
    outer loop
      vertex  3.418354e+001 -1.815929e+001 -7.500000e+000
      vertex  3.628905e+001 -1.121834e+001  5.750000e+001
      vertex  3.418354e+001 -1.815929e+001  5.750000e+001
    endloop
  endfacet
  facet normal  8.819212e-001 -4.713968e-001  0.000000e+000
    outer loop
      vertex  3.418354e+001 -1.815929e+001 -7.500000e+000
      vertex  3.418354e+001 -1.815929e+001  5.750000e+001
      vertex  3.076438e+001 -2.455610e+001 -7.500000e+000
    endloop
  endfacet
  facet normal  8.819212e-001 -4.713968e-001  0.000000e+000
    outer loop
      vertex  3.076438e+001 -2.455610e+001 -7.500000e+000
      vertex  3.418354e+001 -1.815929e+001  5.750000e+001
      vertex  3.076438e+001 -2.455610e+001  5.750000e+001
    endloop
  endfacet
  facet normal  7.730103e-001 -6.343934e-001  0.000000e+000
    outer loop
      vertex  3.076438e+001 -2.455610e+001 -7.500000e+000
      vertex  3.076438e+001 -2.455610e+001  5.750000e+001
      vertex  2.616295e+001 -3.016295e+001 -7.500000e+000
    endloop
  endfacet
  facet normal  7.730103e-001 -6.343934e-001  0.000000e+000
    outer loop
      vertex  2.616295e+001 -3.016295e+001 -7.500000e+000
      vertex  3.076438e+001 -2.455610e+001  5.750000e+001
      vertex  2.616295e+001 -3.016295e+001  5.750000e+001
    endloop
  endfacet
  facet normal  6.343932e-001 -7.730105e-001  0.000000e+000
    outer loop
      vertex  2.616295e+001 -3.016295e+001 -7.500000e+000
      vertex  2.616295e+001 -3.016295e+001  5.750000e+001
      vertex  2.055610e+001 -3.476437e+001 -7.500000e+000
    endloop
  endfacet
  facet normal  6.343932e-001 -7.730105e-001  0.000000e+000
    outer loop
      vertex  2.055610e+001 -3.476437e+001 -7.500000e+000
      vertex  2.616295e+001 -3.016295e+001  5.750000e+001
      vertex  2.055610e+001 -3.476437e+001  5.750000e+001
    endloop
  endfacet
  facet normal  4.713971e-001 -8.819211e-001  0.000000e+000
    outer loop
      vertex  2.055610e+001 -3.476437e+001 -7.500000e+000
      vertex  2.055610e+001 -3.476437e+001  5.750000e+001
      vertex  1.415929e+001 -3.818354e+001 -7.500000e+000
    endloop
  endfacet
  facet normal  4.713971e-001 -8.819211e-001  0.000000e+000
    outer loop
      vertex  1.415929e+001 -3.818354e+001 -7.500000e+000
      vertex  2.055610e+001 -3.476437e+001  5.750000e+001
      vertex  1.415929e+001 -3.818354e+001  5.750000e+001
    endloop
  endfacet
  facet normal  2.902844e-001 -9.569404e-001  0.000000e+000
    outer loop
      vertex  1.415929e+001 -3.818354e+001 -7.500000e+000
      vertex  1.415929e+001 -3.818354e+001  5.750000e+001
      vertex  7.218342e+000 -4.028905e+001 -7.500000e+000
    endloop
  endfacet
  facet normal  2.902844e-001 -9.569404e-001  0.000000e+000
    outer loop
      vertex  7.218342e+000 -4.028905e+001 -7.500000e+000
      vertex  1.415929e+001 -3.818354e+001  5.750000e+001
      vertex  7.218342e+000 -4.028905e+001  5.750000e+001
    endloop
  endfacet
  facet normal  9.801721e-002 -9.951847e-001  0.000000e+000
    outer loop
      vertex  7.218342e+000 -4.028905e+001 -7.500000e+000
      vertex  7.218342e+000 -4.028905e+001  5.750000e+001
      vertex -3.965917e-014 -4.100000e+001 -7.500000e+000
    endloop
  endfacet
  facet normal  9.801721e-002 -9.951847e-001  0.000000e+000
    outer loop
      vertex -3.965917e-014 -4.100000e+001 -7.500000e+000
      vertex  7.218342e+000 -4.028905e+001  5.750000e+001
      vertex -3.965917e-014 -4.100000e+001  5.750000e+001
    endloop
  endfacet
  facet normal -9.801721e-002 -9.951847e-001  -0.000000e+000
    outer loop
      vertex -3.965917e-014 -4.100000e+001 -7.500000e+000
      vertex -3.965917e-014 -4.100000e+001  5.750000e+001
      vertex -7.218342e+000 -4.028905e+001 -7.500000e+000
    endloop
  endfacet
  facet normal -9.801721e-002 -9.951847e-001  0.000000e+000
    outer loop
      vertex -7.218342e+000 -4.028905e+001 -7.500000e+000
      vertex -3.965917e-014 -4.100000e+001  5.750000e+001
      vertex -7.218342e+000 -4.028905e+001  5.750000e+001
    endloop
  endfacet
  facet normal -2.902844e-001 -9.569404e-001  -0.000000e+000
    outer loop
      vertex -7.218342e+000 -4.028905e+001 -7.500000e+000
      vertex -7.218342e+000 -4.028905e+001  5.750000e+001
      vertex -1.415929e+001 -3.818354e+001 -7.500000e+000
    endloop
  endfacet
  facet normal -2.902844e-001 -9.569404e-001  0.000000e+000
    outer loop
      vertex -1.415929e+001 -3.818354e+001 -7.500000e+000
      vertex -7.218342e+000 -4.028905e+001  5.750000e+001
      vertex -1.415929e+001 -3.818354e+001  5.750000e+001
    endloop
  endfacet
  facet normal -4.713971e-001 -8.819211e-001  -0.000000e+000
    outer loop
      vertex -1.415929e+001 -3.818354e+001 -7.500000e+000
      vertex -1.415929e+001 -3.818354e+001  5.750000e+001
      vertex -2.055610e+001 -3.476437e+001 -7.500000e+000
    endloop
  endfacet
  facet normal -4.713971e-001 -8.819211e-001  0.000000e+000
    outer loop
      vertex -2.055610e+001 -3.476437e+001 -7.500000e+000
      vertex -1.415929e+001 -3.818354e+001  5.750000e+001
      vertex -2.055610e+001 -3.476437e+001  5.750000e+001
    endloop
  endfacet
  facet normal -6.343932e-001 -7.730105e-001  -0.000000e+000
    outer loop
      vertex -2.055610e+001 -3.476437e+001 -7.500000e+000
      vertex -2.055610e+001 -3.476437e+001  5.750000e+001
      vertex -2.616295e+001 -3.016295e+001 -7.500000e+000
    endloop
  endfacet
  facet normal -6.343932e-001 -7.730105e-001  0.000000e+000
    outer loop
      vertex -2.616295e+001 -3.016295e+001 -7.500000e+000
      vertex -2.055610e+001 -3.476437e+001  5.750000e+001
      vertex -2.616295e+001 -3.016295e+001  5.750000e+001
    endloop
  endfacet
  facet normal -7.730103e-001 -6.343934e-001  -0.000000e+000
    outer loop
      vertex -2.616295e+001 -3.016295e+001 -7.500000e+000
      vertex -2.616295e+001 -3.016295e+001  5.750000e+001
      vertex -3.076438e+001 -2.455610e+001 -7.500000e+000
    endloop
  endfacet
  facet normal -7.730103e-001 -6.343934e-001  0.000000e+000
    outer loop
      vertex -3.076438e+001 -2.455610e+001 -7.500000e+000
      vertex -2.616295e+001 -3.016295e+001  5.750000e+001
      vertex -3.076438e+001 -2.455610e+001  5.750000e+001
    endloop
  endfacet
  facet normal -8.819212e-001 -4.713968e-001  -0.000000e+000
    outer loop
      vertex -3.076438e+001 -2.455610e+001 -7.500000e+000
      vertex -3.076438e+001 -2.455610e+001  5.750000e+001
      vertex -3.418354e+001 -1.815929e+001 -7.500000e+000
    endloop
  endfacet
  facet normal -8.819212e-001 -4.713968e-001  0.000000e+000
    outer loop
      vertex -3.418354e+001 -1.815929e+001 -7.500000e+000
      vertex -3.076438e+001 -2.455610e+001  5.750000e+001
      vertex -3.418354e+001 -1.815929e+001  5.750000e+001
    endloop
  endfacet
  facet normal -9.569405e-001 -2.902845e-001  -0.000000e+000
    outer loop
      vertex -3.418354e+001 -1.815929e+001 -7.500000e+000
      vertex -3.418354e+001 -1.815929e+001  5.750000e+001
      vertex -3.628905e+001 -1.121834e+001 -7.500000e+000
    endloop
  endfacet
  facet normal -9.569405e-001 -2.902845e-001  0.000000e+000
    outer loop
      vertex -3.628905e+001 -1.121834e+001 -7.500000e+000
      vertex -3.418354e+001 -1.815929e+001  5.750000e+001
      vertex -3.628905e+001 -1.121834e+001  5.750000e+001
    endloop
  endfacet
  facet normal -9.951847e-001  9.801721e-002  0.000000e+000
    outer loop
      vertex -3.700000e+001 -4.000000e+000 -7.500000e+000
      vertex -3.700000e+001 -4.000000e+000  2.390000e+001
      vertex -3.628905e+001  3.218342e+000 -7.500000e+000
    endloop
  endfacet
  facet normal -9.951847e-001  9.801721e-002  0.000000e+000
    outer loop
      vertex -3.628905e+001  3.218342e+000 -7.500000e+000
      vertex -3.700000e+001 -4.000000e+000  2.390000e+001
      vertex -3.628905e+001  3.218342e+000  2.390000e+001
    endloop
  endfacet
  facet normal -9.569404e-001  2.902844e-001  0.000000e+000
    outer loop
      vertex -3.628905e+001  3.218342e+000 -7.500000e+000
      vertex -3.628905e+001  3.218342e+000  2.390000e+001
      vertex -3.418354e+001  1.015929e+001 -7.500000e+000
    endloop
  endfacet
  facet normal -9.569404e-001  2.902844e-001  0.000000e+000
    outer loop
      vertex -3.418354e+001  1.015929e+001 -7.500000e+000
      vertex -3.628905e+001  3.218342e+000  2.390000e+001
      vertex -3.418354e+001  1.015929e+001  2.390000e+001
    endloop
  endfacet
  facet normal -8.819212e-001  4.713969e-001  0.000000e+000
    outer loop
      vertex -3.418354e+001  1.015929e+001 -7.500000e+000
      vertex -3.418354e+001  1.015929e+001  2.390000e+001
      vertex -3.076438e+001  1.655610e+001 -7.500000e+000
    endloop
  endfacet
  facet normal -8.819212e-001  4.713969e-001  0.000000e+000
    outer loop
      vertex -3.076438e+001  1.655610e+001 -7.500000e+000
      vertex -3.418354e+001  1.015929e+001  2.390000e+001
      vertex -3.076438e+001  1.655610e+001  2.390000e+001
    endloop
  endfacet
  facet normal -7.730104e-001  6.343933e-001  0.000000e+000
    outer loop
      vertex -3.076438e+001  1.655610e+001 -7.500000e+000
      vertex -3.076438e+001  1.655610e+001  2.390000e+001
      vertex -2.616295e+001  2.216295e+001 -7.500000e+000
    endloop
  endfacet
  facet normal -7.730104e-001  6.343933e-001  0.000000e+000
    outer loop
      vertex -2.616295e+001  2.216295e+001 -7.500000e+000
      vertex -3.076438e+001  1.655610e+001  2.390000e+001
      vertex -2.616295e+001  2.216295e+001  2.390000e+001
    endloop
  endfacet
  facet normal -6.343933e-001  7.730104e-001  0.000000e+000
    outer loop
      vertex -2.616295e+001  2.216295e+001 -7.500000e+000
      vertex -2.616295e+001  2.216295e+001  2.390000e+001
      vertex -2.055610e+001  2.676438e+001 -7.500000e+000
    endloop
  endfacet
  facet normal -6.343933e-001  7.730104e-001  0.000000e+000
    outer loop
      vertex -2.055610e+001  2.676438e+001 -7.500000e+000
      vertex -2.616295e+001  2.216295e+001  2.390000e+001
      vertex -2.055610e+001  2.676438e+001  2.390000e+001
    endloop
  endfacet
  facet normal -4.713967e-001  8.819213e-001  0.000000e+000
    outer loop
      vertex -2.055610e+001  2.676438e+001 -7.500000e+000
      vertex -2.055610e+001  2.676438e+001  2.390000e+001
      vertex -1.415929e+001  3.018354e+001 -7.500000e+000
    endloop
  endfacet
  facet normal -4.713967e-001  8.819213e-001  0.000000e+000
    outer loop
      vertex -1.415929e+001  3.018354e+001 -7.500000e+000
      vertex -2.055610e+001  2.676438e+001  2.390000e+001
      vertex -1.415929e+001  3.018354e+001  2.390000e+001
    endloop
  endfacet
  facet normal -2.902847e-001  9.569404e-001  0.000000e+000
    outer loop
      vertex -1.415929e+001  3.018354e+001 -7.500000e+000
      vertex -1.415929e+001  3.018354e+001  2.390000e+001
      vertex -7.218342e+000  3.228905e+001 -7.500000e+000
    endloop
  endfacet
  facet normal -2.902847e-001  9.569404e-001  0.000000e+000
    outer loop
      vertex -7.218342e+000  3.228905e+001 -7.500000e+000
      vertex -1.415929e+001  3.018354e+001  2.390000e+001
      vertex -7.218342e+000  3.228905e+001  2.390000e+001
    endloop
  endfacet
  facet normal -9.801721e-002  9.951847e-001  0.000000e+000
    outer loop
      vertex -7.218342e+000  3.228905e+001 -7.500000e+000
      vertex -7.218342e+000  3.228905e+001  2.390000e+001
      vertex  2.265522e-015  3.300000e+001 -7.500000e+000
    endloop
  endfacet
  facet normal -9.801721e-002  9.951847e-001  0.000000e+000
    outer loop
      vertex  2.265522e-015  3.300000e+001 -7.500000e+000
      vertex -7.218342e+000  3.228905e+001  2.390000e+001
      vertex  2.265522e-015  3.300000e+001  2.390000e+001
    endloop
  endfacet
  facet normal  9.801721e-002  9.951847e-001  0.000000e+000
    outer loop
      vertex  2.265522e-015  3.300000e+001 -7.500000e+000
      vertex  2.265522e-015  3.300000e+001  2.390000e+001
      vertex  7.218342e+000  3.228905e+001 -7.500000e+000
    endloop
  endfacet
  facet normal  9.801721e-002  9.951847e-001  -0.000000e+000
    outer loop
      vertex  7.218342e+000  3.228905e+001 -7.500000e+000
      vertex  2.265522e-015  3.300000e+001  2.390000e+001
      vertex  7.218342e+000  3.228905e+001  2.390000e+001
    endloop
  endfacet
  facet normal  2.902847e-001  9.569404e-001  0.000000e+000
    outer loop
      vertex  7.218342e+000  3.228905e+001 -7.500000e+000
      vertex  7.218342e+000  3.228905e+001  2.390000e+001
      vertex  1.415929e+001  3.018354e+001 -7.500000e+000
    endloop
  endfacet
  facet normal  2.902847e-001  9.569404e-001  -0.000000e+000
    outer loop
      vertex  1.415929e+001  3.018354e+001 -7.500000e+000
      vertex  7.218342e+000  3.228905e+001  2.390000e+001
      vertex  1.415929e+001  3.018354e+001  2.390000e+001
    endloop
  endfacet
  facet normal  4.713967e-001  8.819213e-001  0.000000e+000
    outer loop
      vertex  1.415929e+001  3.018354e+001 -7.500000e+000
      vertex  1.415929e+001  3.018354e+001  2.390000e+001
      vertex  2.055610e+001  2.676438e+001 -7.500000e+000
    endloop
  endfacet
  facet normal  4.713967e-001  8.819213e-001  -0.000000e+000
    outer loop
      vertex  2.055610e+001  2.676438e+001 -7.500000e+000
      vertex  1.415929e+001  3.018354e+001  2.390000e+001
      vertex  2.055610e+001  2.676438e+001  2.390000e+001
    endloop
  endfacet
  facet normal  6.343933e-001  7.730104e-001  0.000000e+000
    outer loop
      vertex  2.055610e+001  2.676438e+001 -7.500000e+000
      vertex  2.055610e+001  2.676438e+001  2.390000e+001
      vertex  2.616295e+001  2.216295e+001 -7.500000e+000
    endloop
  endfacet
  facet normal  6.343933e-001  7.730104e-001  -0.000000e+000
    outer loop
      vertex  2.616295e+001  2.216295e+001 -7.500000e+000
      vertex  2.055610e+001  2.676438e+001  2.390000e+001
      vertex  2.616295e+001  2.216295e+001  2.390000e+001
    endloop
  endfacet
  facet normal  7.730104e-001  6.343933e-001  0.000000e+000
    outer loop
      vertex  2.616295e+001  2.216295e+001 -7.500000e+000
      vertex  2.616295e+001  2.216295e+001  2.390000e+001
      vertex  3.076438e+001  1.655610e+001 -7.500000e+000
    endloop
  endfacet
  facet normal  7.730104e-001  6.343933e-001  -0.000000e+000
    outer loop
      vertex  3.076438e+001  1.655610e+001 -7.500000e+000
      vertex  2.616295e+001  2.216295e+001  2.390000e+001
      vertex  3.076438e+001  1.655610e+001  2.390000e+001
    endloop
  endfacet
  facet normal  8.819212e-001  4.713969e-001  0.000000e+000
    outer loop
      vertex  3.076438e+001  1.655610e+001 -7.500000e+000
      vertex  3.076438e+001  1.655610e+001  2.390000e+001
      vertex  3.418354e+001  1.015929e+001 -7.500000e+000
    endloop
  endfacet
  facet normal  8.819212e-001  4.713969e-001  -0.000000e+000
    outer loop
      vertex  3.418354e+001  1.015929e+001 -7.500000e+000
      vertex  3.076438e+001  1.655610e+001  2.390000e+001
      vertex  3.418354e+001  1.015929e+001  2.390000e+001
    endloop
  endfacet
  facet normal  9.569404e-001  2.902844e-001  0.000000e+000
    outer loop
      vertex  3.418354e+001  1.015929e+001 -7.500000e+000
      vertex  3.418354e+001  1.015929e+001  2.390000e+001
      vertex  3.628905e+001  3.218342e+000 -7.500000e+000
    endloop
  endfacet
  facet normal  9.569404e-001  2.902844e-001  -0.000000e+000
    outer loop
      vertex  3.628905e+001  3.218342e+000 -7.500000e+000
      vertex  3.418354e+001  1.015929e+001  2.390000e+001
      vertex  3.628905e+001  3.218342e+000  2.390000e+001
    endloop
  endfacet
  facet normal  9.951847e-001  9.801721e-002  0.000000e+000
    outer loop
      vertex  3.628905e+001  3.218342e+000 -7.500000e+000
      vertex  3.628905e+001  3.218342e+000  2.390000e+001
      vertex  3.700000e+001 -4.000000e+000 -7.500000e+000
    endloop
  endfacet
  facet normal  9.951847e-001  9.801721e-002  -0.000000e+000
    outer loop
      vertex  3.700000e+001 -4.000000e+000 -7.500000e+000
      vertex  3.628905e+001  3.218342e+000  2.390000e+001
      vertex  3.700000e+001 -4.000000e+000  2.390000e+001
    endloop
  endfacet
  facet normal  0.000000e+000  0.000000e+000  9.999999e-001
    outer loop
      vertex  3.501704e+000  2.931648e+001  5.750000e+001
      vertex  2.265522e-015  3.300000e+001  5.750000e+001
      vertex -3.501704e+000  2.931648e+001  5.750000e+001
    endloop
  endfacet
  facet normal  0.000000e+000  -0.000000e+000  1.000000e+000
    outer loop
      vertex -1.415929e+001 -3.818354e+001  5.750000e+001
      vertex -7.218342e+000 -4.028905e+001  5.750000e+001
      vertex -3.501704e+000 -3.731648e+001  5.750000e+001
    endloop
  endfacet
  facet normal  0.000000e+000  0.000000e+000  1.000000e+000
    outer loop
      vertex -1.415929e+001 -3.818354e+001  5.750000e+001
      vertex -3.501704e+000 -3.731648e+001  5.750000e+001
      vertex -1.035207e+001 -3.586039e+001  5.750000e+001
    endloop
  endfacet
  facet normal  0.000000e+000  0.000000e+000  9.999999e-001
    outer loop
      vertex -1.415929e+001 -3.818354e+001  5.750000e+001
      vertex -1.035207e+001 -3.586039e+001  5.750000e+001
      vertex -2.055610e+001 -3.476437e+001  5.750000e+001
    endloop
  endfacet
  facet normal  0.000000e+000  0.000000e+000  1.000000e+000
    outer loop
      vertex  7.218342e+000 -4.028905e+001  5.750000e+001
      vertex  1.415929e+001 -3.818354e+001  5.750000e+001
      vertex -3.965917e-014 -4.100000e+001  5.750000e+001
    endloop
  endfacet
  facet normal  0.000000e+000  0.000000e+000  1.000000e+000
    outer loop
      vertex -3.965917e-014 -4.100000e+001  5.750000e+001
      vertex  1.415929e+001 -3.818354e+001  5.750000e+001
      vertex  3.501704e+000 -3.731648e+001  5.750000e+001
    endloop
  endfacet
  facet normal  0.000000e+000  0.000000e+000  1.000000e+000
    outer loop
      vertex -3.965917e-014 -4.100000e+001  5.750000e+001
      vertex  3.501704e+000 -3.731648e+001  5.750000e+001
      vertex -7.218342e+000 -4.028905e+001  5.750000e+001
    endloop
  endfacet
  facet normal  0.000000e+000  0.000000e+000  1.000000e+000
    outer loop
      vertex -7.218342e+000 -4.028905e+001  5.750000e+001
      vertex  3.501704e+000 -3.731648e+001  5.750000e+001
      vertex -3.501704e+000 -3.731648e+001  5.750000e+001
    endloop
  endfacet
  facet normal  -0.000000e+000  0.000000e+000  1.000000e+000
    outer loop
      vertex  2.265522e-015  3.300000e+001  5.750000e+001
      vertex -7.218342e+000  3.228905e+001  5.750000e+001
      vertex -3.501704e+000  2.931648e+001  5.750000e+001
    endloop
  endfacet
  facet normal  0.000000e+000  0.000000e+000  1.000000e+000
    outer loop
      vertex -3.501704e+000  2.931648e+001  5.750000e+001
      vertex -7.218342e+000  3.228905e+001  5.750000e+001
      vertex -1.415929e+001  3.018354e+001  5.750000e+001
    endloop
  endfacet
  facet normal  0.000000e+000  0.000000e+000  1.000000e+000
    outer loop
      vertex -3.501704e+000  2.931648e+001  5.750000e+001
      vertex -1.415929e+001  3.018354e+001  5.750000e+001
      vertex -1.035207e+001  2.786039e+001  5.750000e+001
    endloop
  endfacet
  facet normal  0.000000e+000  0.000000e+000  1.000000e+000
    outer loop
      vertex -1.035207e+001  2.786039e+001  5.750000e+001
      vertex -1.415929e+001  3.018354e+001  5.750000e+001
      vertex -2.055610e+001  2.676438e+001  5.750000e+001
    endloop
  endfacet
  facet normal  -0.000000e+000  0.000000e+000  1.000000e+000
    outer loop
      vertex -1.035207e+001  2.786039e+001  5.750000e+001
      vertex -2.055610e+001  2.676438e+001  5.750000e+001
      vertex -1.675000e+001  2.501185e+001  5.750000e+001
    endloop
  endfacet
  facet normal  0.000000e+000  0.000000e+000  1.000000e+000
    outer loop
      vertex -1.675000e+001  2.501185e+001  5.750000e+001
      vertex -2.055610e+001  2.676438e+001  5.750000e+001
      vertex -2.616295e+001  2.216295e+001  5.750000e+001
    endloop
  endfacet
  facet normal  -0.000000e+000  0.000000e+000  1.000000e+000
    outer loop
      vertex -1.675000e+001  2.501185e+001  5.750000e+001
      vertex -2.616295e+001  2.216295e+001  5.750000e+001
      vertex -2.241587e+001  2.089535e+001  5.750000e+001
    endloop
  endfacet
  facet normal  0.000000e+000  0.000000e+000  1.000000e+000
    outer loop
      vertex  7.218342e+000  3.228905e+001  5.750000e+001
      vertex  2.265522e-015  3.300000e+001  5.750000e+001
      vertex  1.415929e+001  3.018354e+001  5.750000e+001
    endloop
  endfacet
  facet normal  0.000000e+000  0.000000e+000  9.999999e-001
    outer loop
      vertex  1.415929e+001  3.018354e+001  5.750000e+001
      vertex  2.265522e-015  3.300000e+001  5.750000e+001
      vertex  3.501704e+000  2.931648e+001  5.750000e+001
    endloop
  endfacet
  facet normal  -0.000000e+000  0.000000e+000  1.000000e+000
    outer loop
      vertex  1.415929e+001  3.018354e+001  5.750000e+001
      vertex  3.501704e+000  2.931648e+001  5.750000e+001
      vertex  2.055610e+001  2.676438e+001  5.750000e+001
    endloop
  endfacet
  facet normal  0.000000e+000  0.000000e+000  1.000000e+000
    outer loop
      vertex  2.055610e+001  2.676438e+001  5.750000e+001
      vertex  3.501704e+000  2.931648e+001  5.750000e+001
      vertex  1.035207e+001  2.786039e+001  5.750000e+001
    endloop
  endfacet
  facet normal  0.000000e+000  0.000000e+000  1.000000e+000
    outer loop
      vertex  2.055610e+001  2.676438e+001  5.750000e+001
      vertex  1.035207e+001  2.786039e+001  5.750000e+001
      vertex  2.616295e+001  2.216295e+001  5.750000e+001
    endloop
  endfacet
  facet normal  0.000000e+000  0.000000e+000  1.000000e+000
    outer loop
      vertex  2.616295e+001  2.216295e+001  5.750000e+001
      vertex  1.035207e+001  2.786039e+001  5.750000e+001
      vertex  1.675000e+001  2.501185e+001  5.750000e+001
    endloop
  endfacet
  facet normal  0.000000e+000  0.000000e+000  1.000000e+000
    outer loop
      vertex  2.616295e+001  2.216295e+001  5.750000e+001
      vertex  1.675000e+001  2.501185e+001  5.750000e+001
      vertex  2.241587e+001  2.089535e+001  5.750000e+001
    endloop
  endfacet
  facet normal  0.000000e+000  0.000000e+000  1.000000e+000
    outer loop
      vertex -2.241587e+001  2.089535e+001  5.750000e+001
      vertex -2.616295e+001  2.216295e+001  5.750000e+001
      vertex -2.710207e+001  1.569081e+001  5.750000e+001
    endloop
  endfacet
  facet normal  0.000000e+000  -0.000000e+000  1.000000e+000
    outer loop
      vertex -2.710207e+001  1.569081e+001  5.750000e+001
      vertex -2.616295e+001  2.216295e+001  5.750000e+001
      vertex -3.076438e+001  1.655610e+001  5.750000e+001
    endloop
  endfacet
  facet normal  0.000000e+000  0.000000e+000  1.000000e+000
    outer loop
      vertex -2.710207e+001  1.569081e+001  5.750000e+001
      vertex -3.076438e+001  1.655610e+001  5.750000e+001
      vertex -3.060377e+001  9.625677e+000  5.750000e+001
    endloop
  endfacet
  facet normal  0.000000e+000  0.000000e+000  1.000000e+000
    outer loop
      vertex -3.060377e+001  9.625677e+000  5.750000e+001
      vertex -3.076438e+001  1.655610e+001  5.750000e+001
      vertex -3.418354e+001  1.015929e+001  5.750000e+001
    endloop
  endfacet
  facet normal  0.000000e+000  0.000000e+000  1.000000e+000
    outer loop
      vertex -3.060377e+001  9.625677e+000  5.750000e+001
      vertex -3.418354e+001  1.015929e+001  5.750000e+001
      vertex -3.276794e+001  2.965042e+000  5.750000e+001
    endloop
  endfacet
  facet normal  0.000000e+000  0.000000e+000  1.000000e+000
    outer loop
      vertex -3.276794e+001  2.965042e+000  5.750000e+001
      vertex -3.418354e+001  1.015929e+001  5.750000e+001
      vertex -3.628905e+001  3.218342e+000  5.750000e+001
    endloop
  endfacet
  facet normal  0.000000e+000  0.000000e+000  1.000000e+000
    outer loop
      vertex -3.276794e+001  2.965042e+000  5.750000e+001
      vertex -3.628905e+001  3.218342e+000  5.750000e+001
      vertex -3.350000e+001 -4.000000e+000  5.750000e+001
    endloop
  endfacet
  facet normal  0.000000e+000  0.000000e+000  9.999999e-001
    outer loop
      vertex -3.350000e+001 -4.000000e+000  5.750000e+001
      vertex -3.628905e+001  3.218342e+000  5.750000e+001
      vertex -3.700000e+001 -4.000000e+000  5.750000e+001
    endloop
  endfacet
  facet normal  -0.000000e+000  0.000000e+000  1.000000e+000
    outer loop
      vertex -3.350000e+001 -4.000000e+000  5.750000e+001
      vertex -3.700000e+001 -4.000000e+000  5.750000e+001
      vertex -3.276794e+001 -1.096504e+001  5.750000e+001
    endloop
  endfacet
  facet normal  0.000000e+000  0.000000e+000  1.000000e+000
    outer loop
      vertex -3.276794e+001 -1.096504e+001  5.750000e+001
      vertex -3.700000e+001 -4.000000e+000  5.750000e+001
      vertex -3.628905e+001 -1.121834e+001  5.750000e+001
    endloop
  endfacet
  facet normal  -0.000000e+000  0.000000e+000  1.000000e+000
    outer loop
      vertex -3.276794e+001 -1.096504e+001  5.750000e+001
      vertex -3.628905e+001 -1.121834e+001  5.750000e+001
      vertex -3.060377e+001 -1.762568e+001  5.750000e+001
    endloop
  endfacet
  facet normal  0.000000e+000  0.000000e+000  1.000000e+000
    outer loop
      vertex -3.060377e+001 -1.762568e+001  5.750000e+001
      vertex -3.628905e+001 -1.121834e+001  5.750000e+001
      vertex -3.418354e+001 -1.815929e+001  5.750000e+001
    endloop
  endfacet
  facet normal  -0.000000e+000  0.000000e+000  1.000000e+000
    outer loop
      vertex -3.060377e+001 -1.762568e+001  5.750000e+001
      vertex -3.418354e+001 -1.815929e+001  5.750000e+001
      vertex -2.710207e+001 -2.369081e+001  5.750000e+001
    endloop
  endfacet
  facet normal  0.000000e+000  0.000000e+000  1.000000e+000
    outer loop
      vertex -2.710207e+001 -2.369081e+001  5.750000e+001
      vertex -3.418354e+001 -1.815929e+001  5.750000e+001
      vertex -3.076438e+001 -2.455610e+001  5.750000e+001
    endloop
  endfacet
  facet normal  -0.000000e+000  0.000000e+000  1.000000e+000
    outer loop
      vertex -2.710207e+001 -2.369081e+001  5.750000e+001
      vertex -3.076438e+001 -2.455610e+001  5.750000e+001
      vertex -2.241587e+001 -2.889535e+001  5.750000e+001
    endloop
  endfacet
  facet normal  0.000000e+000  0.000000e+000  1.000000e+000
    outer loop
      vertex -2.241587e+001 -2.889535e+001  5.750000e+001
      vertex -3.076438e+001 -2.455610e+001  5.750000e+001
      vertex -2.616295e+001 -3.016295e+001  5.750000e+001
    endloop
  endfacet
  facet normal  -0.000000e+000  0.000000e+000  1.000000e+000
    outer loop
      vertex -2.241587e+001 -2.889535e+001  5.750000e+001
      vertex -2.616295e+001 -3.016295e+001  5.750000e+001
      vertex -1.675000e+001 -3.301185e+001  5.750000e+001
    endloop
  endfacet
  facet normal  0.000000e+000  0.000000e+000  9.999999e-001
    outer loop
      vertex -1.675000e+001 -3.301185e+001  5.750000e+001
      vertex -2.616295e+001 -3.016295e+001  5.750000e+001
      vertex -2.055610e+001 -3.476437e+001  5.750000e+001
    endloop
  endfacet
  facet normal  -0.000000e+000  0.000000e+000  1.000000e+000
    outer loop
      vertex -1.675000e+001 -3.301185e+001  5.750000e+001
      vertex -2.055610e+001 -3.476437e+001  5.750000e+001
      vertex -1.035207e+001 -3.586039e+001  5.750000e+001
    endloop
  endfacet
  facet normal  -0.000000e+000  0.000000e+000  1.000000e+000
    outer loop
      vertex  2.616295e+001  2.216295e+001  5.750000e+001
      vertex  2.241587e+001  2.089535e+001  5.750000e+001
      vertex  3.076438e+001  1.655610e+001  5.750000e+001
    endloop
  endfacet
  facet normal  0.000000e+000  0.000000e+000  1.000000e+000
    outer loop
      vertex  3.076438e+001  1.655610e+001  5.750000e+001
      vertex  2.241587e+001  2.089535e+001  5.750000e+001
      vertex  2.710207e+001  1.569081e+001  5.750000e+001
    endloop
  endfacet
  facet normal  -0.000000e+000  0.000000e+000  1.000000e+000
    outer loop
      vertex  3.076438e+001  1.655610e+001  5.750000e+001
      vertex  2.710207e+001  1.569081e+001  5.750000e+001
      vertex  3.418354e+001  1.015929e+001  5.750000e+001
    endloop
  endfacet
  facet normal  0.000000e+000  0.000000e+000  9.999999e-001
    outer loop
      vertex  3.418354e+001  1.015929e+001  5.750000e+001
      vertex  2.710207e+001  1.569081e+001  5.750000e+001
      vertex  3.060377e+001  9.625677e+000  5.750000e+001
    endloop
  endfacet
  facet normal  -0.000000e+000  0.000000e+000  1.000000e+000
    outer loop
      vertex  3.418354e+001  1.015929e+001  5.750000e+001
      vertex  3.060377e+001  9.625677e+000  5.750000e+001
      vertex  3.628905e+001  3.218342e+000  5.750000e+001
    endloop
  endfacet
  facet normal  0.000000e+000  0.000000e+000  1.000000e+000
    outer loop
      vertex  3.628905e+001  3.218342e+000  5.750000e+001
      vertex  3.060377e+001  9.625677e+000  5.750000e+001
      vertex  3.276794e+001  2.965042e+000  5.750000e+001
    endloop
  endfacet
  facet normal  -0.000000e+000  0.000000e+000  1.000000e+000
    outer loop
      vertex  3.628905e+001  3.218342e+000  5.750000e+001
      vertex  3.276794e+001  2.965042e+000  5.750000e+001
      vertex  3.700000e+001 -4.000000e+000  5.750000e+001
    endloop
  endfacet
  facet normal  0.000000e+000  0.000000e+000  1.000000e+000
    outer loop
      vertex  3.700000e+001 -4.000000e+000  5.750000e+001
      vertex  3.276794e+001  2.965042e+000  5.750000e+001
      vertex  3.350000e+001 -4.000000e+000  5.750000e+001
    endloop
  endfacet
  facet normal  -0.000000e+000  0.000000e+000  9.999999e-001
    outer loop
      vertex  3.700000e+001 -4.000000e+000  5.750000e+001
      vertex  3.350000e+001 -4.000000e+000  5.750000e+001
      vertex  3.628905e+001 -1.121834e+001  5.750000e+001
    endloop
  endfacet
  facet normal  0.000000e+000  0.000000e+000  1.000000e+000
    outer loop
      vertex  3.628905e+001 -1.121834e+001  5.750000e+001
      vertex  3.350000e+001 -4.000000e+000  5.750000e+001
      vertex  3.276794e+001 -1.096504e+001  5.750000e+001
    endloop
  endfacet
  facet normal  0.000000e+000  0.000000e+000  1.000000e+000
    outer loop
      vertex  3.628905e+001 -1.121834e+001  5.750000e+001
      vertex  3.276794e+001 -1.096504e+001  5.750000e+001
      vertex  3.418354e+001 -1.815929e+001  5.750000e+001
    endloop
  endfacet
  facet normal  0.000000e+000  0.000000e+000  1.000000e+000
    outer loop
      vertex  3.418354e+001 -1.815929e+001  5.750000e+001
      vertex  3.276794e+001 -1.096504e+001  5.750000e+001
      vertex  3.060377e+001 -1.762568e+001  5.750000e+001
    endloop
  endfacet
  facet normal  0.000000e+000  0.000000e+000  1.000000e+000
    outer loop
      vertex  3.418354e+001 -1.815929e+001  5.750000e+001
      vertex  3.060377e+001 -1.762568e+001  5.750000e+001
      vertex  3.076438e+001 -2.455610e+001  5.750000e+001
    endloop
  endfacet
  facet normal  0.000000e+000  0.000000e+000  1.000000e+000
    outer loop
      vertex  3.076438e+001 -2.455610e+001  5.750000e+001
      vertex  3.060377e+001 -1.762568e+001  5.750000e+001
      vertex  2.710207e+001 -2.369081e+001  5.750000e+001
    endloop
  endfacet
  facet normal  0.000000e+000  0.000000e+000  1.000000e+000
    outer loop
      vertex  3.076438e+001 -2.455610e+001  5.750000e+001
      vertex  2.710207e+001 -2.369081e+001  5.750000e+001
      vertex  2.616295e+001 -3.016295e+001  5.750000e+001
    endloop
  endfacet
  facet normal  0.000000e+000  -0.000000e+000  1.000000e+000
    outer loop
      vertex  2.616295e+001 -3.016295e+001  5.750000e+001
      vertex  2.710207e+001 -2.369081e+001  5.750000e+001
      vertex  2.241587e+001 -2.889535e+001  5.750000e+001
    endloop
  endfacet
  facet normal  0.000000e+000  0.000000e+000  9.999999e-001
    outer loop
      vertex  2.616295e+001 -3.016295e+001  5.750000e+001
      vertex  2.241587e+001 -2.889535e+001  5.750000e+001
      vertex  2.055610e+001 -3.476437e+001  5.750000e+001
    endloop
  endfacet
  facet normal  0.000000e+000  -0.000000e+000  1.000000e+000
    outer loop
      vertex  2.055610e+001 -3.476437e+001  5.750000e+001
      vertex  2.241587e+001 -2.889535e+001  5.750000e+001
      vertex  1.675000e+001 -3.301185e+001  5.750000e+001
    endloop
  endfacet
  facet normal  0.000000e+000  0.000000e+000  1.000000e+000
    outer loop
      vertex  2.055610e+001 -3.476437e+001  5.750000e+001
      vertex  1.675000e+001 -3.301185e+001  5.750000e+001
      vertex  1.035207e+001 -3.586039e+001  5.750000e+001
    endloop
  endfacet
  facet normal  0.000000e+000  0.000000e+000  1.000000e+000
    outer loop
      vertex  1.035207e+001 -3.586039e+001  5.750000e+001
      vertex  3.501704e+000 -3.731648e+001  5.750000e+001
      vertex  2.055610e+001 -3.476437e+001  5.750000e+001
    endloop
  endfacet
  facet normal  0.000000e+000  0.000000e+000  1.000000e+000
    outer loop
      vertex  2.055610e+001 -3.476437e+001  5.750000e+001
      vertex  3.501704e+000 -3.731648e+001  5.750000e+001
      vertex  1.415929e+001 -3.818354e+001  5.750000e+001
    endloop
  endfacet
  facet normal  0.000000e+000  -0.000000e+000 -9.999999e-001
    outer loop
      vertex -3.501704e+000  2.931648e+001 -7.500000e+000
      vertex  2.265522e-015  3.300000e+001 -7.500000e+000
      vertex  3.501704e+000  2.931648e+001 -7.500000e+000
    endloop
  endfacet
  facet normal  0.000000e+000  0.000000e+000 -9.999999e-001
    outer loop
      vertex -1.415929e+001 -3.818354e+001 -7.500000e+000
      vertex -2.055610e+001 -3.476437e+001 -7.500000e+000
      vertex -1.035207e+001 -3.586039e+001 -7.500000e+000
    endloop
  endfacet
  facet normal  0.000000e+000  -0.000000e+000 -1.000000e+000
    outer loop
      vertex -1.415929e+001 -3.818354e+001 -7.500000e+000
      vertex -1.035207e+001 -3.586039e+001 -7.500000e+000
      vertex -3.501704e+000 -3.731648e+001 -7.500000e+000
    endloop
  endfacet
  facet normal  0.000000e+000  0.000000e+000 -1.000000e+000
    outer loop
      vertex -1.415929e+001 -3.818354e+001 -7.500000e+000
      vertex -3.501704e+000 -3.731648e+001 -7.500000e+000
      vertex -7.218342e+000 -4.028905e+001 -7.500000e+000
    endloop
  endfacet
  facet normal  0.000000e+000  0.000000e+000 -1.000000e+000
    outer loop
      vertex  7.218342e+000 -4.028905e+001 -7.500000e+000
      vertex -3.965917e-014 -4.100000e+001 -7.500000e+000
      vertex  1.415929e+001 -3.818354e+001 -7.500000e+000
    endloop
  endfacet
  facet normal  -0.000000e+000  0.000000e+000 -1.000000e+000
    outer loop
      vertex  1.415929e+001 -3.818354e+001 -7.500000e+000
      vertex -3.965917e-014 -4.100000e+001 -7.500000e+000
      vertex  3.501704e+000 -3.731648e+001 -7.500000e+000
    endloop
  endfacet
  facet normal  0.000000e+000  0.000000e+000 -1.000000e+000
    outer loop
      vertex -3.965917e-014 -4.100000e+001 -7.500000e+000
      vertex -7.218342e+000 -4.028905e+001 -7.500000e+000
      vertex  3.501704e+000 -3.731648e+001 -7.500000e+000
    endloop
  endfacet
  facet normal  -0.000000e+000  0.000000e+000 -1.000000e+000
    outer loop
      vertex  3.501704e+000 -3.731648e+001 -7.500000e+000
      vertex -7.218342e+000 -4.028905e+001 -7.500000e+000
      vertex -3.501704e+000 -3.731648e+001 -7.500000e+000
    endloop
  endfacet
  facet normal  0.000000e+000  0.000000e+000 -1.000000e+000
    outer loop
      vertex -2.241587e+001  2.089535e+001 -7.500000e+000
      vertex -2.616295e+001  2.216295e+001 -7.500000e+000
      vertex -1.675000e+001  2.501185e+001 -7.500000e+000
    endloop
  endfacet
  facet normal  -0.000000e+000  0.000000e+000 -1.000000e+000
    outer loop
      vertex -1.675000e+001  2.501185e+001 -7.500000e+000
      vertex -2.616295e+001  2.216295e+001 -7.500000e+000
      vertex -2.055610e+001  2.676438e+001 -7.500000e+000
    endloop
  endfacet
  facet normal  0.000000e+000  0.000000e+000 -1.000000e+000
    outer loop
      vertex -1.675000e+001  2.501185e+001 -7.500000e+000
      vertex -2.055610e+001  2.676438e+001 -7.500000e+000
      vertex -1.035207e+001  2.786039e+001 -7.500000e+000
    endloop
  endfacet
  facet normal  -0.000000e+000  0.000000e+000 -1.000000e+000
    outer loop
      vertex -1.035207e+001  2.786039e+001 -7.500000e+000
      vertex -2.055610e+001  2.676438e+001 -7.500000e+000
      vertex -1.415929e+001  3.018354e+001 -7.500000e+000
    endloop
  endfacet
  facet normal  0.000000e+000  0.000000e+000 -1.000000e+000
    outer loop
      vertex -1.035207e+001  2.786039e+001 -7.500000e+000
      vertex -1.415929e+001  3.018354e+001 -7.500000e+000
      vertex -3.501704e+000  2.931648e+001 -7.500000e+000
    endloop
  endfacet
  facet normal  0.000000e+000  0.000000e+000 -1.000000e+000
    outer loop
      vertex -3.501704e+000  2.931648e+001 -7.500000e+000
      vertex -1.415929e+001  3.018354e+001 -7.500000e+000
      vertex -7.218342e+000  3.228905e+001 -7.500000e+000
    endloop
  endfacet
  facet normal  0.000000e+000  0.000000e+000 -1.000000e+000
    outer loop
      vertex -3.501704e+000  2.931648e+001 -7.500000e+000
      vertex -7.218342e+000  3.228905e+001 -7.500000e+000
      vertex  2.265522e-015  3.300000e+001 -7.500000e+000
    endloop
  endfacet
  facet normal  0.000000e+000  0.000000e+000 -1.000000e+000
    outer loop
      vertex  2.241587e+001  2.089535e+001 -7.500000e+000
      vertex  1.675000e+001  2.501185e+001 -7.500000e+000
      vertex  2.616295e+001  2.216295e+001 -7.500000e+000
    endloop
  endfacet
  facet normal  0.000000e+000  0.000000e+000 -1.000000e+000
    outer loop
      vertex  2.616295e+001  2.216295e+001 -7.500000e+000
      vertex  1.675000e+001  2.501185e+001 -7.500000e+000
      vertex  1.035207e+001  2.786039e+001 -7.500000e+000
    endloop
  endfacet
  facet normal  0.000000e+000  0.000000e+000 -1.000000e+000
    outer loop
      vertex  2.616295e+001  2.216295e+001 -7.500000e+000
      vertex  1.035207e+001  2.786039e+001 -7.500000e+000
      vertex  2.055610e+001  2.676438e+001 -7.500000e+000
    endloop
  endfacet
  facet normal  0.000000e+000  0.000000e+000 -1.000000e+000
    outer loop
      vertex  2.055610e+001  2.676438e+001 -7.500000e+000
      vertex  1.035207e+001  2.786039e+001 -7.500000e+000
      vertex  3.501704e+000  2.931648e+001 -7.500000e+000
    endloop
  endfacet
  facet normal  0.000000e+000  0.000000e+000 -1.000000e+000
    outer loop
      vertex  2.055610e+001  2.676438e+001 -7.500000e+000
      vertex  3.501704e+000  2.931648e+001 -7.500000e+000
      vertex  1.415929e+001  3.018354e+001 -7.500000e+000
    endloop
  endfacet
  facet normal  -0.000000e+000  0.000000e+000 -9.999999e-001
    outer loop
      vertex  1.415929e+001  3.018354e+001 -7.500000e+000
      vertex  3.501704e+000  2.931648e+001 -7.500000e+000
      vertex  2.265522e-015  3.300000e+001 -7.500000e+000
    endloop
  endfacet
  facet normal  0.000000e+000  0.000000e+000 -1.000000e+000
    outer loop
      vertex  1.415929e+001  3.018354e+001 -7.500000e+000
      vertex  2.265522e-015  3.300000e+001 -7.500000e+000
      vertex  7.218342e+000  3.228905e+001 -7.500000e+000
    endloop
  endfacet
  facet normal  0.000000e+000  0.000000e+000 -1.000000e+000
    outer loop
      vertex -1.035207e+001 -3.586039e+001 -7.500000e+000
      vertex -2.055610e+001 -3.476437e+001 -7.500000e+000
      vertex -1.675000e+001 -3.301185e+001 -7.500000e+000
    endloop
  endfacet
  facet normal  -0.000000e+000  0.000000e+000 -9.999999e-001
    outer loop
      vertex -1.675000e+001 -3.301185e+001 -7.500000e+000
      vertex -2.055610e+001 -3.476437e+001 -7.500000e+000
      vertex -2.616295e+001 -3.016295e+001 -7.500000e+000
    endloop
  endfacet
  facet normal  0.000000e+000  0.000000e+000 -1.000000e+000
    outer loop
      vertex -1.675000e+001 -3.301185e+001 -7.500000e+000
      vertex -2.616295e+001 -3.016295e+001 -7.500000e+000
      vertex -2.241587e+001 -2.889535e+001 -7.500000e+000
    endloop
  endfacet
  facet normal  -0.000000e+000  0.000000e+000 -1.000000e+000
    outer loop
      vertex -2.241587e+001 -2.889535e+001 -7.500000e+000
      vertex -2.616295e+001 -3.016295e+001 -7.500000e+000
      vertex -3.076438e+001 -2.455610e+001 -7.500000e+000
    endloop
  endfacet
  facet normal  0.000000e+000  0.000000e+000 -1.000000e+000
    outer loop
      vertex -2.241587e+001 -2.889535e+001 -7.500000e+000
      vertex -3.076438e+001 -2.455610e+001 -7.500000e+000
      vertex -2.710207e+001 -2.369081e+001 -7.500000e+000
    endloop
  endfacet
  facet normal  -0.000000e+000  0.000000e+000 -1.000000e+000
    outer loop
      vertex -2.710207e+001 -2.369081e+001 -7.500000e+000
      vertex -3.076438e+001 -2.455610e+001 -7.500000e+000
      vertex -3.418354e+001 -1.815929e+001 -7.500000e+000
    endloop
  endfacet
  facet normal  0.000000e+000  0.000000e+000 -1.000000e+000
    outer loop
      vertex -2.710207e+001 -2.369081e+001 -7.500000e+000
      vertex -3.418354e+001 -1.815929e+001 -7.500000e+000
      vertex -3.060377e+001 -1.762568e+001 -7.500000e+000
    endloop
  endfacet
  facet normal  -0.000000e+000  0.000000e+000 -1.000000e+000
    outer loop
      vertex -3.060377e+001 -1.762568e+001 -7.500000e+000
      vertex -3.418354e+001 -1.815929e+001 -7.500000e+000
      vertex -3.628905e+001 -1.121834e+001 -7.500000e+000
    endloop
  endfacet
  facet normal  0.000000e+000  0.000000e+000 -1.000000e+000
    outer loop
      vertex -3.060377e+001 -1.762568e+001 -7.500000e+000
      vertex -3.628905e+001 -1.121834e+001 -7.500000e+000
      vertex -3.276794e+001 -1.096504e+001 -7.500000e+000
    endloop
  endfacet
  facet normal  -0.000000e+000  0.000000e+000 -1.000000e+000
    outer loop
      vertex -3.276794e+001 -1.096504e+001 -7.500000e+000
      vertex -3.628905e+001 -1.121834e+001 -7.500000e+000
      vertex -3.700000e+001 -4.000000e+000 -7.500000e+000
    endloop
  endfacet
  facet normal  0.000000e+000  0.000000e+000 -1.000000e+000
    outer loop
      vertex -3.276794e+001 -1.096504e+001 -7.500000e+000
      vertex -3.700000e+001 -4.000000e+000 -7.500000e+000
      vertex -3.350000e+001 -4.000000e+000 -7.500000e+000
    endloop
  endfacet
  facet normal  0.000000e+000  0.000000e+000 -9.999999e-001
    outer loop
      vertex -3.350000e+001 -4.000000e+000 -7.500000e+000
      vertex -3.700000e+001 -4.000000e+000 -7.500000e+000
      vertex -3.628905e+001  3.218342e+000 -7.500000e+000
    endloop
  endfacet
  facet normal  0.000000e+000  0.000000e+000 -1.000000e+000
    outer loop
      vertex -3.350000e+001 -4.000000e+000 -7.500000e+000
      vertex -3.628905e+001  3.218342e+000 -7.500000e+000
      vertex -3.276794e+001  2.965042e+000 -7.500000e+000
    endloop
  endfacet
  facet normal  0.000000e+000  0.000000e+000 -1.000000e+000
    outer loop
      vertex -3.276794e+001  2.965042e+000 -7.500000e+000
      vertex -3.628905e+001  3.218342e+000 -7.500000e+000
      vertex -3.418354e+001  1.015929e+001 -7.500000e+000
    endloop
  endfacet
  facet normal  0.000000e+000  0.000000e+000 -1.000000e+000
    outer loop
      vertex -3.276794e+001  2.965042e+000 -7.500000e+000
      vertex -3.418354e+001  1.015929e+001 -7.500000e+000
      vertex -3.060377e+001  9.625677e+000 -7.500000e+000
    endloop
  endfacet
  facet normal  0.000000e+000  0.000000e+000 -1.000000e+000
    outer loop
      vertex -3.060377e+001  9.625677e+000 -7.500000e+000
      vertex -3.418354e+001  1.015929e+001 -7.500000e+000
      vertex -3.076438e+001  1.655610e+001 -7.500000e+000
    endloop
  endfacet
  facet normal  0.000000e+000  0.000000e+000 -1.000000e+000
    outer loop
      vertex -3.060377e+001  9.625677e+000 -7.500000e+000
      vertex -3.076438e+001  1.655610e+001 -7.500000e+000
      vertex -2.710207e+001  1.569081e+001 -7.500000e+000
    endloop
  endfacet
  facet normal  0.000000e+000  0.000000e+000 -1.000000e+000
    outer loop
      vertex -2.710207e+001  1.569081e+001 -7.500000e+000
      vertex -3.076438e+001  1.655610e+001 -7.500000e+000
      vertex -2.616295e+001  2.216295e+001 -7.500000e+000
    endloop
  endfacet
  facet normal  0.000000e+000  -0.000000e+000 -1.000000e+000
    outer loop
      vertex -2.710207e+001  1.569081e+001 -7.500000e+000
      vertex -2.616295e+001  2.216295e+001 -7.500000e+000
      vertex -2.241587e+001  2.089535e+001 -7.500000e+000
    endloop
  endfacet
  facet normal  0.000000e+000  -0.000000e+000 -1.000000e+000
    outer loop
      vertex  1.035207e+001 -3.586039e+001 -7.500000e+000
      vertex  1.675000e+001 -3.301185e+001 -7.500000e+000
      vertex  2.055610e+001 -3.476437e+001 -7.500000e+000
    endloop
  endfacet
  facet normal  0.000000e+000  0.000000e+000 -1.000000e+000
    outer loop
      vertex  2.055610e+001 -3.476437e+001 -7.500000e+000
      vertex  1.675000e+001 -3.301185e+001 -7.500000e+000
      vertex  2.241587e+001 -2.889535e+001 -7.500000e+000
    endloop
  endfacet
  facet normal  0.000000e+000  -0.000000e+000 -9.999999e-001
    outer loop
      vertex  2.055610e+001 -3.476437e+001 -7.500000e+000
      vertex  2.241587e+001 -2.889535e+001 -7.500000e+000
      vertex  2.616295e+001 -3.016295e+001 -7.500000e+000
    endloop
  endfacet
  facet normal  0.000000e+000  0.000000e+000 -1.000000e+000
    outer loop
      vertex  2.616295e+001 -3.016295e+001 -7.500000e+000
      vertex  2.241587e+001 -2.889535e+001 -7.500000e+000
      vertex  2.710207e+001 -2.369081e+001 -7.500000e+000
    endloop
  endfacet
  facet normal  0.000000e+000  -0.000000e+000 -1.000000e+000
    outer loop
      vertex  2.616295e+001 -3.016295e+001 -7.500000e+000
      vertex  2.710207e+001 -2.369081e+001 -7.500000e+000
      vertex  3.076438e+001 -2.455610e+001 -7.500000e+000
    endloop
  endfacet
  facet normal  0.000000e+000  0.000000e+000 -1.000000e+000
    outer loop
      vertex  3.076438e+001 -2.455610e+001 -7.500000e+000
      vertex  2.710207e+001 -2.369081e+001 -7.500000e+000
      vertex  3.060377e+001 -1.762568e+001 -7.500000e+000
    endloop
  endfacet
  facet normal  0.000000e+000  0.000000e+000 -1.000000e+000
    outer loop
      vertex  3.076438e+001 -2.455610e+001 -7.500000e+000
      vertex  3.060377e+001 -1.762568e+001 -7.500000e+000
      vertex  3.418354e+001 -1.815929e+001 -7.500000e+000
    endloop
  endfacet
  facet normal  0.000000e+000  0.000000e+000 -1.000000e+000
    outer loop
      vertex  3.418354e+001 -1.815929e+001 -7.500000e+000
      vertex  3.060377e+001 -1.762568e+001 -7.500000e+000
      vertex  3.276794e+001 -1.096504e+001 -7.500000e+000
    endloop
  endfacet
  facet normal  0.000000e+000  0.000000e+000 -1.000000e+000
    outer loop
      vertex  3.418354e+001 -1.815929e+001 -7.500000e+000
      vertex  3.276794e+001 -1.096504e+001 -7.500000e+000
      vertex  3.628905e+001 -1.121834e+001 -7.500000e+000
    endloop
  endfacet
  facet normal  0.000000e+000  0.000000e+000 -1.000000e+000
    outer loop
      vertex  3.628905e+001 -1.121834e+001 -7.500000e+000
      vertex  3.276794e+001 -1.096504e+001 -7.500000e+000
      vertex  3.350000e+001 -4.000000e+000 -7.500000e+000
    endloop
  endfacet
  facet normal  0.000000e+000  0.000000e+000 -9.999999e-001
    outer loop
      vertex  3.628905e+001 -1.121834e+001 -7.500000e+000
      vertex  3.350000e+001 -4.000000e+000 -7.500000e+000
      vertex  3.700000e+001 -4.000000e+000 -7.500000e+000
    endloop
  endfacet
  facet normal  0.000000e+000  0.000000e+000 -1.000000e+000
    outer loop
      vertex  3.700000e+001 -4.000000e+000 -7.500000e+000
      vertex  3.350000e+001 -4.000000e+000 -7.500000e+000
      vertex  3.276794e+001  2.965042e+000 -7.500000e+000
    endloop
  endfacet
  facet normal  0.000000e+000  0.000000e+000 -1.000000e+000
    outer loop
      vertex  3.700000e+001 -4.000000e+000 -7.500000e+000
      vertex  3.276794e+001  2.965042e+000 -7.500000e+000
      vertex  3.628905e+001  3.218342e+000 -7.500000e+000
    endloop
  endfacet
  facet normal  -0.000000e+000  0.000000e+000 -1.000000e+000
    outer loop
      vertex  3.628905e+001  3.218342e+000 -7.500000e+000
      vertex  3.276794e+001  2.965042e+000 -7.500000e+000
      vertex  3.060377e+001  9.625677e+000 -7.500000e+000
    endloop
  endfacet
  facet normal  0.000000e+000  0.000000e+000 -1.000000e+000
    outer loop
      vertex  3.628905e+001  3.218342e+000 -7.500000e+000
      vertex  3.060377e+001  9.625677e+000 -7.500000e+000
      vertex  3.418354e+001  1.015929e+001 -7.500000e+000
    endloop
  endfacet
  facet normal  -0.000000e+000  0.000000e+000 -9.999999e-001
    outer loop
      vertex  3.418354e+001  1.015929e+001 -7.500000e+000
      vertex  3.060377e+001  9.625677e+000 -7.500000e+000
      vertex  2.710207e+001  1.569081e+001 -7.500000e+000
    endloop
  endfacet
  facet normal  0.000000e+000  0.000000e+000 -1.000000e+000
    outer loop
      vertex  3.418354e+001  1.015929e+001 -7.500000e+000
      vertex  2.710207e+001  1.569081e+001 -7.500000e+000
      vertex  3.076438e+001  1.655610e+001 -7.500000e+000
    endloop
  endfacet
  facet normal  -0.000000e+000  0.000000e+000 -1.000000e+000
    outer loop
      vertex  3.076438e+001  1.655610e+001 -7.500000e+000
      vertex  2.710207e+001  1.569081e+001 -7.500000e+000
      vertex  2.241587e+001  2.089535e+001 -7.500000e+000
    endloop
  endfacet
  facet normal  0.000000e+000  0.000000e+000 -1.000000e+000
    outer loop
      vertex  3.076438e+001  1.655610e+001 -7.500000e+000
      vertex  2.241587e+001  2.089535e+001 -7.500000e+000
      vertex  2.616295e+001  2.216295e+001 -7.500000e+000
    endloop
  endfacet
  facet normal  0.000000e+000  0.000000e+000 -1.000000e+000
    outer loop
      vertex  1.035207e+001 -3.586039e+001 -7.500000e+000
      vertex  2.055610e+001 -3.476437e+001 -7.500000e+000
      vertex  3.501704e+000 -3.731648e+001 -7.500000e+000
    endloop
  endfacet
  facet normal  0.000000e+000  0.000000e+000 -1.000000e+000
    outer loop
      vertex  3.501704e+000 -3.731648e+001 -7.500000e+000
      vertex  2.055610e+001 -3.476437e+001 -7.500000e+000
      vertex  1.415929e+001 -3.818354e+001 -7.500000e+000
    endloop
  endfacet
  facet normal  2.079115e-001 -9.781476e-001  0.000000e+000
    outer loop
      vertex -3.501704e+000  2.931648e+001 -7.500000e+000
      vertex -1.035207e+001  2.786039e+001  5.750000e+001
      vertex -1.035207e+001  2.786039e+001 -7.500000e+000
    endloop
  endfacet
  facet normal  4.067368e-001 -9.135454e-001  0.000000e+000
    outer loop
      vertex -1.035207e+001  2.786039e+001 -7.500000e+000
      vertex -1.035207e+001  2.786039e+001  5.750000e+001
      vertex -1.675000e+001  2.501185e+001  5.750000e+001
    endloop
  endfacet
  facet normal  4.067368e-001 -9.135454e-001  0.000000e+000
    outer loop
      vertex -1.035207e+001  2.786039e+001 -7.500000e+000
      vertex -1.675000e+001  2.501185e+001  5.750000e+001
      vertex -1.675000e+001  2.501185e+001 -7.500000e+000
    endloop
  endfacet
  facet normal  5.877852e-001 -8.090170e-001  0.000000e+000
    outer loop
      vertex -1.675000e+001  2.501185e+001 -7.500000e+000
      vertex -1.675000e+001  2.501185e+001  5.750000e+001
      vertex -2.241587e+001  2.089535e+001  5.750000e+001
    endloop
  endfacet
  facet normal  5.877852e-001 -8.090170e-001  0.000000e+000
    outer loop
      vertex -1.675000e+001  2.501185e+001 -7.500000e+000
      vertex -2.241587e+001  2.089535e+001  5.750000e+001
      vertex -2.241587e+001  2.089535e+001 -7.500000e+000
    endloop
  endfacet
  facet normal  7.431448e-001 -6.691307e-001  0.000000e+000
    outer loop
      vertex -2.241587e+001  2.089535e+001 -7.500000e+000
      vertex -2.241587e+001  2.089535e+001  5.750000e+001
      vertex -2.710207e+001  1.569081e+001  5.750000e+001
    endloop
  endfacet
  facet normal  7.431448e-001 -6.691307e-001  0.000000e+000
    outer loop
      vertex -2.241587e+001  2.089535e+001 -7.500000e+000
      vertex -2.710207e+001  1.569081e+001  5.750000e+001
      vertex -2.710207e+001  1.569081e+001 -7.500000e+000
    endloop
  endfacet
  facet normal  8.660255e-001 -4.999999e-001  0.000000e+000
    outer loop
      vertex -2.710207e+001  1.569081e+001 -7.500000e+000
      vertex -2.710207e+001  1.569081e+001  5.750000e+001
      vertex -3.060377e+001  9.625677e+000  5.750000e+001
    endloop
  endfacet
  facet normal  8.660255e-001 -4.999999e-001  0.000000e+000
    outer loop
      vertex -2.710207e+001  1.569081e+001 -7.500000e+000
      vertex -3.060377e+001  9.625677e+000  5.750000e+001
      vertex -3.060377e+001  9.625677e+000 -7.500000e+000
    endloop
  endfacet
  facet normal  9.510565e-001 -3.090169e-001  0.000000e+000
    outer loop
      vertex -3.060377e+001  9.625677e+000 -7.500000e+000
      vertex -3.060377e+001  9.625677e+000  5.750000e+001
      vertex -3.276794e+001  2.965042e+000  5.750000e+001
    endloop
  endfacet
  facet normal  9.510565e-001 -3.090169e-001  0.000000e+000
    outer loop
      vertex -3.060377e+001  9.625677e+000 -7.500000e+000
      vertex -3.276794e+001  2.965042e+000  5.750000e+001
      vertex -3.276794e+001  2.965042e+000 -7.500000e+000
    endloop
  endfacet
  facet normal  9.945219e-001 -1.045285e-001  0.000000e+000
    outer loop
      vertex -3.276794e+001  2.965042e+000 -7.500000e+000
      vertex -3.276794e+001  2.965042e+000  5.750000e+001
      vertex -3.350000e+001 -4.000000e+000  5.750000e+001
    endloop
  endfacet
  facet normal  9.945219e-001 -1.045285e-001  0.000000e+000
    outer loop
      vertex -3.276794e+001  2.965042e+000 -7.500000e+000
      vertex -3.350000e+001 -4.000000e+000  5.750000e+001
      vertex -3.350000e+001 -4.000000e+000 -7.500000e+000
    endloop
  endfacet
  facet normal  2.079115e-001 -9.781476e-001  0.000000e+000
    outer loop
      vertex -1.035207e+001  2.786039e+001  5.750000e+001
      vertex -3.501704e+000  2.931648e+001 -7.500000e+000
      vertex -3.501704e+000  2.931648e+001  5.750000e+001
    endloop
  endfacet
  facet normal  0.000000e+000 -1.000000e+000  0.000000e+000
    outer loop
      vertex -3.501704e+000  2.931648e+001  5.750000e+001
      vertex -3.501704e+000  2.931648e+001 -7.500000e+000
      vertex  3.501704e+000  2.931648e+001 -7.500000e+000
    endloop
  endfacet
  facet normal  0.000000e+000 -1.000000e+000  0.000000e+000
    outer loop
      vertex -3.501704e+000  2.931648e+001  5.750000e+001
      vertex  3.501704e+000  2.931648e+001 -7.500000e+000
      vertex  3.501704e+000  2.931648e+001  5.750000e+001
    endloop
  endfacet
  facet normal -2.079115e-001 -9.781476e-001  -0.000000e+000
    outer loop
      vertex  3.501704e+000  2.931648e+001  5.750000e+001
      vertex  3.501704e+000  2.931648e+001 -7.500000e+000
      vertex  1.035207e+001  2.786039e+001 -7.500000e+000
    endloop
  endfacet
  facet normal -2.079115e-001 -9.781476e-001  0.000000e+000
    outer loop
      vertex  3.501704e+000  2.931648e+001  5.750000e+001
      vertex  1.035207e+001  2.786039e+001 -7.500000e+000
      vertex  1.035207e+001  2.786039e+001  5.750000e+001
    endloop
  endfacet
  facet normal -4.067368e-001 -9.135454e-001  -0.000000e+000
    outer loop
      vertex  1.035207e+001  2.786039e+001  5.750000e+001
      vertex  1.035207e+001  2.786039e+001 -7.500000e+000
      vertex  1.675000e+001  2.501185e+001 -7.500000e+000
    endloop
  endfacet
  facet normal -4.067368e-001 -9.135454e-001  0.000000e+000
    outer loop
      vertex  1.035207e+001  2.786039e+001  5.750000e+001
      vertex  1.675000e+001  2.501185e+001 -7.500000e+000
      vertex  1.675000e+001  2.501185e+001  5.750000e+001
    endloop
  endfacet
  facet normal -5.877852e-001 -8.090170e-001  -0.000000e+000
    outer loop
      vertex  1.675000e+001  2.501185e+001  5.750000e+001
      vertex  1.675000e+001  2.501185e+001 -7.500000e+000
      vertex  2.241587e+001  2.089535e+001 -7.500000e+000
    endloop
  endfacet
  facet normal -5.877852e-001 -8.090170e-001  0.000000e+000
    outer loop
      vertex  1.675000e+001  2.501185e+001  5.750000e+001
      vertex  2.241587e+001  2.089535e+001 -7.500000e+000
      vertex  2.241587e+001  2.089535e+001  5.750000e+001
    endloop
  endfacet
  facet normal -7.431448e-001 -6.691307e-001  -0.000000e+000
    outer loop
      vertex  2.241587e+001  2.089535e+001  5.750000e+001
      vertex  2.241587e+001  2.089535e+001 -7.500000e+000
      vertex  2.710207e+001  1.569081e+001 -7.500000e+000
    endloop
  endfacet
  facet normal -7.431448e-001 -6.691307e-001  0.000000e+000
    outer loop
      vertex  2.241587e+001  2.089535e+001  5.750000e+001
      vertex  2.710207e+001  1.569081e+001 -7.500000e+000
      vertex  2.710207e+001  1.569081e+001  5.750000e+001
    endloop
  endfacet
  facet normal -8.660255e-001 -4.999999e-001  -0.000000e+000
    outer loop
      vertex  2.710207e+001  1.569081e+001  5.750000e+001
      vertex  2.710207e+001  1.569081e+001 -7.500000e+000
      vertex  3.060377e+001  9.625677e+000 -7.500000e+000
    endloop
  endfacet
  facet normal -8.660255e-001 -4.999999e-001  0.000000e+000
    outer loop
      vertex  2.710207e+001  1.569081e+001  5.750000e+001
      vertex  3.060377e+001  9.625677e+000 -7.500000e+000
      vertex  3.060377e+001  9.625677e+000  5.750000e+001
    endloop
  endfacet
  facet normal -9.510565e-001 -3.090169e-001  -0.000000e+000
    outer loop
      vertex  3.060377e+001  9.625677e+000  5.750000e+001
      vertex  3.060377e+001  9.625677e+000 -7.500000e+000
      vertex  3.276794e+001  2.965042e+000 -7.500000e+000
    endloop
  endfacet
  facet normal -9.510565e-001 -3.090169e-001  0.000000e+000
    outer loop
      vertex  3.060377e+001  9.625677e+000  5.750000e+001
      vertex  3.276794e+001  2.965042e+000 -7.500000e+000
      vertex  3.276794e+001  2.965042e+000  5.750000e+001
    endloop
  endfacet
  facet normal -9.945219e-001 -1.045285e-001  -0.000000e+000
    outer loop
      vertex  3.276794e+001  2.965042e+000  5.750000e+001
      vertex  3.276794e+001  2.965042e+000 -7.500000e+000
      vertex  3.350000e+001 -4.000000e+000 -7.500000e+000
    endloop
  endfacet
  facet normal -9.945219e-001 -1.045285e-001  0.000000e+000
    outer loop
      vertex  3.276794e+001  2.965042e+000  5.750000e+001
      vertex  3.350000e+001 -4.000000e+000 -7.500000e+000
      vertex  3.350000e+001 -4.000000e+000  5.750000e+001
    endloop
  endfacet
  facet normal -2.079115e-001  9.781476e-001  0.000000e+000
    outer loop
      vertex  3.501704e+000 -3.731648e+001 -7.500000e+000
      vertex  1.035207e+001 -3.586039e+001  5.750000e+001
      vertex  1.035207e+001 -3.586039e+001 -7.500000e+000
    endloop
  endfacet
  facet normal -4.067365e-001  9.135455e-001  0.000000e+000
    outer loop
      vertex  1.035207e+001 -3.586039e+001 -7.500000e+000
      vertex  1.035207e+001 -3.586039e+001  5.750000e+001
      vertex  1.675000e+001 -3.301185e+001  5.750000e+001
    endloop
  endfacet
  facet normal -4.067365e-001  9.135455e-001  0.000000e+000
    outer loop
      vertex  1.035207e+001 -3.586039e+001 -7.500000e+000
      vertex  1.675000e+001 -3.301185e+001  5.750000e+001
      vertex  1.675000e+001 -3.301185e+001 -7.500000e+000
    endloop
  endfacet
  facet normal -5.877855e-001  8.090168e-001  0.000000e+000
    outer loop
      vertex  1.675000e+001 -3.301185e+001 -7.500000e+000
      vertex  1.675000e+001 -3.301185e+001  5.750000e+001
      vertex  2.241587e+001 -2.889535e+001  5.750000e+001
    endloop
  endfacet
  facet normal -5.877855e-001  8.090168e-001  0.000000e+000
    outer loop
      vertex  1.675000e+001 -3.301185e+001 -7.500000e+000
      vertex  2.241587e+001 -2.889535e+001  5.750000e+001
      vertex  2.241587e+001 -2.889535e+001 -7.500000e+000
    endloop
  endfacet
  facet normal -7.431448e-001  6.691307e-001  0.000000e+000
    outer loop
      vertex  2.241587e+001 -2.889535e+001 -7.500000e+000
      vertex  2.241587e+001 -2.889535e+001  5.750000e+001
      vertex  2.710207e+001 -2.369081e+001  5.750000e+001
    endloop
  endfacet
  facet normal -7.431448e-001  6.691307e-001  0.000000e+000
    outer loop
      vertex  2.241587e+001 -2.889535e+001 -7.500000e+000
      vertex  2.710207e+001 -2.369081e+001  5.750000e+001
      vertex  2.710207e+001 -2.369081e+001 -7.500000e+000
    endloop
  endfacet
  facet normal -8.660254e-001  5.000000e-001  0.000000e+000
    outer loop
      vertex  2.710207e+001 -2.369081e+001 -7.500000e+000
      vertex  2.710207e+001 -2.369081e+001  5.750000e+001
      vertex  3.060377e+001 -1.762568e+001  5.750000e+001
    endloop
  endfacet
  facet normal -8.660254e-001  5.000000e-001  0.000000e+000
    outer loop
      vertex  2.710207e+001 -2.369081e+001 -7.500000e+000
      vertex  3.060377e+001 -1.762568e+001  5.750000e+001
      vertex  3.060377e+001 -1.762568e+001 -7.500000e+000
    endloop
  endfacet
  facet normal -9.510565e-001  3.090169e-001  0.000000e+000
    outer loop
      vertex  3.060377e+001 -1.762568e+001 -7.500000e+000
      vertex  3.060377e+001 -1.762568e+001  5.750000e+001
      vertex  3.276794e+001 -1.096504e+001  5.750000e+001
    endloop
  endfacet
  facet normal -9.510565e-001  3.090169e-001  0.000000e+000
    outer loop
      vertex  3.060377e+001 -1.762568e+001 -7.500000e+000
      vertex  3.276794e+001 -1.096504e+001  5.750000e+001
      vertex  3.276794e+001 -1.096504e+001 -7.500000e+000
    endloop
  endfacet
  facet normal -9.945219e-001  1.045285e-001  0.000000e+000
    outer loop
      vertex  3.276794e+001 -1.096504e+001 -7.500000e+000
      vertex  3.276794e+001 -1.096504e+001  5.750000e+001
      vertex  3.350000e+001 -4.000000e+000  5.750000e+001
    endloop
  endfacet
  facet normal -9.945219e-001  1.045285e-001  0.000000e+000
    outer loop
      vertex  3.276794e+001 -1.096504e+001 -7.500000e+000
      vertex  3.350000e+001 -4.000000e+000  5.750000e+001
      vertex  3.350000e+001 -4.000000e+000 -7.500000e+000
    endloop
  endfacet
  facet normal -2.079115e-001  9.781476e-001  0.000000e+000
    outer loop
      vertex  1.035207e+001 -3.586039e+001  5.750000e+001
      vertex  3.501704e+000 -3.731648e+001 -7.500000e+000
      vertex  3.501704e+000 -3.731648e+001  5.750000e+001
    endloop
  endfacet
  facet normal  0.000000e+000  1.000000e+000  0.000000e+000
    outer loop
      vertex  3.501704e+000 -3.731648e+001  5.750000e+001
      vertex  3.501704e+000 -3.731648e+001 -7.500000e+000
      vertex -3.501704e+000 -3.731648e+001 -7.500000e+000
    endloop
  endfacet
  facet normal  0.000000e+000  1.000000e+000  0.000000e+000
    outer loop
      vertex  3.501704e+000 -3.731648e+001  5.750000e+001
      vertex -3.501704e+000 -3.731648e+001 -7.500000e+000
      vertex -3.501704e+000 -3.731648e+001  5.750000e+001
    endloop
  endfacet
  facet normal  2.079115e-001  9.781476e-001  0.000000e+000
    outer loop
      vertex -3.501704e+000 -3.731648e+001  5.750000e+001
      vertex -3.501704e+000 -3.731648e+001 -7.500000e+000
      vertex -1.035207e+001 -3.586039e+001 -7.500000e+000
    endloop
  endfacet
  facet normal  2.079115e-001  9.781476e-001  -0.000000e+000
    outer loop
      vertex -3.501704e+000 -3.731648e+001  5.750000e+001
      vertex -1.035207e+001 -3.586039e+001 -7.500000e+000
      vertex -1.035207e+001 -3.586039e+001  5.750000e+001
    endloop
  endfacet
  facet normal  4.067365e-001  9.135455e-001  0.000000e+000
    outer loop
      vertex -1.035207e+001 -3.586039e+001  5.750000e+001
      vertex -1.035207e+001 -3.586039e+001 -7.500000e+000
      vertex -1.675000e+001 -3.301185e+001 -7.500000e+000
    endloop
  endfacet
  facet normal  4.067365e-001  9.135455e-001  -0.000000e+000
    outer loop
      vertex -1.035207e+001 -3.586039e+001  5.750000e+001
      vertex -1.675000e+001 -3.301185e+001 -7.500000e+000
      vertex -1.675000e+001 -3.301185e+001  5.750000e+001
    endloop
  endfacet
  facet normal  5.877855e-001  8.090168e-001  0.000000e+000
    outer loop
      vertex -1.675000e+001 -3.301185e+001  5.750000e+001
      vertex -1.675000e+001 -3.301185e+001 -7.500000e+000
      vertex -2.241587e+001 -2.889535e+001 -7.500000e+000
    endloop
  endfacet
  facet normal  5.877855e-001  8.090168e-001  -0.000000e+000
    outer loop
      vertex -1.675000e+001 -3.301185e+001  5.750000e+001
      vertex -2.241587e+001 -2.889535e+001 -7.500000e+000
      vertex -2.241587e+001 -2.889535e+001  5.750000e+001
    endloop
  endfacet
  facet normal  7.431448e-001  6.691307e-001  0.000000e+000
    outer loop
      vertex -2.241587e+001 -2.889535e+001  5.750000e+001
      vertex -2.241587e+001 -2.889535e+001 -7.500000e+000
      vertex -2.710207e+001 -2.369081e+001 -7.500000e+000
    endloop
  endfacet
  facet normal  7.431448e-001  6.691307e-001  -0.000000e+000
    outer loop
      vertex -2.241587e+001 -2.889535e+001  5.750000e+001
      vertex -2.710207e+001 -2.369081e+001 -7.500000e+000
      vertex -2.710207e+001 -2.369081e+001  5.750000e+001
    endloop
  endfacet
  facet normal  8.660254e-001  5.000000e-001  0.000000e+000
    outer loop
      vertex -2.710207e+001 -2.369081e+001  5.750000e+001
      vertex -2.710207e+001 -2.369081e+001 -7.500000e+000
      vertex -3.060377e+001 -1.762568e+001 -7.500000e+000
    endloop
  endfacet
  facet normal  8.660254e-001  5.000000e-001  -0.000000e+000
    outer loop
      vertex -2.710207e+001 -2.369081e+001  5.750000e+001
      vertex -3.060377e+001 -1.762568e+001 -7.500000e+000
      vertex -3.060377e+001 -1.762568e+001  5.750000e+001
    endloop
  endfacet
  facet normal  9.510565e-001  3.090169e-001  0.000000e+000
    outer loop
      vertex -3.060377e+001 -1.762568e+001  5.750000e+001
      vertex -3.060377e+001 -1.762568e+001 -7.500000e+000
      vertex -3.276794e+001 -1.096504e+001 -7.500000e+000
    endloop
  endfacet
  facet normal  9.510565e-001  3.090169e-001  -0.000000e+000
    outer loop
      vertex -3.060377e+001 -1.762568e+001  5.750000e+001
      vertex -3.276794e+001 -1.096504e+001 -7.500000e+000
      vertex -3.276794e+001 -1.096504e+001  5.750000e+001
    endloop
  endfacet
  facet normal  9.945219e-001  1.045285e-001  0.000000e+000
    outer loop
      vertex -3.276794e+001 -1.096504e+001  5.750000e+001
      vertex -3.276794e+001 -1.096504e+001 -7.500000e+000
      vertex -3.350000e+001 -4.000000e+000 -7.500000e+000
    endloop
  endfacet
  facet normal  9.945219e-001  1.045285e-001  -0.000000e+000
    outer loop
      vertex -3.276794e+001 -1.096504e+001  5.750000e+001
      vertex -3.350000e+001 -4.000000e+000 -7.500000e+000
      vertex -3.350000e+001 -4.000000e+000  5.750000e+001
    endloop
  endfacet
endsolid CATIA STL
